ISO-10303-21;
HEADER;
FILE_DESCRIPTION(('Open CASCADE Model'),'2;1');
FILE_NAME('Open CASCADE Shape Model','2026-09-25T22:35:05',('Author'),(
    'Open CASCADE'),'Open CASCADE STEP processor 8.0','build123d',
  'Unknown');
FILE_SCHEMA(('AUTOMOTIVE_DESIGN { 1 0 10303 214 1 1 1 1 }'));
ENDSEC;
DATA;
#1 = APPLICATION_PROTOCOL_DEFINITION('international standard',
  'automotive_design',2000,#2);
#2 = APPLICATION_CONTEXT(
  'core data for automotive mechanical design processes');
#3 = SHAPE_DEFINITION_REPRESENTATION(#4,#10);
#4 = PRODUCT_DEFINITION_SHAPE('','',#5);
#5 = PRODUCT_DEFINITION('design','',#6,#9);
#6 = PRODUCT_DEFINITION_FORMATION('','',#7);
#7 = PRODUCT('COMPOUND','COMPOUND','',(#8));
#8 = PRODUCT_CONTEXT('',#2,'mechanical');
#9 = PRODUCT_DEFINITION_CONTEXT('part definition',#2,'design');
#10 = SHAPE_REPRESENTATION('',(#11,#15,#19,#23,#27,#31,#35,#39,#43,#47,
    #51,#55,#59,#63,#67,#71),#75);
#11 = AXIS2_PLACEMENT_3D('',#12,#13,#14);
#12 = CARTESIAN_POINT('',(0.,0.,0.));
#13 = DIRECTION('',(0.,0.,1.));
#14 = DIRECTION('',(1.,0.,-0.));
#15 = AXIS2_PLACEMENT_3D('',#16,#17,#18);
#16 = CARTESIAN_POINT('',(0.,0.,0.));
#17 = DIRECTION('',(0.,0.,1.));
#18 = DIRECTION('',(1.,0.,-0.));
#19 = AXIS2_PLACEMENT_3D('',#20,#21,#22);
#20 = CARTESIAN_POINT('',(0.,0.,0.));
#21 = DIRECTION('',(0.,0.,1.));
#22 = DIRECTION('',(1.,0.,-0.));
#23 = AXIS2_PLACEMENT_3D('',#24,#25,#26);
#24 = CARTESIAN_POINT('',(0.,0.,0.));
#25 = DIRECTION('',(0.,0.,1.));
#26 = DIRECTION('',(1.,0.,-0.));
#27 = AXIS2_PLACEMENT_3D('',#28,#29,#30);
#28 = CARTESIAN_POINT('',(0.,-145.,1.46E+03));
#29 = DIRECTION('',(0.,0.,1.));
#30 = DIRECTION('',(1.,0.,-0.));
#31 = AXIS2_PLACEMENT_3D('',#32,#33,#34);
#32 = CARTESIAN_POINT('',(0.,0.,0.));
#33 = DIRECTION('',(0.,0.,1.));
#34 = DIRECTION('',(1.,0.,-0.));
#35 = AXIS2_PLACEMENT_3D('',#36,#37,#38);
#36 = CARTESIAN_POINT('',(0.,0.,0.));
#37 = DIRECTION('',(0.,0.,1.));
#38 = DIRECTION('',(1.,0.,-0.));
#39 = AXIS2_PLACEMENT_3D('',#40,#41,#42);
#40 = CARTESIAN_POINT('',(0.,0.,0.));
#41 = DIRECTION('',(0.,0.,1.));
#42 = DIRECTION('',(1.,0.,-0.));
#43 = AXIS2_PLACEMENT_3D('',#44,#45,#46);
#44 = CARTESIAN_POINT('',(0.,-151.,1.215E+03));
#45 = DIRECTION('',(0.,0.,1.));
#46 = DIRECTION('',(1.,0.,-0.));
#47 = AXIS2_PLACEMENT_3D('',#48,#49,#50);
#48 = CARTESIAN_POINT('',(0.,0.,0.));
#49 = DIRECTION('',(0.,0.,1.));
#50 = DIRECTION('',(1.,0.,-0.));
#51 = AXIS2_PLACEMENT_3D('',#52,#53,#54);
#52 = CARTESIAN_POINT('',(0.,0.,0.));
#53 = DIRECTION('',(0.,0.,1.));
#54 = DIRECTION('',(1.,0.,-0.));
#55 = AXIS2_PLACEMENT_3D('',#56,#57,#58);
#56 = CARTESIAN_POINT('',(0.,0.,0.));
#57 = DIRECTION('',(0.,0.,1.));
#58 = DIRECTION('',(1.,0.,-0.));
#59 = AXIS2_PLACEMENT_3D('',#60,#61,#62);
#60 = CARTESIAN_POINT('',(0.,0.,0.));
#61 = DIRECTION('',(0.,0.,1.));
#62 = DIRECTION('',(1.,0.,-0.));
#63 = AXIS2_PLACEMENT_3D('',#64,#65,#66);
#64 = CARTESIAN_POINT('',(0.,0.,0.));
#65 = DIRECTION('',(0.,0.,1.));
#66 = DIRECTION('',(1.,0.,-0.));
#67 = AXIS2_PLACEMENT_3D('',#68,#69,#70);
#68 = CARTESIAN_POINT('',(0.,0.,0.));
#69 = DIRECTION('',(0.,0.,1.));
#70 = DIRECTION('',(1.,0.,-0.));
#71 = AXIS2_PLACEMENT_3D('',#72,#73,#74);
#72 = CARTESIAN_POINT('',(0.,0.,0.));
#73 = DIRECTION('',(0.,0.,1.));
#74 = DIRECTION('',(1.,0.,-0.));
#75 = ( GEOMETRIC_REPRESENTATION_CONTEXT(3) 
GLOBAL_UNCERTAINTY_ASSIGNED_CONTEXT((#79)) GLOBAL_UNIT_ASSIGNED_CONTEXT(
(#76,#77,#78)) REPRESENTATION_CONTEXT('Context #1',
  '3D Context with UNIT and UNCERTAINTY') );
#76 = ( LENGTH_UNIT() NAMED_UNIT(*) SI_UNIT(.MILLI.,.METRE.) );
#77 = ( NAMED_UNIT(*) PLANE_ANGLE_UNIT() SI_UNIT($,.RADIAN.) );
#78 = ( NAMED_UNIT(*) SI_UNIT($,.STERADIAN.) SOLID_ANGLE_UNIT() );
#79 = UNCERTAINTY_MEASURE_WITH_UNIT(LENGTH_MEASURE(1.E-07),#76,
  'distance_accuracy_value','confusion accuracy');
#80 = PRODUCT_RELATED_PRODUCT_CATEGORY('part',$,(#7));
#81 = SHAPE_DEFINITION_REPRESENTATION(#82,#88);
#82 = PRODUCT_DEFINITION_SHAPE('','',#83);
#83 = PRODUCT_DEFINITION('design','',#84,#87);
#84 = PRODUCT_DEFINITION_FORMATION('','',#85);
#85 = PRODUCT('COMPOUND','COMPOUND','',(#86));
#86 = PRODUCT_CONTEXT('',#2,'mechanical');
#87 = PRODUCT_DEFINITION_CONTEXT('part definition',#2,'design');
#88 = ADVANCED_BREP_SHAPE_REPRESENTATION('',(#11,#89),#1139);
#89 = MANIFOLD_SOLID_BREP('',#90);
#90 = CLOSED_SHELL('',(#91,#211,#287,#460,#509,#536,#543,#598,#653,#708,
    #763,#798,#833,#868,#903,#958,#1013,#1068,#1123,#1127,#1131,#1135));
#91 = ADVANCED_FACE('',(#92),#106,.F.);
#92 = FACE_BOUND('',#93,.F.);
#93 = EDGE_LOOP('',(#94,#129,#157,#185));
#94 = ORIENTED_EDGE('',*,*,#95,.F.);
#95 = EDGE_CURVE('',#96,#98,#100,.T.);
#96 = VERTEX_POINT('',#97);
#97 = CARTESIAN_POINT('',(-200.,-200.,0.));
#98 = VERTEX_POINT('',#99);
#99 = CARTESIAN_POINT('',(-200.,-200.,12.));
#100 = SURFACE_CURVE('',#101,(#105,#117),.PCURVE_S1.);
#101 = LINE('',#102,#103);
#102 = CARTESIAN_POINT('',(-200.,-200.,0.));
#103 = VECTOR('',#104,1.);
#104 = DIRECTION('',(0.,0.,1.));
#105 = PCURVE('',#106,#111);
#106 = PLANE('',#107);
#107 = AXIS2_PLACEMENT_3D('',#108,#109,#110);
#108 = CARTESIAN_POINT('',(-200.,-200.,0.));
#109 = DIRECTION('',(1.,0.,-0.));
#110 = DIRECTION('',(0.,0.,1.));
#111 = DEFINITIONAL_REPRESENTATION('',(#112),#116);
#112 = LINE('',#113,#114);
#113 = CARTESIAN_POINT('',(0.,0.));
#114 = VECTOR('',#115,1.);
#115 = DIRECTION('',(1.,0.));
#116 = ( GEOMETRIC_REPRESENTATION_CONTEXT(2) 
PARAMETRIC_REPRESENTATION_CONTEXT() REPRESENTATION_CONTEXT('2D SPACE',''
  ) );
#117 = PCURVE('',#118,#123);
#118 = PLANE('',#119);
#119 = AXIS2_PLACEMENT_3D('',#120,#121,#122);
#120 = CARTESIAN_POINT('',(-200.,-200.,0.));
#121 = DIRECTION('',(-0.,1.,0.));
#122 = DIRECTION('',(0.,0.,1.));
#123 = DEFINITIONAL_REPRESENTATION('',(#124),#128);
#124 = LINE('',#125,#126);
#125 = CARTESIAN_POINT('',(0.,0.));
#126 = VECTOR('',#127,1.);
#127 = DIRECTION('',(1.,0.));
#128 = ( GEOMETRIC_REPRESENTATION_CONTEXT(2) 
PARAMETRIC_REPRESENTATION_CONTEXT() REPRESENTATION_CONTEXT('2D SPACE',''
  ) );
#129 = ORIENTED_EDGE('',*,*,#130,.T.);
#130 = EDGE_CURVE('',#96,#131,#133,.T.);
#131 = VERTEX_POINT('',#132);
#132 = CARTESIAN_POINT('',(-200.,200.,0.));
#133 = SURFACE_CURVE('',#134,(#138,#145),.PCURVE_S1.);
#134 = LINE('',#135,#136);
#135 = CARTESIAN_POINT('',(-200.,-200.,0.));
#136 = VECTOR('',#137,1.);
#137 = DIRECTION('',(-0.,1.,0.));
#138 = PCURVE('',#106,#139);
#139 = DEFINITIONAL_REPRESENTATION('',(#140),#144);
#140 = LINE('',#141,#142);
#141 = CARTESIAN_POINT('',(0.,0.));
#142 = VECTOR('',#143,1.);
#143 = DIRECTION('',(0.,-1.));
#144 = ( GEOMETRIC_REPRESENTATION_CONTEXT(2) 
PARAMETRIC_REPRESENTATION_CONTEXT() REPRESENTATION_CONTEXT('2D SPACE',''
  ) );
#145 = PCURVE('',#146,#151);
#146 = PLANE('',#147);
#147 = AXIS2_PLACEMENT_3D('',#148,#149,#150);
#148 = CARTESIAN_POINT('',(-200.,-200.,0.));
#149 = DIRECTION('',(0.,0.,1.));
#150 = DIRECTION('',(1.,0.,-0.));
#151 = DEFINITIONAL_REPRESENTATION('',(#152),#156);
#152 = LINE('',#153,#154);
#153 = CARTESIAN_POINT('',(0.,0.));
#154 = VECTOR('',#155,1.);
#155 = DIRECTION('',(0.,1.));
#156 = ( GEOMETRIC_REPRESENTATION_CONTEXT(2) 
PARAMETRIC_REPRESENTATION_CONTEXT() REPRESENTATION_CONTEXT('2D SPACE',''
  ) );
#157 = ORIENTED_EDGE('',*,*,#158,.T.);
#158 = EDGE_CURVE('',#131,#159,#161,.T.);
#159 = VERTEX_POINT('',#160);
#160 = CARTESIAN_POINT('',(-200.,200.,12.));
#161 = SURFACE_CURVE('',#162,(#166,#173),.PCURVE_S1.);
#162 = LINE('',#163,#164);
#163 = CARTESIAN_POINT('',(-200.,200.,0.));
#164 = VECTOR('',#165,1.);
#165 = DIRECTION('',(0.,0.,1.));
#166 = PCURVE('',#106,#167);
#167 = DEFINITIONAL_REPRESENTATION('',(#168),#172);
#168 = LINE('',#169,#170);
#169 = CARTESIAN_POINT('',(0.,-400.));
#170 = VECTOR('',#171,1.);
#171 = DIRECTION('',(1.,0.));
#172 = ( GEOMETRIC_REPRESENTATION_CONTEXT(2) 
PARAMETRIC_REPRESENTATION_CONTEXT() REPRESENTATION_CONTEXT('2D SPACE',''
  ) );
#173 = PCURVE('',#174,#179);
#174 = PLANE('',#175);
#175 = AXIS2_PLACEMENT_3D('',#176,#177,#178);
#176 = CARTESIAN_POINT('',(-200.,200.,0.));
#177 = DIRECTION('',(-0.,1.,0.));
#178 = DIRECTION('',(0.,0.,1.));
#179 = DEFINITIONAL_REPRESENTATION('',(#180),#184);
#180 = LINE('',#181,#182);
#181 = CARTESIAN_POINT('',(0.,0.));
#182 = VECTOR('',#183,1.);
#183 = DIRECTION('',(1.,0.));
#184 = ( GEOMETRIC_REPRESENTATION_CONTEXT(2) 
PARAMETRIC_REPRESENTATION_CONTEXT() REPRESENTATION_CONTEXT('2D SPACE',''
  ) );
#185 = ORIENTED_EDGE('',*,*,#186,.F.);
#186 = EDGE_CURVE('',#98,#159,#187,.T.);
#187 = SURFACE_CURVE('',#188,(#192,#199),.PCURVE_S1.);
#188 = LINE('',#189,#190);
#189 = CARTESIAN_POINT('',(-200.,-200.,12.));
#190 = VECTOR('',#191,1.);
#191 = DIRECTION('',(-0.,1.,0.));
#192 = PCURVE('',#106,#193);
#193 = DEFINITIONAL_REPRESENTATION('',(#194),#198);
#194 = LINE('',#195,#196);
#195 = CARTESIAN_POINT('',(12.,0.));
#196 = VECTOR('',#197,1.);
#197 = DIRECTION('',(0.,-1.));
#198 = ( GEOMETRIC_REPRESENTATION_CONTEXT(2) 
PARAMETRIC_REPRESENTATION_CONTEXT() REPRESENTATION_CONTEXT('2D SPACE',''
  ) );
#199 = PCURVE('',#200,#205);
#200 = PLANE('',#201);
#201 = AXIS2_PLACEMENT_3D('',#202,#203,#204);
#202 = CARTESIAN_POINT('',(-200.,-200.,12.));
#203 = DIRECTION('',(0.,0.,1.));
#204 = DIRECTION('',(1.,0.,-0.));
#205 = DEFINITIONAL_REPRESENTATION('',(#206),#210);
#206 = LINE('',#207,#208);
#207 = CARTESIAN_POINT('',(0.,0.));
#208 = VECTOR('',#209,1.);
#209 = DIRECTION('',(0.,1.));
#210 = ( GEOMETRIC_REPRESENTATION_CONTEXT(2) 
PARAMETRIC_REPRESENTATION_CONTEXT() REPRESENTATION_CONTEXT('2D SPACE',''
  ) );
#211 = ADVANCED_FACE('',(#212),#118,.F.);
#212 = FACE_BOUND('',#213,.F.);
#213 = EDGE_LOOP('',(#214,#237,#238,#261));
#214 = ORIENTED_EDGE('',*,*,#215,.F.);
#215 = EDGE_CURVE('',#96,#216,#218,.T.);
#216 = VERTEX_POINT('',#217);
#217 = CARTESIAN_POINT('',(200.,-200.,0.));
#218 = SURFACE_CURVE('',#219,(#223,#230),.PCURVE_S1.);
#219 = LINE('',#220,#221);
#220 = CARTESIAN_POINT('',(-200.,-200.,0.));
#221 = VECTOR('',#222,1.);
#222 = DIRECTION('',(1.,0.,-0.));
#223 = PCURVE('',#118,#224);
#224 = DEFINITIONAL_REPRESENTATION('',(#225),#229);
#225 = LINE('',#226,#227);
#226 = CARTESIAN_POINT('',(0.,0.));
#227 = VECTOR('',#228,1.);
#228 = DIRECTION('',(0.,1.));
#229 = ( GEOMETRIC_REPRESENTATION_CONTEXT(2) 
PARAMETRIC_REPRESENTATION_CONTEXT() REPRESENTATION_CONTEXT('2D SPACE',''
  ) );
#230 = PCURVE('',#146,#231);
#231 = DEFINITIONAL_REPRESENTATION('',(#232),#236);
#232 = LINE('',#233,#234);
#233 = CARTESIAN_POINT('',(0.,0.));
#234 = VECTOR('',#235,1.);
#235 = DIRECTION('',(1.,0.));
#236 = ( GEOMETRIC_REPRESENTATION_CONTEXT(2) 
PARAMETRIC_REPRESENTATION_CONTEXT() REPRESENTATION_CONTEXT('2D SPACE',''
  ) );
#237 = ORIENTED_EDGE('',*,*,#95,.T.);
#238 = ORIENTED_EDGE('',*,*,#239,.T.);
#239 = EDGE_CURVE('',#98,#240,#242,.T.);
#240 = VERTEX_POINT('',#241);
#241 = CARTESIAN_POINT('',(200.,-200.,12.));
#242 = SURFACE_CURVE('',#243,(#247,#254),.PCURVE_S1.);
#243 = LINE('',#244,#245);
#244 = CARTESIAN_POINT('',(-200.,-200.,12.));
#245 = VECTOR('',#246,1.);
#246 = DIRECTION('',(1.,0.,-0.));
#247 = PCURVE('',#118,#248);
#248 = DEFINITIONAL_REPRESENTATION('',(#249),#253);
#249 = LINE('',#250,#251);
#250 = CARTESIAN_POINT('',(12.,0.));
#251 = VECTOR('',#252,1.);
#252 = DIRECTION('',(0.,1.));
#253 = ( GEOMETRIC_REPRESENTATION_CONTEXT(2) 
PARAMETRIC_REPRESENTATION_CONTEXT() REPRESENTATION_CONTEXT('2D SPACE',''
  ) );
#254 = PCURVE('',#200,#255);
#255 = DEFINITIONAL_REPRESENTATION('',(#256),#260);
#256 = LINE('',#257,#258);
#257 = CARTESIAN_POINT('',(0.,0.));
#258 = VECTOR('',#259,1.);
#259 = DIRECTION('',(1.,0.));
#260 = ( GEOMETRIC_REPRESENTATION_CONTEXT(2) 
PARAMETRIC_REPRESENTATION_CONTEXT() REPRESENTATION_CONTEXT('2D SPACE',''
  ) );
#261 = ORIENTED_EDGE('',*,*,#262,.F.);
#262 = EDGE_CURVE('',#216,#240,#263,.T.);
#263 = SURFACE_CURVE('',#264,(#268,#275),.PCURVE_S1.);
#264 = LINE('',#265,#266);
#265 = CARTESIAN_POINT('',(200.,-200.,0.));
#266 = VECTOR('',#267,1.);
#267 = DIRECTION('',(0.,0.,1.));
#268 = PCURVE('',#118,#269);
#269 = DEFINITIONAL_REPRESENTATION('',(#270),#274);
#270 = LINE('',#271,#272);
#271 = CARTESIAN_POINT('',(0.,400.));
#272 = VECTOR('',#273,1.);
#273 = DIRECTION('',(1.,0.));
#274 = ( GEOMETRIC_REPRESENTATION_CONTEXT(2) 
PARAMETRIC_REPRESENTATION_CONTEXT() REPRESENTATION_CONTEXT('2D SPACE',''
  ) );
#275 = PCURVE('',#276,#281);
#276 = PLANE('',#277);
#277 = AXIS2_PLACEMENT_3D('',#278,#279,#280);
#278 = CARTESIAN_POINT('',(200.,-200.,0.));
#279 = DIRECTION('',(1.,0.,-0.));
#280 = DIRECTION('',(0.,0.,1.));
#281 = DEFINITIONAL_REPRESENTATION('',(#282),#286);
#282 = LINE('',#283,#284);
#283 = CARTESIAN_POINT('',(0.,0.));
#284 = VECTOR('',#285,1.);
#285 = DIRECTION('',(1.,0.));
#286 = ( GEOMETRIC_REPRESENTATION_CONTEXT(2) 
PARAMETRIC_REPRESENTATION_CONTEXT() REPRESENTATION_CONTEXT('2D SPACE',''
  ) );
#287 = ADVANCED_FACE('',(#288,#336,#367,#398,#429),#200,.T.);
#288 = FACE_BOUND('',#289,.T.);
#289 = EDGE_LOOP('',(#290,#291,#292,#315));
#290 = ORIENTED_EDGE('',*,*,#186,.F.);
#291 = ORIENTED_EDGE('',*,*,#239,.T.);
#292 = ORIENTED_EDGE('',*,*,#293,.T.);
#293 = EDGE_CURVE('',#240,#294,#296,.T.);
#294 = VERTEX_POINT('',#295);
#295 = CARTESIAN_POINT('',(200.,200.,12.));
#296 = SURFACE_CURVE('',#297,(#301,#308),.PCURVE_S1.);
#297 = LINE('',#298,#299);
#298 = CARTESIAN_POINT('',(200.,-200.,12.));
#299 = VECTOR('',#300,1.);
#300 = DIRECTION('',(-0.,1.,0.));
#301 = PCURVE('',#200,#302);
#302 = DEFINITIONAL_REPRESENTATION('',(#303),#307);
#303 = LINE('',#304,#305);
#304 = CARTESIAN_POINT('',(400.,0.));
#305 = VECTOR('',#306,1.);
#306 = DIRECTION('',(0.,1.));
#307 = ( GEOMETRIC_REPRESENTATION_CONTEXT(2) 
PARAMETRIC_REPRESENTATION_CONTEXT() REPRESENTATION_CONTEXT('2D SPACE',''
  ) );
#308 = PCURVE('',#276,#309);
#309 = DEFINITIONAL_REPRESENTATION('',(#310),#314);
#310 = LINE('',#311,#312);
#311 = CARTESIAN_POINT('',(12.,0.));
#312 = VECTOR('',#313,1.);
#313 = DIRECTION('',(0.,-1.));
#314 = ( GEOMETRIC_REPRESENTATION_CONTEXT(2) 
PARAMETRIC_REPRESENTATION_CONTEXT() REPRESENTATION_CONTEXT('2D SPACE',''
  ) );
#315 = ORIENTED_EDGE('',*,*,#316,.F.);
#316 = EDGE_CURVE('',#159,#294,#317,.T.);
#317 = SURFACE_CURVE('',#318,(#322,#329),.PCURVE_S1.);
#318 = LINE('',#319,#320);
#319 = CARTESIAN_POINT('',(-200.,200.,12.));
#320 = VECTOR('',#321,1.);
#321 = DIRECTION('',(1.,0.,-0.));
#322 = PCURVE('',#200,#323);
#323 = DEFINITIONAL_REPRESENTATION('',(#324),#328);
#324 = LINE('',#325,#326);
#325 = CARTESIAN_POINT('',(0.,400.));
#326 = VECTOR('',#327,1.);
#327 = DIRECTION('',(1.,0.));
#328 = ( GEOMETRIC_REPRESENTATION_CONTEXT(2) 
PARAMETRIC_REPRESENTATION_CONTEXT() REPRESENTATION_CONTEXT('2D SPACE',''
  ) );
#329 = PCURVE('',#174,#330);
#330 = DEFINITIONAL_REPRESENTATION('',(#331),#335);
#331 = LINE('',#332,#333);
#332 = CARTESIAN_POINT('',(12.,0.));
#333 = VECTOR('',#334,1.);
#334 = DIRECTION('',(0.,1.));
#335 = ( GEOMETRIC_REPRESENTATION_CONTEXT(2) 
PARAMETRIC_REPRESENTATION_CONTEXT() REPRESENTATION_CONTEXT('2D SPACE',''
  ) );
#336 = FACE_BOUND('',#337,.T.);
#337 = EDGE_LOOP('',(#338));
#338 = ORIENTED_EDGE('',*,*,#339,.F.);
#339 = EDGE_CURVE('',#340,#340,#342,.T.);
#340 = VERTEX_POINT('',#341);
#341 = CARTESIAN_POINT('',(-135.6,-150.,12.));
#342 = SURFACE_CURVE('',#343,(#348,#355),.PCURVE_S1.);
#343 = CIRCLE('',#344,14.4);
#344 = AXIS2_PLACEMENT_3D('',#345,#346,#347);
#345 = CARTESIAN_POINT('',(-150.,-150.,12.));
#346 = DIRECTION('',(0.,0.,1.));
#347 = DIRECTION('',(1.,0.,-0.));
#348 = PCURVE('',#200,#349);
#349 = DEFINITIONAL_REPRESENTATION('',(#350),#354);
#350 = CIRCLE('',#351,14.4);
#351 = AXIS2_PLACEMENT_2D('',#352,#353);
#352 = CARTESIAN_POINT('',(50.,50.));
#353 = DIRECTION('',(1.,0.));
#354 = ( GEOMETRIC_REPRESENTATION_CONTEXT(2) 
PARAMETRIC_REPRESENTATION_CONTEXT() REPRESENTATION_CONTEXT('2D SPACE',''
  ) );
#355 = PCURVE('',#356,#361);
#356 = CYLINDRICAL_SURFACE('',#357,14.4);
#357 = AXIS2_PLACEMENT_3D('',#358,#359,#360);
#358 = CARTESIAN_POINT('',(-150.,-150.,12.));
#359 = DIRECTION('',(0.,0.,1.));
#360 = DIRECTION('',(1.,0.,-0.));
#361 = DEFINITIONAL_REPRESENTATION('',(#362),#366);
#362 = LINE('',#363,#364);
#363 = CARTESIAN_POINT('',(0.,0.));
#364 = VECTOR('',#365,1.);
#365 = DIRECTION('',(1.,0.));
#366 = ( GEOMETRIC_REPRESENTATION_CONTEXT(2) 
PARAMETRIC_REPRESENTATION_CONTEXT() REPRESENTATION_CONTEXT('2D SPACE',''
  ) );
#367 = FACE_BOUND('',#368,.T.);
#368 = EDGE_LOOP('',(#369));
#369 = ORIENTED_EDGE('',*,*,#370,.F.);
#370 = EDGE_CURVE('',#371,#371,#373,.T.);
#371 = VERTEX_POINT('',#372);
#372 = CARTESIAN_POINT('',(164.4,-150.,12.));
#373 = SURFACE_CURVE('',#374,(#379,#386),.PCURVE_S1.);
#374 = CIRCLE('',#375,14.4);
#375 = AXIS2_PLACEMENT_3D('',#376,#377,#378);
#376 = CARTESIAN_POINT('',(150.,-150.,12.));
#377 = DIRECTION('',(0.,0.,1.));
#378 = DIRECTION('',(1.,0.,-0.));
#379 = PCURVE('',#200,#380);
#380 = DEFINITIONAL_REPRESENTATION('',(#381),#385);
#381 = CIRCLE('',#382,14.4);
#382 = AXIS2_PLACEMENT_2D('',#383,#384);
#383 = CARTESIAN_POINT('',(350.,50.));
#384 = DIRECTION('',(1.,0.));
#385 = ( GEOMETRIC_REPRESENTATION_CONTEXT(2) 
PARAMETRIC_REPRESENTATION_CONTEXT() REPRESENTATION_CONTEXT('2D SPACE',''
  ) );
#386 = PCURVE('',#387,#392);
#387 = CYLINDRICAL_SURFACE('',#388,14.4);
#388 = AXIS2_PLACEMENT_3D('',#389,#390,#391);
#389 = CARTESIAN_POINT('',(150.,-150.,12.));
#390 = DIRECTION('',(0.,0.,1.));
#391 = DIRECTION('',(1.,0.,-0.));
#392 = DEFINITIONAL_REPRESENTATION('',(#393),#397);
#393 = LINE('',#394,#395);
#394 = CARTESIAN_POINT('',(0.,0.));
#395 = VECTOR('',#396,1.);
#396 = DIRECTION('',(1.,0.));
#397 = ( GEOMETRIC_REPRESENTATION_CONTEXT(2) 
PARAMETRIC_REPRESENTATION_CONTEXT() REPRESENTATION_CONTEXT('2D SPACE',''
  ) );
#398 = FACE_BOUND('',#399,.T.);
#399 = EDGE_LOOP('',(#400));
#400 = ORIENTED_EDGE('',*,*,#401,.F.);
#401 = EDGE_CURVE('',#402,#402,#404,.T.);
#402 = VERTEX_POINT('',#403);
#403 = CARTESIAN_POINT('',(-135.6,150.,12.));
#404 = SURFACE_CURVE('',#405,(#410,#417),.PCURVE_S1.);
#405 = CIRCLE('',#406,14.4);
#406 = AXIS2_PLACEMENT_3D('',#407,#408,#409);
#407 = CARTESIAN_POINT('',(-150.,150.,12.));
#408 = DIRECTION('',(0.,0.,1.));
#409 = DIRECTION('',(1.,0.,-0.));
#410 = PCURVE('',#200,#411);
#411 = DEFINITIONAL_REPRESENTATION('',(#412),#416);
#412 = CIRCLE('',#413,14.4);
#413 = AXIS2_PLACEMENT_2D('',#414,#415);
#414 = CARTESIAN_POINT('',(50.,350.));
#415 = DIRECTION('',(1.,0.));
#416 = ( GEOMETRIC_REPRESENTATION_CONTEXT(2) 
PARAMETRIC_REPRESENTATION_CONTEXT() REPRESENTATION_CONTEXT('2D SPACE',''
  ) );
#417 = PCURVE('',#418,#423);
#418 = CYLINDRICAL_SURFACE('',#419,14.4);
#419 = AXIS2_PLACEMENT_3D('',#420,#421,#422);
#420 = CARTESIAN_POINT('',(-150.,150.,12.));
#421 = DIRECTION('',(0.,0.,1.));
#422 = DIRECTION('',(1.,0.,-0.));
#423 = DEFINITIONAL_REPRESENTATION('',(#424),#428);
#424 = LINE('',#425,#426);
#425 = CARTESIAN_POINT('',(0.,0.));
#426 = VECTOR('',#427,1.);
#427 = DIRECTION('',(1.,0.));
#428 = ( GEOMETRIC_REPRESENTATION_CONTEXT(2) 
PARAMETRIC_REPRESENTATION_CONTEXT() REPRESENTATION_CONTEXT('2D SPACE',''
  ) );
#429 = FACE_BOUND('',#430,.T.);
#430 = EDGE_LOOP('',(#431));
#431 = ORIENTED_EDGE('',*,*,#432,.F.);
#432 = EDGE_CURVE('',#433,#433,#435,.T.);
#433 = VERTEX_POINT('',#434);
#434 = CARTESIAN_POINT('',(164.4,150.,12.));
#435 = SURFACE_CURVE('',#436,(#441,#448),.PCURVE_S1.);
#436 = CIRCLE('',#437,14.4);
#437 = AXIS2_PLACEMENT_3D('',#438,#439,#440);
#438 = CARTESIAN_POINT('',(150.,150.,12.));
#439 = DIRECTION('',(0.,0.,1.));
#440 = DIRECTION('',(1.,0.,-0.));
#441 = PCURVE('',#200,#442);
#442 = DEFINITIONAL_REPRESENTATION('',(#443),#447);
#443 = CIRCLE('',#444,14.4);
#444 = AXIS2_PLACEMENT_2D('',#445,#446);
#445 = CARTESIAN_POINT('',(350.,350.));
#446 = DIRECTION('',(1.,0.));
#447 = ( GEOMETRIC_REPRESENTATION_CONTEXT(2) 
PARAMETRIC_REPRESENTATION_CONTEXT() REPRESENTATION_CONTEXT('2D SPACE',''
  ) );
#448 = PCURVE('',#449,#454);
#449 = CYLINDRICAL_SURFACE('',#450,14.4);
#450 = AXIS2_PLACEMENT_3D('',#451,#452,#453);
#451 = CARTESIAN_POINT('',(150.,150.,12.));
#452 = DIRECTION('',(0.,0.,1.));
#453 = DIRECTION('',(1.,0.,-0.));
#454 = DEFINITIONAL_REPRESENTATION('',(#455),#459);
#455 = LINE('',#456,#457);
#456 = CARTESIAN_POINT('',(0.,0.));
#457 = VECTOR('',#458,1.);
#458 = DIRECTION('',(1.,0.));
#459 = ( GEOMETRIC_REPRESENTATION_CONTEXT(2) 
PARAMETRIC_REPRESENTATION_CONTEXT() REPRESENTATION_CONTEXT('2D SPACE',''
  ) );
#460 = ADVANCED_FACE('',(#461),#174,.T.);
#461 = FACE_BOUND('',#462,.T.);
#462 = EDGE_LOOP('',(#463,#486,#487,#488));
#463 = ORIENTED_EDGE('',*,*,#464,.F.);
#464 = EDGE_CURVE('',#131,#465,#467,.T.);
#465 = VERTEX_POINT('',#466);
#466 = CARTESIAN_POINT('',(200.,200.,0.));
#467 = SURFACE_CURVE('',#468,(#472,#479),.PCURVE_S1.);
#468 = LINE('',#469,#470);
#469 = CARTESIAN_POINT('',(-200.,200.,0.));
#470 = VECTOR('',#471,1.);
#471 = DIRECTION('',(1.,0.,-0.));
#472 = PCURVE('',#174,#473);
#473 = DEFINITIONAL_REPRESENTATION('',(#474),#478);
#474 = LINE('',#475,#476);
#475 = CARTESIAN_POINT('',(0.,0.));
#476 = VECTOR('',#477,1.);
#477 = DIRECTION('',(0.,1.));
#478 = ( GEOMETRIC_REPRESENTATION_CONTEXT(2) 
PARAMETRIC_REPRESENTATION_CONTEXT() REPRESENTATION_CONTEXT('2D SPACE',''
  ) );
#479 = PCURVE('',#146,#480);
#480 = DEFINITIONAL_REPRESENTATION('',(#481),#485);
#481 = LINE('',#482,#483);
#482 = CARTESIAN_POINT('',(0.,400.));
#483 = VECTOR('',#484,1.);
#484 = DIRECTION('',(1.,0.));
#485 = ( GEOMETRIC_REPRESENTATION_CONTEXT(2) 
PARAMETRIC_REPRESENTATION_CONTEXT() REPRESENTATION_CONTEXT('2D SPACE',''
  ) );
#486 = ORIENTED_EDGE('',*,*,#158,.T.);
#487 = ORIENTED_EDGE('',*,*,#316,.T.);
#488 = ORIENTED_EDGE('',*,*,#489,.F.);
#489 = EDGE_CURVE('',#465,#294,#490,.T.);
#490 = SURFACE_CURVE('',#491,(#495,#502),.PCURVE_S1.);
#491 = LINE('',#492,#493);
#492 = CARTESIAN_POINT('',(200.,200.,0.));
#493 = VECTOR('',#494,1.);
#494 = DIRECTION('',(0.,0.,1.));
#495 = PCURVE('',#174,#496);
#496 = DEFINITIONAL_REPRESENTATION('',(#497),#501);
#497 = LINE('',#498,#499);
#498 = CARTESIAN_POINT('',(0.,400.));
#499 = VECTOR('',#500,1.);
#500 = DIRECTION('',(1.,0.));
#501 = ( GEOMETRIC_REPRESENTATION_CONTEXT(2) 
PARAMETRIC_REPRESENTATION_CONTEXT() REPRESENTATION_CONTEXT('2D SPACE',''
  ) );
#502 = PCURVE('',#276,#503);
#503 = DEFINITIONAL_REPRESENTATION('',(#504),#508);
#504 = LINE('',#505,#506);
#505 = CARTESIAN_POINT('',(0.,-400.));
#506 = VECTOR('',#507,1.);
#507 = DIRECTION('',(1.,0.));
#508 = ( GEOMETRIC_REPRESENTATION_CONTEXT(2) 
PARAMETRIC_REPRESENTATION_CONTEXT() REPRESENTATION_CONTEXT('2D SPACE',''
  ) );
#509 = ADVANCED_FACE('',(#510),#146,.F.);
#510 = FACE_BOUND('',#511,.F.);
#511 = EDGE_LOOP('',(#512,#513,#514,#535));
#512 = ORIENTED_EDGE('',*,*,#130,.F.);
#513 = ORIENTED_EDGE('',*,*,#215,.T.);
#514 = ORIENTED_EDGE('',*,*,#515,.T.);
#515 = EDGE_CURVE('',#216,#465,#516,.T.);
#516 = SURFACE_CURVE('',#517,(#521,#528),.PCURVE_S1.);
#517 = LINE('',#518,#519);
#518 = CARTESIAN_POINT('',(200.,-200.,0.));
#519 = VECTOR('',#520,1.);
#520 = DIRECTION('',(-0.,1.,0.));
#521 = PCURVE('',#146,#522);
#522 = DEFINITIONAL_REPRESENTATION('',(#523),#527);
#523 = LINE('',#524,#525);
#524 = CARTESIAN_POINT('',(400.,0.));
#525 = VECTOR('',#526,1.);
#526 = DIRECTION('',(0.,1.));
#527 = ( GEOMETRIC_REPRESENTATION_CONTEXT(2) 
PARAMETRIC_REPRESENTATION_CONTEXT() REPRESENTATION_CONTEXT('2D SPACE',''
  ) );
#528 = PCURVE('',#276,#529);
#529 = DEFINITIONAL_REPRESENTATION('',(#530),#534);
#530 = LINE('',#531,#532);
#531 = CARTESIAN_POINT('',(0.,0.));
#532 = VECTOR('',#533,1.);
#533 = DIRECTION('',(0.,-1.));
#534 = ( GEOMETRIC_REPRESENTATION_CONTEXT(2) 
PARAMETRIC_REPRESENTATION_CONTEXT() REPRESENTATION_CONTEXT('2D SPACE',''
  ) );
#535 = ORIENTED_EDGE('',*,*,#464,.F.);
#536 = ADVANCED_FACE('',(#537),#276,.T.);
#537 = FACE_BOUND('',#538,.T.);
#538 = EDGE_LOOP('',(#539,#540,#541,#542));
#539 = ORIENTED_EDGE('',*,*,#262,.F.);
#540 = ORIENTED_EDGE('',*,*,#515,.T.);
#541 = ORIENTED_EDGE('',*,*,#489,.T.);
#542 = ORIENTED_EDGE('',*,*,#293,.F.);
#543 = ADVANCED_FACE('',(#544),#356,.T.);
#544 = FACE_BOUND('',#545,.T.);
#545 = EDGE_LOOP('',(#546,#575,#596,#597));
#546 = ORIENTED_EDGE('',*,*,#547,.F.);
#547 = EDGE_CURVE('',#548,#548,#550,.T.);
#548 = VERTEX_POINT('',#549);
#549 = CARTESIAN_POINT('',(-135.6,-150.,26.));
#550 = SURFACE_CURVE('',#551,(#556,#563),.PCURVE_S1.);
#551 = CIRCLE('',#552,14.4);
#552 = AXIS2_PLACEMENT_3D('',#553,#554,#555);
#553 = CARTESIAN_POINT('',(-150.,-150.,26.));
#554 = DIRECTION('',(0.,0.,1.));
#555 = DIRECTION('',(1.,0.,-0.));
#556 = PCURVE('',#356,#557);
#557 = DEFINITIONAL_REPRESENTATION('',(#558),#562);
#558 = LINE('',#559,#560);
#559 = CARTESIAN_POINT('',(0.,14.));
#560 = VECTOR('',#561,1.);
#561 = DIRECTION('',(1.,0.));
#562 = ( GEOMETRIC_REPRESENTATION_CONTEXT(2) 
PARAMETRIC_REPRESENTATION_CONTEXT() REPRESENTATION_CONTEXT('2D SPACE',''
  ) );
#563 = PCURVE('',#564,#569);
#564 = PLANE('',#565);
#565 = AXIS2_PLACEMENT_3D('',#566,#567,#568);
#566 = CARTESIAN_POINT('',(-150.,-150.,26.));
#567 = DIRECTION('',(0.,0.,1.));
#568 = DIRECTION('',(1.,0.,-0.));
#569 = DEFINITIONAL_REPRESENTATION('',(#570),#574);
#570 = CIRCLE('',#571,14.4);
#571 = AXIS2_PLACEMENT_2D('',#572,#573);
#572 = CARTESIAN_POINT('',(0.,0.));
#573 = DIRECTION('',(1.,0.));
#574 = ( GEOMETRIC_REPRESENTATION_CONTEXT(2) 
PARAMETRIC_REPRESENTATION_CONTEXT() REPRESENTATION_CONTEXT('2D SPACE',''
  ) );
#575 = ORIENTED_EDGE('',*,*,#576,.F.);
#576 = EDGE_CURVE('',#340,#548,#577,.T.);
#577 = SEAM_CURVE('',#578,(#582,#589),.PCURVE_S1.);
#578 = LINE('',#579,#580);
#579 = CARTESIAN_POINT('',(-135.6,-150.,12.));
#580 = VECTOR('',#581,1.);
#581 = DIRECTION('',(0.,0.,1.));
#582 = PCURVE('',#356,#583);
#583 = DEFINITIONAL_REPRESENTATION('',(#584),#588);
#584 = LINE('',#585,#586);
#585 = CARTESIAN_POINT('',(6.28318530718,-0.));
#586 = VECTOR('',#587,1.);
#587 = DIRECTION('',(0.,1.));
#588 = ( GEOMETRIC_REPRESENTATION_CONTEXT(2) 
PARAMETRIC_REPRESENTATION_CONTEXT() REPRESENTATION_CONTEXT('2D SPACE',''
  ) );
#589 = PCURVE('',#356,#590);
#590 = DEFINITIONAL_REPRESENTATION('',(#591),#595);
#591 = LINE('',#592,#593);
#592 = CARTESIAN_POINT('',(0.,-0.));
#593 = VECTOR('',#594,1.);
#594 = DIRECTION('',(0.,1.));
#595 = ( GEOMETRIC_REPRESENTATION_CONTEXT(2) 
PARAMETRIC_REPRESENTATION_CONTEXT() REPRESENTATION_CONTEXT('2D SPACE',''
  ) );
#596 = ORIENTED_EDGE('',*,*,#339,.T.);
#597 = ORIENTED_EDGE('',*,*,#576,.T.);
#598 = ADVANCED_FACE('',(#599),#387,.T.);
#599 = FACE_BOUND('',#600,.T.);
#600 = EDGE_LOOP('',(#601,#630,#651,#652));
#601 = ORIENTED_EDGE('',*,*,#602,.F.);
#602 = EDGE_CURVE('',#603,#603,#605,.T.);
#603 = VERTEX_POINT('',#604);
#604 = CARTESIAN_POINT('',(164.4,-150.,26.));
#605 = SURFACE_CURVE('',#606,(#611,#618),.PCURVE_S1.);
#606 = CIRCLE('',#607,14.4);
#607 = AXIS2_PLACEMENT_3D('',#608,#609,#610);
#608 = CARTESIAN_POINT('',(150.,-150.,26.));
#609 = DIRECTION('',(0.,0.,1.));
#610 = DIRECTION('',(1.,0.,-0.));
#611 = PCURVE('',#387,#612);
#612 = DEFINITIONAL_REPRESENTATION('',(#613),#617);
#613 = LINE('',#614,#615);
#614 = CARTESIAN_POINT('',(0.,14.));
#615 = VECTOR('',#616,1.);
#616 = DIRECTION('',(1.,0.));
#617 = ( GEOMETRIC_REPRESENTATION_CONTEXT(2) 
PARAMETRIC_REPRESENTATION_CONTEXT() REPRESENTATION_CONTEXT('2D SPACE',''
  ) );
#618 = PCURVE('',#619,#624);
#619 = PLANE('',#620);
#620 = AXIS2_PLACEMENT_3D('',#621,#622,#623);
#621 = CARTESIAN_POINT('',(150.,-150.,26.));
#622 = DIRECTION('',(0.,0.,1.));
#623 = DIRECTION('',(1.,0.,-0.));
#624 = DEFINITIONAL_REPRESENTATION('',(#625),#629);
#625 = CIRCLE('',#626,14.4);
#626 = AXIS2_PLACEMENT_2D('',#627,#628);
#627 = CARTESIAN_POINT('',(0.,0.));
#628 = DIRECTION('',(1.,0.));
#629 = ( GEOMETRIC_REPRESENTATION_CONTEXT(2) 
PARAMETRIC_REPRESENTATION_CONTEXT() REPRESENTATION_CONTEXT('2D SPACE',''
  ) );
#630 = ORIENTED_EDGE('',*,*,#631,.F.);
#631 = EDGE_CURVE('',#371,#603,#632,.T.);
#632 = SEAM_CURVE('',#633,(#637,#644),.PCURVE_S1.);
#633 = LINE('',#634,#635);
#634 = CARTESIAN_POINT('',(164.4,-150.,12.));
#635 = VECTOR('',#636,1.);
#636 = DIRECTION('',(0.,0.,1.));
#637 = PCURVE('',#387,#638);
#638 = DEFINITIONAL_REPRESENTATION('',(#639),#643);
#639 = LINE('',#640,#641);
#640 = CARTESIAN_POINT('',(6.28318530718,-0.));
#641 = VECTOR('',#642,1.);
#642 = DIRECTION('',(0.,1.));
#643 = ( GEOMETRIC_REPRESENTATION_CONTEXT(2) 
PARAMETRIC_REPRESENTATION_CONTEXT() REPRESENTATION_CONTEXT('2D SPACE',''
  ) );
#644 = PCURVE('',#387,#645);
#645 = DEFINITIONAL_REPRESENTATION('',(#646),#650);
#646 = LINE('',#647,#648);
#647 = CARTESIAN_POINT('',(0.,-0.));
#648 = VECTOR('',#649,1.);
#649 = DIRECTION('',(0.,1.));
#650 = ( GEOMETRIC_REPRESENTATION_CONTEXT(2) 
PARAMETRIC_REPRESENTATION_CONTEXT() REPRESENTATION_CONTEXT('2D SPACE',''
  ) );
#651 = ORIENTED_EDGE('',*,*,#370,.T.);
#652 = ORIENTED_EDGE('',*,*,#631,.T.);
#653 = ADVANCED_FACE('',(#654),#418,.T.);
#654 = FACE_BOUND('',#655,.T.);
#655 = EDGE_LOOP('',(#656,#685,#706,#707));
#656 = ORIENTED_EDGE('',*,*,#657,.F.);
#657 = EDGE_CURVE('',#658,#658,#660,.T.);
#658 = VERTEX_POINT('',#659);
#659 = CARTESIAN_POINT('',(-135.6,150.,26.));
#660 = SURFACE_CURVE('',#661,(#666,#673),.PCURVE_S1.);
#661 = CIRCLE('',#662,14.4);
#662 = AXIS2_PLACEMENT_3D('',#663,#664,#665);
#663 = CARTESIAN_POINT('',(-150.,150.,26.));
#664 = DIRECTION('',(0.,0.,1.));
#665 = DIRECTION('',(1.,0.,-0.));
#666 = PCURVE('',#418,#667);
#667 = DEFINITIONAL_REPRESENTATION('',(#668),#672);
#668 = LINE('',#669,#670);
#669 = CARTESIAN_POINT('',(0.,14.));
#670 = VECTOR('',#671,1.);
#671 = DIRECTION('',(1.,0.));
#672 = ( GEOMETRIC_REPRESENTATION_CONTEXT(2) 
PARAMETRIC_REPRESENTATION_CONTEXT() REPRESENTATION_CONTEXT('2D SPACE',''
  ) );
#673 = PCURVE('',#674,#679);
#674 = PLANE('',#675);
#675 = AXIS2_PLACEMENT_3D('',#676,#677,#678);
#676 = CARTESIAN_POINT('',(-150.,150.,26.));
#677 = DIRECTION('',(0.,0.,1.));
#678 = DIRECTION('',(1.,0.,-0.));
#679 = DEFINITIONAL_REPRESENTATION('',(#680),#684);
#680 = CIRCLE('',#681,14.4);
#681 = AXIS2_PLACEMENT_2D('',#682,#683);
#682 = CARTESIAN_POINT('',(0.,0.));
#683 = DIRECTION('',(1.,0.));
#684 = ( GEOMETRIC_REPRESENTATION_CONTEXT(2) 
PARAMETRIC_REPRESENTATION_CONTEXT() REPRESENTATION_CONTEXT('2D SPACE',''
  ) );
#685 = ORIENTED_EDGE('',*,*,#686,.F.);
#686 = EDGE_CURVE('',#402,#658,#687,.T.);
#687 = SEAM_CURVE('',#688,(#692,#699),.PCURVE_S1.);
#688 = LINE('',#689,#690);
#689 = CARTESIAN_POINT('',(-135.6,150.,12.));
#690 = VECTOR('',#691,1.);
#691 = DIRECTION('',(0.,0.,1.));
#692 = PCURVE('',#418,#693);
#693 = DEFINITIONAL_REPRESENTATION('',(#694),#698);
#694 = LINE('',#695,#696);
#695 = CARTESIAN_POINT('',(6.28318530718,-0.));
#696 = VECTOR('',#697,1.);
#697 = DIRECTION('',(0.,1.));
#698 = ( GEOMETRIC_REPRESENTATION_CONTEXT(2) 
PARAMETRIC_REPRESENTATION_CONTEXT() REPRESENTATION_CONTEXT('2D SPACE',''
  ) );
#699 = PCURVE('',#418,#700);
#700 = DEFINITIONAL_REPRESENTATION('',(#701),#705);
#701 = LINE('',#702,#703);
#702 = CARTESIAN_POINT('',(0.,-0.));
#703 = VECTOR('',#704,1.);
#704 = DIRECTION('',(0.,1.));
#705 = ( GEOMETRIC_REPRESENTATION_CONTEXT(2) 
PARAMETRIC_REPRESENTATION_CONTEXT() REPRESENTATION_CONTEXT('2D SPACE',''
  ) );
#706 = ORIENTED_EDGE('',*,*,#401,.T.);
#707 = ORIENTED_EDGE('',*,*,#686,.T.);
#708 = ADVANCED_FACE('',(#709),#449,.T.);
#709 = FACE_BOUND('',#710,.T.);
#710 = EDGE_LOOP('',(#711,#740,#761,#762));
#711 = ORIENTED_EDGE('',*,*,#712,.F.);
#712 = EDGE_CURVE('',#713,#713,#715,.T.);
#713 = VERTEX_POINT('',#714);
#714 = CARTESIAN_POINT('',(164.4,150.,26.));
#715 = SURFACE_CURVE('',#716,(#721,#728),.PCURVE_S1.);
#716 = CIRCLE('',#717,14.4);
#717 = AXIS2_PLACEMENT_3D('',#718,#719,#720);
#718 = CARTESIAN_POINT('',(150.,150.,26.));
#719 = DIRECTION('',(0.,0.,1.));
#720 = DIRECTION('',(1.,0.,-0.));
#721 = PCURVE('',#449,#722);
#722 = DEFINITIONAL_REPRESENTATION('',(#723),#727);
#723 = LINE('',#724,#725);
#724 = CARTESIAN_POINT('',(0.,14.));
#725 = VECTOR('',#726,1.);
#726 = DIRECTION('',(1.,0.));
#727 = ( GEOMETRIC_REPRESENTATION_CONTEXT(2) 
PARAMETRIC_REPRESENTATION_CONTEXT() REPRESENTATION_CONTEXT('2D SPACE',''
  ) );
#728 = PCURVE('',#729,#734);
#729 = PLANE('',#730);
#730 = AXIS2_PLACEMENT_3D('',#731,#732,#733);
#731 = CARTESIAN_POINT('',(150.,150.,26.));
#732 = DIRECTION('',(0.,0.,1.));
#733 = DIRECTION('',(1.,0.,-0.));
#734 = DEFINITIONAL_REPRESENTATION('',(#735),#739);
#735 = CIRCLE('',#736,14.4);
#736 = AXIS2_PLACEMENT_2D('',#737,#738);
#737 = CARTESIAN_POINT('',(0.,0.));
#738 = DIRECTION('',(1.,0.));
#739 = ( GEOMETRIC_REPRESENTATION_CONTEXT(2) 
PARAMETRIC_REPRESENTATION_CONTEXT() REPRESENTATION_CONTEXT('2D SPACE',''
  ) );
#740 = ORIENTED_EDGE('',*,*,#741,.F.);
#741 = EDGE_CURVE('',#433,#713,#742,.T.);
#742 = SEAM_CURVE('',#743,(#747,#754),.PCURVE_S1.);
#743 = LINE('',#744,#745);
#744 = CARTESIAN_POINT('',(164.4,150.,12.));
#745 = VECTOR('',#746,1.);
#746 = DIRECTION('',(0.,0.,1.));
#747 = PCURVE('',#449,#748);
#748 = DEFINITIONAL_REPRESENTATION('',(#749),#753);
#749 = LINE('',#750,#751);
#750 = CARTESIAN_POINT('',(6.28318530718,-0.));
#751 = VECTOR('',#752,1.);
#752 = DIRECTION('',(0.,1.));
#753 = ( GEOMETRIC_REPRESENTATION_CONTEXT(2) 
PARAMETRIC_REPRESENTATION_CONTEXT() REPRESENTATION_CONTEXT('2D SPACE',''
  ) );
#754 = PCURVE('',#449,#755);
#755 = DEFINITIONAL_REPRESENTATION('',(#756),#760);
#756 = LINE('',#757,#758);
#757 = CARTESIAN_POINT('',(0.,-0.));
#758 = VECTOR('',#759,1.);
#759 = DIRECTION('',(0.,1.));
#760 = ( GEOMETRIC_REPRESENTATION_CONTEXT(2) 
PARAMETRIC_REPRESENTATION_CONTEXT() REPRESENTATION_CONTEXT('2D SPACE',''
  ) );
#761 = ORIENTED_EDGE('',*,*,#432,.T.);
#762 = ORIENTED_EDGE('',*,*,#741,.T.);
#763 = ADVANCED_FACE('',(#764,#767),#564,.T.);
#764 = FACE_BOUND('',#765,.T.);
#765 = EDGE_LOOP('',(#766));
#766 = ORIENTED_EDGE('',*,*,#547,.T.);
#767 = FACE_BOUND('',#768,.T.);
#768 = EDGE_LOOP('',(#769));
#769 = ORIENTED_EDGE('',*,*,#770,.F.);
#770 = EDGE_CURVE('',#771,#771,#773,.T.);
#771 = VERTEX_POINT('',#772);
#772 = CARTESIAN_POINT('',(-142.,-150.,26.));
#773 = SURFACE_CURVE('',#774,(#779,#786),.PCURVE_S1.);
#774 = CIRCLE('',#775,8.);
#775 = AXIS2_PLACEMENT_3D('',#776,#777,#778);
#776 = CARTESIAN_POINT('',(-150.,-150.,26.));
#777 = DIRECTION('',(0.,0.,1.));
#778 = DIRECTION('',(1.,0.,-0.));
#779 = PCURVE('',#564,#780);
#780 = DEFINITIONAL_REPRESENTATION('',(#781),#785);
#781 = CIRCLE('',#782,8.);
#782 = AXIS2_PLACEMENT_2D('',#783,#784);
#783 = CARTESIAN_POINT('',(0.,0.));
#784 = DIRECTION('',(1.,0.));
#785 = ( GEOMETRIC_REPRESENTATION_CONTEXT(2) 
PARAMETRIC_REPRESENTATION_CONTEXT() REPRESENTATION_CONTEXT('2D SPACE',''
  ) );
#786 = PCURVE('',#787,#792);
#787 = CYLINDRICAL_SURFACE('',#788,8.);
#788 = AXIS2_PLACEMENT_3D('',#789,#790,#791);
#789 = CARTESIAN_POINT('',(-150.,-150.,12.));
#790 = DIRECTION('',(0.,0.,1.));
#791 = DIRECTION('',(1.,0.,-0.));
#792 = DEFINITIONAL_REPRESENTATION('',(#793),#797);
#793 = LINE('',#794,#795);
#794 = CARTESIAN_POINT('',(0.,14.));
#795 = VECTOR('',#796,1.);
#796 = DIRECTION('',(1.,0.));
#797 = ( GEOMETRIC_REPRESENTATION_CONTEXT(2) 
PARAMETRIC_REPRESENTATION_CONTEXT() REPRESENTATION_CONTEXT('2D SPACE',''
  ) );
#798 = ADVANCED_FACE('',(#799,#802),#619,.T.);
#799 = FACE_BOUND('',#800,.T.);
#800 = EDGE_LOOP('',(#801));
#801 = ORIENTED_EDGE('',*,*,#602,.T.);
#802 = FACE_BOUND('',#803,.T.);
#803 = EDGE_LOOP('',(#804));
#804 = ORIENTED_EDGE('',*,*,#805,.F.);
#805 = EDGE_CURVE('',#806,#806,#808,.T.);
#806 = VERTEX_POINT('',#807);
#807 = CARTESIAN_POINT('',(158.,-150.,26.));
#808 = SURFACE_CURVE('',#809,(#814,#821),.PCURVE_S1.);
#809 = CIRCLE('',#810,8.);
#810 = AXIS2_PLACEMENT_3D('',#811,#812,#813);
#811 = CARTESIAN_POINT('',(150.,-150.,26.));
#812 = DIRECTION('',(0.,0.,1.));
#813 = DIRECTION('',(1.,0.,-0.));
#814 = PCURVE('',#619,#815);
#815 = DEFINITIONAL_REPRESENTATION('',(#816),#820);
#816 = CIRCLE('',#817,8.);
#817 = AXIS2_PLACEMENT_2D('',#818,#819);
#818 = CARTESIAN_POINT('',(0.,0.));
#819 = DIRECTION('',(1.,0.));
#820 = ( GEOMETRIC_REPRESENTATION_CONTEXT(2) 
PARAMETRIC_REPRESENTATION_CONTEXT() REPRESENTATION_CONTEXT('2D SPACE',''
  ) );
#821 = PCURVE('',#822,#827);
#822 = CYLINDRICAL_SURFACE('',#823,8.);
#823 = AXIS2_PLACEMENT_3D('',#824,#825,#826);
#824 = CARTESIAN_POINT('',(150.,-150.,12.));
#825 = DIRECTION('',(0.,0.,1.));
#826 = DIRECTION('',(1.,0.,-0.));
#827 = DEFINITIONAL_REPRESENTATION('',(#828),#832);
#828 = LINE('',#829,#830);
#829 = CARTESIAN_POINT('',(0.,14.));
#830 = VECTOR('',#831,1.);
#831 = DIRECTION('',(1.,0.));
#832 = ( GEOMETRIC_REPRESENTATION_CONTEXT(2) 
PARAMETRIC_REPRESENTATION_CONTEXT() REPRESENTATION_CONTEXT('2D SPACE',''
  ) );
#833 = ADVANCED_FACE('',(#834,#837),#674,.T.);
#834 = FACE_BOUND('',#835,.T.);
#835 = EDGE_LOOP('',(#836));
#836 = ORIENTED_EDGE('',*,*,#657,.T.);
#837 = FACE_BOUND('',#838,.T.);
#838 = EDGE_LOOP('',(#839));
#839 = ORIENTED_EDGE('',*,*,#840,.F.);
#840 = EDGE_CURVE('',#841,#841,#843,.T.);
#841 = VERTEX_POINT('',#842);
#842 = CARTESIAN_POINT('',(-142.,150.,26.));
#843 = SURFACE_CURVE('',#844,(#849,#856),.PCURVE_S1.);
#844 = CIRCLE('',#845,8.);
#845 = AXIS2_PLACEMENT_3D('',#846,#847,#848);
#846 = CARTESIAN_POINT('',(-150.,150.,26.));
#847 = DIRECTION('',(0.,0.,1.));
#848 = DIRECTION('',(1.,0.,-0.));
#849 = PCURVE('',#674,#850);
#850 = DEFINITIONAL_REPRESENTATION('',(#851),#855);
#851 = CIRCLE('',#852,8.);
#852 = AXIS2_PLACEMENT_2D('',#853,#854);
#853 = CARTESIAN_POINT('',(0.,0.));
#854 = DIRECTION('',(1.,0.));
#855 = ( GEOMETRIC_REPRESENTATION_CONTEXT(2) 
PARAMETRIC_REPRESENTATION_CONTEXT() REPRESENTATION_CONTEXT('2D SPACE',''
  ) );
#856 = PCURVE('',#857,#862);
#857 = CYLINDRICAL_SURFACE('',#858,8.);
#858 = AXIS2_PLACEMENT_3D('',#859,#860,#861);
#859 = CARTESIAN_POINT('',(-150.,150.,12.));
#860 = DIRECTION('',(0.,0.,1.));
#861 = DIRECTION('',(1.,0.,-0.));
#862 = DEFINITIONAL_REPRESENTATION('',(#863),#867);
#863 = LINE('',#864,#865);
#864 = CARTESIAN_POINT('',(0.,14.));
#865 = VECTOR('',#866,1.);
#866 = DIRECTION('',(1.,0.));
#867 = ( GEOMETRIC_REPRESENTATION_CONTEXT(2) 
PARAMETRIC_REPRESENTATION_CONTEXT() REPRESENTATION_CONTEXT('2D SPACE',''
  ) );
#868 = ADVANCED_FACE('',(#869,#872),#729,.T.);
#869 = FACE_BOUND('',#870,.T.);
#870 = EDGE_LOOP('',(#871));
#871 = ORIENTED_EDGE('',*,*,#712,.T.);
#872 = FACE_BOUND('',#873,.T.);
#873 = EDGE_LOOP('',(#874));
#874 = ORIENTED_EDGE('',*,*,#875,.F.);
#875 = EDGE_CURVE('',#876,#876,#878,.T.);
#876 = VERTEX_POINT('',#877);
#877 = CARTESIAN_POINT('',(158.,150.,26.));
#878 = SURFACE_CURVE('',#879,(#884,#891),.PCURVE_S1.);
#879 = CIRCLE('',#880,8.);
#880 = AXIS2_PLACEMENT_3D('',#881,#882,#883);
#881 = CARTESIAN_POINT('',(150.,150.,26.));
#882 = DIRECTION('',(0.,0.,1.));
#883 = DIRECTION('',(1.,0.,-0.));
#884 = PCURVE('',#729,#885);
#885 = DEFINITIONAL_REPRESENTATION('',(#886),#890);
#886 = CIRCLE('',#887,8.);
#887 = AXIS2_PLACEMENT_2D('',#888,#889);
#888 = CARTESIAN_POINT('',(0.,0.));
#889 = DIRECTION('',(1.,0.));
#890 = ( GEOMETRIC_REPRESENTATION_CONTEXT(2) 
PARAMETRIC_REPRESENTATION_CONTEXT() REPRESENTATION_CONTEXT('2D SPACE',''
  ) );
#891 = PCURVE('',#892,#897);
#892 = CYLINDRICAL_SURFACE('',#893,8.);
#893 = AXIS2_PLACEMENT_3D('',#894,#895,#896);
#894 = CARTESIAN_POINT('',(150.,150.,12.));
#895 = DIRECTION('',(0.,0.,1.));
#896 = DIRECTION('',(1.,0.,-0.));
#897 = DEFINITIONAL_REPRESENTATION('',(#898),#902);
#898 = LINE('',#899,#900);
#899 = CARTESIAN_POINT('',(0.,14.));
#900 = VECTOR('',#901,1.);
#901 = DIRECTION('',(1.,0.));
#902 = ( GEOMETRIC_REPRESENTATION_CONTEXT(2) 
PARAMETRIC_REPRESENTATION_CONTEXT() REPRESENTATION_CONTEXT('2D SPACE',''
  ) );
#903 = ADVANCED_FACE('',(#904),#787,.T.);
#904 = FACE_BOUND('',#905,.T.);
#905 = EDGE_LOOP('',(#906,#929,#956,#957));
#906 = ORIENTED_EDGE('',*,*,#907,.T.);
#907 = EDGE_CURVE('',#771,#908,#910,.T.);
#908 = VERTEX_POINT('',#909);
#909 = CARTESIAN_POINT('',(-142.,-150.,52.));
#910 = SEAM_CURVE('',#911,(#915,#922),.PCURVE_S1.);
#911 = LINE('',#912,#913);
#912 = CARTESIAN_POINT('',(-142.,-150.,12.));
#913 = VECTOR('',#914,1.);
#914 = DIRECTION('',(0.,0.,1.));
#915 = PCURVE('',#787,#916);
#916 = DEFINITIONAL_REPRESENTATION('',(#917),#921);
#917 = LINE('',#918,#919);
#918 = CARTESIAN_POINT('',(6.28318530718,-0.));
#919 = VECTOR('',#920,1.);
#920 = DIRECTION('',(0.,1.));
#921 = ( GEOMETRIC_REPRESENTATION_CONTEXT(2) 
PARAMETRIC_REPRESENTATION_CONTEXT() REPRESENTATION_CONTEXT('2D SPACE',''
  ) );
#922 = PCURVE('',#787,#923);
#923 = DEFINITIONAL_REPRESENTATION('',(#924),#928);
#924 = LINE('',#925,#926);
#925 = CARTESIAN_POINT('',(0.,-0.));
#926 = VECTOR('',#927,1.);
#927 = DIRECTION('',(0.,1.));
#928 = ( GEOMETRIC_REPRESENTATION_CONTEXT(2) 
PARAMETRIC_REPRESENTATION_CONTEXT() REPRESENTATION_CONTEXT('2D SPACE',''
  ) );
#929 = ORIENTED_EDGE('',*,*,#930,.F.);
#930 = EDGE_CURVE('',#908,#908,#931,.T.);
#931 = SURFACE_CURVE('',#932,(#937,#944),.PCURVE_S1.);
#932 = CIRCLE('',#933,8.);
#933 = AXIS2_PLACEMENT_3D('',#934,#935,#936);
#934 = CARTESIAN_POINT('',(-150.,-150.,52.));
#935 = DIRECTION('',(0.,0.,1.));
#936 = DIRECTION('',(1.,0.,-0.));
#937 = PCURVE('',#787,#938);
#938 = DEFINITIONAL_REPRESENTATION('',(#939),#943);
#939 = LINE('',#940,#941);
#940 = CARTESIAN_POINT('',(0.,40.));
#941 = VECTOR('',#942,1.);
#942 = DIRECTION('',(1.,0.));
#943 = ( GEOMETRIC_REPRESENTATION_CONTEXT(2) 
PARAMETRIC_REPRESENTATION_CONTEXT() REPRESENTATION_CONTEXT('2D SPACE',''
  ) );
#944 = PCURVE('',#945,#950);
#945 = PLANE('',#946);
#946 = AXIS2_PLACEMENT_3D('',#947,#948,#949);
#947 = CARTESIAN_POINT('',(-150.,-150.,52.));
#948 = DIRECTION('',(0.,0.,1.));
#949 = DIRECTION('',(1.,0.,-0.));
#950 = DEFINITIONAL_REPRESENTATION('',(#951),#955);
#951 = CIRCLE('',#952,8.);
#952 = AXIS2_PLACEMENT_2D('',#953,#954);
#953 = CARTESIAN_POINT('',(0.,0.));
#954 = DIRECTION('',(1.,0.));
#955 = ( GEOMETRIC_REPRESENTATION_CONTEXT(2) 
PARAMETRIC_REPRESENTATION_CONTEXT() REPRESENTATION_CONTEXT('2D SPACE',''
  ) );
#956 = ORIENTED_EDGE('',*,*,#907,.F.);
#957 = ORIENTED_EDGE('',*,*,#770,.T.);
#958 = ADVANCED_FACE('',(#959),#822,.T.);
#959 = FACE_BOUND('',#960,.T.);
#960 = EDGE_LOOP('',(#961,#984,#1011,#1012));
#961 = ORIENTED_EDGE('',*,*,#962,.T.);
#962 = EDGE_CURVE('',#806,#963,#965,.T.);
#963 = VERTEX_POINT('',#964);
#964 = CARTESIAN_POINT('',(158.,-150.,52.));
#965 = SEAM_CURVE('',#966,(#970,#977),.PCURVE_S1.);
#966 = LINE('',#967,#968);
#967 = CARTESIAN_POINT('',(158.,-150.,12.));
#968 = VECTOR('',#969,1.);
#969 = DIRECTION('',(0.,0.,1.));
#970 = PCURVE('',#822,#971);
#971 = DEFINITIONAL_REPRESENTATION('',(#972),#976);
#972 = LINE('',#973,#974);
#973 = CARTESIAN_POINT('',(6.28318530718,-0.));
#974 = VECTOR('',#975,1.);
#975 = DIRECTION('',(0.,1.));
#976 = ( GEOMETRIC_REPRESENTATION_CONTEXT(2) 
PARAMETRIC_REPRESENTATION_CONTEXT() REPRESENTATION_CONTEXT('2D SPACE',''
  ) );
#977 = PCURVE('',#822,#978);
#978 = DEFINITIONAL_REPRESENTATION('',(#979),#983);
#979 = LINE('',#980,#981);
#980 = CARTESIAN_POINT('',(0.,-0.));
#981 = VECTOR('',#982,1.);
#982 = DIRECTION('',(0.,1.));
#983 = ( GEOMETRIC_REPRESENTATION_CONTEXT(2) 
PARAMETRIC_REPRESENTATION_CONTEXT() REPRESENTATION_CONTEXT('2D SPACE',''
  ) );
#984 = ORIENTED_EDGE('',*,*,#985,.F.);
#985 = EDGE_CURVE('',#963,#963,#986,.T.);
#986 = SURFACE_CURVE('',#987,(#992,#999),.PCURVE_S1.);
#987 = CIRCLE('',#988,8.);
#988 = AXIS2_PLACEMENT_3D('',#989,#990,#991);
#989 = CARTESIAN_POINT('',(150.,-150.,52.));
#990 = DIRECTION('',(0.,0.,1.));
#991 = DIRECTION('',(1.,0.,-0.));
#992 = PCURVE('',#822,#993);
#993 = DEFINITIONAL_REPRESENTATION('',(#994),#998);
#994 = LINE('',#995,#996);
#995 = CARTESIAN_POINT('',(0.,40.));
#996 = VECTOR('',#997,1.);
#997 = DIRECTION('',(1.,0.));
#998 = ( GEOMETRIC_REPRESENTATION_CONTEXT(2) 
PARAMETRIC_REPRESENTATION_CONTEXT() REPRESENTATION_CONTEXT('2D SPACE',''
  ) );
#999 = PCURVE('',#1000,#1005);
#1000 = PLANE('',#1001);
#1001 = AXIS2_PLACEMENT_3D('',#1002,#1003,#1004);
#1002 = CARTESIAN_POINT('',(150.,-150.,52.));
#1003 = DIRECTION('',(0.,0.,1.));
#1004 = DIRECTION('',(1.,0.,-0.));
#1005 = DEFINITIONAL_REPRESENTATION('',(#1006),#1010);
#1006 = CIRCLE('',#1007,8.);
#1007 = AXIS2_PLACEMENT_2D('',#1008,#1009);
#1008 = CARTESIAN_POINT('',(0.,0.));
#1009 = DIRECTION('',(1.,0.));
#1010 = ( GEOMETRIC_REPRESENTATION_CONTEXT(2) 
PARAMETRIC_REPRESENTATION_CONTEXT() REPRESENTATION_CONTEXT('2D SPACE',''
  ) );
#1011 = ORIENTED_EDGE('',*,*,#962,.F.);
#1012 = ORIENTED_EDGE('',*,*,#805,.T.);
#1013 = ADVANCED_FACE('',(#1014),#857,.T.);
#1014 = FACE_BOUND('',#1015,.T.);
#1015 = EDGE_LOOP('',(#1016,#1039,#1066,#1067));
#1016 = ORIENTED_EDGE('',*,*,#1017,.T.);
#1017 = EDGE_CURVE('',#841,#1018,#1020,.T.);
#1018 = VERTEX_POINT('',#1019);
#1019 = CARTESIAN_POINT('',(-142.,150.,52.));
#1020 = SEAM_CURVE('',#1021,(#1025,#1032),.PCURVE_S1.);
#1021 = LINE('',#1022,#1023);
#1022 = CARTESIAN_POINT('',(-142.,150.,12.));
#1023 = VECTOR('',#1024,1.);
#1024 = DIRECTION('',(0.,0.,1.));
#1025 = PCURVE('',#857,#1026);
#1026 = DEFINITIONAL_REPRESENTATION('',(#1027),#1031);
#1027 = LINE('',#1028,#1029);
#1028 = CARTESIAN_POINT('',(6.28318530718,-0.));
#1029 = VECTOR('',#1030,1.);
#1030 = DIRECTION('',(0.,1.));
#1031 = ( GEOMETRIC_REPRESENTATION_CONTEXT(2) 
PARAMETRIC_REPRESENTATION_CONTEXT() REPRESENTATION_CONTEXT('2D SPACE',''
  ) );
#1032 = PCURVE('',#857,#1033);
#1033 = DEFINITIONAL_REPRESENTATION('',(#1034),#1038);
#1034 = LINE('',#1035,#1036);
#1035 = CARTESIAN_POINT('',(0.,-0.));
#1036 = VECTOR('',#1037,1.);
#1037 = DIRECTION('',(0.,1.));
#1038 = ( GEOMETRIC_REPRESENTATION_CONTEXT(2) 
PARAMETRIC_REPRESENTATION_CONTEXT() REPRESENTATION_CONTEXT('2D SPACE',''
  ) );
#1039 = ORIENTED_EDGE('',*,*,#1040,.F.);
#1040 = EDGE_CURVE('',#1018,#1018,#1041,.T.);
#1041 = SURFACE_CURVE('',#1042,(#1047,#1054),.PCURVE_S1.);
#1042 = CIRCLE('',#1043,8.);
#1043 = AXIS2_PLACEMENT_3D('',#1044,#1045,#1046);
#1044 = CARTESIAN_POINT('',(-150.,150.,52.));
#1045 = DIRECTION('',(0.,0.,1.));
#1046 = DIRECTION('',(1.,0.,-0.));
#1047 = PCURVE('',#857,#1048);
#1048 = DEFINITIONAL_REPRESENTATION('',(#1049),#1053);
#1049 = LINE('',#1050,#1051);
#1050 = CARTESIAN_POINT('',(0.,40.));
#1051 = VECTOR('',#1052,1.);
#1052 = DIRECTION('',(1.,0.));
#1053 = ( GEOMETRIC_REPRESENTATION_CONTEXT(2) 
PARAMETRIC_REPRESENTATION_CONTEXT() REPRESENTATION_CONTEXT('2D SPACE',''
  ) );
#1054 = PCURVE('',#1055,#1060);
#1055 = PLANE('',#1056);
#1056 = AXIS2_PLACEMENT_3D('',#1057,#1058,#1059);
#1057 = CARTESIAN_POINT('',(-150.,150.,52.));
#1058 = DIRECTION('',(0.,0.,1.));
#1059 = DIRECTION('',(1.,0.,-0.));
#1060 = DEFINITIONAL_REPRESENTATION('',(#1061),#1065);
#1061 = CIRCLE('',#1062,8.);
#1062 = AXIS2_PLACEMENT_2D('',#1063,#1064);
#1063 = CARTESIAN_POINT('',(0.,0.));
#1064 = DIRECTION('',(1.,0.));
#1065 = ( GEOMETRIC_REPRESENTATION_CONTEXT(2) 
PARAMETRIC_REPRESENTATION_CONTEXT() REPRESENTATION_CONTEXT('2D SPACE',''
  ) );
#1066 = ORIENTED_EDGE('',*,*,#1017,.F.);
#1067 = ORIENTED_EDGE('',*,*,#840,.T.);
#1068 = ADVANCED_FACE('',(#1069),#892,.T.);
#1069 = FACE_BOUND('',#1070,.T.);
#1070 = EDGE_LOOP('',(#1071,#1094,#1121,#1122));
#1071 = ORIENTED_EDGE('',*,*,#1072,.T.);
#1072 = EDGE_CURVE('',#876,#1073,#1075,.T.);
#1073 = VERTEX_POINT('',#1074);
#1074 = CARTESIAN_POINT('',(158.,150.,52.));
#1075 = SEAM_CURVE('',#1076,(#1080,#1087),.PCURVE_S1.);
#1076 = LINE('',#1077,#1078);
#1077 = CARTESIAN_POINT('',(158.,150.,12.));
#1078 = VECTOR('',#1079,1.);
#1079 = DIRECTION('',(0.,0.,1.));
#1080 = PCURVE('',#892,#1081);
#1081 = DEFINITIONAL_REPRESENTATION('',(#1082),#1086);
#1082 = LINE('',#1083,#1084);
#1083 = CARTESIAN_POINT('',(6.28318530718,-0.));
#1084 = VECTOR('',#1085,1.);
#1085 = DIRECTION('',(0.,1.));
#1086 = ( GEOMETRIC_REPRESENTATION_CONTEXT(2) 
PARAMETRIC_REPRESENTATION_CONTEXT() REPRESENTATION_CONTEXT('2D SPACE',''
  ) );
#1087 = PCURVE('',#892,#1088);
#1088 = DEFINITIONAL_REPRESENTATION('',(#1089),#1093);
#1089 = LINE('',#1090,#1091);
#1090 = CARTESIAN_POINT('',(0.,-0.));
#1091 = VECTOR('',#1092,1.);
#1092 = DIRECTION('',(0.,1.));
#1093 = ( GEOMETRIC_REPRESENTATION_CONTEXT(2) 
PARAMETRIC_REPRESENTATION_CONTEXT() REPRESENTATION_CONTEXT('2D SPACE',''
  ) );
#1094 = ORIENTED_EDGE('',*,*,#1095,.F.);
#1095 = EDGE_CURVE('',#1073,#1073,#1096,.T.);
#1096 = SURFACE_CURVE('',#1097,(#1102,#1109),.PCURVE_S1.);
#1097 = CIRCLE('',#1098,8.);
#1098 = AXIS2_PLACEMENT_3D('',#1099,#1100,#1101);
#1099 = CARTESIAN_POINT('',(150.,150.,52.));
#1100 = DIRECTION('',(0.,0.,1.));
#1101 = DIRECTION('',(1.,0.,-0.));
#1102 = PCURVE('',#892,#1103);
#1103 = DEFINITIONAL_REPRESENTATION('',(#1104),#1108);
#1104 = LINE('',#1105,#1106);
#1105 = CARTESIAN_POINT('',(0.,40.));
#1106 = VECTOR('',#1107,1.);
#1107 = DIRECTION('',(1.,0.));
#1108 = ( GEOMETRIC_REPRESENTATION_CONTEXT(2) 
PARAMETRIC_REPRESENTATION_CONTEXT() REPRESENTATION_CONTEXT('2D SPACE',''
  ) );
#1109 = PCURVE('',#1110,#1115);
#1110 = PLANE('',#1111);
#1111 = AXIS2_PLACEMENT_3D('',#1112,#1113,#1114);
#1112 = CARTESIAN_POINT('',(150.,150.,52.));
#1113 = DIRECTION('',(0.,0.,1.));
#1114 = DIRECTION('',(1.,0.,-0.));
#1115 = DEFINITIONAL_REPRESENTATION('',(#1116),#1120);
#1116 = CIRCLE('',#1117,8.);
#1117 = AXIS2_PLACEMENT_2D('',#1118,#1119);
#1118 = CARTESIAN_POINT('',(0.,0.));
#1119 = DIRECTION('',(1.,0.));
#1120 = ( GEOMETRIC_REPRESENTATION_CONTEXT(2) 
PARAMETRIC_REPRESENTATION_CONTEXT() REPRESENTATION_CONTEXT('2D SPACE',''
  ) );
#1121 = ORIENTED_EDGE('',*,*,#1072,.F.);
#1122 = ORIENTED_EDGE('',*,*,#875,.T.);
#1123 = ADVANCED_FACE('',(#1124),#945,.T.);
#1124 = FACE_BOUND('',#1125,.T.);
#1125 = EDGE_LOOP('',(#1126));
#1126 = ORIENTED_EDGE('',*,*,#930,.T.);
#1127 = ADVANCED_FACE('',(#1128),#1000,.T.);
#1128 = FACE_BOUND('',#1129,.T.);
#1129 = EDGE_LOOP('',(#1130));
#1130 = ORIENTED_EDGE('',*,*,#985,.T.);
#1131 = ADVANCED_FACE('',(#1132),#1055,.T.);
#1132 = FACE_BOUND('',#1133,.T.);
#1133 = EDGE_LOOP('',(#1134));
#1134 = ORIENTED_EDGE('',*,*,#1040,.T.);
#1135 = ADVANCED_FACE('',(#1136),#1110,.T.);
#1136 = FACE_BOUND('',#1137,.T.);
#1137 = EDGE_LOOP('',(#1138));
#1138 = ORIENTED_EDGE('',*,*,#1095,.T.);
#1139 = ( GEOMETRIC_REPRESENTATION_CONTEXT(3) 
GLOBAL_UNCERTAINTY_ASSIGNED_CONTEXT((#1143)) 
GLOBAL_UNIT_ASSIGNED_CONTEXT((#1140,#1141,#1142)) REPRESENTATION_CONTEXT
('Context #1','3D Context with UNIT and UNCERTAINTY') );
#1140 = ( LENGTH_UNIT() NAMED_UNIT(*) SI_UNIT(.MILLI.,.METRE.) );
#1141 = ( NAMED_UNIT(*) PLANE_ANGLE_UNIT() SI_UNIT($,.RADIAN.) );
#1142 = ( NAMED_UNIT(*) SI_UNIT($,.STERADIAN.) SOLID_ANGLE_UNIT() );
#1143 = UNCERTAINTY_MEASURE_WITH_UNIT(LENGTH_MEASURE(1.E-07),#1140,
  'distance_accuracy_value','confusion accuracy');
#1144 = CONTEXT_DEPENDENT_SHAPE_REPRESENTATION(#1145,#1147);
#1145 = ( REPRESENTATION_RELATIONSHIP('','',#88,#10) 
REPRESENTATION_RELATIONSHIP_WITH_TRANSFORMATION(#1146) 
SHAPE_REPRESENTATION_RELATIONSHIP() );
#1146 = ITEM_DEFINED_TRANSFORMATION('','',#11,#15);
#1147 = PRODUCT_DEFINITION_SHAPE('Placement','Placement of an item',
  #1148);
#1148 = NEXT_ASSEMBLY_USAGE_OCCURRENCE('1','=>[0:1:1:2]','',#5,#83,$);
#1149 = PRODUCT_RELATED_PRODUCT_CATEGORY('part',$,(#85));
#1150 = SHAPE_DEFINITION_REPRESENTATION(#1151,#1157);
#1151 = PRODUCT_DEFINITION_SHAPE('','',#1152);
#1152 = PRODUCT_DEFINITION('design','',#1153,#1156);
#1153 = PRODUCT_DEFINITION_FORMATION('','',#1154);
#1154 = PRODUCT('COMPOUND','COMPOUND','',(#1155));
#1155 = PRODUCT_CONTEXT('',#2,'mechanical');
#1156 = PRODUCT_DEFINITION_CONTEXT('part definition',#2,'design');
#1157 = ADVANCED_BREP_SHAPE_REPRESENTATION('',(#11,#1158),#2110);
#1158 = MANIFOLD_SOLID_BREP('',#1159);
#1159 = CLOSED_SHELL('',(#1160,#1280,#1356,#1405,#1560,#1701,#1708,#1777
    ,#1824,#1871,#1896,#1972,#2021,#2070,#2103));
#1160 = ADVANCED_FACE('',(#1161),#1175,.F.);
#1161 = FACE_BOUND('',#1162,.F.);
#1162 = EDGE_LOOP('',(#1163,#1198,#1226,#1254));
#1163 = ORIENTED_EDGE('',*,*,#1164,.F.);
#1164 = EDGE_CURVE('',#1165,#1167,#1169,.T.);
#1165 = VERTEX_POINT('',#1166);
#1166 = CARTESIAN_POINT('',(-50.,-50.,12.));
#1167 = VERTEX_POINT('',#1168);
#1168 = CARTESIAN_POINT('',(-50.,-50.,1.76E+03));
#1169 = SURFACE_CURVE('',#1170,(#1174,#1186),.PCURVE_S1.);
#1170 = LINE('',#1171,#1172);
#1171 = CARTESIAN_POINT('',(-50.,-50.,12.));
#1172 = VECTOR('',#1173,1.);
#1173 = DIRECTION('',(0.,0.,1.));
#1174 = PCURVE('',#1175,#1180);
#1175 = PLANE('',#1176);
#1176 = AXIS2_PLACEMENT_3D('',#1177,#1178,#1179);
#1177 = CARTESIAN_POINT('',(-50.,-50.,12.));
#1178 = DIRECTION('',(1.,0.,-0.));
#1179 = DIRECTION('',(0.,0.,1.));
#1180 = DEFINITIONAL_REPRESENTATION('',(#1181),#1185);
#1181 = LINE('',#1182,#1183);
#1182 = CARTESIAN_POINT('',(0.,0.));
#1183 = VECTOR('',#1184,1.);
#1184 = DIRECTION('',(1.,0.));
#1185 = ( GEOMETRIC_REPRESENTATION_CONTEXT(2) 
PARAMETRIC_REPRESENTATION_CONTEXT() REPRESENTATION_CONTEXT('2D SPACE',''
  ) );
#1186 = PCURVE('',#1187,#1192);
#1187 = PLANE('',#1188);
#1188 = AXIS2_PLACEMENT_3D('',#1189,#1190,#1191);
#1189 = CARTESIAN_POINT('',(-50.,-50.,12.));
#1190 = DIRECTION('',(-0.,1.,0.));
#1191 = DIRECTION('',(0.,0.,1.));
#1192 = DEFINITIONAL_REPRESENTATION('',(#1193),#1197);
#1193 = LINE('',#1194,#1195);
#1194 = CARTESIAN_POINT('',(0.,0.));
#1195 = VECTOR('',#1196,1.);
#1196 = DIRECTION('',(1.,0.));
#1197 = ( GEOMETRIC_REPRESENTATION_CONTEXT(2) 
PARAMETRIC_REPRESENTATION_CONTEXT() REPRESENTATION_CONTEXT('2D SPACE',''
  ) );
#1198 = ORIENTED_EDGE('',*,*,#1199,.T.);
#1199 = EDGE_CURVE('',#1165,#1200,#1202,.T.);
#1200 = VERTEX_POINT('',#1201);
#1201 = CARTESIAN_POINT('',(-50.,50.,12.));
#1202 = SURFACE_CURVE('',#1203,(#1207,#1214),.PCURVE_S1.);
#1203 = LINE('',#1204,#1205);
#1204 = CARTESIAN_POINT('',(-50.,-50.,12.));
#1205 = VECTOR('',#1206,1.);
#1206 = DIRECTION('',(-0.,1.,0.));
#1207 = PCURVE('',#1175,#1208);
#1208 = DEFINITIONAL_REPRESENTATION('',(#1209),#1213);
#1209 = LINE('',#1210,#1211);
#1210 = CARTESIAN_POINT('',(0.,0.));
#1211 = VECTOR('',#1212,1.);
#1212 = DIRECTION('',(0.,-1.));
#1213 = ( GEOMETRIC_REPRESENTATION_CONTEXT(2) 
PARAMETRIC_REPRESENTATION_CONTEXT() REPRESENTATION_CONTEXT('2D SPACE',''
  ) );
#1214 = PCURVE('',#1215,#1220);
#1215 = PLANE('',#1216);
#1216 = AXIS2_PLACEMENT_3D('',#1217,#1218,#1219);
#1217 = CARTESIAN_POINT('',(-50.,-50.,12.));
#1218 = DIRECTION('',(0.,0.,1.));
#1219 = DIRECTION('',(1.,0.,-0.));
#1220 = DEFINITIONAL_REPRESENTATION('',(#1221),#1225);
#1221 = LINE('',#1222,#1223);
#1222 = CARTESIAN_POINT('',(0.,0.));
#1223 = VECTOR('',#1224,1.);
#1224 = DIRECTION('',(0.,1.));
#1225 = ( GEOMETRIC_REPRESENTATION_CONTEXT(2) 
PARAMETRIC_REPRESENTATION_CONTEXT() REPRESENTATION_CONTEXT('2D SPACE',''
  ) );
#1226 = ORIENTED_EDGE('',*,*,#1227,.T.);
#1227 = EDGE_CURVE('',#1200,#1228,#1230,.T.);
#1228 = VERTEX_POINT('',#1229);
#1229 = CARTESIAN_POINT('',(-50.,50.,1.76E+03));
#1230 = SURFACE_CURVE('',#1231,(#1235,#1242),.PCURVE_S1.);
#1231 = LINE('',#1232,#1233);
#1232 = CARTESIAN_POINT('',(-50.,50.,12.));
#1233 = VECTOR('',#1234,1.);
#1234 = DIRECTION('',(0.,0.,1.));
#1235 = PCURVE('',#1175,#1236);
#1236 = DEFINITIONAL_REPRESENTATION('',(#1237),#1241);
#1237 = LINE('',#1238,#1239);
#1238 = CARTESIAN_POINT('',(0.,-100.));
#1239 = VECTOR('',#1240,1.);
#1240 = DIRECTION('',(1.,0.));
#1241 = ( GEOMETRIC_REPRESENTATION_CONTEXT(2) 
PARAMETRIC_REPRESENTATION_CONTEXT() REPRESENTATION_CONTEXT('2D SPACE',''
  ) );
#1242 = PCURVE('',#1243,#1248);
#1243 = PLANE('',#1244);
#1244 = AXIS2_PLACEMENT_3D('',#1245,#1246,#1247);
#1245 = CARTESIAN_POINT('',(-50.,50.,12.));
#1246 = DIRECTION('',(-0.,1.,0.));
#1247 = DIRECTION('',(0.,0.,1.));
#1248 = DEFINITIONAL_REPRESENTATION('',(#1249),#1253);
#1249 = LINE('',#1250,#1251);
#1250 = CARTESIAN_POINT('',(0.,0.));
#1251 = VECTOR('',#1252,1.);
#1252 = DIRECTION('',(1.,0.));
#1253 = ( GEOMETRIC_REPRESENTATION_CONTEXT(2) 
PARAMETRIC_REPRESENTATION_CONTEXT() REPRESENTATION_CONTEXT('2D SPACE',''
  ) );
#1254 = ORIENTED_EDGE('',*,*,#1255,.F.);
#1255 = EDGE_CURVE('',#1167,#1228,#1256,.T.);
#1256 = SURFACE_CURVE('',#1257,(#1261,#1268),.PCURVE_S1.);
#1257 = LINE('',#1258,#1259);
#1258 = CARTESIAN_POINT('',(-50.,-50.,1.76E+03));
#1259 = VECTOR('',#1260,1.);
#1260 = DIRECTION('',(-0.,1.,0.));
#1261 = PCURVE('',#1175,#1262);
#1262 = DEFINITIONAL_REPRESENTATION('',(#1263),#1267);
#1263 = LINE('',#1264,#1265);
#1264 = CARTESIAN_POINT('',(1.748E+03,0.));
#1265 = VECTOR('',#1266,1.);
#1266 = DIRECTION('',(0.,-1.));
#1267 = ( GEOMETRIC_REPRESENTATION_CONTEXT(2) 
PARAMETRIC_REPRESENTATION_CONTEXT() REPRESENTATION_CONTEXT('2D SPACE',''
  ) );
#1268 = PCURVE('',#1269,#1274);
#1269 = PLANE('',#1270);
#1270 = AXIS2_PLACEMENT_3D('',#1271,#1272,#1273);
#1271 = CARTESIAN_POINT('',(-50.,-50.,1.76E+03));
#1272 = DIRECTION('',(0.,0.,1.));
#1273 = DIRECTION('',(1.,0.,-0.));
#1274 = DEFINITIONAL_REPRESENTATION('',(#1275),#1279);
#1275 = LINE('',#1276,#1277);
#1276 = CARTESIAN_POINT('',(0.,0.));
#1277 = VECTOR('',#1278,1.);
#1278 = DIRECTION('',(0.,1.));
#1279 = ( GEOMETRIC_REPRESENTATION_CONTEXT(2) 
PARAMETRIC_REPRESENTATION_CONTEXT() REPRESENTATION_CONTEXT('2D SPACE',''
  ) );
#1280 = ADVANCED_FACE('',(#1281),#1187,.F.);
#1281 = FACE_BOUND('',#1282,.F.);
#1282 = EDGE_LOOP('',(#1283,#1306,#1307,#1330));
#1283 = ORIENTED_EDGE('',*,*,#1284,.F.);
#1284 = EDGE_CURVE('',#1165,#1285,#1287,.T.);
#1285 = VERTEX_POINT('',#1286);
#1286 = CARTESIAN_POINT('',(50.,-50.,12.));
#1287 = SURFACE_CURVE('',#1288,(#1292,#1299),.PCURVE_S1.);
#1288 = LINE('',#1289,#1290);
#1289 = CARTESIAN_POINT('',(-50.,-50.,12.));
#1290 = VECTOR('',#1291,1.);
#1291 = DIRECTION('',(1.,0.,-0.));
#1292 = PCURVE('',#1187,#1293);
#1293 = DEFINITIONAL_REPRESENTATION('',(#1294),#1298);
#1294 = LINE('',#1295,#1296);
#1295 = CARTESIAN_POINT('',(0.,0.));
#1296 = VECTOR('',#1297,1.);
#1297 = DIRECTION('',(0.,1.));
#1298 = ( GEOMETRIC_REPRESENTATION_CONTEXT(2) 
PARAMETRIC_REPRESENTATION_CONTEXT() REPRESENTATION_CONTEXT('2D SPACE',''
  ) );
#1299 = PCURVE('',#1215,#1300);
#1300 = DEFINITIONAL_REPRESENTATION('',(#1301),#1305);
#1301 = LINE('',#1302,#1303);
#1302 = CARTESIAN_POINT('',(0.,0.));
#1303 = VECTOR('',#1304,1.);
#1304 = DIRECTION('',(1.,0.));
#1305 = ( GEOMETRIC_REPRESENTATION_CONTEXT(2) 
PARAMETRIC_REPRESENTATION_CONTEXT() REPRESENTATION_CONTEXT('2D SPACE',''
  ) );
#1306 = ORIENTED_EDGE('',*,*,#1164,.T.);
#1307 = ORIENTED_EDGE('',*,*,#1308,.T.);
#1308 = EDGE_CURVE('',#1167,#1309,#1311,.T.);
#1309 = VERTEX_POINT('',#1310);
#1310 = CARTESIAN_POINT('',(50.,-50.,1.76E+03));
#1311 = SURFACE_CURVE('',#1312,(#1316,#1323),.PCURVE_S1.);
#1312 = LINE('',#1313,#1314);
#1313 = CARTESIAN_POINT('',(-50.,-50.,1.76E+03));
#1314 = VECTOR('',#1315,1.);
#1315 = DIRECTION('',(1.,0.,-0.));
#1316 = PCURVE('',#1187,#1317);
#1317 = DEFINITIONAL_REPRESENTATION('',(#1318),#1322);
#1318 = LINE('',#1319,#1320);
#1319 = CARTESIAN_POINT('',(1.748E+03,0.));
#1320 = VECTOR('',#1321,1.);
#1321 = DIRECTION('',(0.,1.));
#1322 = ( GEOMETRIC_REPRESENTATION_CONTEXT(2) 
PARAMETRIC_REPRESENTATION_CONTEXT() REPRESENTATION_CONTEXT('2D SPACE',''
  ) );
#1323 = PCURVE('',#1269,#1324);
#1324 = DEFINITIONAL_REPRESENTATION('',(#1325),#1329);
#1325 = LINE('',#1326,#1327);
#1326 = CARTESIAN_POINT('',(0.,0.));
#1327 = VECTOR('',#1328,1.);
#1328 = DIRECTION('',(1.,0.));
#1329 = ( GEOMETRIC_REPRESENTATION_CONTEXT(2) 
PARAMETRIC_REPRESENTATION_CONTEXT() REPRESENTATION_CONTEXT('2D SPACE',''
  ) );
#1330 = ORIENTED_EDGE('',*,*,#1331,.F.);
#1331 = EDGE_CURVE('',#1285,#1309,#1332,.T.);
#1332 = SURFACE_CURVE('',#1333,(#1337,#1344),.PCURVE_S1.);
#1333 = LINE('',#1334,#1335);
#1334 = CARTESIAN_POINT('',(50.,-50.,12.));
#1335 = VECTOR('',#1336,1.);
#1336 = DIRECTION('',(0.,0.,1.));
#1337 = PCURVE('',#1187,#1338);
#1338 = DEFINITIONAL_REPRESENTATION('',(#1339),#1343);
#1339 = LINE('',#1340,#1341);
#1340 = CARTESIAN_POINT('',(0.,100.));
#1341 = VECTOR('',#1342,1.);
#1342 = DIRECTION('',(1.,0.));
#1343 = ( GEOMETRIC_REPRESENTATION_CONTEXT(2) 
PARAMETRIC_REPRESENTATION_CONTEXT() REPRESENTATION_CONTEXT('2D SPACE',''
  ) );
#1344 = PCURVE('',#1345,#1350);
#1345 = PLANE('',#1346);
#1346 = AXIS2_PLACEMENT_3D('',#1347,#1348,#1349);
#1347 = CARTESIAN_POINT('',(50.,-50.,12.));
#1348 = DIRECTION('',(1.,0.,-0.));
#1349 = DIRECTION('',(0.,0.,1.));
#1350 = DEFINITIONAL_REPRESENTATION('',(#1351),#1355);
#1351 = LINE('',#1352,#1353);
#1352 = CARTESIAN_POINT('',(0.,0.));
#1353 = VECTOR('',#1354,1.);
#1354 = DIRECTION('',(1.,0.));
#1355 = ( GEOMETRIC_REPRESENTATION_CONTEXT(2) 
PARAMETRIC_REPRESENTATION_CONTEXT() REPRESENTATION_CONTEXT('2D SPACE',''
  ) );
#1356 = ADVANCED_FACE('',(#1357),#1269,.T.);
#1357 = FACE_BOUND('',#1358,.T.);
#1358 = EDGE_LOOP('',(#1359,#1360,#1361,#1384));
#1359 = ORIENTED_EDGE('',*,*,#1255,.F.);
#1360 = ORIENTED_EDGE('',*,*,#1308,.T.);
#1361 = ORIENTED_EDGE('',*,*,#1362,.T.);
#1362 = EDGE_CURVE('',#1309,#1363,#1365,.T.);
#1363 = VERTEX_POINT('',#1364);
#1364 = CARTESIAN_POINT('',(50.,50.,1.76E+03));
#1365 = SURFACE_CURVE('',#1366,(#1370,#1377),.PCURVE_S1.);
#1366 = LINE('',#1367,#1368);
#1367 = CARTESIAN_POINT('',(50.,-50.,1.76E+03));
#1368 = VECTOR('',#1369,1.);
#1369 = DIRECTION('',(-0.,1.,0.));
#1370 = PCURVE('',#1269,#1371);
#1371 = DEFINITIONAL_REPRESENTATION('',(#1372),#1376);
#1372 = LINE('',#1373,#1374);
#1373 = CARTESIAN_POINT('',(100.,0.));
#1374 = VECTOR('',#1375,1.);
#1375 = DIRECTION('',(0.,1.));
#1376 = ( GEOMETRIC_REPRESENTATION_CONTEXT(2) 
PARAMETRIC_REPRESENTATION_CONTEXT() REPRESENTATION_CONTEXT('2D SPACE',''
  ) );
#1377 = PCURVE('',#1345,#1378);
#1378 = DEFINITIONAL_REPRESENTATION('',(#1379),#1383);
#1379 = LINE('',#1380,#1381);
#1380 = CARTESIAN_POINT('',(1.748E+03,0.));
#1381 = VECTOR('',#1382,1.);
#1382 = DIRECTION('',(0.,-1.));
#1383 = ( GEOMETRIC_REPRESENTATION_CONTEXT(2) 
PARAMETRIC_REPRESENTATION_CONTEXT() REPRESENTATION_CONTEXT('2D SPACE',''
  ) );
#1384 = ORIENTED_EDGE('',*,*,#1385,.F.);
#1385 = EDGE_CURVE('',#1228,#1363,#1386,.T.);
#1386 = SURFACE_CURVE('',#1387,(#1391,#1398),.PCURVE_S1.);
#1387 = LINE('',#1388,#1389);
#1388 = CARTESIAN_POINT('',(-50.,50.,1.76E+03));
#1389 = VECTOR('',#1390,1.);
#1390 = DIRECTION('',(1.,0.,-0.));
#1391 = PCURVE('',#1269,#1392);
#1392 = DEFINITIONAL_REPRESENTATION('',(#1393),#1397);
#1393 = LINE('',#1394,#1395);
#1394 = CARTESIAN_POINT('',(0.,100.));
#1395 = VECTOR('',#1396,1.);
#1396 = DIRECTION('',(1.,0.));
#1397 = ( GEOMETRIC_REPRESENTATION_CONTEXT(2) 
PARAMETRIC_REPRESENTATION_CONTEXT() REPRESENTATION_CONTEXT('2D SPACE',''
  ) );
#1398 = PCURVE('',#1243,#1399);
#1399 = DEFINITIONAL_REPRESENTATION('',(#1400),#1404);
#1400 = LINE('',#1401,#1402);
#1401 = CARTESIAN_POINT('',(1.748E+03,0.));
#1402 = VECTOR('',#1403,1.);
#1403 = DIRECTION('',(0.,1.));
#1404 = ( GEOMETRIC_REPRESENTATION_CONTEXT(2) 
PARAMETRIC_REPRESENTATION_CONTEXT() REPRESENTATION_CONTEXT('2D SPACE',''
  ) );
#1405 = ADVANCED_FACE('',(#1406,#1454),#1243,.T.);
#1406 = FACE_BOUND('',#1407,.T.);
#1407 = EDGE_LOOP('',(#1408,#1431,#1432,#1433));
#1408 = ORIENTED_EDGE('',*,*,#1409,.F.);
#1409 = EDGE_CURVE('',#1200,#1410,#1412,.T.);
#1410 = VERTEX_POINT('',#1411);
#1411 = CARTESIAN_POINT('',(50.,50.,12.));
#1412 = SURFACE_CURVE('',#1413,(#1417,#1424),.PCURVE_S1.);
#1413 = LINE('',#1414,#1415);
#1414 = CARTESIAN_POINT('',(-50.,50.,12.));
#1415 = VECTOR('',#1416,1.);
#1416 = DIRECTION('',(1.,0.,-0.));
#1417 = PCURVE('',#1243,#1418);
#1418 = DEFINITIONAL_REPRESENTATION('',(#1419),#1423);
#1419 = LINE('',#1420,#1421);
#1420 = CARTESIAN_POINT('',(0.,0.));
#1421 = VECTOR('',#1422,1.);
#1422 = DIRECTION('',(0.,1.));
#1423 = ( GEOMETRIC_REPRESENTATION_CONTEXT(2) 
PARAMETRIC_REPRESENTATION_CONTEXT() REPRESENTATION_CONTEXT('2D SPACE',''
  ) );
#1424 = PCURVE('',#1215,#1425);
#1425 = DEFINITIONAL_REPRESENTATION('',(#1426),#1430);
#1426 = LINE('',#1427,#1428);
#1427 = CARTESIAN_POINT('',(0.,100.));
#1428 = VECTOR('',#1429,1.);
#1429 = DIRECTION('',(1.,0.));
#1430 = ( GEOMETRIC_REPRESENTATION_CONTEXT(2) 
PARAMETRIC_REPRESENTATION_CONTEXT() REPRESENTATION_CONTEXT('2D SPACE',''
  ) );
#1431 = ORIENTED_EDGE('',*,*,#1227,.T.);
#1432 = ORIENTED_EDGE('',*,*,#1385,.T.);
#1433 = ORIENTED_EDGE('',*,*,#1434,.F.);
#1434 = EDGE_CURVE('',#1410,#1363,#1435,.T.);
#1435 = SURFACE_CURVE('',#1436,(#1440,#1447),.PCURVE_S1.);
#1436 = LINE('',#1437,#1438);
#1437 = CARTESIAN_POINT('',(50.,50.,12.));
#1438 = VECTOR('',#1439,1.);
#1439 = DIRECTION('',(0.,0.,1.));
#1440 = PCURVE('',#1243,#1441);
#1441 = DEFINITIONAL_REPRESENTATION('',(#1442),#1446);
#1442 = LINE('',#1443,#1444);
#1443 = CARTESIAN_POINT('',(0.,100.));
#1444 = VECTOR('',#1445,1.);
#1445 = DIRECTION('',(1.,0.));
#1446 = ( GEOMETRIC_REPRESENTATION_CONTEXT(2) 
PARAMETRIC_REPRESENTATION_CONTEXT() REPRESENTATION_CONTEXT('2D SPACE',''
  ) );
#1447 = PCURVE('',#1345,#1448);
#1448 = DEFINITIONAL_REPRESENTATION('',(#1449),#1453);
#1449 = LINE('',#1450,#1451);
#1450 = CARTESIAN_POINT('',(0.,-100.));
#1451 = VECTOR('',#1452,1.);
#1452 = DIRECTION('',(1.,0.));
#1453 = ( GEOMETRIC_REPRESENTATION_CONTEXT(2) 
PARAMETRIC_REPRESENTATION_CONTEXT() REPRESENTATION_CONTEXT('2D SPACE',''
  ) );
#1454 = FACE_BOUND('',#1455,.T.);
#1455 = EDGE_LOOP('',(#1456,#1484,#1510,#1536));
#1456 = ORIENTED_EDGE('',*,*,#1457,.F.);
#1457 = EDGE_CURVE('',#1458,#1460,#1462,.T.);
#1458 = VERTEX_POINT('',#1459);
#1459 = CARTESIAN_POINT('',(-8.,50.,700.));
#1460 = VERTEX_POINT('',#1461);
#1461 = CARTESIAN_POINT('',(8.,50.,700.));
#1462 = SURFACE_CURVE('',#1463,(#1467,#1473),.PCURVE_S1.);
#1463 = LINE('',#1464,#1465);
#1464 = CARTESIAN_POINT('',(-29.,50.,700.));
#1465 = VECTOR('',#1466,1.);
#1466 = DIRECTION('',(1.,0.,-0.));
#1467 = PCURVE('',#1243,#1468);
#1468 = DEFINITIONAL_REPRESENTATION('',(#1469),#1472);
#1469 = B_SPLINE_CURVE_WITH_KNOTS('',1,(#1470,#1471),.UNSPECIFIED.,.F.,
  .F.,(2,2),(21.,37.),.PIECEWISE_BEZIER_KNOTS.);
#1470 = CARTESIAN_POINT('',(688.,42.));
#1471 = CARTESIAN_POINT('',(688.,58.));
#1472 = ( GEOMETRIC_REPRESENTATION_CONTEXT(2) 
PARAMETRIC_REPRESENTATION_CONTEXT() REPRESENTATION_CONTEXT('2D SPACE',''
  ) );
#1473 = PCURVE('',#1474,#1479);
#1474 = PLANE('',#1475);
#1475 = AXIS2_PLACEMENT_3D('',#1476,#1477,#1478);
#1476 = CARTESIAN_POINT('',(-8.,45.,700.));
#1477 = DIRECTION('',(0.,0.,1.));
#1478 = DIRECTION('',(1.,0.,-0.));
#1479 = DEFINITIONAL_REPRESENTATION('',(#1480),#1483);
#1480 = B_SPLINE_CURVE_WITH_KNOTS('',1,(#1481,#1482),.UNSPECIFIED.,.F.,
  .F.,(2,2),(21.,37.),.PIECEWISE_BEZIER_KNOTS.);
#1481 = CARTESIAN_POINT('',(0.,5.));
#1482 = CARTESIAN_POINT('',(16.,5.));
#1483 = ( GEOMETRIC_REPRESENTATION_CONTEXT(2) 
PARAMETRIC_REPRESENTATION_CONTEXT() REPRESENTATION_CONTEXT('2D SPACE',''
  ) );
#1484 = ORIENTED_EDGE('',*,*,#1485,.T.);
#1485 = EDGE_CURVE('',#1458,#1486,#1488,.T.);
#1486 = VERTEX_POINT('',#1487);
#1487 = CARTESIAN_POINT('',(-8.,50.,640.));
#1488 = SURFACE_CURVE('',#1489,(#1493,#1499),.PCURVE_S1.);
#1489 = LINE('',#1490,#1491);
#1490 = CARTESIAN_POINT('',(-8.,50.,326.));
#1491 = VECTOR('',#1492,1.);
#1492 = DIRECTION('',(-0.,0.,-1.));
#1493 = PCURVE('',#1243,#1494);
#1494 = DEFINITIONAL_REPRESENTATION('',(#1495),#1498);
#1495 = B_SPLINE_CURVE_WITH_KNOTS('',1,(#1496,#1497),.UNSPECIFIED.,.F.,
  .F.,(2,2),(-374.,-314.),.PIECEWISE_BEZIER_KNOTS.);
#1496 = CARTESIAN_POINT('',(688.,42.));
#1497 = CARTESIAN_POINT('',(628.,42.));
#1498 = ( GEOMETRIC_REPRESENTATION_CONTEXT(2) 
PARAMETRIC_REPRESENTATION_CONTEXT() REPRESENTATION_CONTEXT('2D SPACE',''
  ) );
#1499 = PCURVE('',#1500,#1505);
#1500 = PLANE('',#1501);
#1501 = AXIS2_PLACEMENT_3D('',#1502,#1503,#1504);
#1502 = CARTESIAN_POINT('',(-8.,45.,640.));
#1503 = DIRECTION('',(1.,0.,-0.));
#1504 = DIRECTION('',(0.,0.,1.));
#1505 = DEFINITIONAL_REPRESENTATION('',(#1506),#1509);
#1506 = B_SPLINE_CURVE_WITH_KNOTS('',1,(#1507,#1508),.UNSPECIFIED.,.F.,
  .F.,(2,2),(-374.,-314.),.PIECEWISE_BEZIER_KNOTS.);
#1507 = CARTESIAN_POINT('',(60.,-5.));
#1508 = CARTESIAN_POINT('',(0.,-5.));
#1509 = ( GEOMETRIC_REPRESENTATION_CONTEXT(2) 
PARAMETRIC_REPRESENTATION_CONTEXT() REPRESENTATION_CONTEXT('2D SPACE',''
  ) );
#1510 = ORIENTED_EDGE('',*,*,#1511,.T.);
#1511 = EDGE_CURVE('',#1486,#1512,#1514,.T.);
#1512 = VERTEX_POINT('',#1513);
#1513 = CARTESIAN_POINT('',(8.,50.,640.));
#1514 = SURFACE_CURVE('',#1515,(#1519,#1525),.PCURVE_S1.);
#1515 = LINE('',#1516,#1517);
#1516 = CARTESIAN_POINT('',(-29.,50.,640.));
#1517 = VECTOR('',#1518,1.);
#1518 = DIRECTION('',(1.,0.,-0.));
#1519 = PCURVE('',#1243,#1520);
#1520 = DEFINITIONAL_REPRESENTATION('',(#1521),#1524);
#1521 = B_SPLINE_CURVE_WITH_KNOTS('',1,(#1522,#1523),.UNSPECIFIED.,.F.,
  .F.,(2,2),(21.,37.),.PIECEWISE_BEZIER_KNOTS.);
#1522 = CARTESIAN_POINT('',(628.,42.));
#1523 = CARTESIAN_POINT('',(628.,58.));
#1524 = ( GEOMETRIC_REPRESENTATION_CONTEXT(2) 
PARAMETRIC_REPRESENTATION_CONTEXT() REPRESENTATION_CONTEXT('2D SPACE',''
  ) );
#1525 = PCURVE('',#1526,#1531);
#1526 = PLANE('',#1527);
#1527 = AXIS2_PLACEMENT_3D('',#1528,#1529,#1530);
#1528 = CARTESIAN_POINT('',(-8.,45.,640.));
#1529 = DIRECTION('',(0.,0.,1.));
#1530 = DIRECTION('',(1.,0.,-0.));
#1531 = DEFINITIONAL_REPRESENTATION('',(#1532),#1535);
#1532 = B_SPLINE_CURVE_WITH_KNOTS('',1,(#1533,#1534),.UNSPECIFIED.,.F.,
  .F.,(2,2),(21.,37.),.PIECEWISE_BEZIER_KNOTS.);
#1533 = CARTESIAN_POINT('',(0.,5.));
#1534 = CARTESIAN_POINT('',(16.,5.));
#1535 = ( GEOMETRIC_REPRESENTATION_CONTEXT(2) 
PARAMETRIC_REPRESENTATION_CONTEXT() REPRESENTATION_CONTEXT('2D SPACE',''
  ) );
#1536 = ORIENTED_EDGE('',*,*,#1537,.F.);
#1537 = EDGE_CURVE('',#1460,#1512,#1538,.T.);
#1538 = SURFACE_CURVE('',#1539,(#1543,#1549),.PCURVE_S1.);
#1539 = LINE('',#1540,#1541);
#1540 = CARTESIAN_POINT('',(8.,50.,326.));
#1541 = VECTOR('',#1542,1.);
#1542 = DIRECTION('',(-0.,0.,-1.));
#1543 = PCURVE('',#1243,#1544);
#1544 = DEFINITIONAL_REPRESENTATION('',(#1545),#1548);
#1545 = B_SPLINE_CURVE_WITH_KNOTS('',1,(#1546,#1547),.UNSPECIFIED.,.F.,
  .F.,(2,2),(-374.,-314.),.PIECEWISE_BEZIER_KNOTS.);
#1546 = CARTESIAN_POINT('',(688.,58.));
#1547 = CARTESIAN_POINT('',(628.,58.));
#1548 = ( GEOMETRIC_REPRESENTATION_CONTEXT(2) 
PARAMETRIC_REPRESENTATION_CONTEXT() REPRESENTATION_CONTEXT('2D SPACE',''
  ) );
#1549 = PCURVE('',#1550,#1555);
#1550 = PLANE('',#1551);
#1551 = AXIS2_PLACEMENT_3D('',#1552,#1553,#1554);
#1552 = CARTESIAN_POINT('',(8.,45.,640.));
#1553 = DIRECTION('',(1.,0.,-0.));
#1554 = DIRECTION('',(0.,0.,1.));
#1555 = DEFINITIONAL_REPRESENTATION('',(#1556),#1559);
#1556 = B_SPLINE_CURVE_WITH_KNOTS('',1,(#1557,#1558),.UNSPECIFIED.,.F.,
  .F.,(2,2),(-374.,-314.),.PIECEWISE_BEZIER_KNOTS.);
#1557 = CARTESIAN_POINT('',(60.,-5.));
#1558 = CARTESIAN_POINT('',(0.,-5.));
#1559 = ( GEOMETRIC_REPRESENTATION_CONTEXT(2) 
PARAMETRIC_REPRESENTATION_CONTEXT() REPRESENTATION_CONTEXT('2D SPACE',''
  ) );
#1560 = ADVANCED_FACE('',(#1561,#1587),#1215,.F.);
#1561 = FACE_BOUND('',#1562,.F.);
#1562 = EDGE_LOOP('',(#1563,#1564,#1565,#1586));
#1563 = ORIENTED_EDGE('',*,*,#1199,.F.);
#1564 = ORIENTED_EDGE('',*,*,#1284,.T.);
#1565 = ORIENTED_EDGE('',*,*,#1566,.T.);
#1566 = EDGE_CURVE('',#1285,#1410,#1567,.T.);
#1567 = SURFACE_CURVE('',#1568,(#1572,#1579),.PCURVE_S1.);
#1568 = LINE('',#1569,#1570);
#1569 = CARTESIAN_POINT('',(50.,-50.,12.));
#1570 = VECTOR('',#1571,1.);
#1571 = DIRECTION('',(-0.,1.,0.));
#1572 = PCURVE('',#1215,#1573);
#1573 = DEFINITIONAL_REPRESENTATION('',(#1574),#1578);
#1574 = LINE('',#1575,#1576);
#1575 = CARTESIAN_POINT('',(100.,0.));
#1576 = VECTOR('',#1577,1.);
#1577 = DIRECTION('',(0.,1.));
#1578 = ( GEOMETRIC_REPRESENTATION_CONTEXT(2) 
PARAMETRIC_REPRESENTATION_CONTEXT() REPRESENTATION_CONTEXT('2D SPACE',''
  ) );
#1579 = PCURVE('',#1345,#1580);
#1580 = DEFINITIONAL_REPRESENTATION('',(#1581),#1585);
#1581 = LINE('',#1582,#1583);
#1582 = CARTESIAN_POINT('',(0.,0.));
#1583 = VECTOR('',#1584,1.);
#1584 = DIRECTION('',(0.,-1.));
#1585 = ( GEOMETRIC_REPRESENTATION_CONTEXT(2) 
PARAMETRIC_REPRESENTATION_CONTEXT() REPRESENTATION_CONTEXT('2D SPACE',''
  ) );
#1586 = ORIENTED_EDGE('',*,*,#1409,.F.);
#1587 = FACE_BOUND('',#1588,.F.);
#1588 = EDGE_LOOP('',(#1589,#1619,#1647,#1675));
#1589 = ORIENTED_EDGE('',*,*,#1590,.T.);
#1590 = EDGE_CURVE('',#1591,#1593,#1595,.T.);
#1591 = VERTEX_POINT('',#1592);
#1592 = CARTESIAN_POINT('',(-46.,-46.,12.));
#1593 = VERTEX_POINT('',#1594);
#1594 = CARTESIAN_POINT('',(-46.,46.,12.));
#1595 = SURFACE_CURVE('',#1596,(#1600,#1607),.PCURVE_S1.);
#1596 = LINE('',#1597,#1598);
#1597 = CARTESIAN_POINT('',(-46.,-46.,12.));
#1598 = VECTOR('',#1599,1.);
#1599 = DIRECTION('',(-0.,1.,0.));
#1600 = PCURVE('',#1215,#1601);
#1601 = DEFINITIONAL_REPRESENTATION('',(#1602),#1606);
#1602 = LINE('',#1603,#1604);
#1603 = CARTESIAN_POINT('',(4.,4.));
#1604 = VECTOR('',#1605,1.);
#1605 = DIRECTION('',(0.,1.));
#1606 = ( GEOMETRIC_REPRESENTATION_CONTEXT(2) 
PARAMETRIC_REPRESENTATION_CONTEXT() REPRESENTATION_CONTEXT('2D SPACE',''
  ) );
#1607 = PCURVE('',#1608,#1613);
#1608 = PLANE('',#1609);
#1609 = AXIS2_PLACEMENT_3D('',#1610,#1611,#1612);
#1610 = CARTESIAN_POINT('',(-46.,-46.,12.));
#1611 = DIRECTION('',(1.,0.,-0.));
#1612 = DIRECTION('',(0.,0.,1.));
#1613 = DEFINITIONAL_REPRESENTATION('',(#1614),#1618);
#1614 = LINE('',#1615,#1616);
#1615 = CARTESIAN_POINT('',(0.,0.));
#1616 = VECTOR('',#1617,1.);
#1617 = DIRECTION('',(0.,-1.));
#1618 = ( GEOMETRIC_REPRESENTATION_CONTEXT(2) 
PARAMETRIC_REPRESENTATION_CONTEXT() REPRESENTATION_CONTEXT('2D SPACE',''
  ) );
#1619 = ORIENTED_EDGE('',*,*,#1620,.T.);
#1620 = EDGE_CURVE('',#1593,#1621,#1623,.T.);
#1621 = VERTEX_POINT('',#1622);
#1622 = CARTESIAN_POINT('',(46.,46.,12.));
#1623 = SURFACE_CURVE('',#1624,(#1628,#1635),.PCURVE_S1.);
#1624 = LINE('',#1625,#1626);
#1625 = CARTESIAN_POINT('',(-46.,46.,12.));
#1626 = VECTOR('',#1627,1.);
#1627 = DIRECTION('',(1.,0.,-0.));
#1628 = PCURVE('',#1215,#1629);
#1629 = DEFINITIONAL_REPRESENTATION('',(#1630),#1634);
#1630 = LINE('',#1631,#1632);
#1631 = CARTESIAN_POINT('',(4.,96.));
#1632 = VECTOR('',#1633,1.);
#1633 = DIRECTION('',(1.,0.));
#1634 = ( GEOMETRIC_REPRESENTATION_CONTEXT(2) 
PARAMETRIC_REPRESENTATION_CONTEXT() REPRESENTATION_CONTEXT('2D SPACE',''
  ) );
#1635 = PCURVE('',#1636,#1641);
#1636 = PLANE('',#1637);
#1637 = AXIS2_PLACEMENT_3D('',#1638,#1639,#1640);
#1638 = CARTESIAN_POINT('',(-46.,46.,12.));
#1639 = DIRECTION('',(-0.,1.,0.));
#1640 = DIRECTION('',(0.,0.,1.));
#1641 = DEFINITIONAL_REPRESENTATION('',(#1642),#1646);
#1642 = LINE('',#1643,#1644);
#1643 = CARTESIAN_POINT('',(0.,0.));
#1644 = VECTOR('',#1645,1.);
#1645 = DIRECTION('',(0.,1.));
#1646 = ( GEOMETRIC_REPRESENTATION_CONTEXT(2) 
PARAMETRIC_REPRESENTATION_CONTEXT() REPRESENTATION_CONTEXT('2D SPACE',''
  ) );
#1647 = ORIENTED_EDGE('',*,*,#1648,.F.);
#1648 = EDGE_CURVE('',#1649,#1621,#1651,.T.);
#1649 = VERTEX_POINT('',#1650);
#1650 = CARTESIAN_POINT('',(46.,-46.,12.));
#1651 = SURFACE_CURVE('',#1652,(#1656,#1663),.PCURVE_S1.);
#1652 = LINE('',#1653,#1654);
#1653 = CARTESIAN_POINT('',(46.,-46.,12.));
#1654 = VECTOR('',#1655,1.);
#1655 = DIRECTION('',(-0.,1.,0.));
#1656 = PCURVE('',#1215,#1657);
#1657 = DEFINITIONAL_REPRESENTATION('',(#1658),#1662);
#1658 = LINE('',#1659,#1660);
#1659 = CARTESIAN_POINT('',(96.,4.));
#1660 = VECTOR('',#1661,1.);
#1661 = DIRECTION('',(0.,1.));
#1662 = ( GEOMETRIC_REPRESENTATION_CONTEXT(2) 
PARAMETRIC_REPRESENTATION_CONTEXT() REPRESENTATION_CONTEXT('2D SPACE',''
  ) );
#1663 = PCURVE('',#1664,#1669);
#1664 = PLANE('',#1665);
#1665 = AXIS2_PLACEMENT_3D('',#1666,#1667,#1668);
#1666 = CARTESIAN_POINT('',(46.,-46.,12.));
#1667 = DIRECTION('',(1.,0.,-0.));
#1668 = DIRECTION('',(0.,0.,1.));
#1669 = DEFINITIONAL_REPRESENTATION('',(#1670),#1674);
#1670 = LINE('',#1671,#1672);
#1671 = CARTESIAN_POINT('',(0.,0.));
#1672 = VECTOR('',#1673,1.);
#1673 = DIRECTION('',(0.,-1.));
#1674 = ( GEOMETRIC_REPRESENTATION_CONTEXT(2) 
PARAMETRIC_REPRESENTATION_CONTEXT() REPRESENTATION_CONTEXT('2D SPACE',''
  ) );
#1675 = ORIENTED_EDGE('',*,*,#1676,.F.);
#1676 = EDGE_CURVE('',#1591,#1649,#1677,.T.);
#1677 = SURFACE_CURVE('',#1678,(#1682,#1689),.PCURVE_S1.);
#1678 = LINE('',#1679,#1680);
#1679 = CARTESIAN_POINT('',(-46.,-46.,12.));
#1680 = VECTOR('',#1681,1.);
#1681 = DIRECTION('',(1.,0.,-0.));
#1682 = PCURVE('',#1215,#1683);
#1683 = DEFINITIONAL_REPRESENTATION('',(#1684),#1688);
#1684 = LINE('',#1685,#1686);
#1685 = CARTESIAN_POINT('',(4.,4.));
#1686 = VECTOR('',#1687,1.);
#1687 = DIRECTION('',(1.,0.));
#1688 = ( GEOMETRIC_REPRESENTATION_CONTEXT(2) 
PARAMETRIC_REPRESENTATION_CONTEXT() REPRESENTATION_CONTEXT('2D SPACE',''
  ) );
#1689 = PCURVE('',#1690,#1695);
#1690 = PLANE('',#1691);
#1691 = AXIS2_PLACEMENT_3D('',#1692,#1693,#1694);
#1692 = CARTESIAN_POINT('',(-46.,-46.,12.));
#1693 = DIRECTION('',(-0.,1.,0.));
#1694 = DIRECTION('',(0.,0.,1.));
#1695 = DEFINITIONAL_REPRESENTATION('',(#1696),#1700);
#1696 = LINE('',#1697,#1698);
#1697 = CARTESIAN_POINT('',(0.,0.));
#1698 = VECTOR('',#1699,1.);
#1699 = DIRECTION('',(0.,1.));
#1700 = ( GEOMETRIC_REPRESENTATION_CONTEXT(2) 
PARAMETRIC_REPRESENTATION_CONTEXT() REPRESENTATION_CONTEXT('2D SPACE',''
  ) );
#1701 = ADVANCED_FACE('',(#1702),#1345,.T.);
#1702 = FACE_BOUND('',#1703,.T.);
#1703 = EDGE_LOOP('',(#1704,#1705,#1706,#1707));
#1704 = ORIENTED_EDGE('',*,*,#1331,.F.);
#1705 = ORIENTED_EDGE('',*,*,#1566,.T.);
#1706 = ORIENTED_EDGE('',*,*,#1434,.T.);
#1707 = ORIENTED_EDGE('',*,*,#1362,.F.);
#1708 = ADVANCED_FACE('',(#1709),#1474,.F.);
#1709 = FACE_BOUND('',#1710,.F.);
#1710 = EDGE_LOOP('',(#1711,#1734,#1755,#1776));
#1711 = ORIENTED_EDGE('',*,*,#1712,.F.);
#1712 = EDGE_CURVE('',#1713,#1458,#1715,.T.);
#1713 = VERTEX_POINT('',#1714);
#1714 = CARTESIAN_POINT('',(-8.,46.,700.));
#1715 = SURFACE_CURVE('',#1716,(#1720,#1727),.PCURVE_S1.);
#1716 = LINE('',#1717,#1718);
#1717 = CARTESIAN_POINT('',(-8.,45.,700.));
#1718 = VECTOR('',#1719,1.);
#1719 = DIRECTION('',(-0.,1.,0.));
#1720 = PCURVE('',#1474,#1721);
#1721 = DEFINITIONAL_REPRESENTATION('',(#1722),#1726);
#1722 = LINE('',#1723,#1724);
#1723 = CARTESIAN_POINT('',(0.,0.));
#1724 = VECTOR('',#1725,1.);
#1725 = DIRECTION('',(0.,1.));
#1726 = ( GEOMETRIC_REPRESENTATION_CONTEXT(2) 
PARAMETRIC_REPRESENTATION_CONTEXT() REPRESENTATION_CONTEXT('2D SPACE',''
  ) );
#1727 = PCURVE('',#1500,#1728);
#1728 = DEFINITIONAL_REPRESENTATION('',(#1729),#1733);
#1729 = LINE('',#1730,#1731);
#1730 = CARTESIAN_POINT('',(60.,0.));
#1731 = VECTOR('',#1732,1.);
#1732 = DIRECTION('',(0.,-1.));
#1733 = ( GEOMETRIC_REPRESENTATION_CONTEXT(2) 
PARAMETRIC_REPRESENTATION_CONTEXT() REPRESENTATION_CONTEXT('2D SPACE',''
  ) );
#1734 = ORIENTED_EDGE('',*,*,#1735,.T.);
#1735 = EDGE_CURVE('',#1713,#1736,#1738,.T.);
#1736 = VERTEX_POINT('',#1737);
#1737 = CARTESIAN_POINT('',(8.,46.,700.));
#1738 = SURFACE_CURVE('',#1739,(#1743,#1749),.PCURVE_S1.);
#1739 = LINE('',#1740,#1741);
#1740 = CARTESIAN_POINT('',(-27.,46.,700.));
#1741 = VECTOR('',#1742,1.);
#1742 = DIRECTION('',(1.,0.,-0.));
#1743 = PCURVE('',#1474,#1744);
#1744 = DEFINITIONAL_REPRESENTATION('',(#1745),#1748);
#1745 = B_SPLINE_CURVE_WITH_KNOTS('',1,(#1746,#1747),.UNSPECIFIED.,.F.,
  .F.,(2,2),(19.,35.),.PIECEWISE_BEZIER_KNOTS.);
#1746 = CARTESIAN_POINT('',(0.,1.));
#1747 = CARTESIAN_POINT('',(16.,1.));
#1748 = ( GEOMETRIC_REPRESENTATION_CONTEXT(2) 
PARAMETRIC_REPRESENTATION_CONTEXT() REPRESENTATION_CONTEXT('2D SPACE',''
  ) );
#1749 = PCURVE('',#1636,#1750);
#1750 = DEFINITIONAL_REPRESENTATION('',(#1751),#1754);
#1751 = B_SPLINE_CURVE_WITH_KNOTS('',1,(#1752,#1753),.UNSPECIFIED.,.F.,
  .F.,(2,2),(19.,35.),.PIECEWISE_BEZIER_KNOTS.);
#1752 = CARTESIAN_POINT('',(688.,38.));
#1753 = CARTESIAN_POINT('',(688.,54.));
#1754 = ( GEOMETRIC_REPRESENTATION_CONTEXT(2) 
PARAMETRIC_REPRESENTATION_CONTEXT() REPRESENTATION_CONTEXT('2D SPACE',''
  ) );
#1755 = ORIENTED_EDGE('',*,*,#1756,.T.);
#1756 = EDGE_CURVE('',#1736,#1460,#1757,.T.);
#1757 = SURFACE_CURVE('',#1758,(#1762,#1769),.PCURVE_S1.);
#1758 = LINE('',#1759,#1760);
#1759 = CARTESIAN_POINT('',(8.,45.,700.));
#1760 = VECTOR('',#1761,1.);
#1761 = DIRECTION('',(-0.,1.,0.));
#1762 = PCURVE('',#1474,#1763);
#1763 = DEFINITIONAL_REPRESENTATION('',(#1764),#1768);
#1764 = LINE('',#1765,#1766);
#1765 = CARTESIAN_POINT('',(16.,0.));
#1766 = VECTOR('',#1767,1.);
#1767 = DIRECTION('',(0.,1.));
#1768 = ( GEOMETRIC_REPRESENTATION_CONTEXT(2) 
PARAMETRIC_REPRESENTATION_CONTEXT() REPRESENTATION_CONTEXT('2D SPACE',''
  ) );
#1769 = PCURVE('',#1550,#1770);
#1770 = DEFINITIONAL_REPRESENTATION('',(#1771),#1775);
#1771 = LINE('',#1772,#1773);
#1772 = CARTESIAN_POINT('',(60.,0.));
#1773 = VECTOR('',#1774,1.);
#1774 = DIRECTION('',(0.,-1.));
#1775 = ( GEOMETRIC_REPRESENTATION_CONTEXT(2) 
PARAMETRIC_REPRESENTATION_CONTEXT() REPRESENTATION_CONTEXT('2D SPACE',''
  ) );
#1776 = ORIENTED_EDGE('',*,*,#1457,.F.);
#1777 = ADVANCED_FACE('',(#1778),#1550,.F.);
#1778 = FACE_BOUND('',#1779,.F.);
#1779 = EDGE_LOOP('',(#1780,#1781,#1802,#1823));
#1780 = ORIENTED_EDGE('',*,*,#1756,.F.);
#1781 = ORIENTED_EDGE('',*,*,#1782,.T.);
#1782 = EDGE_CURVE('',#1736,#1783,#1785,.T.);
#1783 = VERTEX_POINT('',#1784);
#1784 = CARTESIAN_POINT('',(8.,46.,640.));
#1785 = SURFACE_CURVE('',#1786,(#1790,#1796),.PCURVE_S1.);
#1786 = LINE('',#1787,#1788);
#1787 = CARTESIAN_POINT('',(8.,46.,326.));
#1788 = VECTOR('',#1789,1.);
#1789 = DIRECTION('',(-0.,0.,-1.));
#1790 = PCURVE('',#1550,#1791);
#1791 = DEFINITIONAL_REPRESENTATION('',(#1792),#1795);
#1792 = B_SPLINE_CURVE_WITH_KNOTS('',1,(#1793,#1794),.UNSPECIFIED.,.F.,
  .F.,(2,2),(-374.,-314.),.PIECEWISE_BEZIER_KNOTS.);
#1793 = CARTESIAN_POINT('',(60.,-1.));
#1794 = CARTESIAN_POINT('',(0.,-1.));
#1795 = ( GEOMETRIC_REPRESENTATION_CONTEXT(2) 
PARAMETRIC_REPRESENTATION_CONTEXT() REPRESENTATION_CONTEXT('2D SPACE',''
  ) );
#1796 = PCURVE('',#1636,#1797);
#1797 = DEFINITIONAL_REPRESENTATION('',(#1798),#1801);
#1798 = B_SPLINE_CURVE_WITH_KNOTS('',1,(#1799,#1800),.UNSPECIFIED.,.F.,
  .F.,(2,2),(-374.,-314.),.PIECEWISE_BEZIER_KNOTS.);
#1799 = CARTESIAN_POINT('',(688.,54.));
#1800 = CARTESIAN_POINT('',(628.,54.));
#1801 = ( GEOMETRIC_REPRESENTATION_CONTEXT(2) 
PARAMETRIC_REPRESENTATION_CONTEXT() REPRESENTATION_CONTEXT('2D SPACE',''
  ) );
#1802 = ORIENTED_EDGE('',*,*,#1803,.T.);
#1803 = EDGE_CURVE('',#1783,#1512,#1804,.T.);
#1804 = SURFACE_CURVE('',#1805,(#1809,#1816),.PCURVE_S1.);
#1805 = LINE('',#1806,#1807);
#1806 = CARTESIAN_POINT('',(8.,45.,640.));
#1807 = VECTOR('',#1808,1.);
#1808 = DIRECTION('',(-0.,1.,0.));
#1809 = PCURVE('',#1550,#1810);
#1810 = DEFINITIONAL_REPRESENTATION('',(#1811),#1815);
#1811 = LINE('',#1812,#1813);
#1812 = CARTESIAN_POINT('',(0.,0.));
#1813 = VECTOR('',#1814,1.);
#1814 = DIRECTION('',(0.,-1.));
#1815 = ( GEOMETRIC_REPRESENTATION_CONTEXT(2) 
PARAMETRIC_REPRESENTATION_CONTEXT() REPRESENTATION_CONTEXT('2D SPACE',''
  ) );
#1816 = PCURVE('',#1526,#1817);
#1817 = DEFINITIONAL_REPRESENTATION('',(#1818),#1822);
#1818 = LINE('',#1819,#1820);
#1819 = CARTESIAN_POINT('',(16.,0.));
#1820 = VECTOR('',#1821,1.);
#1821 = DIRECTION('',(0.,1.));
#1822 = ( GEOMETRIC_REPRESENTATION_CONTEXT(2) 
PARAMETRIC_REPRESENTATION_CONTEXT() REPRESENTATION_CONTEXT('2D SPACE',''
  ) );
#1823 = ORIENTED_EDGE('',*,*,#1537,.F.);
#1824 = ADVANCED_FACE('',(#1825),#1526,.T.);
#1825 = FACE_BOUND('',#1826,.T.);
#1826 = EDGE_LOOP('',(#1827,#1850,#1869,#1870));
#1827 = ORIENTED_EDGE('',*,*,#1828,.F.);
#1828 = EDGE_CURVE('',#1829,#1486,#1831,.T.);
#1829 = VERTEX_POINT('',#1830);
#1830 = CARTESIAN_POINT('',(-8.,46.,640.));
#1831 = SURFACE_CURVE('',#1832,(#1836,#1843),.PCURVE_S1.);
#1832 = LINE('',#1833,#1834);
#1833 = CARTESIAN_POINT('',(-8.,45.,640.));
#1834 = VECTOR('',#1835,1.);
#1835 = DIRECTION('',(-0.,1.,0.));
#1836 = PCURVE('',#1526,#1837);
#1837 = DEFINITIONAL_REPRESENTATION('',(#1838),#1842);
#1838 = LINE('',#1839,#1840);
#1839 = CARTESIAN_POINT('',(0.,0.));
#1840 = VECTOR('',#1841,1.);
#1841 = DIRECTION('',(0.,1.));
#1842 = ( GEOMETRIC_REPRESENTATION_CONTEXT(2) 
PARAMETRIC_REPRESENTATION_CONTEXT() REPRESENTATION_CONTEXT('2D SPACE',''
  ) );
#1843 = PCURVE('',#1500,#1844);
#1844 = DEFINITIONAL_REPRESENTATION('',(#1845),#1849);
#1845 = LINE('',#1846,#1847);
#1846 = CARTESIAN_POINT('',(0.,0.));
#1847 = VECTOR('',#1848,1.);
#1848 = DIRECTION('',(0.,-1.));
#1849 = ( GEOMETRIC_REPRESENTATION_CONTEXT(2) 
PARAMETRIC_REPRESENTATION_CONTEXT() REPRESENTATION_CONTEXT('2D SPACE',''
  ) );
#1850 = ORIENTED_EDGE('',*,*,#1851,.T.);
#1851 = EDGE_CURVE('',#1829,#1783,#1852,.T.);
#1852 = SURFACE_CURVE('',#1853,(#1857,#1863),.PCURVE_S1.);
#1853 = LINE('',#1854,#1855);
#1854 = CARTESIAN_POINT('',(-27.,46.,640.));
#1855 = VECTOR('',#1856,1.);
#1856 = DIRECTION('',(1.,0.,-0.));
#1857 = PCURVE('',#1526,#1858);
#1858 = DEFINITIONAL_REPRESENTATION('',(#1859),#1862);
#1859 = B_SPLINE_CURVE_WITH_KNOTS('',1,(#1860,#1861),.UNSPECIFIED.,.F.,
  .F.,(2,2),(19.,35.),.PIECEWISE_BEZIER_KNOTS.);
#1860 = CARTESIAN_POINT('',(0.,1.));
#1861 = CARTESIAN_POINT('',(16.,1.));
#1862 = ( GEOMETRIC_REPRESENTATION_CONTEXT(2) 
PARAMETRIC_REPRESENTATION_CONTEXT() REPRESENTATION_CONTEXT('2D SPACE',''
  ) );
#1863 = PCURVE('',#1636,#1864);
#1864 = DEFINITIONAL_REPRESENTATION('',(#1865),#1868);
#1865 = B_SPLINE_CURVE_WITH_KNOTS('',1,(#1866,#1867),.UNSPECIFIED.,.F.,
  .F.,(2,2),(19.,35.),.PIECEWISE_BEZIER_KNOTS.);
#1866 = CARTESIAN_POINT('',(628.,38.));
#1867 = CARTESIAN_POINT('',(628.,54.));
#1868 = ( GEOMETRIC_REPRESENTATION_CONTEXT(2) 
PARAMETRIC_REPRESENTATION_CONTEXT() REPRESENTATION_CONTEXT('2D SPACE',''
  ) );
#1869 = ORIENTED_EDGE('',*,*,#1803,.T.);
#1870 = ORIENTED_EDGE('',*,*,#1511,.F.);
#1871 = ADVANCED_FACE('',(#1872),#1500,.T.);
#1872 = FACE_BOUND('',#1873,.T.);
#1873 = EDGE_LOOP('',(#1874,#1875,#1894,#1895));
#1874 = ORIENTED_EDGE('',*,*,#1712,.F.);
#1875 = ORIENTED_EDGE('',*,*,#1876,.T.);
#1876 = EDGE_CURVE('',#1713,#1829,#1877,.T.);
#1877 = SURFACE_CURVE('',#1878,(#1882,#1888),.PCURVE_S1.);
#1878 = LINE('',#1879,#1880);
#1879 = CARTESIAN_POINT('',(-8.,46.,326.));
#1880 = VECTOR('',#1881,1.);
#1881 = DIRECTION('',(-0.,0.,-1.));
#1882 = PCURVE('',#1500,#1883);
#1883 = DEFINITIONAL_REPRESENTATION('',(#1884),#1887);
#1884 = B_SPLINE_CURVE_WITH_KNOTS('',1,(#1885,#1886),.UNSPECIFIED.,.F.,
  .F.,(2,2),(-374.,-314.),.PIECEWISE_BEZIER_KNOTS.);
#1885 = CARTESIAN_POINT('',(60.,-1.));
#1886 = CARTESIAN_POINT('',(0.,-1.));
#1887 = ( GEOMETRIC_REPRESENTATION_CONTEXT(2) 
PARAMETRIC_REPRESENTATION_CONTEXT() REPRESENTATION_CONTEXT('2D SPACE',''
  ) );
#1888 = PCURVE('',#1636,#1889);
#1889 = DEFINITIONAL_REPRESENTATION('',(#1890),#1893);
#1890 = B_SPLINE_CURVE_WITH_KNOTS('',1,(#1891,#1892),.UNSPECIFIED.,.F.,
  .F.,(2,2),(-374.,-314.),.PIECEWISE_BEZIER_KNOTS.);
#1891 = CARTESIAN_POINT('',(688.,38.));
#1892 = CARTESIAN_POINT('',(628.,38.));
#1893 = ( GEOMETRIC_REPRESENTATION_CONTEXT(2) 
PARAMETRIC_REPRESENTATION_CONTEXT() REPRESENTATION_CONTEXT('2D SPACE',''
  ) );
#1894 = ORIENTED_EDGE('',*,*,#1828,.T.);
#1895 = ORIENTED_EDGE('',*,*,#1485,.F.);
#1896 = ADVANCED_FACE('',(#1897),#1608,.T.);
#1897 = FACE_BOUND('',#1898,.T.);
#1898 = EDGE_LOOP('',(#1899,#1922,#1923,#1946));
#1899 = ORIENTED_EDGE('',*,*,#1900,.F.);
#1900 = EDGE_CURVE('',#1591,#1901,#1903,.T.);
#1901 = VERTEX_POINT('',#1902);
#1902 = CARTESIAN_POINT('',(-46.,-46.,1.754E+03));
#1903 = SURFACE_CURVE('',#1904,(#1908,#1915),.PCURVE_S1.);
#1904 = LINE('',#1905,#1906);
#1905 = CARTESIAN_POINT('',(-46.,-46.,12.));
#1906 = VECTOR('',#1907,1.);
#1907 = DIRECTION('',(0.,0.,1.));
#1908 = PCURVE('',#1608,#1909);
#1909 = DEFINITIONAL_REPRESENTATION('',(#1910),#1914);
#1910 = LINE('',#1911,#1912);
#1911 = CARTESIAN_POINT('',(0.,0.));
#1912 = VECTOR('',#1913,1.);
#1913 = DIRECTION('',(1.,0.));
#1914 = ( GEOMETRIC_REPRESENTATION_CONTEXT(2) 
PARAMETRIC_REPRESENTATION_CONTEXT() REPRESENTATION_CONTEXT('2D SPACE',''
  ) );
#1915 = PCURVE('',#1690,#1916);
#1916 = DEFINITIONAL_REPRESENTATION('',(#1917),#1921);
#1917 = LINE('',#1918,#1919);
#1918 = CARTESIAN_POINT('',(0.,0.));
#1919 = VECTOR('',#1920,1.);
#1920 = DIRECTION('',(1.,0.));
#1921 = ( GEOMETRIC_REPRESENTATION_CONTEXT(2) 
PARAMETRIC_REPRESENTATION_CONTEXT() REPRESENTATION_CONTEXT('2D SPACE',''
  ) );
#1922 = ORIENTED_EDGE('',*,*,#1590,.T.);
#1923 = ORIENTED_EDGE('',*,*,#1924,.T.);
#1924 = EDGE_CURVE('',#1593,#1925,#1927,.T.);
#1925 = VERTEX_POINT('',#1926);
#1926 = CARTESIAN_POINT('',(-46.,46.,1.754E+03));
#1927 = SURFACE_CURVE('',#1928,(#1932,#1939),.PCURVE_S1.);
#1928 = LINE('',#1929,#1930);
#1929 = CARTESIAN_POINT('',(-46.,46.,12.));
#1930 = VECTOR('',#1931,1.);
#1931 = DIRECTION('',(0.,0.,1.));
#1932 = PCURVE('',#1608,#1933);
#1933 = DEFINITIONAL_REPRESENTATION('',(#1934),#1938);
#1934 = LINE('',#1935,#1936);
#1935 = CARTESIAN_POINT('',(0.,-92.));
#1936 = VECTOR('',#1937,1.);
#1937 = DIRECTION('',(1.,0.));
#1938 = ( GEOMETRIC_REPRESENTATION_CONTEXT(2) 
PARAMETRIC_REPRESENTATION_CONTEXT() REPRESENTATION_CONTEXT('2D SPACE',''
  ) );
#1939 = PCURVE('',#1636,#1940);
#1940 = DEFINITIONAL_REPRESENTATION('',(#1941),#1945);
#1941 = LINE('',#1942,#1943);
#1942 = CARTESIAN_POINT('',(0.,0.));
#1943 = VECTOR('',#1944,1.);
#1944 = DIRECTION('',(1.,0.));
#1945 = ( GEOMETRIC_REPRESENTATION_CONTEXT(2) 
PARAMETRIC_REPRESENTATION_CONTEXT() REPRESENTATION_CONTEXT('2D SPACE',''
  ) );
#1946 = ORIENTED_EDGE('',*,*,#1947,.F.);
#1947 = EDGE_CURVE('',#1901,#1925,#1948,.T.);
#1948 = SURFACE_CURVE('',#1949,(#1953,#1960),.PCURVE_S1.);
#1949 = LINE('',#1950,#1951);
#1950 = CARTESIAN_POINT('',(-46.,-46.,1.754E+03));
#1951 = VECTOR('',#1952,1.);
#1952 = DIRECTION('',(-0.,1.,0.));
#1953 = PCURVE('',#1608,#1954);
#1954 = DEFINITIONAL_REPRESENTATION('',(#1955),#1959);
#1955 = LINE('',#1956,#1957);
#1956 = CARTESIAN_POINT('',(1.742E+03,0.));
#1957 = VECTOR('',#1958,1.);
#1958 = DIRECTION('',(0.,-1.));
#1959 = ( GEOMETRIC_REPRESENTATION_CONTEXT(2) 
PARAMETRIC_REPRESENTATION_CONTEXT() REPRESENTATION_CONTEXT('2D SPACE',''
  ) );
#1960 = PCURVE('',#1961,#1966);
#1961 = PLANE('',#1962);
#1962 = AXIS2_PLACEMENT_3D('',#1963,#1964,#1965);
#1963 = CARTESIAN_POINT('',(-46.,-46.,1.754E+03));
#1964 = DIRECTION('',(0.,0.,1.));
#1965 = DIRECTION('',(1.,0.,-0.));
#1966 = DEFINITIONAL_REPRESENTATION('',(#1967),#1971);
#1967 = LINE('',#1968,#1969);
#1968 = CARTESIAN_POINT('',(0.,0.));
#1969 = VECTOR('',#1970,1.);
#1970 = DIRECTION('',(0.,1.));
#1971 = ( GEOMETRIC_REPRESENTATION_CONTEXT(2) 
PARAMETRIC_REPRESENTATION_CONTEXT() REPRESENTATION_CONTEXT('2D SPACE',''
  ) );
#1972 = ADVANCED_FACE('',(#1973),#1690,.T.);
#1973 = FACE_BOUND('',#1974,.T.);
#1974 = EDGE_LOOP('',(#1975,#1976,#1977,#2000));
#1975 = ORIENTED_EDGE('',*,*,#1676,.F.);
#1976 = ORIENTED_EDGE('',*,*,#1900,.T.);
#1977 = ORIENTED_EDGE('',*,*,#1978,.T.);
#1978 = EDGE_CURVE('',#1901,#1979,#1981,.T.);
#1979 = VERTEX_POINT('',#1980);
#1980 = CARTESIAN_POINT('',(46.,-46.,1.754E+03));
#1981 = SURFACE_CURVE('',#1982,(#1986,#1993),.PCURVE_S1.);
#1982 = LINE('',#1983,#1984);
#1983 = CARTESIAN_POINT('',(-46.,-46.,1.754E+03));
#1984 = VECTOR('',#1985,1.);
#1985 = DIRECTION('',(1.,0.,-0.));
#1986 = PCURVE('',#1690,#1987);
#1987 = DEFINITIONAL_REPRESENTATION('',(#1988),#1992);
#1988 = LINE('',#1989,#1990);
#1989 = CARTESIAN_POINT('',(1.742E+03,0.));
#1990 = VECTOR('',#1991,1.);
#1991 = DIRECTION('',(0.,1.));
#1992 = ( GEOMETRIC_REPRESENTATION_CONTEXT(2) 
PARAMETRIC_REPRESENTATION_CONTEXT() REPRESENTATION_CONTEXT('2D SPACE',''
  ) );
#1993 = PCURVE('',#1961,#1994);
#1994 = DEFINITIONAL_REPRESENTATION('',(#1995),#1999);
#1995 = LINE('',#1996,#1997);
#1996 = CARTESIAN_POINT('',(0.,0.));
#1997 = VECTOR('',#1998,1.);
#1998 = DIRECTION('',(1.,0.));
#1999 = ( GEOMETRIC_REPRESENTATION_CONTEXT(2) 
PARAMETRIC_REPRESENTATION_CONTEXT() REPRESENTATION_CONTEXT('2D SPACE',''
  ) );
#2000 = ORIENTED_EDGE('',*,*,#2001,.F.);
#2001 = EDGE_CURVE('',#1649,#1979,#2002,.T.);
#2002 = SURFACE_CURVE('',#2003,(#2007,#2014),.PCURVE_S1.);
#2003 = LINE('',#2004,#2005);
#2004 = CARTESIAN_POINT('',(46.,-46.,12.));
#2005 = VECTOR('',#2006,1.);
#2006 = DIRECTION('',(0.,0.,1.));
#2007 = PCURVE('',#1690,#2008);
#2008 = DEFINITIONAL_REPRESENTATION('',(#2009),#2013);
#2009 = LINE('',#2010,#2011);
#2010 = CARTESIAN_POINT('',(0.,92.));
#2011 = VECTOR('',#2012,1.);
#2012 = DIRECTION('',(1.,0.));
#2013 = ( GEOMETRIC_REPRESENTATION_CONTEXT(2) 
PARAMETRIC_REPRESENTATION_CONTEXT() REPRESENTATION_CONTEXT('2D SPACE',''
  ) );
#2014 = PCURVE('',#1664,#2015);
#2015 = DEFINITIONAL_REPRESENTATION('',(#2016),#2020);
#2016 = LINE('',#2017,#2018);
#2017 = CARTESIAN_POINT('',(0.,0.));
#2018 = VECTOR('',#2019,1.);
#2019 = DIRECTION('',(1.,0.));
#2020 = ( GEOMETRIC_REPRESENTATION_CONTEXT(2) 
PARAMETRIC_REPRESENTATION_CONTEXT() REPRESENTATION_CONTEXT('2D SPACE',''
  ) );
#2021 = ADVANCED_FACE('',(#2022),#1664,.F.);
#2022 = FACE_BOUND('',#2023,.F.);
#2023 = EDGE_LOOP('',(#2024,#2025,#2026,#2049));
#2024 = ORIENTED_EDGE('',*,*,#2001,.F.);
#2025 = ORIENTED_EDGE('',*,*,#1648,.T.);
#2026 = ORIENTED_EDGE('',*,*,#2027,.T.);
#2027 = EDGE_CURVE('',#1621,#2028,#2030,.T.);
#2028 = VERTEX_POINT('',#2029);
#2029 = CARTESIAN_POINT('',(46.,46.,1.754E+03));
#2030 = SURFACE_CURVE('',#2031,(#2035,#2042),.PCURVE_S1.);
#2031 = LINE('',#2032,#2033);
#2032 = CARTESIAN_POINT('',(46.,46.,12.));
#2033 = VECTOR('',#2034,1.);
#2034 = DIRECTION('',(0.,0.,1.));
#2035 = PCURVE('',#1664,#2036);
#2036 = DEFINITIONAL_REPRESENTATION('',(#2037),#2041);
#2037 = LINE('',#2038,#2039);
#2038 = CARTESIAN_POINT('',(0.,-92.));
#2039 = VECTOR('',#2040,1.);
#2040 = DIRECTION('',(1.,0.));
#2041 = ( GEOMETRIC_REPRESENTATION_CONTEXT(2) 
PARAMETRIC_REPRESENTATION_CONTEXT() REPRESENTATION_CONTEXT('2D SPACE',''
  ) );
#2042 = PCURVE('',#1636,#2043);
#2043 = DEFINITIONAL_REPRESENTATION('',(#2044),#2048);
#2044 = LINE('',#2045,#2046);
#2045 = CARTESIAN_POINT('',(0.,92.));
#2046 = VECTOR('',#2047,1.);
#2047 = DIRECTION('',(1.,0.));
#2048 = ( GEOMETRIC_REPRESENTATION_CONTEXT(2) 
PARAMETRIC_REPRESENTATION_CONTEXT() REPRESENTATION_CONTEXT('2D SPACE',''
  ) );
#2049 = ORIENTED_EDGE('',*,*,#2050,.F.);
#2050 = EDGE_CURVE('',#1979,#2028,#2051,.T.);
#2051 = SURFACE_CURVE('',#2052,(#2056,#2063),.PCURVE_S1.);
#2052 = LINE('',#2053,#2054);
#2053 = CARTESIAN_POINT('',(46.,-46.,1.754E+03));
#2054 = VECTOR('',#2055,1.);
#2055 = DIRECTION('',(-0.,1.,0.));
#2056 = PCURVE('',#1664,#2057);
#2057 = DEFINITIONAL_REPRESENTATION('',(#2058),#2062);
#2058 = LINE('',#2059,#2060);
#2059 = CARTESIAN_POINT('',(1.742E+03,0.));
#2060 = VECTOR('',#2061,1.);
#2061 = DIRECTION('',(0.,-1.));
#2062 = ( GEOMETRIC_REPRESENTATION_CONTEXT(2) 
PARAMETRIC_REPRESENTATION_CONTEXT() REPRESENTATION_CONTEXT('2D SPACE',''
  ) );
#2063 = PCURVE('',#1961,#2064);
#2064 = DEFINITIONAL_REPRESENTATION('',(#2065),#2069);
#2065 = LINE('',#2066,#2067);
#2066 = CARTESIAN_POINT('',(92.,0.));
#2067 = VECTOR('',#2068,1.);
#2068 = DIRECTION('',(0.,1.));
#2069 = ( GEOMETRIC_REPRESENTATION_CONTEXT(2) 
PARAMETRIC_REPRESENTATION_CONTEXT() REPRESENTATION_CONTEXT('2D SPACE',''
  ) );
#2070 = ADVANCED_FACE('',(#2071,#2097),#1636,.F.);
#2071 = FACE_BOUND('',#2072,.F.);
#2072 = EDGE_LOOP('',(#2073,#2074,#2075,#2096));
#2073 = ORIENTED_EDGE('',*,*,#1620,.F.);
#2074 = ORIENTED_EDGE('',*,*,#1924,.T.);
#2075 = ORIENTED_EDGE('',*,*,#2076,.T.);
#2076 = EDGE_CURVE('',#1925,#2028,#2077,.T.);
#2077 = SURFACE_CURVE('',#2078,(#2082,#2089),.PCURVE_S1.);
#2078 = LINE('',#2079,#2080);
#2079 = CARTESIAN_POINT('',(-46.,46.,1.754E+03));
#2080 = VECTOR('',#2081,1.);
#2081 = DIRECTION('',(1.,0.,-0.));
#2082 = PCURVE('',#1636,#2083);
#2083 = DEFINITIONAL_REPRESENTATION('',(#2084),#2088);
#2084 = LINE('',#2085,#2086);
#2085 = CARTESIAN_POINT('',(1.742E+03,0.));
#2086 = VECTOR('',#2087,1.);
#2087 = DIRECTION('',(0.,1.));
#2088 = ( GEOMETRIC_REPRESENTATION_CONTEXT(2) 
PARAMETRIC_REPRESENTATION_CONTEXT() REPRESENTATION_CONTEXT('2D SPACE',''
  ) );
#2089 = PCURVE('',#1961,#2090);
#2090 = DEFINITIONAL_REPRESENTATION('',(#2091),#2095);
#2091 = LINE('',#2092,#2093);
#2092 = CARTESIAN_POINT('',(0.,92.));
#2093 = VECTOR('',#2094,1.);
#2094 = DIRECTION('',(1.,0.));
#2095 = ( GEOMETRIC_REPRESENTATION_CONTEXT(2) 
PARAMETRIC_REPRESENTATION_CONTEXT() REPRESENTATION_CONTEXT('2D SPACE',''
  ) );
#2096 = ORIENTED_EDGE('',*,*,#2027,.F.);
#2097 = FACE_BOUND('',#2098,.F.);
#2098 = EDGE_LOOP('',(#2099,#2100,#2101,#2102));
#2099 = ORIENTED_EDGE('',*,*,#1735,.F.);
#2100 = ORIENTED_EDGE('',*,*,#1876,.T.);
#2101 = ORIENTED_EDGE('',*,*,#1851,.T.);
#2102 = ORIENTED_EDGE('',*,*,#1782,.F.);
#2103 = ADVANCED_FACE('',(#2104),#1961,.F.);
#2104 = FACE_BOUND('',#2105,.F.);
#2105 = EDGE_LOOP('',(#2106,#2107,#2108,#2109));
#2106 = ORIENTED_EDGE('',*,*,#1947,.F.);
#2107 = ORIENTED_EDGE('',*,*,#1978,.T.);
#2108 = ORIENTED_EDGE('',*,*,#2050,.T.);
#2109 = ORIENTED_EDGE('',*,*,#2076,.F.);
#2110 = ( GEOMETRIC_REPRESENTATION_CONTEXT(3) 
GLOBAL_UNCERTAINTY_ASSIGNED_CONTEXT((#2114)) 
GLOBAL_UNIT_ASSIGNED_CONTEXT((#2111,#2112,#2113)) REPRESENTATION_CONTEXT
('Context #1','3D Context with UNIT and UNCERTAINTY') );
#2111 = ( LENGTH_UNIT() NAMED_UNIT(*) SI_UNIT(.MILLI.,.METRE.) );
#2112 = ( NAMED_UNIT(*) PLANE_ANGLE_UNIT() SI_UNIT($,.RADIAN.) );
#2113 = ( NAMED_UNIT(*) SI_UNIT($,.STERADIAN.) SOLID_ANGLE_UNIT() );
#2114 = UNCERTAINTY_MEASURE_WITH_UNIT(LENGTH_MEASURE(1.E-07),#2111,
  'distance_accuracy_value','confusion accuracy');
#2115 = CONTEXT_DEPENDENT_SHAPE_REPRESENTATION(#2116,#2118);
#2116 = ( REPRESENTATION_RELATIONSHIP('','',#1157,#10) 
REPRESENTATION_RELATIONSHIP_WITH_TRANSFORMATION(#2117) 
SHAPE_REPRESENTATION_RELATIONSHIP() );
#2117 = ITEM_DEFINED_TRANSFORMATION('','',#11,#19);
#2118 = PRODUCT_DEFINITION_SHAPE('Placement','Placement of an item',
  #2119);
#2119 = NEXT_ASSEMBLY_USAGE_OCCURRENCE('2','=>[0:1:1:3]','',#5,#1152,$);
#2120 = PRODUCT_RELATED_PRODUCT_CATEGORY('part',$,(#1154));
#2121 = SHAPE_DEFINITION_REPRESENTATION(#2122,#2128);
#2122 = PRODUCT_DEFINITION_SHAPE('','',#2123);
#2123 = PRODUCT_DEFINITION('design','',#2124,#2127);
#2124 = PRODUCT_DEFINITION_FORMATION('','',#2125);
#2125 = PRODUCT('COMPOUND','COMPOUND','',(#2126));
#2126 = PRODUCT_CONTEXT('',#2,'mechanical');
#2127 = PRODUCT_DEFINITION_CONTEXT('part definition',#2,'design');
#2128 = ADVANCED_BREP_SHAPE_REPRESENTATION('',(#11,#2129),#5163);
#2129 = MANIFOLD_SOLID_BREP('',#2130);
#2130 = CLOSED_SHELL('',(#2131,#2251,#2538,#2587,#2636,#3299,#3306,#3365
    ,#3419,#3473,#3542,#3589,#3636,#3661,#3735,#3782,#3829,#3854,#3923,
    #3970,#4017,#4042,#4111,#4158,#4205,#4230,#4299,#4346,#4393,#4418,
    #4487,#4534,#4581,#4606,#4675,#4722,#4769,#4794,#4919,#5031,#5080,
    #5129,#5156));
#2131 = ADVANCED_FACE('',(#2132),#2146,.F.);
#2132 = FACE_BOUND('',#2133,.F.);
#2133 = EDGE_LOOP('',(#2134,#2169,#2197,#2225));
#2134 = ORIENTED_EDGE('',*,*,#2135,.F.);
#2135 = EDGE_CURVE('',#2136,#2138,#2140,.T.);
#2136 = VERTEX_POINT('',#2137);
#2137 = CARTESIAN_POINT('',(-230.,-150.,1.04E+03));
#2138 = VERTEX_POINT('',#2139);
#2139 = CARTESIAN_POINT('',(-230.,-150.,1.72E+03));
#2140 = SURFACE_CURVE('',#2141,(#2145,#2157),.PCURVE_S1.);
#2141 = LINE('',#2142,#2143);
#2142 = CARTESIAN_POINT('',(-230.,-150.,1.04E+03));
#2143 = VECTOR('',#2144,1.);
#2144 = DIRECTION('',(0.,0.,1.));
#2145 = PCURVE('',#2146,#2151);
#2146 = PLANE('',#2147);
#2147 = AXIS2_PLACEMENT_3D('',#2148,#2149,#2150);
#2148 = CARTESIAN_POINT('',(-230.,-150.,1.04E+03));
#2149 = DIRECTION('',(1.,0.,-0.));
#2150 = DIRECTION('',(0.,0.,1.));
#2151 = DEFINITIONAL_REPRESENTATION('',(#2152),#2156);
#2152 = LINE('',#2153,#2154);
#2153 = CARTESIAN_POINT('',(0.,0.));
#2154 = VECTOR('',#2155,1.);
#2155 = DIRECTION('',(1.,0.));
#2156 = ( GEOMETRIC_REPRESENTATION_CONTEXT(2) 
PARAMETRIC_REPRESENTATION_CONTEXT() REPRESENTATION_CONTEXT('2D SPACE',''
  ) );
#2157 = PCURVE('',#2158,#2163);
#2158 = PLANE('',#2159);
#2159 = AXIS2_PLACEMENT_3D('',#2160,#2161,#2162);
#2160 = CARTESIAN_POINT('',(-230.,-150.,1.04E+03));
#2161 = DIRECTION('',(-0.,1.,0.));
#2162 = DIRECTION('',(0.,0.,1.));
#2163 = DEFINITIONAL_REPRESENTATION('',(#2164),#2168);
#2164 = LINE('',#2165,#2166);
#2165 = CARTESIAN_POINT('',(0.,0.));
#2166 = VECTOR('',#2167,1.);
#2167 = DIRECTION('',(1.,0.));
#2168 = ( GEOMETRIC_REPRESENTATION_CONTEXT(2) 
PARAMETRIC_REPRESENTATION_CONTEXT() REPRESENTATION_CONTEXT('2D SPACE',''
  ) );
#2169 = ORIENTED_EDGE('',*,*,#2170,.T.);
#2170 = EDGE_CURVE('',#2136,#2171,#2173,.T.);
#2171 = VERTEX_POINT('',#2172);
#2172 = CARTESIAN_POINT('',(-230.,-50.,1.04E+03));
#2173 = SURFACE_CURVE('',#2174,(#2178,#2185),.PCURVE_S1.);
#2174 = LINE('',#2175,#2176);
#2175 = CARTESIAN_POINT('',(-230.,-150.,1.04E+03));
#2176 = VECTOR('',#2177,1.);
#2177 = DIRECTION('',(-0.,1.,0.));
#2178 = PCURVE('',#2146,#2179);
#2179 = DEFINITIONAL_REPRESENTATION('',(#2180),#2184);
#2180 = LINE('',#2181,#2182);
#2181 = CARTESIAN_POINT('',(0.,0.));
#2182 = VECTOR('',#2183,1.);
#2183 = DIRECTION('',(0.,-1.));
#2184 = ( GEOMETRIC_REPRESENTATION_CONTEXT(2) 
PARAMETRIC_REPRESENTATION_CONTEXT() REPRESENTATION_CONTEXT('2D SPACE',''
  ) );
#2185 = PCURVE('',#2186,#2191);
#2186 = PLANE('',#2187);
#2187 = AXIS2_PLACEMENT_3D('',#2188,#2189,#2190);
#2188 = CARTESIAN_POINT('',(-230.,-150.,1.04E+03));
#2189 = DIRECTION('',(0.,0.,1.));
#2190 = DIRECTION('',(1.,0.,-0.));
#2191 = DEFINITIONAL_REPRESENTATION('',(#2192),#2196);
#2192 = LINE('',#2193,#2194);
#2193 = CARTESIAN_POINT('',(0.,0.));
#2194 = VECTOR('',#2195,1.);
#2195 = DIRECTION('',(0.,1.));
#2196 = ( GEOMETRIC_REPRESENTATION_CONTEXT(2) 
PARAMETRIC_REPRESENTATION_CONTEXT() REPRESENTATION_CONTEXT('2D SPACE',''
  ) );
#2197 = ORIENTED_EDGE('',*,*,#2198,.T.);
#2198 = EDGE_CURVE('',#2171,#2199,#2201,.T.);
#2199 = VERTEX_POINT('',#2200);
#2200 = CARTESIAN_POINT('',(-230.,-50.,1.72E+03));
#2201 = SURFACE_CURVE('',#2202,(#2206,#2213),.PCURVE_S1.);
#2202 = LINE('',#2203,#2204);
#2203 = CARTESIAN_POINT('',(-230.,-50.,1.04E+03));
#2204 = VECTOR('',#2205,1.);
#2205 = DIRECTION('',(0.,0.,1.));
#2206 = PCURVE('',#2146,#2207);
#2207 = DEFINITIONAL_REPRESENTATION('',(#2208),#2212);
#2208 = LINE('',#2209,#2210);
#2209 = CARTESIAN_POINT('',(0.,-100.));
#2210 = VECTOR('',#2211,1.);
#2211 = DIRECTION('',(1.,0.));
#2212 = ( GEOMETRIC_REPRESENTATION_CONTEXT(2) 
PARAMETRIC_REPRESENTATION_CONTEXT() REPRESENTATION_CONTEXT('2D SPACE',''
  ) );
#2213 = PCURVE('',#2214,#2219);
#2214 = PLANE('',#2215);
#2215 = AXIS2_PLACEMENT_3D('',#2216,#2217,#2218);
#2216 = CARTESIAN_POINT('',(-230.,-50.,1.04E+03));
#2217 = DIRECTION('',(-0.,1.,0.));
#2218 = DIRECTION('',(0.,0.,1.));
#2219 = DEFINITIONAL_REPRESENTATION('',(#2220),#2224);
#2220 = LINE('',#2221,#2222);
#2221 = CARTESIAN_POINT('',(0.,0.));
#2222 = VECTOR('',#2223,1.);
#2223 = DIRECTION('',(1.,0.));
#2224 = ( GEOMETRIC_REPRESENTATION_CONTEXT(2) 
PARAMETRIC_REPRESENTATION_CONTEXT() REPRESENTATION_CONTEXT('2D SPACE',''
  ) );
#2225 = ORIENTED_EDGE('',*,*,#2226,.F.);
#2226 = EDGE_CURVE('',#2138,#2199,#2227,.T.);
#2227 = SURFACE_CURVE('',#2228,(#2232,#2239),.PCURVE_S1.);
#2228 = LINE('',#2229,#2230);
#2229 = CARTESIAN_POINT('',(-230.,-150.,1.72E+03));
#2230 = VECTOR('',#2231,1.);
#2231 = DIRECTION('',(-0.,1.,0.));
#2232 = PCURVE('',#2146,#2233);
#2233 = DEFINITIONAL_REPRESENTATION('',(#2234),#2238);
#2234 = LINE('',#2235,#2236);
#2235 = CARTESIAN_POINT('',(680.,0.));
#2236 = VECTOR('',#2237,1.);
#2237 = DIRECTION('',(0.,-1.));
#2238 = ( GEOMETRIC_REPRESENTATION_CONTEXT(2) 
PARAMETRIC_REPRESENTATION_CONTEXT() REPRESENTATION_CONTEXT('2D SPACE',''
  ) );
#2239 = PCURVE('',#2240,#2245);
#2240 = PLANE('',#2241);
#2241 = AXIS2_PLACEMENT_3D('',#2242,#2243,#2244);
#2242 = CARTESIAN_POINT('',(-230.,-150.,1.72E+03));
#2243 = DIRECTION('',(0.,0.,1.));
#2244 = DIRECTION('',(1.,0.,-0.));
#2245 = DEFINITIONAL_REPRESENTATION('',(#2246),#2250);
#2246 = LINE('',#2247,#2248);
#2247 = CARTESIAN_POINT('',(0.,0.));
#2248 = VECTOR('',#2249,1.);
#2249 = DIRECTION('',(0.,1.));
#2250 = ( GEOMETRIC_REPRESENTATION_CONTEXT(2) 
PARAMETRIC_REPRESENTATION_CONTEXT() REPRESENTATION_CONTEXT('2D SPACE',''
  ) );
#2251 = ADVANCED_FACE('',(#2252,#2327,#2362,#2397,#2432),#2158,.F.);
#2252 = FACE_BOUND('',#2253,.F.);
#2253 = EDGE_LOOP('',(#2254,#2277,#2278,#2301));
#2254 = ORIENTED_EDGE('',*,*,#2255,.F.);
#2255 = EDGE_CURVE('',#2136,#2256,#2258,.T.);
#2256 = VERTEX_POINT('',#2257);
#2257 = CARTESIAN_POINT('',(230.,-150.,1.04E+03));
#2258 = SURFACE_CURVE('',#2259,(#2263,#2270),.PCURVE_S1.);
#2259 = LINE('',#2260,#2261);
#2260 = CARTESIAN_POINT('',(-230.,-150.,1.04E+03));
#2261 = VECTOR('',#2262,1.);
#2262 = DIRECTION('',(1.,0.,-0.));
#2263 = PCURVE('',#2158,#2264);
#2264 = DEFINITIONAL_REPRESENTATION('',(#2265),#2269);
#2265 = LINE('',#2266,#2267);
#2266 = CARTESIAN_POINT('',(0.,0.));
#2267 = VECTOR('',#2268,1.);
#2268 = DIRECTION('',(0.,1.));
#2269 = ( GEOMETRIC_REPRESENTATION_CONTEXT(2) 
PARAMETRIC_REPRESENTATION_CONTEXT() REPRESENTATION_CONTEXT('2D SPACE',''
  ) );
#2270 = PCURVE('',#2186,#2271);
#2271 = DEFINITIONAL_REPRESENTATION('',(#2272),#2276);
#2272 = LINE('',#2273,#2274);
#2273 = CARTESIAN_POINT('',(0.,0.));
#2274 = VECTOR('',#2275,1.);
#2275 = DIRECTION('',(1.,0.));
#2276 = ( GEOMETRIC_REPRESENTATION_CONTEXT(2) 
PARAMETRIC_REPRESENTATION_CONTEXT() REPRESENTATION_CONTEXT('2D SPACE',''
  ) );
#2277 = ORIENTED_EDGE('',*,*,#2135,.T.);
#2278 = ORIENTED_EDGE('',*,*,#2279,.T.);
#2279 = EDGE_CURVE('',#2138,#2280,#2282,.T.);
#2280 = VERTEX_POINT('',#2281);
#2281 = CARTESIAN_POINT('',(230.,-150.,1.72E+03));
#2282 = SURFACE_CURVE('',#2283,(#2287,#2294),.PCURVE_S1.);
#2283 = LINE('',#2284,#2285);
#2284 = CARTESIAN_POINT('',(-230.,-150.,1.72E+03));
#2285 = VECTOR('',#2286,1.);
#2286 = DIRECTION('',(1.,0.,-0.));
#2287 = PCURVE('',#2158,#2288);
#2288 = DEFINITIONAL_REPRESENTATION('',(#2289),#2293);
#2289 = LINE('',#2290,#2291);
#2290 = CARTESIAN_POINT('',(680.,0.));
#2291 = VECTOR('',#2292,1.);
#2292 = DIRECTION('',(0.,1.));
#2293 = ( GEOMETRIC_REPRESENTATION_CONTEXT(2) 
PARAMETRIC_REPRESENTATION_CONTEXT() REPRESENTATION_CONTEXT('2D SPACE',''
  ) );
#2294 = PCURVE('',#2240,#2295);
#2295 = DEFINITIONAL_REPRESENTATION('',(#2296),#2300);
#2296 = LINE('',#2297,#2298);
#2297 = CARTESIAN_POINT('',(0.,0.));
#2298 = VECTOR('',#2299,1.);
#2299 = DIRECTION('',(1.,0.));
#2300 = ( GEOMETRIC_REPRESENTATION_CONTEXT(2) 
PARAMETRIC_REPRESENTATION_CONTEXT() REPRESENTATION_CONTEXT('2D SPACE',''
  ) );
#2301 = ORIENTED_EDGE('',*,*,#2302,.F.);
#2302 = EDGE_CURVE('',#2256,#2280,#2303,.T.);
#2303 = SURFACE_CURVE('',#2304,(#2308,#2315),.PCURVE_S1.);
#2304 = LINE('',#2305,#2306);
#2305 = CARTESIAN_POINT('',(230.,-150.,1.04E+03));
#2306 = VECTOR('',#2307,1.);
#2307 = DIRECTION('',(0.,0.,1.));
#2308 = PCURVE('',#2158,#2309);
#2309 = DEFINITIONAL_REPRESENTATION('',(#2310),#2314);
#2310 = LINE('',#2311,#2312);
#2311 = CARTESIAN_POINT('',(0.,460.));
#2312 = VECTOR('',#2313,1.);
#2313 = DIRECTION('',(1.,0.));
#2314 = ( GEOMETRIC_REPRESENTATION_CONTEXT(2) 
PARAMETRIC_REPRESENTATION_CONTEXT() REPRESENTATION_CONTEXT('2D SPACE',''
  ) );
#2315 = PCURVE('',#2316,#2321);
#2316 = PLANE('',#2317);
#2317 = AXIS2_PLACEMENT_3D('',#2318,#2319,#2320);
#2318 = CARTESIAN_POINT('',(230.,-150.,1.04E+03));
#2319 = DIRECTION('',(1.,0.,-0.));
#2320 = DIRECTION('',(0.,0.,1.));
#2321 = DEFINITIONAL_REPRESENTATION('',(#2322),#2326);
#2322 = LINE('',#2323,#2324);
#2323 = CARTESIAN_POINT('',(0.,0.));
#2324 = VECTOR('',#2325,1.);
#2325 = DIRECTION('',(1.,0.));
#2326 = ( GEOMETRIC_REPRESENTATION_CONTEXT(2) 
PARAMETRIC_REPRESENTATION_CONTEXT() REPRESENTATION_CONTEXT('2D SPACE',''
  ) );
#2327 = FACE_BOUND('',#2328,.F.);
#2328 = EDGE_LOOP('',(#2329));
#2329 = ORIENTED_EDGE('',*,*,#2330,.T.);
#2330 = EDGE_CURVE('',#2331,#2331,#2333,.T.);
#2331 = VERTEX_POINT('',#2332);
#2332 = CARTESIAN_POINT('',(-58.,-150.,1.12E+03));
#2333 = SURFACE_CURVE('',#2334,(#2339,#2350),.PCURVE_S1.);
#2334 = CIRCLE('',#2335,12.);
#2335 = AXIS2_PLACEMENT_3D('',#2336,#2337,#2338);
#2336 = CARTESIAN_POINT('',(-70.,-150.,1.12E+03));
#2337 = DIRECTION('',(0.,-1.,2.22044604925E-16));
#2338 = DIRECTION('',(1.,0.,0.));
#2339 = PCURVE('',#2158,#2340);
#2340 = DEFINITIONAL_REPRESENTATION('',(#2341),#2349);
#2341 = ( BOUNDED_CURVE() B_SPLINE_CURVE(2,(#2342,#2343,#2344,#2345,
#2346,#2347,#2348),.UNSPECIFIED.,.T.,.F.) B_SPLINE_CURVE_WITH_KNOTS((1,2
    ,2,2,2,1),(-2.094395102393,0.,2.094395102393,4.188790204786,
6.28318530718,8.377580409573),.UNSPECIFIED.) CURVE() 
GEOMETRIC_REPRESENTATION_ITEM() RATIONAL_B_SPLINE_CURVE((1.,0.5,1.,0.5,
1.,0.5,1.)) REPRESENTATION_ITEM('') );
#2342 = CARTESIAN_POINT('',(80.,172.));
#2343 = CARTESIAN_POINT('',(100.78460969082,172.));
#2344 = CARTESIAN_POINT('',(90.392304845413,154.));
#2345 = CARTESIAN_POINT('',(80.,136.));
#2346 = CARTESIAN_POINT('',(69.607695154587,154.));
#2347 = CARTESIAN_POINT('',(59.215390309173,172.));
#2348 = CARTESIAN_POINT('',(80.,172.));
#2349 = ( GEOMETRIC_REPRESENTATION_CONTEXT(2) 
PARAMETRIC_REPRESENTATION_CONTEXT() REPRESENTATION_CONTEXT('2D SPACE',''
  ) );
#2350 = PCURVE('',#2351,#2356);
#2351 = CYLINDRICAL_SURFACE('',#2352,12.);
#2352 = AXIS2_PLACEMENT_3D('',#2353,#2354,#2355);
#2353 = CARTESIAN_POINT('',(-70.,-147.,1.12E+03));
#2354 = DIRECTION('',(0.,-1.,2.22044604925E-16));
#2355 = DIRECTION('',(1.,0.,0.));
#2356 = DEFINITIONAL_REPRESENTATION('',(#2357),#2361);
#2357 = LINE('',#2358,#2359);
#2358 = CARTESIAN_POINT('',(0.,3.));
#2359 = VECTOR('',#2360,1.);
#2360 = DIRECTION('',(1.,0.));
#2361 = ( GEOMETRIC_REPRESENTATION_CONTEXT(2) 
PARAMETRIC_REPRESENTATION_CONTEXT() REPRESENTATION_CONTEXT('2D SPACE',''
  ) );
#2362 = FACE_BOUND('',#2363,.F.);
#2363 = EDGE_LOOP('',(#2364));
#2364 = ORIENTED_EDGE('',*,*,#2365,.T.);
#2365 = EDGE_CURVE('',#2366,#2366,#2368,.T.);
#2366 = VERTEX_POINT('',#2367);
#2367 = CARTESIAN_POINT('',(12.,-150.,1.12E+03));
#2368 = SURFACE_CURVE('',#2369,(#2374,#2385),.PCURVE_S1.);
#2369 = CIRCLE('',#2370,12.);
#2370 = AXIS2_PLACEMENT_3D('',#2371,#2372,#2373);
#2371 = CARTESIAN_POINT('',(0.,-150.,1.12E+03));
#2372 = DIRECTION('',(0.,-1.,2.22044604925E-16));
#2373 = DIRECTION('',(1.,0.,0.));
#2374 = PCURVE('',#2158,#2375);
#2375 = DEFINITIONAL_REPRESENTATION('',(#2376),#2384);
#2376 = ( BOUNDED_CURVE() B_SPLINE_CURVE(2,(#2377,#2378,#2379,#2380,
#2381,#2382,#2383),.UNSPECIFIED.,.T.,.F.) B_SPLINE_CURVE_WITH_KNOTS((1,2
    ,2,2,2,1),(-2.094395102393,0.,2.094395102393,4.188790204786,
6.28318530718,8.377580409573),.UNSPECIFIED.) CURVE() 
GEOMETRIC_REPRESENTATION_ITEM() RATIONAL_B_SPLINE_CURVE((1.,0.5,1.,0.5,
1.,0.5,1.)) REPRESENTATION_ITEM('') );
#2377 = CARTESIAN_POINT('',(80.,242.));
#2378 = CARTESIAN_POINT('',(100.78460969082,242.));
#2379 = CARTESIAN_POINT('',(90.392304845413,224.));
#2380 = CARTESIAN_POINT('',(80.,206.));
#2381 = CARTESIAN_POINT('',(69.607695154587,224.));
#2382 = CARTESIAN_POINT('',(59.215390309173,242.));
#2383 = CARTESIAN_POINT('',(80.,242.));
#2384 = ( GEOMETRIC_REPRESENTATION_CONTEXT(2) 
PARAMETRIC_REPRESENTATION_CONTEXT() REPRESENTATION_CONTEXT('2D SPACE',''
  ) );
#2385 = PCURVE('',#2386,#2391);
#2386 = CYLINDRICAL_SURFACE('',#2387,12.);
#2387 = AXIS2_PLACEMENT_3D('',#2388,#2389,#2390);
#2388 = CARTESIAN_POINT('',(0.,-147.,1.12E+03));
#2389 = DIRECTION('',(0.,-1.,2.22044604925E-16));
#2390 = DIRECTION('',(1.,0.,0.));
#2391 = DEFINITIONAL_REPRESENTATION('',(#2392),#2396);
#2392 = LINE('',#2393,#2394);
#2393 = CARTESIAN_POINT('',(0.,3.));
#2394 = VECTOR('',#2395,1.);
#2395 = DIRECTION('',(1.,0.));
#2396 = ( GEOMETRIC_REPRESENTATION_CONTEXT(2) 
PARAMETRIC_REPRESENTATION_CONTEXT() REPRESENTATION_CONTEXT('2D SPACE',''
  ) );
#2397 = FACE_BOUND('',#2398,.F.);
#2398 = EDGE_LOOP('',(#2399));
#2399 = ORIENTED_EDGE('',*,*,#2400,.T.);
#2400 = EDGE_CURVE('',#2401,#2401,#2403,.T.);
#2401 = VERTEX_POINT('',#2402);
#2402 = CARTESIAN_POINT('',(82.,-150.,1.12E+03));
#2403 = SURFACE_CURVE('',#2404,(#2409,#2420),.PCURVE_S1.);
#2404 = CIRCLE('',#2405,12.);
#2405 = AXIS2_PLACEMENT_3D('',#2406,#2407,#2408);
#2406 = CARTESIAN_POINT('',(70.,-150.,1.12E+03));
#2407 = DIRECTION('',(0.,-1.,2.22044604925E-16));
#2408 = DIRECTION('',(1.,0.,0.));
#2409 = PCURVE('',#2158,#2410);
#2410 = DEFINITIONAL_REPRESENTATION('',(#2411),#2419);
#2411 = ( BOUNDED_CURVE() B_SPLINE_CURVE(2,(#2412,#2413,#2414,#2415,
#2416,#2417,#2418),.UNSPECIFIED.,.T.,.F.) B_SPLINE_CURVE_WITH_KNOTS((1,2
    ,2,2,2,1),(-2.094395102393,0.,2.094395102393,4.188790204786,
6.28318530718,8.377580409573),.UNSPECIFIED.) CURVE() 
GEOMETRIC_REPRESENTATION_ITEM() RATIONAL_B_SPLINE_CURVE((1.,0.5,1.,0.5,
1.,0.5,1.)) REPRESENTATION_ITEM('') );
#2412 = CARTESIAN_POINT('',(80.,312.));
#2413 = CARTESIAN_POINT('',(100.78460969082,312.));
#2414 = CARTESIAN_POINT('',(90.392304845413,294.));
#2415 = CARTESIAN_POINT('',(80.,276.));
#2416 = CARTESIAN_POINT('',(69.607695154587,294.));
#2417 = CARTESIAN_POINT('',(59.215390309173,312.));
#2418 = CARTESIAN_POINT('',(80.,312.));
#2419 = ( GEOMETRIC_REPRESENTATION_CONTEXT(2) 
PARAMETRIC_REPRESENTATION_CONTEXT() REPRESENTATION_CONTEXT('2D SPACE',''
  ) );
#2420 = PCURVE('',#2421,#2426);
#2421 = CYLINDRICAL_SURFACE('',#2422,12.);
#2422 = AXIS2_PLACEMENT_3D('',#2423,#2424,#2425);
#2423 = CARTESIAN_POINT('',(70.,-147.,1.12E+03));
#2424 = DIRECTION('',(0.,-1.,2.22044604925E-16));
#2425 = DIRECTION('',(1.,0.,0.));
#2426 = DEFINITIONAL_REPRESENTATION('',(#2427),#2431);
#2427 = LINE('',#2428,#2429);
#2428 = CARTESIAN_POINT('',(0.,3.));
#2429 = VECTOR('',#2430,1.);
#2430 = DIRECTION('',(1.,0.));
#2431 = ( GEOMETRIC_REPRESENTATION_CONTEXT(2) 
PARAMETRIC_REPRESENTATION_CONTEXT() REPRESENTATION_CONTEXT('2D SPACE',''
  ) );
#2432 = FACE_BOUND('',#2433,.F.);
#2433 = EDGE_LOOP('',(#2434,#2462,#2488,#2514));
#2434 = ORIENTED_EDGE('',*,*,#2435,.F.);
#2435 = EDGE_CURVE('',#2436,#2438,#2440,.T.);
#2436 = VERTEX_POINT('',#2437);
#2437 = CARTESIAN_POINT('',(-120.,-150.,1.62E+03));
#2438 = VERTEX_POINT('',#2439);
#2439 = CARTESIAN_POINT('',(120.,-150.,1.62E+03));
#2440 = SURFACE_CURVE('',#2441,(#2445,#2451),.PCURVE_S1.);
#2441 = LINE('',#2442,#2443);
#2442 = CARTESIAN_POINT('',(-175.,-150.,1.62E+03));
#2443 = VECTOR('',#2444,1.);
#2444 = DIRECTION('',(1.,0.,-0.));
#2445 = PCURVE('',#2158,#2446);
#2446 = DEFINITIONAL_REPRESENTATION('',(#2447),#2450);
#2447 = B_SPLINE_CURVE_WITH_KNOTS('',1,(#2448,#2449),.UNSPECIFIED.,.F.,
  .F.,(2,2),(55.,295.),.PIECEWISE_BEZIER_KNOTS.);
#2448 = CARTESIAN_POINT('',(580.,110.));
#2449 = CARTESIAN_POINT('',(580.,350.));
#2450 = ( GEOMETRIC_REPRESENTATION_CONTEXT(2) 
PARAMETRIC_REPRESENTATION_CONTEXT() REPRESENTATION_CONTEXT('2D SPACE',''
  ) );
#2451 = PCURVE('',#2452,#2457);
#2452 = PLANE('',#2453);
#2453 = AXIS2_PLACEMENT_3D('',#2454,#2455,#2456);
#2454 = CARTESIAN_POINT('',(-120.,-151.,1.62E+03));
#2455 = DIRECTION('',(0.,0.,1.));
#2456 = DIRECTION('',(1.,0.,-0.));
#2457 = DEFINITIONAL_REPRESENTATION('',(#2458),#2461);
#2458 = B_SPLINE_CURVE_WITH_KNOTS('',1,(#2459,#2460),.UNSPECIFIED.,.F.,
  .F.,(2,2),(55.,295.),.PIECEWISE_BEZIER_KNOTS.);
#2459 = CARTESIAN_POINT('',(0.,1.));
#2460 = CARTESIAN_POINT('',(240.,1.));
#2461 = ( GEOMETRIC_REPRESENTATION_CONTEXT(2) 
PARAMETRIC_REPRESENTATION_CONTEXT() REPRESENTATION_CONTEXT('2D SPACE',''
  ) );
#2462 = ORIENTED_EDGE('',*,*,#2463,.T.);
#2463 = EDGE_CURVE('',#2436,#2464,#2466,.T.);
#2464 = VERTEX_POINT('',#2465);
#2465 = CARTESIAN_POINT('',(-120.,-150.,1.3E+03));
#2466 = SURFACE_CURVE('',#2467,(#2471,#2477),.PCURVE_S1.);
#2467 = LINE('',#2468,#2469);
#2468 = CARTESIAN_POINT('',(-120.,-150.,1.17E+03));
#2469 = VECTOR('',#2470,1.);
#2470 = DIRECTION('',(-0.,0.,-1.));
#2471 = PCURVE('',#2158,#2472);
#2472 = DEFINITIONAL_REPRESENTATION('',(#2473),#2476);
#2473 = B_SPLINE_CURVE_WITH_KNOTS('',1,(#2474,#2475),.UNSPECIFIED.,.F.,
  .F.,(2,2),(-450.,-130.),.PIECEWISE_BEZIER_KNOTS.);
#2474 = CARTESIAN_POINT('',(580.,110.));
#2475 = CARTESIAN_POINT('',(260.,110.));
#2476 = ( GEOMETRIC_REPRESENTATION_CONTEXT(2) 
PARAMETRIC_REPRESENTATION_CONTEXT() REPRESENTATION_CONTEXT('2D SPACE',''
  ) );
#2477 = PCURVE('',#2478,#2483);
#2478 = PLANE('',#2479);
#2479 = AXIS2_PLACEMENT_3D('',#2480,#2481,#2482);
#2480 = CARTESIAN_POINT('',(-120.,-151.,1.3E+03));
#2481 = DIRECTION('',(1.,0.,-0.));
#2482 = DIRECTION('',(0.,0.,1.));
#2483 = DEFINITIONAL_REPRESENTATION('',(#2484),#2487);
#2484 = B_SPLINE_CURVE_WITH_KNOTS('',1,(#2485,#2486),.UNSPECIFIED.,.F.,
  .F.,(2,2),(-450.,-130.),.PIECEWISE_BEZIER_KNOTS.);
#2485 = CARTESIAN_POINT('',(320.,-1.));
#2486 = CARTESIAN_POINT('',(0.,-1.));
#2487 = ( GEOMETRIC_REPRESENTATION_CONTEXT(2) 
PARAMETRIC_REPRESENTATION_CONTEXT() REPRESENTATION_CONTEXT('2D SPACE',''
  ) );
#2488 = ORIENTED_EDGE('',*,*,#2489,.T.);
#2489 = EDGE_CURVE('',#2464,#2490,#2492,.T.);
#2490 = VERTEX_POINT('',#2491);
#2491 = CARTESIAN_POINT('',(120.,-150.,1.3E+03));
#2492 = SURFACE_CURVE('',#2493,(#2497,#2503),.PCURVE_S1.);
#2493 = LINE('',#2494,#2495);
#2494 = CARTESIAN_POINT('',(-175.,-150.,1.3E+03));
#2495 = VECTOR('',#2496,1.);
#2496 = DIRECTION('',(1.,0.,-0.));
#2497 = PCURVE('',#2158,#2498);
#2498 = DEFINITIONAL_REPRESENTATION('',(#2499),#2502);
#2499 = B_SPLINE_CURVE_WITH_KNOTS('',1,(#2500,#2501),.UNSPECIFIED.,.F.,
  .F.,(2,2),(55.,295.),.PIECEWISE_BEZIER_KNOTS.);
#2500 = CARTESIAN_POINT('',(260.,110.));
#2501 = CARTESIAN_POINT('',(260.,350.));
#2502 = ( GEOMETRIC_REPRESENTATION_CONTEXT(2) 
PARAMETRIC_REPRESENTATION_CONTEXT() REPRESENTATION_CONTEXT('2D SPACE',''
  ) );
#2503 = PCURVE('',#2504,#2509);
#2504 = PLANE('',#2505);
#2505 = AXIS2_PLACEMENT_3D('',#2506,#2507,#2508);
#2506 = CARTESIAN_POINT('',(-120.,-151.,1.3E+03));
#2507 = DIRECTION('',(0.,0.,1.));
#2508 = DIRECTION('',(1.,0.,-0.));
#2509 = DEFINITIONAL_REPRESENTATION('',(#2510),#2513);
#2510 = B_SPLINE_CURVE_WITH_KNOTS('',1,(#2511,#2512),.UNSPECIFIED.,.F.,
  .F.,(2,2),(55.,295.),.PIECEWISE_BEZIER_KNOTS.);
#2511 = CARTESIAN_POINT('',(0.,1.));
#2512 = CARTESIAN_POINT('',(240.,1.));
#2513 = ( GEOMETRIC_REPRESENTATION_CONTEXT(2) 
PARAMETRIC_REPRESENTATION_CONTEXT() REPRESENTATION_CONTEXT('2D SPACE',''
  ) );
#2514 = ORIENTED_EDGE('',*,*,#2515,.F.);
#2515 = EDGE_CURVE('',#2438,#2490,#2516,.T.);
#2516 = SURFACE_CURVE('',#2517,(#2521,#2527),.PCURVE_S1.);
#2517 = LINE('',#2518,#2519);
#2518 = CARTESIAN_POINT('',(120.,-150.,1.17E+03));
#2519 = VECTOR('',#2520,1.);
#2520 = DIRECTION('',(-0.,0.,-1.));
#2521 = PCURVE('',#2158,#2522);
#2522 = DEFINITIONAL_REPRESENTATION('',(#2523),#2526);
#2523 = B_SPLINE_CURVE_WITH_KNOTS('',1,(#2524,#2525),.UNSPECIFIED.,.F.,
  .F.,(2,2),(-450.,-130.),.PIECEWISE_BEZIER_KNOTS.);
#2524 = CARTESIAN_POINT('',(580.,350.));
#2525 = CARTESIAN_POINT('',(260.,350.));
#2526 = ( GEOMETRIC_REPRESENTATION_CONTEXT(2) 
PARAMETRIC_REPRESENTATION_CONTEXT() REPRESENTATION_CONTEXT('2D SPACE',''
  ) );
#2527 = PCURVE('',#2528,#2533);
#2528 = PLANE('',#2529);
#2529 = AXIS2_PLACEMENT_3D('',#2530,#2531,#2532);
#2530 = CARTESIAN_POINT('',(120.,-151.,1.3E+03));
#2531 = DIRECTION('',(1.,0.,-0.));
#2532 = DIRECTION('',(0.,0.,1.));
#2533 = DEFINITIONAL_REPRESENTATION('',(#2534),#2537);
#2534 = B_SPLINE_CURVE_WITH_KNOTS('',1,(#2535,#2536),.UNSPECIFIED.,.F.,
  .F.,(2,2),(-450.,-130.),.PIECEWISE_BEZIER_KNOTS.);
#2535 = CARTESIAN_POINT('',(320.,-1.));
#2536 = CARTESIAN_POINT('',(0.,-1.));
#2537 = ( GEOMETRIC_REPRESENTATION_CONTEXT(2) 
PARAMETRIC_REPRESENTATION_CONTEXT() REPRESENTATION_CONTEXT('2D SPACE',''
  ) );
#2538 = ADVANCED_FACE('',(#2539),#2240,.T.);
#2539 = FACE_BOUND('',#2540,.T.);
#2540 = EDGE_LOOP('',(#2541,#2542,#2543,#2566));
#2541 = ORIENTED_EDGE('',*,*,#2226,.F.);
#2542 = ORIENTED_EDGE('',*,*,#2279,.T.);
#2543 = ORIENTED_EDGE('',*,*,#2544,.T.);
#2544 = EDGE_CURVE('',#2280,#2545,#2547,.T.);
#2545 = VERTEX_POINT('',#2546);
#2546 = CARTESIAN_POINT('',(230.,-50.,1.72E+03));
#2547 = SURFACE_CURVE('',#2548,(#2552,#2559),.PCURVE_S1.);
#2548 = LINE('',#2549,#2550);
#2549 = CARTESIAN_POINT('',(230.,-150.,1.72E+03));
#2550 = VECTOR('',#2551,1.);
#2551 = DIRECTION('',(-0.,1.,0.));
#2552 = PCURVE('',#2240,#2553);
#2553 = DEFINITIONAL_REPRESENTATION('',(#2554),#2558);
#2554 = LINE('',#2555,#2556);
#2555 = CARTESIAN_POINT('',(460.,0.));
#2556 = VECTOR('',#2557,1.);
#2557 = DIRECTION('',(0.,1.));
#2558 = ( GEOMETRIC_REPRESENTATION_CONTEXT(2) 
PARAMETRIC_REPRESENTATION_CONTEXT() REPRESENTATION_CONTEXT('2D SPACE',''
  ) );
#2559 = PCURVE('',#2316,#2560);
#2560 = DEFINITIONAL_REPRESENTATION('',(#2561),#2565);
#2561 = LINE('',#2562,#2563);
#2562 = CARTESIAN_POINT('',(680.,0.));
#2563 = VECTOR('',#2564,1.);
#2564 = DIRECTION('',(0.,-1.));
#2565 = ( GEOMETRIC_REPRESENTATION_CONTEXT(2) 
PARAMETRIC_REPRESENTATION_CONTEXT() REPRESENTATION_CONTEXT('2D SPACE',''
  ) );
#2566 = ORIENTED_EDGE('',*,*,#2567,.F.);
#2567 = EDGE_CURVE('',#2199,#2545,#2568,.T.);
#2568 = SURFACE_CURVE('',#2569,(#2573,#2580),.PCURVE_S1.);
#2569 = LINE('',#2570,#2571);
#2570 = CARTESIAN_POINT('',(-230.,-50.,1.72E+03));
#2571 = VECTOR('',#2572,1.);
#2572 = DIRECTION('',(1.,0.,-0.));
#2573 = PCURVE('',#2240,#2574);
#2574 = DEFINITIONAL_REPRESENTATION('',(#2575),#2579);
#2575 = LINE('',#2576,#2577);
#2576 = CARTESIAN_POINT('',(0.,100.));
#2577 = VECTOR('',#2578,1.);
#2578 = DIRECTION('',(1.,0.));
#2579 = ( GEOMETRIC_REPRESENTATION_CONTEXT(2) 
PARAMETRIC_REPRESENTATION_CONTEXT() REPRESENTATION_CONTEXT('2D SPACE',''
  ) );
#2580 = PCURVE('',#2214,#2581);
#2581 = DEFINITIONAL_REPRESENTATION('',(#2582),#2586);
#2582 = LINE('',#2583,#2584);
#2583 = CARTESIAN_POINT('',(680.,0.));
#2584 = VECTOR('',#2585,1.);
#2585 = DIRECTION('',(0.,1.));
#2586 = ( GEOMETRIC_REPRESENTATION_CONTEXT(2) 
PARAMETRIC_REPRESENTATION_CONTEXT() REPRESENTATION_CONTEXT('2D SPACE',''
  ) );
#2587 = ADVANCED_FACE('',(#2588),#2214,.T.);
#2588 = FACE_BOUND('',#2589,.T.);
#2589 = EDGE_LOOP('',(#2590,#2613,#2614,#2615));
#2590 = ORIENTED_EDGE('',*,*,#2591,.F.);
#2591 = EDGE_CURVE('',#2171,#2592,#2594,.T.);
#2592 = VERTEX_POINT('',#2593);
#2593 = CARTESIAN_POINT('',(230.,-50.,1.04E+03));
#2594 = SURFACE_CURVE('',#2595,(#2599,#2606),.PCURVE_S1.);
#2595 = LINE('',#2596,#2597);
#2596 = CARTESIAN_POINT('',(-230.,-50.,1.04E+03));
#2597 = VECTOR('',#2598,1.);
#2598 = DIRECTION('',(1.,0.,-0.));
#2599 = PCURVE('',#2214,#2600);
#2600 = DEFINITIONAL_REPRESENTATION('',(#2601),#2605);
#2601 = LINE('',#2602,#2603);
#2602 = CARTESIAN_POINT('',(0.,0.));
#2603 = VECTOR('',#2604,1.);
#2604 = DIRECTION('',(0.,1.));
#2605 = ( GEOMETRIC_REPRESENTATION_CONTEXT(2) 
PARAMETRIC_REPRESENTATION_CONTEXT() REPRESENTATION_CONTEXT('2D SPACE',''
  ) );
#2606 = PCURVE('',#2186,#2607);
#2607 = DEFINITIONAL_REPRESENTATION('',(#2608),#2612);
#2608 = LINE('',#2609,#2610);
#2609 = CARTESIAN_POINT('',(0.,100.));
#2610 = VECTOR('',#2611,1.);
#2611 = DIRECTION('',(1.,0.));
#2612 = ( GEOMETRIC_REPRESENTATION_CONTEXT(2) 
PARAMETRIC_REPRESENTATION_CONTEXT() REPRESENTATION_CONTEXT('2D SPACE',''
  ) );
#2613 = ORIENTED_EDGE('',*,*,#2198,.T.);
#2614 = ORIENTED_EDGE('',*,*,#2567,.T.);
#2615 = ORIENTED_EDGE('',*,*,#2616,.F.);
#2616 = EDGE_CURVE('',#2592,#2545,#2617,.T.);
#2617 = SURFACE_CURVE('',#2618,(#2622,#2629),.PCURVE_S1.);
#2618 = LINE('',#2619,#2620);
#2619 = CARTESIAN_POINT('',(230.,-50.,1.04E+03));
#2620 = VECTOR('',#2621,1.);
#2621 = DIRECTION('',(0.,0.,1.));
#2622 = PCURVE('',#2214,#2623);
#2623 = DEFINITIONAL_REPRESENTATION('',(#2624),#2628);
#2624 = LINE('',#2625,#2626);
#2625 = CARTESIAN_POINT('',(0.,460.));
#2626 = VECTOR('',#2627,1.);
#2627 = DIRECTION('',(1.,0.));
#2628 = ( GEOMETRIC_REPRESENTATION_CONTEXT(2) 
PARAMETRIC_REPRESENTATION_CONTEXT() REPRESENTATION_CONTEXT('2D SPACE',''
  ) );
#2629 = PCURVE('',#2316,#2630);
#2630 = DEFINITIONAL_REPRESENTATION('',(#2631),#2635);
#2631 = LINE('',#2632,#2633);
#2632 = CARTESIAN_POINT('',(0.,-100.));
#2633 = VECTOR('',#2634,1.);
#2634 = DIRECTION('',(1.,0.));
#2635 = ( GEOMETRIC_REPRESENTATION_CONTEXT(2) 
PARAMETRIC_REPRESENTATION_CONTEXT() REPRESENTATION_CONTEXT('2D SPACE',''
  ) );
#2636 = ADVANCED_FACE('',(#2637,#2663,#2769,#2875,#2981,#3087,#3193),
  #2186,.F.);
#2637 = FACE_BOUND('',#2638,.F.);
#2638 = EDGE_LOOP('',(#2639,#2640,#2641,#2662));
#2639 = ORIENTED_EDGE('',*,*,#2170,.F.);
#2640 = ORIENTED_EDGE('',*,*,#2255,.T.);
#2641 = ORIENTED_EDGE('',*,*,#2642,.T.);
#2642 = EDGE_CURVE('',#2256,#2592,#2643,.T.);
#2643 = SURFACE_CURVE('',#2644,(#2648,#2655),.PCURVE_S1.);
#2644 = LINE('',#2645,#2646);
#2645 = CARTESIAN_POINT('',(230.,-150.,1.04E+03));
#2646 = VECTOR('',#2647,1.);
#2647 = DIRECTION('',(-0.,1.,0.));
#2648 = PCURVE('',#2186,#2649);
#2649 = DEFINITIONAL_REPRESENTATION('',(#2650),#2654);
#2650 = LINE('',#2651,#2652);
#2651 = CARTESIAN_POINT('',(460.,0.));
#2652 = VECTOR('',#2653,1.);
#2653 = DIRECTION('',(0.,1.));
#2654 = ( GEOMETRIC_REPRESENTATION_CONTEXT(2) 
PARAMETRIC_REPRESENTATION_CONTEXT() REPRESENTATION_CONTEXT('2D SPACE',''
  ) );
#2655 = PCURVE('',#2316,#2656);
#2656 = DEFINITIONAL_REPRESENTATION('',(#2657),#2661);
#2657 = LINE('',#2658,#2659);
#2658 = CARTESIAN_POINT('',(0.,0.));
#2659 = VECTOR('',#2660,1.);
#2660 = DIRECTION('',(0.,-1.));
#2661 = ( GEOMETRIC_REPRESENTATION_CONTEXT(2) 
PARAMETRIC_REPRESENTATION_CONTEXT() REPRESENTATION_CONTEXT('2D SPACE',''
  ) );
#2662 = ORIENTED_EDGE('',*,*,#2591,.F.);
#2663 = FACE_BOUND('',#2664,.F.);
#2664 = EDGE_LOOP('',(#2665,#2693,#2719,#2745));
#2665 = ORIENTED_EDGE('',*,*,#2666,.T.);
#2666 = EDGE_CURVE('',#2667,#2669,#2671,.T.);
#2667 = VERTEX_POINT('',#2668);
#2668 = CARTESIAN_POINT('',(-120.,-135.,1.04E+03));
#2669 = VERTEX_POINT('',#2670);
#2670 = CARTESIAN_POINT('',(-150.,-135.,1.04E+03));
#2671 = SURFACE_CURVE('',#2672,(#2676,#2682),.PCURVE_S1.);
#2672 = LINE('',#2673,#2674);
#2673 = CARTESIAN_POINT('',(-190.,-135.,1.04E+03));
#2674 = VECTOR('',#2675,1.);
#2675 = DIRECTION('',(-1.,-0.,0.));
#2676 = PCURVE('',#2186,#2677);
#2677 = DEFINITIONAL_REPRESENTATION('',(#2678),#2681);
#2678 = B_SPLINE_CURVE_WITH_KNOTS('',1,(#2679,#2680),.UNSPECIFIED.,.F.,
  .F.,(2,2),(-70.,-40.),.PIECEWISE_BEZIER_KNOTS.);
#2679 = CARTESIAN_POINT('',(110.,15.));
#2680 = CARTESIAN_POINT('',(80.,15.));
#2681 = ( GEOMETRIC_REPRESENTATION_CONTEXT(2) 
PARAMETRIC_REPRESENTATION_CONTEXT() REPRESENTATION_CONTEXT('2D SPACE',''
  ) );
#2682 = PCURVE('',#2683,#2688);
#2683 = PLANE('',#2684);
#2684 = AXIS2_PLACEMENT_3D('',#2685,#2686,#2687);
#2685 = CARTESIAN_POINT('',(-150.,-135.,1.039E+03));
#2686 = DIRECTION('',(-0.,1.,0.));
#2687 = DIRECTION('',(0.,0.,1.));
#2688 = DEFINITIONAL_REPRESENTATION('',(#2689),#2692);
#2689 = B_SPLINE_CURVE_WITH_KNOTS('',1,(#2690,#2691),.UNSPECIFIED.,.F.,
  .F.,(2,2),(-70.,-40.),.PIECEWISE_BEZIER_KNOTS.);
#2690 = CARTESIAN_POINT('',(1.,30.));
#2691 = CARTESIAN_POINT('',(1.,0.));
#2692 = ( GEOMETRIC_REPRESENTATION_CONTEXT(2) 
PARAMETRIC_REPRESENTATION_CONTEXT() REPRESENTATION_CONTEXT('2D SPACE',''
  ) );
#2693 = ORIENTED_EDGE('',*,*,#2694,.T.);
#2694 = EDGE_CURVE('',#2669,#2695,#2697,.T.);
#2695 = VERTEX_POINT('',#2696);
#2696 = CARTESIAN_POINT('',(-150.,-65.,1.04E+03));
#2697 = SURFACE_CURVE('',#2698,(#2702,#2708),.PCURVE_S1.);
#2698 = LINE('',#2699,#2700);
#2699 = CARTESIAN_POINT('',(-150.,-142.5,1.04E+03));
#2700 = VECTOR('',#2701,1.);
#2701 = DIRECTION('',(-0.,1.,0.));
#2702 = PCURVE('',#2186,#2703);
#2703 = DEFINITIONAL_REPRESENTATION('',(#2704),#2707);
#2704 = B_SPLINE_CURVE_WITH_KNOTS('',1,(#2705,#2706),.UNSPECIFIED.,.F.,
  .F.,(2,2),(7.5,77.5),.PIECEWISE_BEZIER_KNOTS.);
#2705 = CARTESIAN_POINT('',(80.,15.));
#2706 = CARTESIAN_POINT('',(80.,85.));
#2707 = ( GEOMETRIC_REPRESENTATION_CONTEXT(2) 
PARAMETRIC_REPRESENTATION_CONTEXT() REPRESENTATION_CONTEXT('2D SPACE',''
  ) );
#2708 = PCURVE('',#2709,#2714);
#2709 = PLANE('',#2710);
#2710 = AXIS2_PLACEMENT_3D('',#2711,#2712,#2713);
#2711 = CARTESIAN_POINT('',(-150.,-135.,1.039E+03));
#2712 = DIRECTION('',(1.,0.,-0.));
#2713 = DIRECTION('',(0.,0.,1.));
#2714 = DEFINITIONAL_REPRESENTATION('',(#2715),#2718);
#2715 = B_SPLINE_CURVE_WITH_KNOTS('',1,(#2716,#2717),.UNSPECIFIED.,.F.,
  .F.,(2,2),(7.5,77.5),.PIECEWISE_BEZIER_KNOTS.);
#2716 = CARTESIAN_POINT('',(1.,0.));
#2717 = CARTESIAN_POINT('',(1.,-70.));
#2718 = ( GEOMETRIC_REPRESENTATION_CONTEXT(2) 
PARAMETRIC_REPRESENTATION_CONTEXT() REPRESENTATION_CONTEXT('2D SPACE',''
  ) );
#2719 = ORIENTED_EDGE('',*,*,#2720,.F.);
#2720 = EDGE_CURVE('',#2721,#2695,#2723,.T.);
#2721 = VERTEX_POINT('',#2722);
#2722 = CARTESIAN_POINT('',(-120.,-65.,1.04E+03));
#2723 = SURFACE_CURVE('',#2724,(#2728,#2734),.PCURVE_S1.);
#2724 = LINE('',#2725,#2726);
#2725 = CARTESIAN_POINT('',(-190.,-65.,1.04E+03));
#2726 = VECTOR('',#2727,1.);
#2727 = DIRECTION('',(-1.,-0.,0.));
#2728 = PCURVE('',#2186,#2729);
#2729 = DEFINITIONAL_REPRESENTATION('',(#2730),#2733);
#2730 = B_SPLINE_CURVE_WITH_KNOTS('',1,(#2731,#2732),.UNSPECIFIED.,.F.,
  .F.,(2,2),(-70.,-40.),.PIECEWISE_BEZIER_KNOTS.);
#2731 = CARTESIAN_POINT('',(110.,85.));
#2732 = CARTESIAN_POINT('',(80.,85.));
#2733 = ( GEOMETRIC_REPRESENTATION_CONTEXT(2) 
PARAMETRIC_REPRESENTATION_CONTEXT() REPRESENTATION_CONTEXT('2D SPACE',''
  ) );
#2734 = PCURVE('',#2735,#2740);
#2735 = PLANE('',#2736);
#2736 = AXIS2_PLACEMENT_3D('',#2737,#2738,#2739);
#2737 = CARTESIAN_POINT('',(-150.,-65.,1.039E+03));
#2738 = DIRECTION('',(-0.,1.,0.));
#2739 = DIRECTION('',(0.,0.,1.));
#2740 = DEFINITIONAL_REPRESENTATION('',(#2741),#2744);
#2741 = B_SPLINE_CURVE_WITH_KNOTS('',1,(#2742,#2743),.UNSPECIFIED.,.F.,
  .F.,(2,2),(-70.,-40.),.PIECEWISE_BEZIER_KNOTS.);
#2742 = CARTESIAN_POINT('',(1.,30.));
#2743 = CARTESIAN_POINT('',(1.,0.));
#2744 = ( GEOMETRIC_REPRESENTATION_CONTEXT(2) 
PARAMETRIC_REPRESENTATION_CONTEXT() REPRESENTATION_CONTEXT('2D SPACE',''
  ) );
#2745 = ORIENTED_EDGE('',*,*,#2746,.F.);
#2746 = EDGE_CURVE('',#2667,#2721,#2747,.T.);
#2747 = SURFACE_CURVE('',#2748,(#2752,#2758),.PCURVE_S1.);
#2748 = LINE('',#2749,#2750);
#2749 = CARTESIAN_POINT('',(-120.,-142.5,1.04E+03));
#2750 = VECTOR('',#2751,1.);
#2751 = DIRECTION('',(-0.,1.,0.));
#2752 = PCURVE('',#2186,#2753);
#2753 = DEFINITIONAL_REPRESENTATION('',(#2754),#2757);
#2754 = B_SPLINE_CURVE_WITH_KNOTS('',1,(#2755,#2756),.UNSPECIFIED.,.F.,
  .F.,(2,2),(7.5,77.5),.PIECEWISE_BEZIER_KNOTS.);
#2755 = CARTESIAN_POINT('',(110.,15.));
#2756 = CARTESIAN_POINT('',(110.,85.));
#2757 = ( GEOMETRIC_REPRESENTATION_CONTEXT(2) 
PARAMETRIC_REPRESENTATION_CONTEXT() REPRESENTATION_CONTEXT('2D SPACE',''
  ) );
#2758 = PCURVE('',#2759,#2764);
#2759 = PLANE('',#2760);
#2760 = AXIS2_PLACEMENT_3D('',#2761,#2762,#2763);
#2761 = CARTESIAN_POINT('',(-120.,-135.,1.039E+03));
#2762 = DIRECTION('',(1.,0.,-0.));
#2763 = DIRECTION('',(0.,0.,1.));
#2764 = DEFINITIONAL_REPRESENTATION('',(#2765),#2768);
#2765 = B_SPLINE_CURVE_WITH_KNOTS('',1,(#2766,#2767),.UNSPECIFIED.,.F.,
  .F.,(2,2),(7.5,77.5),.PIECEWISE_BEZIER_KNOTS.);
#2766 = CARTESIAN_POINT('',(1.,0.));
#2767 = CARTESIAN_POINT('',(1.,-70.));
#2768 = ( GEOMETRIC_REPRESENTATION_CONTEXT(2) 
PARAMETRIC_REPRESENTATION_CONTEXT() REPRESENTATION_CONTEXT('2D SPACE',''
  ) );
#2769 = FACE_BOUND('',#2770,.F.);
#2770 = EDGE_LOOP('',(#2771,#2799,#2825,#2851));
#2771 = ORIENTED_EDGE('',*,*,#2772,.T.);
#2772 = EDGE_CURVE('',#2773,#2775,#2777,.T.);
#2773 = VERTEX_POINT('',#2774);
#2774 = CARTESIAN_POINT('',(-60.,-135.,1.04E+03));
#2775 = VERTEX_POINT('',#2776);
#2776 = CARTESIAN_POINT('',(-90.,-135.,1.04E+03));
#2777 = SURFACE_CURVE('',#2778,(#2782,#2788),.PCURVE_S1.);
#2778 = LINE('',#2779,#2780);
#2779 = CARTESIAN_POINT('',(-160.,-135.,1.04E+03));
#2780 = VECTOR('',#2781,1.);
#2781 = DIRECTION('',(-1.,-0.,0.));
#2782 = PCURVE('',#2186,#2783);
#2783 = DEFINITIONAL_REPRESENTATION('',(#2784),#2787);
#2784 = B_SPLINE_CURVE_WITH_KNOTS('',1,(#2785,#2786),.UNSPECIFIED.,.F.,
  .F.,(2,2),(-100.,-70.),.PIECEWISE_BEZIER_KNOTS.);
#2785 = CARTESIAN_POINT('',(170.,15.));
#2786 = CARTESIAN_POINT('',(140.,15.));
#2787 = ( GEOMETRIC_REPRESENTATION_CONTEXT(2) 
PARAMETRIC_REPRESENTATION_CONTEXT() REPRESENTATION_CONTEXT('2D SPACE',''
  ) );
#2788 = PCURVE('',#2789,#2794);
#2789 = PLANE('',#2790);
#2790 = AXIS2_PLACEMENT_3D('',#2791,#2792,#2793);
#2791 = CARTESIAN_POINT('',(-90.,-135.,1.039E+03));
#2792 = DIRECTION('',(-0.,1.,0.));
#2793 = DIRECTION('',(0.,0.,1.));
#2794 = DEFINITIONAL_REPRESENTATION('',(#2795),#2798);
#2795 = B_SPLINE_CURVE_WITH_KNOTS('',1,(#2796,#2797),.UNSPECIFIED.,.F.,
  .F.,(2,2),(-100.,-70.),.PIECEWISE_BEZIER_KNOTS.);
#2796 = CARTESIAN_POINT('',(1.,30.));
#2797 = CARTESIAN_POINT('',(1.,0.));
#2798 = ( GEOMETRIC_REPRESENTATION_CONTEXT(2) 
PARAMETRIC_REPRESENTATION_CONTEXT() REPRESENTATION_CONTEXT('2D SPACE',''
  ) );
#2799 = ORIENTED_EDGE('',*,*,#2800,.T.);
#2800 = EDGE_CURVE('',#2775,#2801,#2803,.T.);
#2801 = VERTEX_POINT('',#2802);
#2802 = CARTESIAN_POINT('',(-90.,-65.,1.04E+03));
#2803 = SURFACE_CURVE('',#2804,(#2808,#2814),.PCURVE_S1.);
#2804 = LINE('',#2805,#2806);
#2805 = CARTESIAN_POINT('',(-90.,-142.5,1.04E+03));
#2806 = VECTOR('',#2807,1.);
#2807 = DIRECTION('',(-0.,1.,0.));
#2808 = PCURVE('',#2186,#2809);
#2809 = DEFINITIONAL_REPRESENTATION('',(#2810),#2813);
#2810 = B_SPLINE_CURVE_WITH_KNOTS('',1,(#2811,#2812),.UNSPECIFIED.,.F.,
  .F.,(2,2),(7.5,77.5),.PIECEWISE_BEZIER_KNOTS.);
#2811 = CARTESIAN_POINT('',(140.,15.));
#2812 = CARTESIAN_POINT('',(140.,85.));
#2813 = ( GEOMETRIC_REPRESENTATION_CONTEXT(2) 
PARAMETRIC_REPRESENTATION_CONTEXT() REPRESENTATION_CONTEXT('2D SPACE',''
  ) );
#2814 = PCURVE('',#2815,#2820);
#2815 = PLANE('',#2816);
#2816 = AXIS2_PLACEMENT_3D('',#2817,#2818,#2819);
#2817 = CARTESIAN_POINT('',(-90.,-135.,1.039E+03));
#2818 = DIRECTION('',(1.,0.,-0.));
#2819 = DIRECTION('',(0.,0.,1.));
#2820 = DEFINITIONAL_REPRESENTATION('',(#2821),#2824);
#2821 = B_SPLINE_CURVE_WITH_KNOTS('',1,(#2822,#2823),.UNSPECIFIED.,.F.,
  .F.,(2,2),(7.5,77.5),.PIECEWISE_BEZIER_KNOTS.);
#2822 = CARTESIAN_POINT('',(1.,0.));
#2823 = CARTESIAN_POINT('',(1.,-70.));
#2824 = ( GEOMETRIC_REPRESENTATION_CONTEXT(2) 
PARAMETRIC_REPRESENTATION_CONTEXT() REPRESENTATION_CONTEXT('2D SPACE',''
  ) );
#2825 = ORIENTED_EDGE('',*,*,#2826,.F.);
#2826 = EDGE_CURVE('',#2827,#2801,#2829,.T.);
#2827 = VERTEX_POINT('',#2828);
#2828 = CARTESIAN_POINT('',(-60.,-65.,1.04E+03));
#2829 = SURFACE_CURVE('',#2830,(#2834,#2840),.PCURVE_S1.);
#2830 = LINE('',#2831,#2832);
#2831 = CARTESIAN_POINT('',(-160.,-65.,1.04E+03));
#2832 = VECTOR('',#2833,1.);
#2833 = DIRECTION('',(-1.,-0.,0.));
#2834 = PCURVE('',#2186,#2835);
#2835 = DEFINITIONAL_REPRESENTATION('',(#2836),#2839);
#2836 = B_SPLINE_CURVE_WITH_KNOTS('',1,(#2837,#2838),.UNSPECIFIED.,.F.,
  .F.,(2,2),(-100.,-70.),.PIECEWISE_BEZIER_KNOTS.);
#2837 = CARTESIAN_POINT('',(170.,85.));
#2838 = CARTESIAN_POINT('',(140.,85.));
#2839 = ( GEOMETRIC_REPRESENTATION_CONTEXT(2) 
PARAMETRIC_REPRESENTATION_CONTEXT() REPRESENTATION_CONTEXT('2D SPACE',''
  ) );
#2840 = PCURVE('',#2841,#2846);
#2841 = PLANE('',#2842);
#2842 = AXIS2_PLACEMENT_3D('',#2843,#2844,#2845);
#2843 = CARTESIAN_POINT('',(-90.,-65.,1.039E+03));
#2844 = DIRECTION('',(-0.,1.,0.));
#2845 = DIRECTION('',(0.,0.,1.));
#2846 = DEFINITIONAL_REPRESENTATION('',(#2847),#2850);
#2847 = B_SPLINE_CURVE_WITH_KNOTS('',1,(#2848,#2849),.UNSPECIFIED.,.F.,
  .F.,(2,2),(-100.,-70.),.PIECEWISE_BEZIER_KNOTS.);
#2848 = CARTESIAN_POINT('',(1.,30.));
#2849 = CARTESIAN_POINT('',(1.,0.));
#2850 = ( GEOMETRIC_REPRESENTATION_CONTEXT(2) 
PARAMETRIC_REPRESENTATION_CONTEXT() REPRESENTATION_CONTEXT('2D SPACE',''
  ) );
#2851 = ORIENTED_EDGE('',*,*,#2852,.F.);
#2852 = EDGE_CURVE('',#2773,#2827,#2853,.T.);
#2853 = SURFACE_CURVE('',#2854,(#2858,#2864),.PCURVE_S1.);
#2854 = LINE('',#2855,#2856);
#2855 = CARTESIAN_POINT('',(-60.,-142.5,1.04E+03));
#2856 = VECTOR('',#2857,1.);
#2857 = DIRECTION('',(-0.,1.,0.));
#2858 = PCURVE('',#2186,#2859);
#2859 = DEFINITIONAL_REPRESENTATION('',(#2860),#2863);
#2860 = B_SPLINE_CURVE_WITH_KNOTS('',1,(#2861,#2862),.UNSPECIFIED.,.F.,
  .F.,(2,2),(7.5,77.5),.PIECEWISE_BEZIER_KNOTS.);
#2861 = CARTESIAN_POINT('',(170.,15.));
#2862 = CARTESIAN_POINT('',(170.,85.));
#2863 = ( GEOMETRIC_REPRESENTATION_CONTEXT(2) 
PARAMETRIC_REPRESENTATION_CONTEXT() REPRESENTATION_CONTEXT('2D SPACE',''
  ) );
#2864 = PCURVE('',#2865,#2870);
#2865 = PLANE('',#2866);
#2866 = AXIS2_PLACEMENT_3D('',#2867,#2868,#2869);
#2867 = CARTESIAN_POINT('',(-60.,-135.,1.039E+03));
#2868 = DIRECTION('',(1.,0.,-0.));
#2869 = DIRECTION('',(0.,0.,1.));
#2870 = DEFINITIONAL_REPRESENTATION('',(#2871),#2874);
#2871 = B_SPLINE_CURVE_WITH_KNOTS('',1,(#2872,#2873),.UNSPECIFIED.,.F.,
  .F.,(2,2),(7.5,77.5),.PIECEWISE_BEZIER_KNOTS.);
#2872 = CARTESIAN_POINT('',(1.,0.));
#2873 = CARTESIAN_POINT('',(1.,-70.));
#2874 = ( GEOMETRIC_REPRESENTATION_CONTEXT(2) 
PARAMETRIC_REPRESENTATION_CONTEXT() REPRESENTATION_CONTEXT('2D SPACE',''
  ) );
#2875 = FACE_BOUND('',#2876,.F.);
#2876 = EDGE_LOOP('',(#2877,#2905,#2931,#2957));
#2877 = ORIENTED_EDGE('',*,*,#2878,.T.);
#2878 = EDGE_CURVE('',#2879,#2881,#2883,.T.);
#2879 = VERTEX_POINT('',#2880);
#2880 = CARTESIAN_POINT('',(0.,-135.,1.04E+03));
#2881 = VERTEX_POINT('',#2882);
#2882 = CARTESIAN_POINT('',(-30.,-135.,1.04E+03));
#2883 = SURFACE_CURVE('',#2884,(#2888,#2894),.PCURVE_S1.);
#2884 = LINE('',#2885,#2886);
#2885 = CARTESIAN_POINT('',(-130.,-135.,1.04E+03));
#2886 = VECTOR('',#2887,1.);
#2887 = DIRECTION('',(-1.,-0.,0.));
#2888 = PCURVE('',#2186,#2889);
#2889 = DEFINITIONAL_REPRESENTATION('',(#2890),#2893);
#2890 = B_SPLINE_CURVE_WITH_KNOTS('',1,(#2891,#2892),.UNSPECIFIED.,.F.,
  .F.,(2,2),(-130.,-100.),.PIECEWISE_BEZIER_KNOTS.);
#2891 = CARTESIAN_POINT('',(230.,15.));
#2892 = CARTESIAN_POINT('',(200.,15.));
#2893 = ( GEOMETRIC_REPRESENTATION_CONTEXT(2) 
PARAMETRIC_REPRESENTATION_CONTEXT() REPRESENTATION_CONTEXT('2D SPACE',''
  ) );
#2894 = PCURVE('',#2895,#2900);
#2895 = PLANE('',#2896);
#2896 = AXIS2_PLACEMENT_3D('',#2897,#2898,#2899);
#2897 = CARTESIAN_POINT('',(-30.,-135.,1.039E+03));
#2898 = DIRECTION('',(-0.,1.,0.));
#2899 = DIRECTION('',(0.,0.,1.));
#2900 = DEFINITIONAL_REPRESENTATION('',(#2901),#2904);
#2901 = B_SPLINE_CURVE_WITH_KNOTS('',1,(#2902,#2903),.UNSPECIFIED.,.F.,
  .F.,(2,2),(-130.,-100.),.PIECEWISE_BEZIER_KNOTS.);
#2902 = CARTESIAN_POINT('',(1.,30.));
#2903 = CARTESIAN_POINT('',(1.,0.));
#2904 = ( GEOMETRIC_REPRESENTATION_CONTEXT(2) 
PARAMETRIC_REPRESENTATION_CONTEXT() REPRESENTATION_CONTEXT('2D SPACE',''
  ) );
#2905 = ORIENTED_EDGE('',*,*,#2906,.T.);
#2906 = EDGE_CURVE('',#2881,#2907,#2909,.T.);
#2907 = VERTEX_POINT('',#2908);
#2908 = CARTESIAN_POINT('',(-30.,-65.,1.04E+03));
#2909 = SURFACE_CURVE('',#2910,(#2914,#2920),.PCURVE_S1.);
#2910 = LINE('',#2911,#2912);
#2911 = CARTESIAN_POINT('',(-30.,-142.5,1.04E+03));
#2912 = VECTOR('',#2913,1.);
#2913 = DIRECTION('',(-0.,1.,0.));
#2914 = PCURVE('',#2186,#2915);
#2915 = DEFINITIONAL_REPRESENTATION('',(#2916),#2919);
#2916 = B_SPLINE_CURVE_WITH_KNOTS('',1,(#2917,#2918),.UNSPECIFIED.,.F.,
  .F.,(2,2),(7.5,77.5),.PIECEWISE_BEZIER_KNOTS.);
#2917 = CARTESIAN_POINT('',(200.,15.));
#2918 = CARTESIAN_POINT('',(200.,85.));
#2919 = ( GEOMETRIC_REPRESENTATION_CONTEXT(2) 
PARAMETRIC_REPRESENTATION_CONTEXT() REPRESENTATION_CONTEXT('2D SPACE',''
  ) );
#2920 = PCURVE('',#2921,#2926);
#2921 = PLANE('',#2922);
#2922 = AXIS2_PLACEMENT_3D('',#2923,#2924,#2925);
#2923 = CARTESIAN_POINT('',(-30.,-135.,1.039E+03));
#2924 = DIRECTION('',(1.,0.,-0.));
#2925 = DIRECTION('',(0.,0.,1.));
#2926 = DEFINITIONAL_REPRESENTATION('',(#2927),#2930);
#2927 = B_SPLINE_CURVE_WITH_KNOTS('',1,(#2928,#2929),.UNSPECIFIED.,.F.,
  .F.,(2,2),(7.5,77.5),.PIECEWISE_BEZIER_KNOTS.);
#2928 = CARTESIAN_POINT('',(1.,0.));
#2929 = CARTESIAN_POINT('',(1.,-70.));
#2930 = ( GEOMETRIC_REPRESENTATION_CONTEXT(2) 
PARAMETRIC_REPRESENTATION_CONTEXT() REPRESENTATION_CONTEXT('2D SPACE',''
  ) );
#2931 = ORIENTED_EDGE('',*,*,#2932,.F.);
#2932 = EDGE_CURVE('',#2933,#2907,#2935,.T.);
#2933 = VERTEX_POINT('',#2934);
#2934 = CARTESIAN_POINT('',(0.,-65.,1.04E+03));
#2935 = SURFACE_CURVE('',#2936,(#2940,#2946),.PCURVE_S1.);
#2936 = LINE('',#2937,#2938);
#2937 = CARTESIAN_POINT('',(-130.,-65.,1.04E+03));
#2938 = VECTOR('',#2939,1.);
#2939 = DIRECTION('',(-1.,-0.,0.));
#2940 = PCURVE('',#2186,#2941);
#2941 = DEFINITIONAL_REPRESENTATION('',(#2942),#2945);
#2942 = B_SPLINE_CURVE_WITH_KNOTS('',1,(#2943,#2944),.UNSPECIFIED.,.F.,
  .F.,(2,2),(-130.,-100.),.PIECEWISE_BEZIER_KNOTS.);
#2943 = CARTESIAN_POINT('',(230.,85.));
#2944 = CARTESIAN_POINT('',(200.,85.));
#2945 = ( GEOMETRIC_REPRESENTATION_CONTEXT(2) 
PARAMETRIC_REPRESENTATION_CONTEXT() REPRESENTATION_CONTEXT('2D SPACE',''
  ) );
#2946 = PCURVE('',#2947,#2952);
#2947 = PLANE('',#2948);
#2948 = AXIS2_PLACEMENT_3D('',#2949,#2950,#2951);
#2949 = CARTESIAN_POINT('',(-30.,-65.,1.039E+03));
#2950 = DIRECTION('',(-0.,1.,0.));
#2951 = DIRECTION('',(0.,0.,1.));
#2952 = DEFINITIONAL_REPRESENTATION('',(#2953),#2956);
#2953 = B_SPLINE_CURVE_WITH_KNOTS('',1,(#2954,#2955),.UNSPECIFIED.,.F.,
  .F.,(2,2),(-130.,-100.),.PIECEWISE_BEZIER_KNOTS.);
#2954 = CARTESIAN_POINT('',(1.,30.));
#2955 = CARTESIAN_POINT('',(1.,0.));
#2956 = ( GEOMETRIC_REPRESENTATION_CONTEXT(2) 
PARAMETRIC_REPRESENTATION_CONTEXT() REPRESENTATION_CONTEXT('2D SPACE',''
  ) );
#2957 = ORIENTED_EDGE('',*,*,#2958,.F.);
#2958 = EDGE_CURVE('',#2879,#2933,#2959,.T.);
#2959 = SURFACE_CURVE('',#2960,(#2964,#2970),.PCURVE_S1.);
#2960 = LINE('',#2961,#2962);
#2961 = CARTESIAN_POINT('',(0.,-142.5,1.04E+03));
#2962 = VECTOR('',#2963,1.);
#2963 = DIRECTION('',(-0.,1.,0.));
#2964 = PCURVE('',#2186,#2965);
#2965 = DEFINITIONAL_REPRESENTATION('',(#2966),#2969);
#2966 = B_SPLINE_CURVE_WITH_KNOTS('',1,(#2967,#2968),.UNSPECIFIED.,.F.,
  .F.,(2,2),(7.5,77.5),.PIECEWISE_BEZIER_KNOTS.);
#2967 = CARTESIAN_POINT('',(230.,15.));
#2968 = CARTESIAN_POINT('',(230.,85.));
#2969 = ( GEOMETRIC_REPRESENTATION_CONTEXT(2) 
PARAMETRIC_REPRESENTATION_CONTEXT() REPRESENTATION_CONTEXT('2D SPACE',''
  ) );
#2970 = PCURVE('',#2971,#2976);
#2971 = PLANE('',#2972);
#2972 = AXIS2_PLACEMENT_3D('',#2973,#2974,#2975);
#2973 = CARTESIAN_POINT('',(0.,-135.,1.039E+03));
#2974 = DIRECTION('',(1.,0.,-0.));
#2975 = DIRECTION('',(0.,0.,1.));
#2976 = DEFINITIONAL_REPRESENTATION('',(#2977),#2980);
#2977 = B_SPLINE_CURVE_WITH_KNOTS('',1,(#2978,#2979),.UNSPECIFIED.,.F.,
  .F.,(2,2),(7.5,77.5),.PIECEWISE_BEZIER_KNOTS.);
#2978 = CARTESIAN_POINT('',(1.,0.));
#2979 = CARTESIAN_POINT('',(1.,-70.));
#2980 = ( GEOMETRIC_REPRESENTATION_CONTEXT(2) 
PARAMETRIC_REPRESENTATION_CONTEXT() REPRESENTATION_CONTEXT('2D SPACE',''
  ) );
#2981 = FACE_BOUND('',#2982,.F.);
#2982 = EDGE_LOOP('',(#2983,#3011,#3037,#3063));
#2983 = ORIENTED_EDGE('',*,*,#2984,.T.);
#2984 = EDGE_CURVE('',#2985,#2987,#2989,.T.);
#2985 = VERTEX_POINT('',#2986);
#2986 = CARTESIAN_POINT('',(60.,-135.,1.04E+03));
#2987 = VERTEX_POINT('',#2988);
#2988 = CARTESIAN_POINT('',(30.,-135.,1.04E+03));
#2989 = SURFACE_CURVE('',#2990,(#2994,#3000),.PCURVE_S1.);
#2990 = LINE('',#2991,#2992);
#2991 = CARTESIAN_POINT('',(-100.,-135.,1.04E+03));
#2992 = VECTOR('',#2993,1.);
#2993 = DIRECTION('',(-1.,-0.,0.));
#2994 = PCURVE('',#2186,#2995);
#2995 = DEFINITIONAL_REPRESENTATION('',(#2996),#2999);
#2996 = B_SPLINE_CURVE_WITH_KNOTS('',1,(#2997,#2998),.UNSPECIFIED.,.F.,
  .F.,(2,2),(-160.,-130.),.PIECEWISE_BEZIER_KNOTS.);
#2997 = CARTESIAN_POINT('',(290.,15.));
#2998 = CARTESIAN_POINT('',(260.,15.));
#2999 = ( GEOMETRIC_REPRESENTATION_CONTEXT(2) 
PARAMETRIC_REPRESENTATION_CONTEXT() REPRESENTATION_CONTEXT('2D SPACE',''
  ) );
#3000 = PCURVE('',#3001,#3006);
#3001 = PLANE('',#3002);
#3002 = AXIS2_PLACEMENT_3D('',#3003,#3004,#3005);
#3003 = CARTESIAN_POINT('',(30.,-135.,1.039E+03));
#3004 = DIRECTION('',(-0.,1.,0.));
#3005 = DIRECTION('',(0.,0.,1.));
#3006 = DEFINITIONAL_REPRESENTATION('',(#3007),#3010);
#3007 = B_SPLINE_CURVE_WITH_KNOTS('',1,(#3008,#3009),.UNSPECIFIED.,.F.,
  .F.,(2,2),(-160.,-130.),.PIECEWISE_BEZIER_KNOTS.);
#3008 = CARTESIAN_POINT('',(1.,30.));
#3009 = CARTESIAN_POINT('',(1.,0.));
#3010 = ( GEOMETRIC_REPRESENTATION_CONTEXT(2) 
PARAMETRIC_REPRESENTATION_CONTEXT() REPRESENTATION_CONTEXT('2D SPACE',''
  ) );
#3011 = ORIENTED_EDGE('',*,*,#3012,.T.);
#3012 = EDGE_CURVE('',#2987,#3013,#3015,.T.);
#3013 = VERTEX_POINT('',#3014);
#3014 = CARTESIAN_POINT('',(30.,-65.,1.04E+03));
#3015 = SURFACE_CURVE('',#3016,(#3020,#3026),.PCURVE_S1.);
#3016 = LINE('',#3017,#3018);
#3017 = CARTESIAN_POINT('',(30.,-142.5,1.04E+03));
#3018 = VECTOR('',#3019,1.);
#3019 = DIRECTION('',(-0.,1.,0.));
#3020 = PCURVE('',#2186,#3021);
#3021 = DEFINITIONAL_REPRESENTATION('',(#3022),#3025);
#3022 = B_SPLINE_CURVE_WITH_KNOTS('',1,(#3023,#3024),.UNSPECIFIED.,.F.,
  .F.,(2,2),(7.5,77.5),.PIECEWISE_BEZIER_KNOTS.);
#3023 = CARTESIAN_POINT('',(260.,15.));
#3024 = CARTESIAN_POINT('',(260.,85.));
#3025 = ( GEOMETRIC_REPRESENTATION_CONTEXT(2) 
PARAMETRIC_REPRESENTATION_CONTEXT() REPRESENTATION_CONTEXT('2D SPACE',''
  ) );
#3026 = PCURVE('',#3027,#3032);
#3027 = PLANE('',#3028);
#3028 = AXIS2_PLACEMENT_3D('',#3029,#3030,#3031);
#3029 = CARTESIAN_POINT('',(30.,-135.,1.039E+03));
#3030 = DIRECTION('',(1.,0.,-0.));
#3031 = DIRECTION('',(0.,0.,1.));
#3032 = DEFINITIONAL_REPRESENTATION('',(#3033),#3036);
#3033 = B_SPLINE_CURVE_WITH_KNOTS('',1,(#3034,#3035),.UNSPECIFIED.,.F.,
  .F.,(2,2),(7.5,77.5),.PIECEWISE_BEZIER_KNOTS.);
#3034 = CARTESIAN_POINT('',(1.,0.));
#3035 = CARTESIAN_POINT('',(1.,-70.));
#3036 = ( GEOMETRIC_REPRESENTATION_CONTEXT(2) 
PARAMETRIC_REPRESENTATION_CONTEXT() REPRESENTATION_CONTEXT('2D SPACE',''
  ) );
#3037 = ORIENTED_EDGE('',*,*,#3038,.F.);
#3038 = EDGE_CURVE('',#3039,#3013,#3041,.T.);
#3039 = VERTEX_POINT('',#3040);
#3040 = CARTESIAN_POINT('',(60.,-65.,1.04E+03));
#3041 = SURFACE_CURVE('',#3042,(#3046,#3052),.PCURVE_S1.);
#3042 = LINE('',#3043,#3044);
#3043 = CARTESIAN_POINT('',(-100.,-65.,1.04E+03));
#3044 = VECTOR('',#3045,1.);
#3045 = DIRECTION('',(-1.,-0.,0.));
#3046 = PCURVE('',#2186,#3047);
#3047 = DEFINITIONAL_REPRESENTATION('',(#3048),#3051);
#3048 = B_SPLINE_CURVE_WITH_KNOTS('',1,(#3049,#3050),.UNSPECIFIED.,.F.,
  .F.,(2,2),(-160.,-130.),.PIECEWISE_BEZIER_KNOTS.);
#3049 = CARTESIAN_POINT('',(290.,85.));
#3050 = CARTESIAN_POINT('',(260.,85.));
#3051 = ( GEOMETRIC_REPRESENTATION_CONTEXT(2) 
PARAMETRIC_REPRESENTATION_CONTEXT() REPRESENTATION_CONTEXT('2D SPACE',''
  ) );
#3052 = PCURVE('',#3053,#3058);
#3053 = PLANE('',#3054);
#3054 = AXIS2_PLACEMENT_3D('',#3055,#3056,#3057);
#3055 = CARTESIAN_POINT('',(30.,-65.,1.039E+03));
#3056 = DIRECTION('',(-0.,1.,0.));
#3057 = DIRECTION('',(0.,0.,1.));
#3058 = DEFINITIONAL_REPRESENTATION('',(#3059),#3062);
#3059 = B_SPLINE_CURVE_WITH_KNOTS('',1,(#3060,#3061),.UNSPECIFIED.,.F.,
  .F.,(2,2),(-160.,-130.),.PIECEWISE_BEZIER_KNOTS.);
#3060 = CARTESIAN_POINT('',(1.,30.));
#3061 = CARTESIAN_POINT('',(1.,0.));
#3062 = ( GEOMETRIC_REPRESENTATION_CONTEXT(2) 
PARAMETRIC_REPRESENTATION_CONTEXT() REPRESENTATION_CONTEXT('2D SPACE',''
  ) );
#3063 = ORIENTED_EDGE('',*,*,#3064,.F.);
#3064 = EDGE_CURVE('',#2985,#3039,#3065,.T.);
#3065 = SURFACE_CURVE('',#3066,(#3070,#3076),.PCURVE_S1.);
#3066 = LINE('',#3067,#3068);
#3067 = CARTESIAN_POINT('',(60.,-142.5,1.04E+03));
#3068 = VECTOR('',#3069,1.);
#3069 = DIRECTION('',(-0.,1.,0.));
#3070 = PCURVE('',#2186,#3071);
#3071 = DEFINITIONAL_REPRESENTATION('',(#3072),#3075);
#3072 = B_SPLINE_CURVE_WITH_KNOTS('',1,(#3073,#3074),.UNSPECIFIED.,.F.,
  .F.,(2,2),(7.5,77.5),.PIECEWISE_BEZIER_KNOTS.);
#3073 = CARTESIAN_POINT('',(290.,15.));
#3074 = CARTESIAN_POINT('',(290.,85.));
#3075 = ( GEOMETRIC_REPRESENTATION_CONTEXT(2) 
PARAMETRIC_REPRESENTATION_CONTEXT() REPRESENTATION_CONTEXT('2D SPACE',''
  ) );
#3076 = PCURVE('',#3077,#3082);
#3077 = PLANE('',#3078);
#3078 = AXIS2_PLACEMENT_3D('',#3079,#3080,#3081);
#3079 = CARTESIAN_POINT('',(60.,-135.,1.039E+03));
#3080 = DIRECTION('',(1.,0.,-0.));
#3081 = DIRECTION('',(0.,0.,1.));
#3082 = DEFINITIONAL_REPRESENTATION('',(#3083),#3086);
#3083 = B_SPLINE_CURVE_WITH_KNOTS('',1,(#3084,#3085),.UNSPECIFIED.,.F.,
  .F.,(2,2),(7.5,77.5),.PIECEWISE_BEZIER_KNOTS.);
#3084 = CARTESIAN_POINT('',(1.,0.));
#3085 = CARTESIAN_POINT('',(1.,-70.));
#3086 = ( GEOMETRIC_REPRESENTATION_CONTEXT(2) 
PARAMETRIC_REPRESENTATION_CONTEXT() REPRESENTATION_CONTEXT('2D SPACE',''
  ) );
#3087 = FACE_BOUND('',#3088,.F.);
#3088 = EDGE_LOOP('',(#3089,#3117,#3143,#3169));
#3089 = ORIENTED_EDGE('',*,*,#3090,.T.);
#3090 = EDGE_CURVE('',#3091,#3093,#3095,.T.);
#3091 = VERTEX_POINT('',#3092);
#3092 = CARTESIAN_POINT('',(120.,-135.,1.04E+03));
#3093 = VERTEX_POINT('',#3094);
#3094 = CARTESIAN_POINT('',(90.,-135.,1.04E+03));
#3095 = SURFACE_CURVE('',#3096,(#3100,#3106),.PCURVE_S1.);
#3096 = LINE('',#3097,#3098);
#3097 = CARTESIAN_POINT('',(-70.,-135.,1.04E+03));
#3098 = VECTOR('',#3099,1.);
#3099 = DIRECTION('',(-1.,-0.,0.));
#3100 = PCURVE('',#2186,#3101);
#3101 = DEFINITIONAL_REPRESENTATION('',(#3102),#3105);
#3102 = B_SPLINE_CURVE_WITH_KNOTS('',1,(#3103,#3104),.UNSPECIFIED.,.F.,
  .F.,(2,2),(-190.,-160.),.PIECEWISE_BEZIER_KNOTS.);
#3103 = CARTESIAN_POINT('',(350.,15.));
#3104 = CARTESIAN_POINT('',(320.,15.));
#3105 = ( GEOMETRIC_REPRESENTATION_CONTEXT(2) 
PARAMETRIC_REPRESENTATION_CONTEXT() REPRESENTATION_CONTEXT('2D SPACE',''
  ) );
#3106 = PCURVE('',#3107,#3112);
#3107 = PLANE('',#3108);
#3108 = AXIS2_PLACEMENT_3D('',#3109,#3110,#3111);
#3109 = CARTESIAN_POINT('',(90.,-135.,1.039E+03));
#3110 = DIRECTION('',(-0.,1.,0.));
#3111 = DIRECTION('',(0.,0.,1.));
#3112 = DEFINITIONAL_REPRESENTATION('',(#3113),#3116);
#3113 = B_SPLINE_CURVE_WITH_KNOTS('',1,(#3114,#3115),.UNSPECIFIED.,.F.,
  .F.,(2,2),(-190.,-160.),.PIECEWISE_BEZIER_KNOTS.);
#3114 = CARTESIAN_POINT('',(1.,30.));
#3115 = CARTESIAN_POINT('',(1.,0.));
#3116 = ( GEOMETRIC_REPRESENTATION_CONTEXT(2) 
PARAMETRIC_REPRESENTATION_CONTEXT() REPRESENTATION_CONTEXT('2D SPACE',''
  ) );
#3117 = ORIENTED_EDGE('',*,*,#3118,.T.);
#3118 = EDGE_CURVE('',#3093,#3119,#3121,.T.);
#3119 = VERTEX_POINT('',#3120);
#3120 = CARTESIAN_POINT('',(90.,-65.,1.04E+03));
#3121 = SURFACE_CURVE('',#3122,(#3126,#3132),.PCURVE_S1.);
#3122 = LINE('',#3123,#3124);
#3123 = CARTESIAN_POINT('',(90.,-142.5,1.04E+03));
#3124 = VECTOR('',#3125,1.);
#3125 = DIRECTION('',(-0.,1.,0.));
#3126 = PCURVE('',#2186,#3127);
#3127 = DEFINITIONAL_REPRESENTATION('',(#3128),#3131);
#3128 = B_SPLINE_CURVE_WITH_KNOTS('',1,(#3129,#3130),.UNSPECIFIED.,.F.,
  .F.,(2,2),(7.5,77.5),.PIECEWISE_BEZIER_KNOTS.);
#3129 = CARTESIAN_POINT('',(320.,15.));
#3130 = CARTESIAN_POINT('',(320.,85.));
#3131 = ( GEOMETRIC_REPRESENTATION_CONTEXT(2) 
PARAMETRIC_REPRESENTATION_CONTEXT() REPRESENTATION_CONTEXT('2D SPACE',''
  ) );
#3132 = PCURVE('',#3133,#3138);
#3133 = PLANE('',#3134);
#3134 = AXIS2_PLACEMENT_3D('',#3135,#3136,#3137);
#3135 = CARTESIAN_POINT('',(90.,-135.,1.039E+03));
#3136 = DIRECTION('',(1.,0.,-0.));
#3137 = DIRECTION('',(0.,0.,1.));
#3138 = DEFINITIONAL_REPRESENTATION('',(#3139),#3142);
#3139 = B_SPLINE_CURVE_WITH_KNOTS('',1,(#3140,#3141),.UNSPECIFIED.,.F.,
  .F.,(2,2),(7.5,77.5),.PIECEWISE_BEZIER_KNOTS.);
#3140 = CARTESIAN_POINT('',(1.,0.));
#3141 = CARTESIAN_POINT('',(1.,-70.));
#3142 = ( GEOMETRIC_REPRESENTATION_CONTEXT(2) 
PARAMETRIC_REPRESENTATION_CONTEXT() REPRESENTATION_CONTEXT('2D SPACE',''
  ) );
#3143 = ORIENTED_EDGE('',*,*,#3144,.F.);
#3144 = EDGE_CURVE('',#3145,#3119,#3147,.T.);
#3145 = VERTEX_POINT('',#3146);
#3146 = CARTESIAN_POINT('',(120.,-65.,1.04E+03));
#3147 = SURFACE_CURVE('',#3148,(#3152,#3158),.PCURVE_S1.);
#3148 = LINE('',#3149,#3150);
#3149 = CARTESIAN_POINT('',(-70.,-65.,1.04E+03));
#3150 = VECTOR('',#3151,1.);
#3151 = DIRECTION('',(-1.,-0.,0.));
#3152 = PCURVE('',#2186,#3153);
#3153 = DEFINITIONAL_REPRESENTATION('',(#3154),#3157);
#3154 = B_SPLINE_CURVE_WITH_KNOTS('',1,(#3155,#3156),.UNSPECIFIED.,.F.,
  .F.,(2,2),(-190.,-160.),.PIECEWISE_BEZIER_KNOTS.);
#3155 = CARTESIAN_POINT('',(350.,85.));
#3156 = CARTESIAN_POINT('',(320.,85.));
#3157 = ( GEOMETRIC_REPRESENTATION_CONTEXT(2) 
PARAMETRIC_REPRESENTATION_CONTEXT() REPRESENTATION_CONTEXT('2D SPACE',''
  ) );
#3158 = PCURVE('',#3159,#3164);
#3159 = PLANE('',#3160);
#3160 = AXIS2_PLACEMENT_3D('',#3161,#3162,#3163);
#3161 = CARTESIAN_POINT('',(90.,-65.,1.039E+03));
#3162 = DIRECTION('',(-0.,1.,0.));
#3163 = DIRECTION('',(0.,0.,1.));
#3164 = DEFINITIONAL_REPRESENTATION('',(#3165),#3168);
#3165 = B_SPLINE_CURVE_WITH_KNOTS('',1,(#3166,#3167),.UNSPECIFIED.,.F.,
  .F.,(2,2),(-190.,-160.),.PIECEWISE_BEZIER_KNOTS.);
#3166 = CARTESIAN_POINT('',(1.,30.));
#3167 = CARTESIAN_POINT('',(1.,0.));
#3168 = ( GEOMETRIC_REPRESENTATION_CONTEXT(2) 
PARAMETRIC_REPRESENTATION_CONTEXT() REPRESENTATION_CONTEXT('2D SPACE',''
  ) );
#3169 = ORIENTED_EDGE('',*,*,#3170,.F.);
#3170 = EDGE_CURVE('',#3091,#3145,#3171,.T.);
#3171 = SURFACE_CURVE('',#3172,(#3176,#3182),.PCURVE_S1.);
#3172 = LINE('',#3173,#3174);
#3173 = CARTESIAN_POINT('',(120.,-142.5,1.04E+03));
#3174 = VECTOR('',#3175,1.);
#3175 = DIRECTION('',(-0.,1.,0.));
#3176 = PCURVE('',#2186,#3177);
#3177 = DEFINITIONAL_REPRESENTATION('',(#3178),#3181);
#3178 = B_SPLINE_CURVE_WITH_KNOTS('',1,(#3179,#3180),.UNSPECIFIED.,.F.,
  .F.,(2,2),(7.5,77.5),.PIECEWISE_BEZIER_KNOTS.);
#3179 = CARTESIAN_POINT('',(350.,15.));
#3180 = CARTESIAN_POINT('',(350.,85.));
#3181 = ( GEOMETRIC_REPRESENTATION_CONTEXT(2) 
PARAMETRIC_REPRESENTATION_CONTEXT() REPRESENTATION_CONTEXT('2D SPACE',''
  ) );
#3182 = PCURVE('',#3183,#3188);
#3183 = PLANE('',#3184);
#3184 = AXIS2_PLACEMENT_3D('',#3185,#3186,#3187);
#3185 = CARTESIAN_POINT('',(120.,-135.,1.039E+03));
#3186 = DIRECTION('',(1.,0.,-0.));
#3187 = DIRECTION('',(0.,0.,1.));
#3188 = DEFINITIONAL_REPRESENTATION('',(#3189),#3192);
#3189 = B_SPLINE_CURVE_WITH_KNOTS('',1,(#3190,#3191),.UNSPECIFIED.,.F.,
  .F.,(2,2),(7.5,77.5),.PIECEWISE_BEZIER_KNOTS.);
#3190 = CARTESIAN_POINT('',(1.,0.));
#3191 = CARTESIAN_POINT('',(1.,-70.));
#3192 = ( GEOMETRIC_REPRESENTATION_CONTEXT(2) 
PARAMETRIC_REPRESENTATION_CONTEXT() REPRESENTATION_CONTEXT('2D SPACE',''
  ) );
#3193 = FACE_BOUND('',#3194,.F.);
#3194 = EDGE_LOOP('',(#3195,#3223,#3249,#3275));
#3195 = ORIENTED_EDGE('',*,*,#3196,.T.);
#3196 = EDGE_CURVE('',#3197,#3199,#3201,.T.);
#3197 = VERTEX_POINT('',#3198);
#3198 = CARTESIAN_POINT('',(180.,-135.,1.04E+03));
#3199 = VERTEX_POINT('',#3200);
#3200 = CARTESIAN_POINT('',(150.,-135.,1.04E+03));
#3201 = SURFACE_CURVE('',#3202,(#3206,#3212),.PCURVE_S1.);
#3202 = LINE('',#3203,#3204);
#3203 = CARTESIAN_POINT('',(-40.,-135.,1.04E+03));
#3204 = VECTOR('',#3205,1.);
#3205 = DIRECTION('',(-1.,-0.,0.));
#3206 = PCURVE('',#2186,#3207);
#3207 = DEFINITIONAL_REPRESENTATION('',(#3208),#3211);
#3208 = B_SPLINE_CURVE_WITH_KNOTS('',1,(#3209,#3210),.UNSPECIFIED.,.F.,
  .F.,(2,2),(-220.,-190.),.PIECEWISE_BEZIER_KNOTS.);
#3209 = CARTESIAN_POINT('',(410.,15.));
#3210 = CARTESIAN_POINT('',(380.,15.));
#3211 = ( GEOMETRIC_REPRESENTATION_CONTEXT(2) 
PARAMETRIC_REPRESENTATION_CONTEXT() REPRESENTATION_CONTEXT('2D SPACE',''
  ) );
#3212 = PCURVE('',#3213,#3218);
#3213 = PLANE('',#3214);
#3214 = AXIS2_PLACEMENT_3D('',#3215,#3216,#3217);
#3215 = CARTESIAN_POINT('',(150.,-135.,1.039E+03));
#3216 = DIRECTION('',(-0.,1.,0.));
#3217 = DIRECTION('',(0.,0.,1.));
#3218 = DEFINITIONAL_REPRESENTATION('',(#3219),#3222);
#3219 = B_SPLINE_CURVE_WITH_KNOTS('',1,(#3220,#3221),.UNSPECIFIED.,.F.,
  .F.,(2,2),(-220.,-190.),.PIECEWISE_BEZIER_KNOTS.);
#3220 = CARTESIAN_POINT('',(1.,30.));
#3221 = CARTESIAN_POINT('',(1.,0.));
#3222 = ( GEOMETRIC_REPRESENTATION_CONTEXT(2) 
PARAMETRIC_REPRESENTATION_CONTEXT() REPRESENTATION_CONTEXT('2D SPACE',''
  ) );
#3223 = ORIENTED_EDGE('',*,*,#3224,.T.);
#3224 = EDGE_CURVE('',#3199,#3225,#3227,.T.);
#3225 = VERTEX_POINT('',#3226);
#3226 = CARTESIAN_POINT('',(150.,-65.,1.04E+03));
#3227 = SURFACE_CURVE('',#3228,(#3232,#3238),.PCURVE_S1.);
#3228 = LINE('',#3229,#3230);
#3229 = CARTESIAN_POINT('',(150.,-142.5,1.04E+03));
#3230 = VECTOR('',#3231,1.);
#3231 = DIRECTION('',(-0.,1.,0.));
#3232 = PCURVE('',#2186,#3233);
#3233 = DEFINITIONAL_REPRESENTATION('',(#3234),#3237);
#3234 = B_SPLINE_CURVE_WITH_KNOTS('',1,(#3235,#3236),.UNSPECIFIED.,.F.,
  .F.,(2,2),(7.5,77.5),.PIECEWISE_BEZIER_KNOTS.);
#3235 = CARTESIAN_POINT('',(380.,15.));
#3236 = CARTESIAN_POINT('',(380.,85.));
#3237 = ( GEOMETRIC_REPRESENTATION_CONTEXT(2) 
PARAMETRIC_REPRESENTATION_CONTEXT() REPRESENTATION_CONTEXT('2D SPACE',''
  ) );
#3238 = PCURVE('',#3239,#3244);
#3239 = PLANE('',#3240);
#3240 = AXIS2_PLACEMENT_3D('',#3241,#3242,#3243);
#3241 = CARTESIAN_POINT('',(150.,-135.,1.039E+03));
#3242 = DIRECTION('',(1.,0.,-0.));
#3243 = DIRECTION('',(0.,0.,1.));
#3244 = DEFINITIONAL_REPRESENTATION('',(#3245),#3248);
#3245 = B_SPLINE_CURVE_WITH_KNOTS('',1,(#3246,#3247),.UNSPECIFIED.,.F.,
  .F.,(2,2),(7.5,77.5),.PIECEWISE_BEZIER_KNOTS.);
#3246 = CARTESIAN_POINT('',(1.,0.));
#3247 = CARTESIAN_POINT('',(1.,-70.));
#3248 = ( GEOMETRIC_REPRESENTATION_CONTEXT(2) 
PARAMETRIC_REPRESENTATION_CONTEXT() REPRESENTATION_CONTEXT('2D SPACE',''
  ) );
#3249 = ORIENTED_EDGE('',*,*,#3250,.F.);
#3250 = EDGE_CURVE('',#3251,#3225,#3253,.T.);
#3251 = VERTEX_POINT('',#3252);
#3252 = CARTESIAN_POINT('',(180.,-65.,1.04E+03));
#3253 = SURFACE_CURVE('',#3254,(#3258,#3264),.PCURVE_S1.);
#3254 = LINE('',#3255,#3256);
#3255 = CARTESIAN_POINT('',(-40.,-65.,1.04E+03));
#3256 = VECTOR('',#3257,1.);
#3257 = DIRECTION('',(-1.,-0.,0.));
#3258 = PCURVE('',#2186,#3259);
#3259 = DEFINITIONAL_REPRESENTATION('',(#3260),#3263);
#3260 = B_SPLINE_CURVE_WITH_KNOTS('',1,(#3261,#3262),.UNSPECIFIED.,.F.,
  .F.,(2,2),(-220.,-190.),.PIECEWISE_BEZIER_KNOTS.);
#3261 = CARTESIAN_POINT('',(410.,85.));
#3262 = CARTESIAN_POINT('',(380.,85.));
#3263 = ( GEOMETRIC_REPRESENTATION_CONTEXT(2) 
PARAMETRIC_REPRESENTATION_CONTEXT() REPRESENTATION_CONTEXT('2D SPACE',''
  ) );
#3264 = PCURVE('',#3265,#3270);
#3265 = PLANE('',#3266);
#3266 = AXIS2_PLACEMENT_3D('',#3267,#3268,#3269);
#3267 = CARTESIAN_POINT('',(150.,-65.,1.039E+03));
#3268 = DIRECTION('',(-0.,1.,0.));
#3269 = DIRECTION('',(0.,0.,1.));
#3270 = DEFINITIONAL_REPRESENTATION('',(#3271),#3274);
#3271 = B_SPLINE_CURVE_WITH_KNOTS('',1,(#3272,#3273),.UNSPECIFIED.,.F.,
  .F.,(2,2),(-220.,-190.),.PIECEWISE_BEZIER_KNOTS.);
#3272 = CARTESIAN_POINT('',(1.,30.));
#3273 = CARTESIAN_POINT('',(1.,0.));
#3274 = ( GEOMETRIC_REPRESENTATION_CONTEXT(2) 
PARAMETRIC_REPRESENTATION_CONTEXT() REPRESENTATION_CONTEXT('2D SPACE',''
  ) );
#3275 = ORIENTED_EDGE('',*,*,#3276,.F.);
#3276 = EDGE_CURVE('',#3197,#3251,#3277,.T.);
#3277 = SURFACE_CURVE('',#3278,(#3282,#3288),.PCURVE_S1.);
#3278 = LINE('',#3279,#3280);
#3279 = CARTESIAN_POINT('',(180.,-142.5,1.04E+03));
#3280 = VECTOR('',#3281,1.);
#3281 = DIRECTION('',(-0.,1.,0.));
#3282 = PCURVE('',#2186,#3283);
#3283 = DEFINITIONAL_REPRESENTATION('',(#3284),#3287);
#3284 = B_SPLINE_CURVE_WITH_KNOTS('',1,(#3285,#3286),.UNSPECIFIED.,.F.,
  .F.,(2,2),(7.5,77.5),.PIECEWISE_BEZIER_KNOTS.);
#3285 = CARTESIAN_POINT('',(410.,15.));
#3286 = CARTESIAN_POINT('',(410.,85.));
#3287 = ( GEOMETRIC_REPRESENTATION_CONTEXT(2) 
PARAMETRIC_REPRESENTATION_CONTEXT() REPRESENTATION_CONTEXT('2D SPACE',''
  ) );
#3288 = PCURVE('',#3289,#3294);
#3289 = PLANE('',#3290);
#3290 = AXIS2_PLACEMENT_3D('',#3291,#3292,#3293);
#3291 = CARTESIAN_POINT('',(180.,-135.,1.039E+03));
#3292 = DIRECTION('',(1.,0.,-0.));
#3293 = DIRECTION('',(0.,0.,1.));
#3294 = DEFINITIONAL_REPRESENTATION('',(#3295),#3298);
#3295 = B_SPLINE_CURVE_WITH_KNOTS('',1,(#3296,#3297),.UNSPECIFIED.,.F.,
  .F.,(2,2),(7.5,77.5),.PIECEWISE_BEZIER_KNOTS.);
#3296 = CARTESIAN_POINT('',(1.,0.));
#3297 = CARTESIAN_POINT('',(1.,-70.));
#3298 = ( GEOMETRIC_REPRESENTATION_CONTEXT(2) 
PARAMETRIC_REPRESENTATION_CONTEXT() REPRESENTATION_CONTEXT('2D SPACE',''
  ) );
#3299 = ADVANCED_FACE('',(#3300),#2316,.T.);
#3300 = FACE_BOUND('',#3301,.T.);
#3301 = EDGE_LOOP('',(#3302,#3303,#3304,#3305));
#3302 = ORIENTED_EDGE('',*,*,#2302,.F.);
#3303 = ORIENTED_EDGE('',*,*,#2642,.T.);
#3304 = ORIENTED_EDGE('',*,*,#2616,.T.);
#3305 = ORIENTED_EDGE('',*,*,#2544,.F.);
#3306 = ADVANCED_FACE('',(#3307),#2351,.F.);
#3307 = FACE_BOUND('',#3308,.F.);
#3308 = EDGE_LOOP('',(#3309,#3310,#3333,#3364));
#3309 = ORIENTED_EDGE('',*,*,#2330,.F.);
#3310 = ORIENTED_EDGE('',*,*,#3311,.F.);
#3311 = EDGE_CURVE('',#3312,#2331,#3314,.T.);
#3312 = VERTEX_POINT('',#3313);
#3313 = CARTESIAN_POINT('',(-58.,-148.,1.12E+03));
#3314 = SEAM_CURVE('',#3315,(#3319,#3326),.PCURVE_S1.);
#3315 = LINE('',#3316,#3317);
#3316 = CARTESIAN_POINT('',(-58.,-147.,1.12E+03));
#3317 = VECTOR('',#3318,1.);
#3318 = DIRECTION('',(0.,-1.,2.22044604925E-16));
#3319 = PCURVE('',#2351,#3320);
#3320 = DEFINITIONAL_REPRESENTATION('',(#3321),#3325);
#3321 = LINE('',#3322,#3323);
#3322 = CARTESIAN_POINT('',(6.28318530718,-0.));
#3323 = VECTOR('',#3324,1.);
#3324 = DIRECTION('',(0.,1.));
#3325 = ( GEOMETRIC_REPRESENTATION_CONTEXT(2) 
PARAMETRIC_REPRESENTATION_CONTEXT() REPRESENTATION_CONTEXT('2D SPACE',''
  ) );
#3326 = PCURVE('',#2351,#3327);
#3327 = DEFINITIONAL_REPRESENTATION('',(#3328),#3332);
#3328 = LINE('',#3329,#3330);
#3329 = CARTESIAN_POINT('',(0.,-0.));
#3330 = VECTOR('',#3331,1.);
#3331 = DIRECTION('',(0.,1.));
#3332 = ( GEOMETRIC_REPRESENTATION_CONTEXT(2) 
PARAMETRIC_REPRESENTATION_CONTEXT() REPRESENTATION_CONTEXT('2D SPACE',''
  ) );
#3333 = ORIENTED_EDGE('',*,*,#3334,.T.);
#3334 = EDGE_CURVE('',#3312,#3312,#3335,.T.);
#3335 = SURFACE_CURVE('',#3336,(#3341,#3348),.PCURVE_S1.);
#3336 = CIRCLE('',#3337,12.);
#3337 = AXIS2_PLACEMENT_3D('',#3338,#3339,#3340);
#3338 = CARTESIAN_POINT('',(-70.,-148.,1.12E+03));
#3339 = DIRECTION('',(0.,-1.,2.22044604925E-16));
#3340 = DIRECTION('',(1.,0.,0.));
#3341 = PCURVE('',#2351,#3342);
#3342 = DEFINITIONAL_REPRESENTATION('',(#3343),#3347);
#3343 = LINE('',#3344,#3345);
#3344 = CARTESIAN_POINT('',(0.,1.));
#3345 = VECTOR('',#3346,1.);
#3346 = DIRECTION('',(1.,0.));
#3347 = ( GEOMETRIC_REPRESENTATION_CONTEXT(2) 
PARAMETRIC_REPRESENTATION_CONTEXT() REPRESENTATION_CONTEXT('2D SPACE',''
  ) );
#3348 = PCURVE('',#3349,#3354);
#3349 = PLANE('',#3350);
#3350 = AXIS2_PLACEMENT_3D('',#3351,#3352,#3353);
#3351 = CARTESIAN_POINT('',(-228.,-148.,1.042E+03));
#3352 = DIRECTION('',(-0.,1.,0.));
#3353 = DIRECTION('',(0.,0.,1.));
#3354 = DEFINITIONAL_REPRESENTATION('',(#3355),#3363);
#3355 = ( BOUNDED_CURVE() B_SPLINE_CURVE(2,(#3356,#3357,#3358,#3359,
#3360,#3361,#3362),.UNSPECIFIED.,.T.,.F.) B_SPLINE_CURVE_WITH_KNOTS((1,2
    ,2,2,2,1),(-2.094395102393,0.,2.094395102393,4.188790204786,
6.28318530718,8.377580409573),.UNSPECIFIED.) CURVE() 
GEOMETRIC_REPRESENTATION_ITEM() RATIONAL_B_SPLINE_CURVE((1.,0.5,1.,0.5,
1.,0.5,1.)) REPRESENTATION_ITEM('') );
#3356 = CARTESIAN_POINT('',(78.,170.));
#3357 = CARTESIAN_POINT('',(98.784609690827,170.));
#3358 = CARTESIAN_POINT('',(88.392304845413,152.));
#3359 = CARTESIAN_POINT('',(78.,134.));
#3360 = CARTESIAN_POINT('',(67.607695154587,152.));
#3361 = CARTESIAN_POINT('',(57.215390309173,170.));
#3362 = CARTESIAN_POINT('',(78.,170.));
#3363 = ( GEOMETRIC_REPRESENTATION_CONTEXT(2) 
PARAMETRIC_REPRESENTATION_CONTEXT() REPRESENTATION_CONTEXT('2D SPACE',''
  ) );
#3364 = ORIENTED_EDGE('',*,*,#3311,.T.);
#3365 = ADVANCED_FACE('',(#3366),#2386,.F.);
#3366 = FACE_BOUND('',#3367,.F.);
#3367 = EDGE_LOOP('',(#3368,#3369,#3392,#3418));
#3368 = ORIENTED_EDGE('',*,*,#2365,.F.);
#3369 = ORIENTED_EDGE('',*,*,#3370,.F.);
#3370 = EDGE_CURVE('',#3371,#2366,#3373,.T.);
#3371 = VERTEX_POINT('',#3372);
#3372 = CARTESIAN_POINT('',(12.,-148.,1.12E+03));
#3373 = SEAM_CURVE('',#3374,(#3378,#3385),.PCURVE_S1.);
#3374 = LINE('',#3375,#3376);
#3375 = CARTESIAN_POINT('',(12.,-147.,1.12E+03));
#3376 = VECTOR('',#3377,1.);
#3377 = DIRECTION('',(0.,-1.,2.22044604925E-16));
#3378 = PCURVE('',#2386,#3379);
#3379 = DEFINITIONAL_REPRESENTATION('',(#3380),#3384);
#3380 = LINE('',#3381,#3382);
#3381 = CARTESIAN_POINT('',(6.28318530718,-0.));
#3382 = VECTOR('',#3383,1.);
#3383 = DIRECTION('',(0.,1.));
#3384 = ( GEOMETRIC_REPRESENTATION_CONTEXT(2) 
PARAMETRIC_REPRESENTATION_CONTEXT() REPRESENTATION_CONTEXT('2D SPACE',''
  ) );
#3385 = PCURVE('',#2386,#3386);
#3386 = DEFINITIONAL_REPRESENTATION('',(#3387),#3391);
#3387 = LINE('',#3388,#3389);
#3388 = CARTESIAN_POINT('',(0.,-0.));
#3389 = VECTOR('',#3390,1.);
#3390 = DIRECTION('',(0.,1.));
#3391 = ( GEOMETRIC_REPRESENTATION_CONTEXT(2) 
PARAMETRIC_REPRESENTATION_CONTEXT() REPRESENTATION_CONTEXT('2D SPACE',''
  ) );
#3392 = ORIENTED_EDGE('',*,*,#3393,.T.);
#3393 = EDGE_CURVE('',#3371,#3371,#3394,.T.);
#3394 = SURFACE_CURVE('',#3395,(#3400,#3407),.PCURVE_S1.);
#3395 = CIRCLE('',#3396,12.);
#3396 = AXIS2_PLACEMENT_3D('',#3397,#3398,#3399);
#3397 = CARTESIAN_POINT('',(0.,-148.,1.12E+03));
#3398 = DIRECTION('',(0.,-1.,2.22044604925E-16));
#3399 = DIRECTION('',(1.,0.,0.));
#3400 = PCURVE('',#2386,#3401);
#3401 = DEFINITIONAL_REPRESENTATION('',(#3402),#3406);
#3402 = LINE('',#3403,#3404);
#3403 = CARTESIAN_POINT('',(0.,1.));
#3404 = VECTOR('',#3405,1.);
#3405 = DIRECTION('',(1.,0.));
#3406 = ( GEOMETRIC_REPRESENTATION_CONTEXT(2) 
PARAMETRIC_REPRESENTATION_CONTEXT() REPRESENTATION_CONTEXT('2D SPACE',''
  ) );
#3407 = PCURVE('',#3349,#3408);
#3408 = DEFINITIONAL_REPRESENTATION('',(#3409),#3417);
#3409 = ( BOUNDED_CURVE() B_SPLINE_CURVE(2,(#3410,#3411,#3412,#3413,
#3414,#3415,#3416),.UNSPECIFIED.,.T.,.F.) B_SPLINE_CURVE_WITH_KNOTS((1,2
    ,2,2,2,1),(-2.094395102393,0.,2.094395102393,4.188790204786,
6.28318530718,8.377580409573),.UNSPECIFIED.) CURVE() 
GEOMETRIC_REPRESENTATION_ITEM() RATIONAL_B_SPLINE_CURVE((1.,0.5,1.,0.5,
1.,0.5,1.)) REPRESENTATION_ITEM('') );
#3410 = CARTESIAN_POINT('',(78.,240.));
#3411 = CARTESIAN_POINT('',(98.784609690827,240.));
#3412 = CARTESIAN_POINT('',(88.392304845413,222.));
#3413 = CARTESIAN_POINT('',(78.,204.));
#3414 = CARTESIAN_POINT('',(67.607695154587,222.));
#3415 = CARTESIAN_POINT('',(57.215390309173,240.));
#3416 = CARTESIAN_POINT('',(78.,240.));
#3417 = ( GEOMETRIC_REPRESENTATION_CONTEXT(2) 
PARAMETRIC_REPRESENTATION_CONTEXT() REPRESENTATION_CONTEXT('2D SPACE',''
  ) );
#3418 = ORIENTED_EDGE('',*,*,#3370,.T.);
#3419 = ADVANCED_FACE('',(#3420),#2421,.F.);
#3420 = FACE_BOUND('',#3421,.F.);
#3421 = EDGE_LOOP('',(#3422,#3423,#3446,#3472));
#3422 = ORIENTED_EDGE('',*,*,#2400,.F.);
#3423 = ORIENTED_EDGE('',*,*,#3424,.F.);
#3424 = EDGE_CURVE('',#3425,#2401,#3427,.T.);
#3425 = VERTEX_POINT('',#3426);
#3426 = CARTESIAN_POINT('',(82.,-148.,1.12E+03));
#3427 = SEAM_CURVE('',#3428,(#3432,#3439),.PCURVE_S1.);
#3428 = LINE('',#3429,#3430);
#3429 = CARTESIAN_POINT('',(82.,-147.,1.12E+03));
#3430 = VECTOR('',#3431,1.);
#3431 = DIRECTION('',(0.,-1.,2.22044604925E-16));
#3432 = PCURVE('',#2421,#3433);
#3433 = DEFINITIONAL_REPRESENTATION('',(#3434),#3438);
#3434 = LINE('',#3435,#3436);
#3435 = CARTESIAN_POINT('',(6.28318530718,-0.));
#3436 = VECTOR('',#3437,1.);
#3437 = DIRECTION('',(0.,1.));
#3438 = ( GEOMETRIC_REPRESENTATION_CONTEXT(2) 
PARAMETRIC_REPRESENTATION_CONTEXT() REPRESENTATION_CONTEXT('2D SPACE',''
  ) );
#3439 = PCURVE('',#2421,#3440);
#3440 = DEFINITIONAL_REPRESENTATION('',(#3441),#3445);
#3441 = LINE('',#3442,#3443);
#3442 = CARTESIAN_POINT('',(0.,-0.));
#3443 = VECTOR('',#3444,1.);
#3444 = DIRECTION('',(0.,1.));
#3445 = ( GEOMETRIC_REPRESENTATION_CONTEXT(2) 
PARAMETRIC_REPRESENTATION_CONTEXT() REPRESENTATION_CONTEXT('2D SPACE',''
  ) );
#3446 = ORIENTED_EDGE('',*,*,#3447,.T.);
#3447 = EDGE_CURVE('',#3425,#3425,#3448,.T.);
#3448 = SURFACE_CURVE('',#3449,(#3454,#3461),.PCURVE_S1.);
#3449 = CIRCLE('',#3450,12.);
#3450 = AXIS2_PLACEMENT_3D('',#3451,#3452,#3453);
#3451 = CARTESIAN_POINT('',(70.,-148.,1.12E+03));
#3452 = DIRECTION('',(0.,-1.,2.22044604925E-16));
#3453 = DIRECTION('',(1.,0.,0.));
#3454 = PCURVE('',#2421,#3455);
#3455 = DEFINITIONAL_REPRESENTATION('',(#3456),#3460);
#3456 = LINE('',#3457,#3458);
#3457 = CARTESIAN_POINT('',(0.,1.));
#3458 = VECTOR('',#3459,1.);
#3459 = DIRECTION('',(1.,0.));
#3460 = ( GEOMETRIC_REPRESENTATION_CONTEXT(2) 
PARAMETRIC_REPRESENTATION_CONTEXT() REPRESENTATION_CONTEXT('2D SPACE',''
  ) );
#3461 = PCURVE('',#3349,#3462);
#3462 = DEFINITIONAL_REPRESENTATION('',(#3463),#3471);
#3463 = ( BOUNDED_CURVE() B_SPLINE_CURVE(2,(#3464,#3465,#3466,#3467,
#3468,#3469,#3470),.UNSPECIFIED.,.T.,.F.) B_SPLINE_CURVE_WITH_KNOTS((1,2
    ,2,2,2,1),(-2.094395102393,0.,2.094395102393,4.188790204786,
6.28318530718,8.377580409573),.UNSPECIFIED.) CURVE() 
GEOMETRIC_REPRESENTATION_ITEM() RATIONAL_B_SPLINE_CURVE((1.,0.5,1.,0.5,
1.,0.5,1.)) REPRESENTATION_ITEM('') );
#3464 = CARTESIAN_POINT('',(78.,310.));
#3465 = CARTESIAN_POINT('',(98.784609690827,310.));
#3466 = CARTESIAN_POINT('',(88.392304845413,292.));
#3467 = CARTESIAN_POINT('',(78.,274.));
#3468 = CARTESIAN_POINT('',(67.607695154587,292.));
#3469 = CARTESIAN_POINT('',(57.215390309173,310.));
#3470 = CARTESIAN_POINT('',(78.,310.));
#3471 = ( GEOMETRIC_REPRESENTATION_CONTEXT(2) 
PARAMETRIC_REPRESENTATION_CONTEXT() REPRESENTATION_CONTEXT('2D SPACE',''
  ) );
#3472 = ORIENTED_EDGE('',*,*,#3424,.T.);
#3473 = ADVANCED_FACE('',(#3474),#2452,.F.);
#3474 = FACE_BOUND('',#3475,.F.);
#3475 = EDGE_LOOP('',(#3476,#3499,#3500,#3523));
#3476 = ORIENTED_EDGE('',*,*,#3477,.F.);
#3477 = EDGE_CURVE('',#2436,#3478,#3480,.T.);
#3478 = VERTEX_POINT('',#3479);
#3479 = CARTESIAN_POINT('',(-120.,-148.,1.62E+03));
#3480 = SURFACE_CURVE('',#3481,(#3485,#3492),.PCURVE_S1.);
#3481 = LINE('',#3482,#3483);
#3482 = CARTESIAN_POINT('',(-120.,-151.,1.62E+03));
#3483 = VECTOR('',#3484,1.);
#3484 = DIRECTION('',(-0.,1.,0.));
#3485 = PCURVE('',#2452,#3486);
#3486 = DEFINITIONAL_REPRESENTATION('',(#3487),#3491);
#3487 = LINE('',#3488,#3489);
#3488 = CARTESIAN_POINT('',(0.,0.));
#3489 = VECTOR('',#3490,1.);
#3490 = DIRECTION('',(0.,1.));
#3491 = ( GEOMETRIC_REPRESENTATION_CONTEXT(2) 
PARAMETRIC_REPRESENTATION_CONTEXT() REPRESENTATION_CONTEXT('2D SPACE',''
  ) );
#3492 = PCURVE('',#2478,#3493);
#3493 = DEFINITIONAL_REPRESENTATION('',(#3494),#3498);
#3494 = LINE('',#3495,#3496);
#3495 = CARTESIAN_POINT('',(320.,0.));
#3496 = VECTOR('',#3497,1.);
#3497 = DIRECTION('',(0.,-1.));
#3498 = ( GEOMETRIC_REPRESENTATION_CONTEXT(2) 
PARAMETRIC_REPRESENTATION_CONTEXT() REPRESENTATION_CONTEXT('2D SPACE',''
  ) );
#3499 = ORIENTED_EDGE('',*,*,#2435,.T.);
#3500 = ORIENTED_EDGE('',*,*,#3501,.T.);
#3501 = EDGE_CURVE('',#2438,#3502,#3504,.T.);
#3502 = VERTEX_POINT('',#3503);
#3503 = CARTESIAN_POINT('',(120.,-148.,1.62E+03));
#3504 = SURFACE_CURVE('',#3505,(#3509,#3516),.PCURVE_S1.);
#3505 = LINE('',#3506,#3507);
#3506 = CARTESIAN_POINT('',(120.,-151.,1.62E+03));
#3507 = VECTOR('',#3508,1.);
#3508 = DIRECTION('',(-0.,1.,0.));
#3509 = PCURVE('',#2452,#3510);
#3510 = DEFINITIONAL_REPRESENTATION('',(#3511),#3515);
#3511 = LINE('',#3512,#3513);
#3512 = CARTESIAN_POINT('',(240.,0.));
#3513 = VECTOR('',#3514,1.);
#3514 = DIRECTION('',(0.,1.));
#3515 = ( GEOMETRIC_REPRESENTATION_CONTEXT(2) 
PARAMETRIC_REPRESENTATION_CONTEXT() REPRESENTATION_CONTEXT('2D SPACE',''
  ) );
#3516 = PCURVE('',#2528,#3517);
#3517 = DEFINITIONAL_REPRESENTATION('',(#3518),#3522);
#3518 = LINE('',#3519,#3520);
#3519 = CARTESIAN_POINT('',(320.,0.));
#3520 = VECTOR('',#3521,1.);
#3521 = DIRECTION('',(0.,-1.));
#3522 = ( GEOMETRIC_REPRESENTATION_CONTEXT(2) 
PARAMETRIC_REPRESENTATION_CONTEXT() REPRESENTATION_CONTEXT('2D SPACE',''
  ) );
#3523 = ORIENTED_EDGE('',*,*,#3524,.F.);
#3524 = EDGE_CURVE('',#3478,#3502,#3525,.T.);
#3525 = SURFACE_CURVE('',#3526,(#3530,#3536),.PCURVE_S1.);
#3526 = LINE('',#3527,#3528);
#3527 = CARTESIAN_POINT('',(-174.,-148.,1.62E+03));
#3528 = VECTOR('',#3529,1.);
#3529 = DIRECTION('',(1.,0.,-0.));
#3530 = PCURVE('',#2452,#3531);
#3531 = DEFINITIONAL_REPRESENTATION('',(#3532),#3535);
#3532 = B_SPLINE_CURVE_WITH_KNOTS('',1,(#3533,#3534),.UNSPECIFIED.,.F.,
  .F.,(2,2),(54.,294.),.PIECEWISE_BEZIER_KNOTS.);
#3533 = CARTESIAN_POINT('',(0.,3.));
#3534 = CARTESIAN_POINT('',(240.,3.));
#3535 = ( GEOMETRIC_REPRESENTATION_CONTEXT(2) 
PARAMETRIC_REPRESENTATION_CONTEXT() REPRESENTATION_CONTEXT('2D SPACE',''
  ) );
#3536 = PCURVE('',#3349,#3537);
#3537 = DEFINITIONAL_REPRESENTATION('',(#3538),#3541);
#3538 = B_SPLINE_CURVE_WITH_KNOTS('',1,(#3539,#3540),.UNSPECIFIED.,.F.,
  .F.,(2,2),(54.,294.),.PIECEWISE_BEZIER_KNOTS.);
#3539 = CARTESIAN_POINT('',(578.,108.));
#3540 = CARTESIAN_POINT('',(578.,348.));
#3541 = ( GEOMETRIC_REPRESENTATION_CONTEXT(2) 
PARAMETRIC_REPRESENTATION_CONTEXT() REPRESENTATION_CONTEXT('2D SPACE',''
  ) );
#3542 = ADVANCED_FACE('',(#3543),#2478,.T.);
#3543 = FACE_BOUND('',#3544,.T.);
#3544 = EDGE_LOOP('',(#3545,#3546,#3547,#3570));
#3545 = ORIENTED_EDGE('',*,*,#3477,.F.);
#3546 = ORIENTED_EDGE('',*,*,#2463,.T.);
#3547 = ORIENTED_EDGE('',*,*,#3548,.T.);
#3548 = EDGE_CURVE('',#2464,#3549,#3551,.T.);
#3549 = VERTEX_POINT('',#3550);
#3550 = CARTESIAN_POINT('',(-120.,-148.,1.3E+03));
#3551 = SURFACE_CURVE('',#3552,(#3556,#3563),.PCURVE_S1.);
#3552 = LINE('',#3553,#3554);
#3553 = CARTESIAN_POINT('',(-120.,-151.,1.3E+03));
#3554 = VECTOR('',#3555,1.);
#3555 = DIRECTION('',(-0.,1.,0.));
#3556 = PCURVE('',#2478,#3557);
#3557 = DEFINITIONAL_REPRESENTATION('',(#3558),#3562);
#3558 = LINE('',#3559,#3560);
#3559 = CARTESIAN_POINT('',(0.,0.));
#3560 = VECTOR('',#3561,1.);
#3561 = DIRECTION('',(0.,-1.));
#3562 = ( GEOMETRIC_REPRESENTATION_CONTEXT(2) 
PARAMETRIC_REPRESENTATION_CONTEXT() REPRESENTATION_CONTEXT('2D SPACE',''
  ) );
#3563 = PCURVE('',#2504,#3564);
#3564 = DEFINITIONAL_REPRESENTATION('',(#3565),#3569);
#3565 = LINE('',#3566,#3567);
#3566 = CARTESIAN_POINT('',(0.,0.));
#3567 = VECTOR('',#3568,1.);
#3568 = DIRECTION('',(0.,1.));
#3569 = ( GEOMETRIC_REPRESENTATION_CONTEXT(2) 
PARAMETRIC_REPRESENTATION_CONTEXT() REPRESENTATION_CONTEXT('2D SPACE',''
  ) );
#3570 = ORIENTED_EDGE('',*,*,#3571,.F.);
#3571 = EDGE_CURVE('',#3478,#3549,#3572,.T.);
#3572 = SURFACE_CURVE('',#3573,(#3577,#3583),.PCURVE_S1.);
#3573 = LINE('',#3574,#3575);
#3574 = CARTESIAN_POINT('',(-120.,-148.,1.171E+03));
#3575 = VECTOR('',#3576,1.);
#3576 = DIRECTION('',(-0.,0.,-1.));
#3577 = PCURVE('',#2478,#3578);
#3578 = DEFINITIONAL_REPRESENTATION('',(#3579),#3582);
#3579 = B_SPLINE_CURVE_WITH_KNOTS('',1,(#3580,#3581),.UNSPECIFIED.,.F.,
  .F.,(2,2),(-449.,-129.),.PIECEWISE_BEZIER_KNOTS.);
#3580 = CARTESIAN_POINT('',(320.,-3.));
#3581 = CARTESIAN_POINT('',(0.,-3.));
#3582 = ( GEOMETRIC_REPRESENTATION_CONTEXT(2) 
PARAMETRIC_REPRESENTATION_CONTEXT() REPRESENTATION_CONTEXT('2D SPACE',''
  ) );
#3583 = PCURVE('',#3349,#3584);
#3584 = DEFINITIONAL_REPRESENTATION('',(#3585),#3588);
#3585 = B_SPLINE_CURVE_WITH_KNOTS('',1,(#3586,#3587),.UNSPECIFIED.,.F.,
  .F.,(2,2),(-449.,-129.),.PIECEWISE_BEZIER_KNOTS.);
#3586 = CARTESIAN_POINT('',(578.,108.));
#3587 = CARTESIAN_POINT('',(258.,108.));
#3588 = ( GEOMETRIC_REPRESENTATION_CONTEXT(2) 
PARAMETRIC_REPRESENTATION_CONTEXT() REPRESENTATION_CONTEXT('2D SPACE',''
  ) );
#3589 = ADVANCED_FACE('',(#3590),#2528,.F.);
#3590 = FACE_BOUND('',#3591,.F.);
#3591 = EDGE_LOOP('',(#3592,#3593,#3594,#3617));
#3592 = ORIENTED_EDGE('',*,*,#3501,.F.);
#3593 = ORIENTED_EDGE('',*,*,#2515,.T.);
#3594 = ORIENTED_EDGE('',*,*,#3595,.T.);
#3595 = EDGE_CURVE('',#2490,#3596,#3598,.T.);
#3596 = VERTEX_POINT('',#3597);
#3597 = CARTESIAN_POINT('',(120.,-148.,1.3E+03));
#3598 = SURFACE_CURVE('',#3599,(#3603,#3610),.PCURVE_S1.);
#3599 = LINE('',#3600,#3601);
#3600 = CARTESIAN_POINT('',(120.,-151.,1.3E+03));
#3601 = VECTOR('',#3602,1.);
#3602 = DIRECTION('',(-0.,1.,0.));
#3603 = PCURVE('',#2528,#3604);
#3604 = DEFINITIONAL_REPRESENTATION('',(#3605),#3609);
#3605 = LINE('',#3606,#3607);
#3606 = CARTESIAN_POINT('',(0.,0.));
#3607 = VECTOR('',#3608,1.);
#3608 = DIRECTION('',(0.,-1.));
#3609 = ( GEOMETRIC_REPRESENTATION_CONTEXT(2) 
PARAMETRIC_REPRESENTATION_CONTEXT() REPRESENTATION_CONTEXT('2D SPACE',''
  ) );
#3610 = PCURVE('',#2504,#3611);
#3611 = DEFINITIONAL_REPRESENTATION('',(#3612),#3616);
#3612 = LINE('',#3613,#3614);
#3613 = CARTESIAN_POINT('',(240.,0.));
#3614 = VECTOR('',#3615,1.);
#3615 = DIRECTION('',(0.,1.));
#3616 = ( GEOMETRIC_REPRESENTATION_CONTEXT(2) 
PARAMETRIC_REPRESENTATION_CONTEXT() REPRESENTATION_CONTEXT('2D SPACE',''
  ) );
#3617 = ORIENTED_EDGE('',*,*,#3618,.F.);
#3618 = EDGE_CURVE('',#3502,#3596,#3619,.T.);
#3619 = SURFACE_CURVE('',#3620,(#3624,#3630),.PCURVE_S1.);
#3620 = LINE('',#3621,#3622);
#3621 = CARTESIAN_POINT('',(120.,-148.,1.171E+03));
#3622 = VECTOR('',#3623,1.);
#3623 = DIRECTION('',(-0.,0.,-1.));
#3624 = PCURVE('',#2528,#3625);
#3625 = DEFINITIONAL_REPRESENTATION('',(#3626),#3629);
#3626 = B_SPLINE_CURVE_WITH_KNOTS('',1,(#3627,#3628),.UNSPECIFIED.,.F.,
  .F.,(2,2),(-449.,-129.),.PIECEWISE_BEZIER_KNOTS.);
#3627 = CARTESIAN_POINT('',(320.,-3.));
#3628 = CARTESIAN_POINT('',(0.,-3.));
#3629 = ( GEOMETRIC_REPRESENTATION_CONTEXT(2) 
PARAMETRIC_REPRESENTATION_CONTEXT() REPRESENTATION_CONTEXT('2D SPACE',''
  ) );
#3630 = PCURVE('',#3349,#3631);
#3631 = DEFINITIONAL_REPRESENTATION('',(#3632),#3635);
#3632 = B_SPLINE_CURVE_WITH_KNOTS('',1,(#3633,#3634),.UNSPECIFIED.,.F.,
  .F.,(2,2),(-449.,-129.),.PIECEWISE_BEZIER_KNOTS.);
#3633 = CARTESIAN_POINT('',(578.,348.));
#3634 = CARTESIAN_POINT('',(258.,348.));
#3635 = ( GEOMETRIC_REPRESENTATION_CONTEXT(2) 
PARAMETRIC_REPRESENTATION_CONTEXT() REPRESENTATION_CONTEXT('2D SPACE',''
  ) );
#3636 = ADVANCED_FACE('',(#3637),#2504,.T.);
#3637 = FACE_BOUND('',#3638,.T.);
#3638 = EDGE_LOOP('',(#3639,#3640,#3641,#3642));
#3639 = ORIENTED_EDGE('',*,*,#3548,.F.);
#3640 = ORIENTED_EDGE('',*,*,#2489,.T.);
#3641 = ORIENTED_EDGE('',*,*,#3595,.T.);
#3642 = ORIENTED_EDGE('',*,*,#3643,.F.);
#3643 = EDGE_CURVE('',#3549,#3596,#3644,.T.);
#3644 = SURFACE_CURVE('',#3645,(#3649,#3655),.PCURVE_S1.);
#3645 = LINE('',#3646,#3647);
#3646 = CARTESIAN_POINT('',(-174.,-148.,1.3E+03));
#3647 = VECTOR('',#3648,1.);
#3648 = DIRECTION('',(1.,0.,-0.));
#3649 = PCURVE('',#2504,#3650);
#3650 = DEFINITIONAL_REPRESENTATION('',(#3651),#3654);
#3651 = B_SPLINE_CURVE_WITH_KNOTS('',1,(#3652,#3653),.UNSPECIFIED.,.F.,
  .F.,(2,2),(54.,294.),.PIECEWISE_BEZIER_KNOTS.);
#3652 = CARTESIAN_POINT('',(0.,3.));
#3653 = CARTESIAN_POINT('',(240.,3.));
#3654 = ( GEOMETRIC_REPRESENTATION_CONTEXT(2) 
PARAMETRIC_REPRESENTATION_CONTEXT() REPRESENTATION_CONTEXT('2D SPACE',''
  ) );
#3655 = PCURVE('',#3349,#3656);
#3656 = DEFINITIONAL_REPRESENTATION('',(#3657),#3660);
#3657 = B_SPLINE_CURVE_WITH_KNOTS('',1,(#3658,#3659),.UNSPECIFIED.,.F.,
  .F.,(2,2),(54.,294.),.PIECEWISE_BEZIER_KNOTS.);
#3658 = CARTESIAN_POINT('',(258.,108.));
#3659 = CARTESIAN_POINT('',(258.,348.));
#3660 = ( GEOMETRIC_REPRESENTATION_CONTEXT(2) 
PARAMETRIC_REPRESENTATION_CONTEXT() REPRESENTATION_CONTEXT('2D SPACE',''
  ) );
#3661 = ADVANCED_FACE('',(#3662),#2683,.T.);
#3662 = FACE_BOUND('',#3663,.T.);
#3663 = EDGE_LOOP('',(#3664,#3687,#3688,#3711));
#3664 = ORIENTED_EDGE('',*,*,#3665,.F.);
#3665 = EDGE_CURVE('',#2667,#3666,#3668,.T.);
#3666 = VERTEX_POINT('',#3667);
#3667 = CARTESIAN_POINT('',(-120.,-135.,1.042E+03));
#3668 = SURFACE_CURVE('',#3669,(#3673,#3680),.PCURVE_S1.);
#3669 = LINE('',#3670,#3671);
#3670 = CARTESIAN_POINT('',(-120.,-135.,1.039E+03));
#3671 = VECTOR('',#3672,1.);
#3672 = DIRECTION('',(0.,0.,1.));
#3673 = PCURVE('',#2683,#3674);
#3674 = DEFINITIONAL_REPRESENTATION('',(#3675),#3679);
#3675 = LINE('',#3676,#3677);
#3676 = CARTESIAN_POINT('',(0.,30.));
#3677 = VECTOR('',#3678,1.);
#3678 = DIRECTION('',(1.,0.));
#3679 = ( GEOMETRIC_REPRESENTATION_CONTEXT(2) 
PARAMETRIC_REPRESENTATION_CONTEXT() REPRESENTATION_CONTEXT('2D SPACE',''
  ) );
#3680 = PCURVE('',#2759,#3681);
#3681 = DEFINITIONAL_REPRESENTATION('',(#3682),#3686);
#3682 = LINE('',#3683,#3684);
#3683 = CARTESIAN_POINT('',(0.,0.));
#3684 = VECTOR('',#3685,1.);
#3685 = DIRECTION('',(1.,0.));
#3686 = ( GEOMETRIC_REPRESENTATION_CONTEXT(2) 
PARAMETRIC_REPRESENTATION_CONTEXT() REPRESENTATION_CONTEXT('2D SPACE',''
  ) );
#3687 = ORIENTED_EDGE('',*,*,#2666,.T.);
#3688 = ORIENTED_EDGE('',*,*,#3689,.T.);
#3689 = EDGE_CURVE('',#2669,#3690,#3692,.T.);
#3690 = VERTEX_POINT('',#3691);
#3691 = CARTESIAN_POINT('',(-150.,-135.,1.042E+03));
#3692 = SURFACE_CURVE('',#3693,(#3697,#3704),.PCURVE_S1.);
#3693 = LINE('',#3694,#3695);
#3694 = CARTESIAN_POINT('',(-150.,-135.,1.039E+03));
#3695 = VECTOR('',#3696,1.);
#3696 = DIRECTION('',(0.,0.,1.));
#3697 = PCURVE('',#2683,#3698);
#3698 = DEFINITIONAL_REPRESENTATION('',(#3699),#3703);
#3699 = LINE('',#3700,#3701);
#3700 = CARTESIAN_POINT('',(0.,0.));
#3701 = VECTOR('',#3702,1.);
#3702 = DIRECTION('',(1.,0.));
#3703 = ( GEOMETRIC_REPRESENTATION_CONTEXT(2) 
PARAMETRIC_REPRESENTATION_CONTEXT() REPRESENTATION_CONTEXT('2D SPACE',''
  ) );
#3704 = PCURVE('',#2709,#3705);
#3705 = DEFINITIONAL_REPRESENTATION('',(#3706),#3710);
#3706 = LINE('',#3707,#3708);
#3707 = CARTESIAN_POINT('',(0.,0.));
#3708 = VECTOR('',#3709,1.);
#3709 = DIRECTION('',(1.,0.));
#3710 = ( GEOMETRIC_REPRESENTATION_CONTEXT(2) 
PARAMETRIC_REPRESENTATION_CONTEXT() REPRESENTATION_CONTEXT('2D SPACE',''
  ) );
#3711 = ORIENTED_EDGE('',*,*,#3712,.F.);
#3712 = EDGE_CURVE('',#3666,#3690,#3713,.T.);
#3713 = SURFACE_CURVE('',#3714,(#3718,#3724),.PCURVE_S1.);
#3714 = LINE('',#3715,#3716);
#3715 = CARTESIAN_POINT('',(-189.,-135.,1.042E+03));
#3716 = VECTOR('',#3717,1.);
#3717 = DIRECTION('',(-1.,-0.,0.));
#3718 = PCURVE('',#2683,#3719);
#3719 = DEFINITIONAL_REPRESENTATION('',(#3720),#3723);
#3720 = B_SPLINE_CURVE_WITH_KNOTS('',1,(#3721,#3722),.UNSPECIFIED.,.F.,
  .F.,(2,2),(-69.,-39.),.PIECEWISE_BEZIER_KNOTS.);
#3721 = CARTESIAN_POINT('',(3.,30.));
#3722 = CARTESIAN_POINT('',(3.,0.));
#3723 = ( GEOMETRIC_REPRESENTATION_CONTEXT(2) 
PARAMETRIC_REPRESENTATION_CONTEXT() REPRESENTATION_CONTEXT('2D SPACE',''
  ) );
#3724 = PCURVE('',#3725,#3730);
#3725 = PLANE('',#3726);
#3726 = AXIS2_PLACEMENT_3D('',#3727,#3728,#3729);
#3727 = CARTESIAN_POINT('',(-228.,-148.,1.042E+03));
#3728 = DIRECTION('',(0.,0.,1.));
#3729 = DIRECTION('',(1.,0.,-0.));
#3730 = DEFINITIONAL_REPRESENTATION('',(#3731),#3734);
#3731 = B_SPLINE_CURVE_WITH_KNOTS('',1,(#3732,#3733),.UNSPECIFIED.,.F.,
  .F.,(2,2),(-69.,-39.),.PIECEWISE_BEZIER_KNOTS.);
#3732 = CARTESIAN_POINT('',(108.,13.));
#3733 = CARTESIAN_POINT('',(78.,13.));
#3734 = ( GEOMETRIC_REPRESENTATION_CONTEXT(2) 
PARAMETRIC_REPRESENTATION_CONTEXT() REPRESENTATION_CONTEXT('2D SPACE',''
  ) );
#3735 = ADVANCED_FACE('',(#3736),#2759,.F.);
#3736 = FACE_BOUND('',#3737,.F.);
#3737 = EDGE_LOOP('',(#3738,#3739,#3740,#3763));
#3738 = ORIENTED_EDGE('',*,*,#3665,.F.);
#3739 = ORIENTED_EDGE('',*,*,#2746,.T.);
#3740 = ORIENTED_EDGE('',*,*,#3741,.T.);
#3741 = EDGE_CURVE('',#2721,#3742,#3744,.T.);
#3742 = VERTEX_POINT('',#3743);
#3743 = CARTESIAN_POINT('',(-120.,-65.,1.042E+03));
#3744 = SURFACE_CURVE('',#3745,(#3749,#3756),.PCURVE_S1.);
#3745 = LINE('',#3746,#3747);
#3746 = CARTESIAN_POINT('',(-120.,-65.,1.039E+03));
#3747 = VECTOR('',#3748,1.);
#3748 = DIRECTION('',(0.,0.,1.));
#3749 = PCURVE('',#2759,#3750);
#3750 = DEFINITIONAL_REPRESENTATION('',(#3751),#3755);
#3751 = LINE('',#3752,#3753);
#3752 = CARTESIAN_POINT('',(0.,-70.));
#3753 = VECTOR('',#3754,1.);
#3754 = DIRECTION('',(1.,0.));
#3755 = ( GEOMETRIC_REPRESENTATION_CONTEXT(2) 
PARAMETRIC_REPRESENTATION_CONTEXT() REPRESENTATION_CONTEXT('2D SPACE',''
  ) );
#3756 = PCURVE('',#2735,#3757);
#3757 = DEFINITIONAL_REPRESENTATION('',(#3758),#3762);
#3758 = LINE('',#3759,#3760);
#3759 = CARTESIAN_POINT('',(0.,30.));
#3760 = VECTOR('',#3761,1.);
#3761 = DIRECTION('',(1.,0.));
#3762 = ( GEOMETRIC_REPRESENTATION_CONTEXT(2) 
PARAMETRIC_REPRESENTATION_CONTEXT() REPRESENTATION_CONTEXT('2D SPACE',''
  ) );
#3763 = ORIENTED_EDGE('',*,*,#3764,.F.);
#3764 = EDGE_CURVE('',#3666,#3742,#3765,.T.);
#3765 = SURFACE_CURVE('',#3766,(#3770,#3776),.PCURVE_S1.);
#3766 = LINE('',#3767,#3768);
#3767 = CARTESIAN_POINT('',(-120.,-141.5,1.042E+03));
#3768 = VECTOR('',#3769,1.);
#3769 = DIRECTION('',(-0.,1.,0.));
#3770 = PCURVE('',#2759,#3771);
#3771 = DEFINITIONAL_REPRESENTATION('',(#3772),#3775);
#3772 = B_SPLINE_CURVE_WITH_KNOTS('',1,(#3773,#3774),.UNSPECIFIED.,.F.,
  .F.,(2,2),(6.5,76.5),.PIECEWISE_BEZIER_KNOTS.);
#3773 = CARTESIAN_POINT('',(3.,0.));
#3774 = CARTESIAN_POINT('',(3.,-70.));
#3775 = ( GEOMETRIC_REPRESENTATION_CONTEXT(2) 
PARAMETRIC_REPRESENTATION_CONTEXT() REPRESENTATION_CONTEXT('2D SPACE',''
  ) );
#3776 = PCURVE('',#3725,#3777);
#3777 = DEFINITIONAL_REPRESENTATION('',(#3778),#3781);
#3778 = B_SPLINE_CURVE_WITH_KNOTS('',1,(#3779,#3780),.UNSPECIFIED.,.F.,
  .F.,(2,2),(6.5,76.5),.PIECEWISE_BEZIER_KNOTS.);
#3779 = CARTESIAN_POINT('',(108.,13.));
#3780 = CARTESIAN_POINT('',(108.,83.));
#3781 = ( GEOMETRIC_REPRESENTATION_CONTEXT(2) 
PARAMETRIC_REPRESENTATION_CONTEXT() REPRESENTATION_CONTEXT('2D SPACE',''
  ) );
#3782 = ADVANCED_FACE('',(#3783),#2709,.T.);
#3783 = FACE_BOUND('',#3784,.T.);
#3784 = EDGE_LOOP('',(#3785,#3786,#3787,#3810));
#3785 = ORIENTED_EDGE('',*,*,#3689,.F.);
#3786 = ORIENTED_EDGE('',*,*,#2694,.T.);
#3787 = ORIENTED_EDGE('',*,*,#3788,.T.);
#3788 = EDGE_CURVE('',#2695,#3789,#3791,.T.);
#3789 = VERTEX_POINT('',#3790);
#3790 = CARTESIAN_POINT('',(-150.,-65.,1.042E+03));
#3791 = SURFACE_CURVE('',#3792,(#3796,#3803),.PCURVE_S1.);
#3792 = LINE('',#3793,#3794);
#3793 = CARTESIAN_POINT('',(-150.,-65.,1.039E+03));
#3794 = VECTOR('',#3795,1.);
#3795 = DIRECTION('',(0.,0.,1.));
#3796 = PCURVE('',#2709,#3797);
#3797 = DEFINITIONAL_REPRESENTATION('',(#3798),#3802);
#3798 = LINE('',#3799,#3800);
#3799 = CARTESIAN_POINT('',(0.,-70.));
#3800 = VECTOR('',#3801,1.);
#3801 = DIRECTION('',(1.,0.));
#3802 = ( GEOMETRIC_REPRESENTATION_CONTEXT(2) 
PARAMETRIC_REPRESENTATION_CONTEXT() REPRESENTATION_CONTEXT('2D SPACE',''
  ) );
#3803 = PCURVE('',#2735,#3804);
#3804 = DEFINITIONAL_REPRESENTATION('',(#3805),#3809);
#3805 = LINE('',#3806,#3807);
#3806 = CARTESIAN_POINT('',(0.,0.));
#3807 = VECTOR('',#3808,1.);
#3808 = DIRECTION('',(1.,0.));
#3809 = ( GEOMETRIC_REPRESENTATION_CONTEXT(2) 
PARAMETRIC_REPRESENTATION_CONTEXT() REPRESENTATION_CONTEXT('2D SPACE',''
  ) );
#3810 = ORIENTED_EDGE('',*,*,#3811,.F.);
#3811 = EDGE_CURVE('',#3690,#3789,#3812,.T.);
#3812 = SURFACE_CURVE('',#3813,(#3817,#3823),.PCURVE_S1.);
#3813 = LINE('',#3814,#3815);
#3814 = CARTESIAN_POINT('',(-150.,-141.5,1.042E+03));
#3815 = VECTOR('',#3816,1.);
#3816 = DIRECTION('',(-0.,1.,0.));
#3817 = PCURVE('',#2709,#3818);
#3818 = DEFINITIONAL_REPRESENTATION('',(#3819),#3822);
#3819 = B_SPLINE_CURVE_WITH_KNOTS('',1,(#3820,#3821),.UNSPECIFIED.,.F.,
  .F.,(2,2),(6.5,76.5),.PIECEWISE_BEZIER_KNOTS.);
#3820 = CARTESIAN_POINT('',(3.,0.));
#3821 = CARTESIAN_POINT('',(3.,-70.));
#3822 = ( GEOMETRIC_REPRESENTATION_CONTEXT(2) 
PARAMETRIC_REPRESENTATION_CONTEXT() REPRESENTATION_CONTEXT('2D SPACE',''
  ) );
#3823 = PCURVE('',#3725,#3824);
#3824 = DEFINITIONAL_REPRESENTATION('',(#3825),#3828);
#3825 = B_SPLINE_CURVE_WITH_KNOTS('',1,(#3826,#3827),.UNSPECIFIED.,.F.,
  .F.,(2,2),(6.5,76.5),.PIECEWISE_BEZIER_KNOTS.);
#3826 = CARTESIAN_POINT('',(78.,13.));
#3827 = CARTESIAN_POINT('',(78.,83.));
#3828 = ( GEOMETRIC_REPRESENTATION_CONTEXT(2) 
PARAMETRIC_REPRESENTATION_CONTEXT() REPRESENTATION_CONTEXT('2D SPACE',''
  ) );
#3829 = ADVANCED_FACE('',(#3830),#2735,.F.);
#3830 = FACE_BOUND('',#3831,.F.);
#3831 = EDGE_LOOP('',(#3832,#3833,#3834,#3835));
#3832 = ORIENTED_EDGE('',*,*,#3741,.F.);
#3833 = ORIENTED_EDGE('',*,*,#2720,.T.);
#3834 = ORIENTED_EDGE('',*,*,#3788,.T.);
#3835 = ORIENTED_EDGE('',*,*,#3836,.F.);
#3836 = EDGE_CURVE('',#3742,#3789,#3837,.T.);
#3837 = SURFACE_CURVE('',#3838,(#3842,#3848),.PCURVE_S1.);
#3838 = LINE('',#3839,#3840);
#3839 = CARTESIAN_POINT('',(-189.,-65.,1.042E+03));
#3840 = VECTOR('',#3841,1.);
#3841 = DIRECTION('',(-1.,-0.,0.));
#3842 = PCURVE('',#2735,#3843);
#3843 = DEFINITIONAL_REPRESENTATION('',(#3844),#3847);
#3844 = B_SPLINE_CURVE_WITH_KNOTS('',1,(#3845,#3846),.UNSPECIFIED.,.F.,
  .F.,(2,2),(-69.,-39.),.PIECEWISE_BEZIER_KNOTS.);
#3845 = CARTESIAN_POINT('',(3.,30.));
#3846 = CARTESIAN_POINT('',(3.,0.));
#3847 = ( GEOMETRIC_REPRESENTATION_CONTEXT(2) 
PARAMETRIC_REPRESENTATION_CONTEXT() REPRESENTATION_CONTEXT('2D SPACE',''
  ) );
#3848 = PCURVE('',#3725,#3849);
#3849 = DEFINITIONAL_REPRESENTATION('',(#3850),#3853);
#3850 = B_SPLINE_CURVE_WITH_KNOTS('',1,(#3851,#3852),.UNSPECIFIED.,.F.,
  .F.,(2,2),(-69.,-39.),.PIECEWISE_BEZIER_KNOTS.);
#3851 = CARTESIAN_POINT('',(108.,83.));
#3852 = CARTESIAN_POINT('',(78.,83.));
#3853 = ( GEOMETRIC_REPRESENTATION_CONTEXT(2) 
PARAMETRIC_REPRESENTATION_CONTEXT() REPRESENTATION_CONTEXT('2D SPACE',''
  ) );
#3854 = ADVANCED_FACE('',(#3855),#2789,.T.);
#3855 = FACE_BOUND('',#3856,.T.);
#3856 = EDGE_LOOP('',(#3857,#3880,#3881,#3904));
#3857 = ORIENTED_EDGE('',*,*,#3858,.F.);
#3858 = EDGE_CURVE('',#2773,#3859,#3861,.T.);
#3859 = VERTEX_POINT('',#3860);
#3860 = CARTESIAN_POINT('',(-60.,-135.,1.042E+03));
#3861 = SURFACE_CURVE('',#3862,(#3866,#3873),.PCURVE_S1.);
#3862 = LINE('',#3863,#3864);
#3863 = CARTESIAN_POINT('',(-60.,-135.,1.039E+03));
#3864 = VECTOR('',#3865,1.);
#3865 = DIRECTION('',(0.,0.,1.));
#3866 = PCURVE('',#2789,#3867);
#3867 = DEFINITIONAL_REPRESENTATION('',(#3868),#3872);
#3868 = LINE('',#3869,#3870);
#3869 = CARTESIAN_POINT('',(0.,30.));
#3870 = VECTOR('',#3871,1.);
#3871 = DIRECTION('',(1.,0.));
#3872 = ( GEOMETRIC_REPRESENTATION_CONTEXT(2) 
PARAMETRIC_REPRESENTATION_CONTEXT() REPRESENTATION_CONTEXT('2D SPACE',''
  ) );
#3873 = PCURVE('',#2865,#3874);
#3874 = DEFINITIONAL_REPRESENTATION('',(#3875),#3879);
#3875 = LINE('',#3876,#3877);
#3876 = CARTESIAN_POINT('',(0.,0.));
#3877 = VECTOR('',#3878,1.);
#3878 = DIRECTION('',(1.,0.));
#3879 = ( GEOMETRIC_REPRESENTATION_CONTEXT(2) 
PARAMETRIC_REPRESENTATION_CONTEXT() REPRESENTATION_CONTEXT('2D SPACE',''
  ) );
#3880 = ORIENTED_EDGE('',*,*,#2772,.T.);
#3881 = ORIENTED_EDGE('',*,*,#3882,.T.);
#3882 = EDGE_CURVE('',#2775,#3883,#3885,.T.);
#3883 = VERTEX_POINT('',#3884);
#3884 = CARTESIAN_POINT('',(-90.,-135.,1.042E+03));
#3885 = SURFACE_CURVE('',#3886,(#3890,#3897),.PCURVE_S1.);
#3886 = LINE('',#3887,#3888);
#3887 = CARTESIAN_POINT('',(-90.,-135.,1.039E+03));
#3888 = VECTOR('',#3889,1.);
#3889 = DIRECTION('',(0.,0.,1.));
#3890 = PCURVE('',#2789,#3891);
#3891 = DEFINITIONAL_REPRESENTATION('',(#3892),#3896);
#3892 = LINE('',#3893,#3894);
#3893 = CARTESIAN_POINT('',(0.,0.));
#3894 = VECTOR('',#3895,1.);
#3895 = DIRECTION('',(1.,0.));
#3896 = ( GEOMETRIC_REPRESENTATION_CONTEXT(2) 
PARAMETRIC_REPRESENTATION_CONTEXT() REPRESENTATION_CONTEXT('2D SPACE',''
  ) );
#3897 = PCURVE('',#2815,#3898);
#3898 = DEFINITIONAL_REPRESENTATION('',(#3899),#3903);
#3899 = LINE('',#3900,#3901);
#3900 = CARTESIAN_POINT('',(0.,0.));
#3901 = VECTOR('',#3902,1.);
#3902 = DIRECTION('',(1.,0.));
#3903 = ( GEOMETRIC_REPRESENTATION_CONTEXT(2) 
PARAMETRIC_REPRESENTATION_CONTEXT() REPRESENTATION_CONTEXT('2D SPACE',''
  ) );
#3904 = ORIENTED_EDGE('',*,*,#3905,.F.);
#3905 = EDGE_CURVE('',#3859,#3883,#3906,.T.);
#3906 = SURFACE_CURVE('',#3907,(#3911,#3917),.PCURVE_S1.);
#3907 = LINE('',#3908,#3909);
#3908 = CARTESIAN_POINT('',(-159.,-135.,1.042E+03));
#3909 = VECTOR('',#3910,1.);
#3910 = DIRECTION('',(-1.,-0.,0.));
#3911 = PCURVE('',#2789,#3912);
#3912 = DEFINITIONAL_REPRESENTATION('',(#3913),#3916);
#3913 = B_SPLINE_CURVE_WITH_KNOTS('',1,(#3914,#3915),.UNSPECIFIED.,.F.,
  .F.,(2,2),(-99.,-69.),.PIECEWISE_BEZIER_KNOTS.);
#3914 = CARTESIAN_POINT('',(3.,30.));
#3915 = CARTESIAN_POINT('',(3.,0.));
#3916 = ( GEOMETRIC_REPRESENTATION_CONTEXT(2) 
PARAMETRIC_REPRESENTATION_CONTEXT() REPRESENTATION_CONTEXT('2D SPACE',''
  ) );
#3917 = PCURVE('',#3725,#3918);
#3918 = DEFINITIONAL_REPRESENTATION('',(#3919),#3922);
#3919 = B_SPLINE_CURVE_WITH_KNOTS('',1,(#3920,#3921),.UNSPECIFIED.,.F.,
  .F.,(2,2),(-99.,-69.),.PIECEWISE_BEZIER_KNOTS.);
#3920 = CARTESIAN_POINT('',(168.,13.));
#3921 = CARTESIAN_POINT('',(138.,13.));
#3922 = ( GEOMETRIC_REPRESENTATION_CONTEXT(2) 
PARAMETRIC_REPRESENTATION_CONTEXT() REPRESENTATION_CONTEXT('2D SPACE',''
  ) );
#3923 = ADVANCED_FACE('',(#3924),#2865,.F.);
#3924 = FACE_BOUND('',#3925,.F.);
#3925 = EDGE_LOOP('',(#3926,#3927,#3928,#3951));
#3926 = ORIENTED_EDGE('',*,*,#3858,.F.);
#3927 = ORIENTED_EDGE('',*,*,#2852,.T.);
#3928 = ORIENTED_EDGE('',*,*,#3929,.T.);
#3929 = EDGE_CURVE('',#2827,#3930,#3932,.T.);
#3930 = VERTEX_POINT('',#3931);
#3931 = CARTESIAN_POINT('',(-60.,-65.,1.042E+03));
#3932 = SURFACE_CURVE('',#3933,(#3937,#3944),.PCURVE_S1.);
#3933 = LINE('',#3934,#3935);
#3934 = CARTESIAN_POINT('',(-60.,-65.,1.039E+03));
#3935 = VECTOR('',#3936,1.);
#3936 = DIRECTION('',(0.,0.,1.));
#3937 = PCURVE('',#2865,#3938);
#3938 = DEFINITIONAL_REPRESENTATION('',(#3939),#3943);
#3939 = LINE('',#3940,#3941);
#3940 = CARTESIAN_POINT('',(0.,-70.));
#3941 = VECTOR('',#3942,1.);
#3942 = DIRECTION('',(1.,0.));
#3943 = ( GEOMETRIC_REPRESENTATION_CONTEXT(2) 
PARAMETRIC_REPRESENTATION_CONTEXT() REPRESENTATION_CONTEXT('2D SPACE',''
  ) );
#3944 = PCURVE('',#2841,#3945);
#3945 = DEFINITIONAL_REPRESENTATION('',(#3946),#3950);
#3946 = LINE('',#3947,#3948);
#3947 = CARTESIAN_POINT('',(0.,30.));
#3948 = VECTOR('',#3949,1.);
#3949 = DIRECTION('',(1.,0.));
#3950 = ( GEOMETRIC_REPRESENTATION_CONTEXT(2) 
PARAMETRIC_REPRESENTATION_CONTEXT() REPRESENTATION_CONTEXT('2D SPACE',''
  ) );
#3951 = ORIENTED_EDGE('',*,*,#3952,.F.);
#3952 = EDGE_CURVE('',#3859,#3930,#3953,.T.);
#3953 = SURFACE_CURVE('',#3954,(#3958,#3964),.PCURVE_S1.);
#3954 = LINE('',#3955,#3956);
#3955 = CARTESIAN_POINT('',(-60.,-141.5,1.042E+03));
#3956 = VECTOR('',#3957,1.);
#3957 = DIRECTION('',(-0.,1.,0.));
#3958 = PCURVE('',#2865,#3959);
#3959 = DEFINITIONAL_REPRESENTATION('',(#3960),#3963);
#3960 = B_SPLINE_CURVE_WITH_KNOTS('',1,(#3961,#3962),.UNSPECIFIED.,.F.,
  .F.,(2,2),(6.5,76.5),.PIECEWISE_BEZIER_KNOTS.);
#3961 = CARTESIAN_POINT('',(3.,0.));
#3962 = CARTESIAN_POINT('',(3.,-70.));
#3963 = ( GEOMETRIC_REPRESENTATION_CONTEXT(2) 
PARAMETRIC_REPRESENTATION_CONTEXT() REPRESENTATION_CONTEXT('2D SPACE',''
  ) );
#3964 = PCURVE('',#3725,#3965);
#3965 = DEFINITIONAL_REPRESENTATION('',(#3966),#3969);
#3966 = B_SPLINE_CURVE_WITH_KNOTS('',1,(#3967,#3968),.UNSPECIFIED.,.F.,
  .F.,(2,2),(6.5,76.5),.PIECEWISE_BEZIER_KNOTS.);
#3967 = CARTESIAN_POINT('',(168.,13.));
#3968 = CARTESIAN_POINT('',(168.,83.));
#3969 = ( GEOMETRIC_REPRESENTATION_CONTEXT(2) 
PARAMETRIC_REPRESENTATION_CONTEXT() REPRESENTATION_CONTEXT('2D SPACE',''
  ) );
#3970 = ADVANCED_FACE('',(#3971),#2815,.T.);
#3971 = FACE_BOUND('',#3972,.T.);
#3972 = EDGE_LOOP('',(#3973,#3974,#3975,#3998));
#3973 = ORIENTED_EDGE('',*,*,#3882,.F.);
#3974 = ORIENTED_EDGE('',*,*,#2800,.T.);
#3975 = ORIENTED_EDGE('',*,*,#3976,.T.);
#3976 = EDGE_CURVE('',#2801,#3977,#3979,.T.);
#3977 = VERTEX_POINT('',#3978);
#3978 = CARTESIAN_POINT('',(-90.,-65.,1.042E+03));
#3979 = SURFACE_CURVE('',#3980,(#3984,#3991),.PCURVE_S1.);
#3980 = LINE('',#3981,#3982);
#3981 = CARTESIAN_POINT('',(-90.,-65.,1.039E+03));
#3982 = VECTOR('',#3983,1.);
#3983 = DIRECTION('',(0.,0.,1.));
#3984 = PCURVE('',#2815,#3985);
#3985 = DEFINITIONAL_REPRESENTATION('',(#3986),#3990);
#3986 = LINE('',#3987,#3988);
#3987 = CARTESIAN_POINT('',(0.,-70.));
#3988 = VECTOR('',#3989,1.);
#3989 = DIRECTION('',(1.,0.));
#3990 = ( GEOMETRIC_REPRESENTATION_CONTEXT(2) 
PARAMETRIC_REPRESENTATION_CONTEXT() REPRESENTATION_CONTEXT('2D SPACE',''
  ) );
#3991 = PCURVE('',#2841,#3992);
#3992 = DEFINITIONAL_REPRESENTATION('',(#3993),#3997);
#3993 = LINE('',#3994,#3995);
#3994 = CARTESIAN_POINT('',(0.,0.));
#3995 = VECTOR('',#3996,1.);
#3996 = DIRECTION('',(1.,0.));
#3997 = ( GEOMETRIC_REPRESENTATION_CONTEXT(2) 
PARAMETRIC_REPRESENTATION_CONTEXT() REPRESENTATION_CONTEXT('2D SPACE',''
  ) );
#3998 = ORIENTED_EDGE('',*,*,#3999,.F.);
#3999 = EDGE_CURVE('',#3883,#3977,#4000,.T.);
#4000 = SURFACE_CURVE('',#4001,(#4005,#4011),.PCURVE_S1.);
#4001 = LINE('',#4002,#4003);
#4002 = CARTESIAN_POINT('',(-90.,-141.5,1.042E+03));
#4003 = VECTOR('',#4004,1.);
#4004 = DIRECTION('',(-0.,1.,0.));
#4005 = PCURVE('',#2815,#4006);
#4006 = DEFINITIONAL_REPRESENTATION('',(#4007),#4010);
#4007 = B_SPLINE_CURVE_WITH_KNOTS('',1,(#4008,#4009),.UNSPECIFIED.,.F.,
  .F.,(2,2),(6.5,76.5),.PIECEWISE_BEZIER_KNOTS.);
#4008 = CARTESIAN_POINT('',(3.,0.));
#4009 = CARTESIAN_POINT('',(3.,-70.));
#4010 = ( GEOMETRIC_REPRESENTATION_CONTEXT(2) 
PARAMETRIC_REPRESENTATION_CONTEXT() REPRESENTATION_CONTEXT('2D SPACE',''
  ) );
#4011 = PCURVE('',#3725,#4012);
#4012 = DEFINITIONAL_REPRESENTATION('',(#4013),#4016);
#4013 = B_SPLINE_CURVE_WITH_KNOTS('',1,(#4014,#4015),.UNSPECIFIED.,.F.,
  .F.,(2,2),(6.5,76.5),.PIECEWISE_BEZIER_KNOTS.);
#4014 = CARTESIAN_POINT('',(138.,13.));
#4015 = CARTESIAN_POINT('',(138.,83.));
#4016 = ( GEOMETRIC_REPRESENTATION_CONTEXT(2) 
PARAMETRIC_REPRESENTATION_CONTEXT() REPRESENTATION_CONTEXT('2D SPACE',''
  ) );
#4017 = ADVANCED_FACE('',(#4018),#2841,.F.);
#4018 = FACE_BOUND('',#4019,.F.);
#4019 = EDGE_LOOP('',(#4020,#4021,#4022,#4023));
#4020 = ORIENTED_EDGE('',*,*,#3929,.F.);
#4021 = ORIENTED_EDGE('',*,*,#2826,.T.);
#4022 = ORIENTED_EDGE('',*,*,#3976,.T.);
#4023 = ORIENTED_EDGE('',*,*,#4024,.F.);
#4024 = EDGE_CURVE('',#3930,#3977,#4025,.T.);
#4025 = SURFACE_CURVE('',#4026,(#4030,#4036),.PCURVE_S1.);
#4026 = LINE('',#4027,#4028);
#4027 = CARTESIAN_POINT('',(-159.,-65.,1.042E+03));
#4028 = VECTOR('',#4029,1.);
#4029 = DIRECTION('',(-1.,-0.,0.));
#4030 = PCURVE('',#2841,#4031);
#4031 = DEFINITIONAL_REPRESENTATION('',(#4032),#4035);
#4032 = B_SPLINE_CURVE_WITH_KNOTS('',1,(#4033,#4034),.UNSPECIFIED.,.F.,
  .F.,(2,2),(-99.,-69.),.PIECEWISE_BEZIER_KNOTS.);
#4033 = CARTESIAN_POINT('',(3.,30.));
#4034 = CARTESIAN_POINT('',(3.,0.));
#4035 = ( GEOMETRIC_REPRESENTATION_CONTEXT(2) 
PARAMETRIC_REPRESENTATION_CONTEXT() REPRESENTATION_CONTEXT('2D SPACE',''
  ) );
#4036 = PCURVE('',#3725,#4037);
#4037 = DEFINITIONAL_REPRESENTATION('',(#4038),#4041);
#4038 = B_SPLINE_CURVE_WITH_KNOTS('',1,(#4039,#4040),.UNSPECIFIED.,.F.,
  .F.,(2,2),(-99.,-69.),.PIECEWISE_BEZIER_KNOTS.);
#4039 = CARTESIAN_POINT('',(168.,83.));
#4040 = CARTESIAN_POINT('',(138.,83.));
#4041 = ( GEOMETRIC_REPRESENTATION_CONTEXT(2) 
PARAMETRIC_REPRESENTATION_CONTEXT() REPRESENTATION_CONTEXT('2D SPACE',''
  ) );
#4042 = ADVANCED_FACE('',(#4043),#2895,.T.);
#4043 = FACE_BOUND('',#4044,.T.);
#4044 = EDGE_LOOP('',(#4045,#4068,#4069,#4092));
#4045 = ORIENTED_EDGE('',*,*,#4046,.F.);
#4046 = EDGE_CURVE('',#2879,#4047,#4049,.T.);
#4047 = VERTEX_POINT('',#4048);
#4048 = CARTESIAN_POINT('',(0.,-135.,1.042E+03));
#4049 = SURFACE_CURVE('',#4050,(#4054,#4061),.PCURVE_S1.);
#4050 = LINE('',#4051,#4052);
#4051 = CARTESIAN_POINT('',(0.,-135.,1.039E+03));
#4052 = VECTOR('',#4053,1.);
#4053 = DIRECTION('',(0.,0.,1.));
#4054 = PCURVE('',#2895,#4055);
#4055 = DEFINITIONAL_REPRESENTATION('',(#4056),#4060);
#4056 = LINE('',#4057,#4058);
#4057 = CARTESIAN_POINT('',(0.,30.));
#4058 = VECTOR('',#4059,1.);
#4059 = DIRECTION('',(1.,0.));
#4060 = ( GEOMETRIC_REPRESENTATION_CONTEXT(2) 
PARAMETRIC_REPRESENTATION_CONTEXT() REPRESENTATION_CONTEXT('2D SPACE',''
  ) );
#4061 = PCURVE('',#2971,#4062);
#4062 = DEFINITIONAL_REPRESENTATION('',(#4063),#4067);
#4063 = LINE('',#4064,#4065);
#4064 = CARTESIAN_POINT('',(0.,0.));
#4065 = VECTOR('',#4066,1.);
#4066 = DIRECTION('',(1.,0.));
#4067 = ( GEOMETRIC_REPRESENTATION_CONTEXT(2) 
PARAMETRIC_REPRESENTATION_CONTEXT() REPRESENTATION_CONTEXT('2D SPACE',''
  ) );
#4068 = ORIENTED_EDGE('',*,*,#2878,.T.);
#4069 = ORIENTED_EDGE('',*,*,#4070,.T.);
#4070 = EDGE_CURVE('',#2881,#4071,#4073,.T.);
#4071 = VERTEX_POINT('',#4072);
#4072 = CARTESIAN_POINT('',(-30.,-135.,1.042E+03));
#4073 = SURFACE_CURVE('',#4074,(#4078,#4085),.PCURVE_S1.);
#4074 = LINE('',#4075,#4076);
#4075 = CARTESIAN_POINT('',(-30.,-135.,1.039E+03));
#4076 = VECTOR('',#4077,1.);
#4077 = DIRECTION('',(0.,0.,1.));
#4078 = PCURVE('',#2895,#4079);
#4079 = DEFINITIONAL_REPRESENTATION('',(#4080),#4084);
#4080 = LINE('',#4081,#4082);
#4081 = CARTESIAN_POINT('',(0.,0.));
#4082 = VECTOR('',#4083,1.);
#4083 = DIRECTION('',(1.,0.));
#4084 = ( GEOMETRIC_REPRESENTATION_CONTEXT(2) 
PARAMETRIC_REPRESENTATION_CONTEXT() REPRESENTATION_CONTEXT('2D SPACE',''
  ) );
#4085 = PCURVE('',#2921,#4086);
#4086 = DEFINITIONAL_REPRESENTATION('',(#4087),#4091);
#4087 = LINE('',#4088,#4089);
#4088 = CARTESIAN_POINT('',(0.,0.));
#4089 = VECTOR('',#4090,1.);
#4090 = DIRECTION('',(1.,0.));
#4091 = ( GEOMETRIC_REPRESENTATION_CONTEXT(2) 
PARAMETRIC_REPRESENTATION_CONTEXT() REPRESENTATION_CONTEXT('2D SPACE',''
  ) );
#4092 = ORIENTED_EDGE('',*,*,#4093,.F.);
#4093 = EDGE_CURVE('',#4047,#4071,#4094,.T.);
#4094 = SURFACE_CURVE('',#4095,(#4099,#4105),.PCURVE_S1.);
#4095 = LINE('',#4096,#4097);
#4096 = CARTESIAN_POINT('',(-129.,-135.,1.042E+03));
#4097 = VECTOR('',#4098,1.);
#4098 = DIRECTION('',(-1.,-0.,0.));
#4099 = PCURVE('',#2895,#4100);
#4100 = DEFINITIONAL_REPRESENTATION('',(#4101),#4104);
#4101 = B_SPLINE_CURVE_WITH_KNOTS('',1,(#4102,#4103),.UNSPECIFIED.,.F.,
  .F.,(2,2),(-129.,-99.),.PIECEWISE_BEZIER_KNOTS.);
#4102 = CARTESIAN_POINT('',(3.,30.));
#4103 = CARTESIAN_POINT('',(3.,0.));
#4104 = ( GEOMETRIC_REPRESENTATION_CONTEXT(2) 
PARAMETRIC_REPRESENTATION_CONTEXT() REPRESENTATION_CONTEXT('2D SPACE',''
  ) );
#4105 = PCURVE('',#3725,#4106);
#4106 = DEFINITIONAL_REPRESENTATION('',(#4107),#4110);
#4107 = B_SPLINE_CURVE_WITH_KNOTS('',1,(#4108,#4109),.UNSPECIFIED.,.F.,
  .F.,(2,2),(-129.,-99.),.PIECEWISE_BEZIER_KNOTS.);
#4108 = CARTESIAN_POINT('',(228.,13.));
#4109 = CARTESIAN_POINT('',(198.,13.));
#4110 = ( GEOMETRIC_REPRESENTATION_CONTEXT(2) 
PARAMETRIC_REPRESENTATION_CONTEXT() REPRESENTATION_CONTEXT('2D SPACE',''
  ) );
#4111 = ADVANCED_FACE('',(#4112),#2971,.F.);
#4112 = FACE_BOUND('',#4113,.F.);
#4113 = EDGE_LOOP('',(#4114,#4115,#4116,#4139));
#4114 = ORIENTED_EDGE('',*,*,#4046,.F.);
#4115 = ORIENTED_EDGE('',*,*,#2958,.T.);
#4116 = ORIENTED_EDGE('',*,*,#4117,.T.);
#4117 = EDGE_CURVE('',#2933,#4118,#4120,.T.);
#4118 = VERTEX_POINT('',#4119);
#4119 = CARTESIAN_POINT('',(0.,-65.,1.042E+03));
#4120 = SURFACE_CURVE('',#4121,(#4125,#4132),.PCURVE_S1.);
#4121 = LINE('',#4122,#4123);
#4122 = CARTESIAN_POINT('',(0.,-65.,1.039E+03));
#4123 = VECTOR('',#4124,1.);
#4124 = DIRECTION('',(0.,0.,1.));
#4125 = PCURVE('',#2971,#4126);
#4126 = DEFINITIONAL_REPRESENTATION('',(#4127),#4131);
#4127 = LINE('',#4128,#4129);
#4128 = CARTESIAN_POINT('',(0.,-70.));
#4129 = VECTOR('',#4130,1.);
#4130 = DIRECTION('',(1.,0.));
#4131 = ( GEOMETRIC_REPRESENTATION_CONTEXT(2) 
PARAMETRIC_REPRESENTATION_CONTEXT() REPRESENTATION_CONTEXT('2D SPACE',''
  ) );
#4132 = PCURVE('',#2947,#4133);
#4133 = DEFINITIONAL_REPRESENTATION('',(#4134),#4138);
#4134 = LINE('',#4135,#4136);
#4135 = CARTESIAN_POINT('',(0.,30.));
#4136 = VECTOR('',#4137,1.);
#4137 = DIRECTION('',(1.,0.));
#4138 = ( GEOMETRIC_REPRESENTATION_CONTEXT(2) 
PARAMETRIC_REPRESENTATION_CONTEXT() REPRESENTATION_CONTEXT('2D SPACE',''
  ) );
#4139 = ORIENTED_EDGE('',*,*,#4140,.F.);
#4140 = EDGE_CURVE('',#4047,#4118,#4141,.T.);
#4141 = SURFACE_CURVE('',#4142,(#4146,#4152),.PCURVE_S1.);
#4142 = LINE('',#4143,#4144);
#4143 = CARTESIAN_POINT('',(0.,-141.5,1.042E+03));
#4144 = VECTOR('',#4145,1.);
#4145 = DIRECTION('',(-0.,1.,0.));
#4146 = PCURVE('',#2971,#4147);
#4147 = DEFINITIONAL_REPRESENTATION('',(#4148),#4151);
#4148 = B_SPLINE_CURVE_WITH_KNOTS('',1,(#4149,#4150),.UNSPECIFIED.,.F.,
  .F.,(2,2),(6.5,76.5),.PIECEWISE_BEZIER_KNOTS.);
#4149 = CARTESIAN_POINT('',(3.,0.));
#4150 = CARTESIAN_POINT('',(3.,-70.));
#4151 = ( GEOMETRIC_REPRESENTATION_CONTEXT(2) 
PARAMETRIC_REPRESENTATION_CONTEXT() REPRESENTATION_CONTEXT('2D SPACE',''
  ) );
#4152 = PCURVE('',#3725,#4153);
#4153 = DEFINITIONAL_REPRESENTATION('',(#4154),#4157);
#4154 = B_SPLINE_CURVE_WITH_KNOTS('',1,(#4155,#4156),.UNSPECIFIED.,.F.,
  .F.,(2,2),(6.5,76.5),.PIECEWISE_BEZIER_KNOTS.);
#4155 = CARTESIAN_POINT('',(228.,13.));
#4156 = CARTESIAN_POINT('',(228.,83.));
#4157 = ( GEOMETRIC_REPRESENTATION_CONTEXT(2) 
PARAMETRIC_REPRESENTATION_CONTEXT() REPRESENTATION_CONTEXT('2D SPACE',''
  ) );
#4158 = ADVANCED_FACE('',(#4159),#2921,.T.);
#4159 = FACE_BOUND('',#4160,.T.);
#4160 = EDGE_LOOP('',(#4161,#4162,#4163,#4186));
#4161 = ORIENTED_EDGE('',*,*,#4070,.F.);
#4162 = ORIENTED_EDGE('',*,*,#2906,.T.);
#4163 = ORIENTED_EDGE('',*,*,#4164,.T.);
#4164 = EDGE_CURVE('',#2907,#4165,#4167,.T.);
#4165 = VERTEX_POINT('',#4166);
#4166 = CARTESIAN_POINT('',(-30.,-65.,1.042E+03));
#4167 = SURFACE_CURVE('',#4168,(#4172,#4179),.PCURVE_S1.);
#4168 = LINE('',#4169,#4170);
#4169 = CARTESIAN_POINT('',(-30.,-65.,1.039E+03));
#4170 = VECTOR('',#4171,1.);
#4171 = DIRECTION('',(0.,0.,1.));
#4172 = PCURVE('',#2921,#4173);
#4173 = DEFINITIONAL_REPRESENTATION('',(#4174),#4178);
#4174 = LINE('',#4175,#4176);
#4175 = CARTESIAN_POINT('',(0.,-70.));
#4176 = VECTOR('',#4177,1.);
#4177 = DIRECTION('',(1.,0.));
#4178 = ( GEOMETRIC_REPRESENTATION_CONTEXT(2) 
PARAMETRIC_REPRESENTATION_CONTEXT() REPRESENTATION_CONTEXT('2D SPACE',''
  ) );
#4179 = PCURVE('',#2947,#4180);
#4180 = DEFINITIONAL_REPRESENTATION('',(#4181),#4185);
#4181 = LINE('',#4182,#4183);
#4182 = CARTESIAN_POINT('',(0.,0.));
#4183 = VECTOR('',#4184,1.);
#4184 = DIRECTION('',(1.,0.));
#4185 = ( GEOMETRIC_REPRESENTATION_CONTEXT(2) 
PARAMETRIC_REPRESENTATION_CONTEXT() REPRESENTATION_CONTEXT('2D SPACE',''
  ) );
#4186 = ORIENTED_EDGE('',*,*,#4187,.F.);
#4187 = EDGE_CURVE('',#4071,#4165,#4188,.T.);
#4188 = SURFACE_CURVE('',#4189,(#4193,#4199),.PCURVE_S1.);
#4189 = LINE('',#4190,#4191);
#4190 = CARTESIAN_POINT('',(-30.,-141.5,1.042E+03));
#4191 = VECTOR('',#4192,1.);
#4192 = DIRECTION('',(-0.,1.,0.));
#4193 = PCURVE('',#2921,#4194);
#4194 = DEFINITIONAL_REPRESENTATION('',(#4195),#4198);
#4195 = B_SPLINE_CURVE_WITH_KNOTS('',1,(#4196,#4197),.UNSPECIFIED.,.F.,
  .F.,(2,2),(6.5,76.5),.PIECEWISE_BEZIER_KNOTS.);
#4196 = CARTESIAN_POINT('',(3.,0.));
#4197 = CARTESIAN_POINT('',(3.,-70.));
#4198 = ( GEOMETRIC_REPRESENTATION_CONTEXT(2) 
PARAMETRIC_REPRESENTATION_CONTEXT() REPRESENTATION_CONTEXT('2D SPACE',''
  ) );
#4199 = PCURVE('',#3725,#4200);
#4200 = DEFINITIONAL_REPRESENTATION('',(#4201),#4204);
#4201 = B_SPLINE_CURVE_WITH_KNOTS('',1,(#4202,#4203),.UNSPECIFIED.,.F.,
  .F.,(2,2),(6.5,76.5),.PIECEWISE_BEZIER_KNOTS.);
#4202 = CARTESIAN_POINT('',(198.,13.));
#4203 = CARTESIAN_POINT('',(198.,83.));
#4204 = ( GEOMETRIC_REPRESENTATION_CONTEXT(2) 
PARAMETRIC_REPRESENTATION_CONTEXT() REPRESENTATION_CONTEXT('2D SPACE',''
  ) );
#4205 = ADVANCED_FACE('',(#4206),#2947,.F.);
#4206 = FACE_BOUND('',#4207,.F.);
#4207 = EDGE_LOOP('',(#4208,#4209,#4210,#4211));
#4208 = ORIENTED_EDGE('',*,*,#4117,.F.);
#4209 = ORIENTED_EDGE('',*,*,#2932,.T.);
#4210 = ORIENTED_EDGE('',*,*,#4164,.T.);
#4211 = ORIENTED_EDGE('',*,*,#4212,.F.);
#4212 = EDGE_CURVE('',#4118,#4165,#4213,.T.);
#4213 = SURFACE_CURVE('',#4214,(#4218,#4224),.PCURVE_S1.);
#4214 = LINE('',#4215,#4216);
#4215 = CARTESIAN_POINT('',(-129.,-65.,1.042E+03));
#4216 = VECTOR('',#4217,1.);
#4217 = DIRECTION('',(-1.,-0.,0.));
#4218 = PCURVE('',#2947,#4219);
#4219 = DEFINITIONAL_REPRESENTATION('',(#4220),#4223);
#4220 = B_SPLINE_CURVE_WITH_KNOTS('',1,(#4221,#4222),.UNSPECIFIED.,.F.,
  .F.,(2,2),(-129.,-99.),.PIECEWISE_BEZIER_KNOTS.);
#4221 = CARTESIAN_POINT('',(3.,30.));
#4222 = CARTESIAN_POINT('',(3.,0.));
#4223 = ( GEOMETRIC_REPRESENTATION_CONTEXT(2) 
PARAMETRIC_REPRESENTATION_CONTEXT() REPRESENTATION_CONTEXT('2D SPACE',''
  ) );
#4224 = PCURVE('',#3725,#4225);
#4225 = DEFINITIONAL_REPRESENTATION('',(#4226),#4229);
#4226 = B_SPLINE_CURVE_WITH_KNOTS('',1,(#4227,#4228),.UNSPECIFIED.,.F.,
  .F.,(2,2),(-129.,-99.),.PIECEWISE_BEZIER_KNOTS.);
#4227 = CARTESIAN_POINT('',(228.,83.));
#4228 = CARTESIAN_POINT('',(198.,83.));
#4229 = ( GEOMETRIC_REPRESENTATION_CONTEXT(2) 
PARAMETRIC_REPRESENTATION_CONTEXT() REPRESENTATION_CONTEXT('2D SPACE',''
  ) );
#4230 = ADVANCED_FACE('',(#4231),#3001,.T.);
#4231 = FACE_BOUND('',#4232,.T.);
#4232 = EDGE_LOOP('',(#4233,#4256,#4257,#4280));
#4233 = ORIENTED_EDGE('',*,*,#4234,.F.);
#4234 = EDGE_CURVE('',#2985,#4235,#4237,.T.);
#4235 = VERTEX_POINT('',#4236);
#4236 = CARTESIAN_POINT('',(60.,-135.,1.042E+03));
#4237 = SURFACE_CURVE('',#4238,(#4242,#4249),.PCURVE_S1.);
#4238 = LINE('',#4239,#4240);
#4239 = CARTESIAN_POINT('',(60.,-135.,1.039E+03));
#4240 = VECTOR('',#4241,1.);
#4241 = DIRECTION('',(0.,0.,1.));
#4242 = PCURVE('',#3001,#4243);
#4243 = DEFINITIONAL_REPRESENTATION('',(#4244),#4248);
#4244 = LINE('',#4245,#4246);
#4245 = CARTESIAN_POINT('',(0.,30.));
#4246 = VECTOR('',#4247,1.);
#4247 = DIRECTION('',(1.,0.));
#4248 = ( GEOMETRIC_REPRESENTATION_CONTEXT(2) 
PARAMETRIC_REPRESENTATION_CONTEXT() REPRESENTATION_CONTEXT('2D SPACE',''
  ) );
#4249 = PCURVE('',#3077,#4250);
#4250 = DEFINITIONAL_REPRESENTATION('',(#4251),#4255);
#4251 = LINE('',#4252,#4253);
#4252 = CARTESIAN_POINT('',(0.,0.));
#4253 = VECTOR('',#4254,1.);
#4254 = DIRECTION('',(1.,0.));
#4255 = ( GEOMETRIC_REPRESENTATION_CONTEXT(2) 
PARAMETRIC_REPRESENTATION_CONTEXT() REPRESENTATION_CONTEXT('2D SPACE',''
  ) );
#4256 = ORIENTED_EDGE('',*,*,#2984,.T.);
#4257 = ORIENTED_EDGE('',*,*,#4258,.T.);
#4258 = EDGE_CURVE('',#2987,#4259,#4261,.T.);
#4259 = VERTEX_POINT('',#4260);
#4260 = CARTESIAN_POINT('',(30.,-135.,1.042E+03));
#4261 = SURFACE_CURVE('',#4262,(#4266,#4273),.PCURVE_S1.);
#4262 = LINE('',#4263,#4264);
#4263 = CARTESIAN_POINT('',(30.,-135.,1.039E+03));
#4264 = VECTOR('',#4265,1.);
#4265 = DIRECTION('',(0.,0.,1.));
#4266 = PCURVE('',#3001,#4267);
#4267 = DEFINITIONAL_REPRESENTATION('',(#4268),#4272);
#4268 = LINE('',#4269,#4270);
#4269 = CARTESIAN_POINT('',(0.,0.));
#4270 = VECTOR('',#4271,1.);
#4271 = DIRECTION('',(1.,0.));
#4272 = ( GEOMETRIC_REPRESENTATION_CONTEXT(2) 
PARAMETRIC_REPRESENTATION_CONTEXT() REPRESENTATION_CONTEXT('2D SPACE',''
  ) );
#4273 = PCURVE('',#3027,#4274);
#4274 = DEFINITIONAL_REPRESENTATION('',(#4275),#4279);
#4275 = LINE('',#4276,#4277);
#4276 = CARTESIAN_POINT('',(0.,0.));
#4277 = VECTOR('',#4278,1.);
#4278 = DIRECTION('',(1.,0.));
#4279 = ( GEOMETRIC_REPRESENTATION_CONTEXT(2) 
PARAMETRIC_REPRESENTATION_CONTEXT() REPRESENTATION_CONTEXT('2D SPACE',''
  ) );
#4280 = ORIENTED_EDGE('',*,*,#4281,.F.);
#4281 = EDGE_CURVE('',#4235,#4259,#4282,.T.);
#4282 = SURFACE_CURVE('',#4283,(#4287,#4293),.PCURVE_S1.);
#4283 = LINE('',#4284,#4285);
#4284 = CARTESIAN_POINT('',(-99.,-135.,1.042E+03));
#4285 = VECTOR('',#4286,1.);
#4286 = DIRECTION('',(-1.,-0.,0.));
#4287 = PCURVE('',#3001,#4288);
#4288 = DEFINITIONAL_REPRESENTATION('',(#4289),#4292);
#4289 = B_SPLINE_CURVE_WITH_KNOTS('',1,(#4290,#4291),.UNSPECIFIED.,.F.,
  .F.,(2,2),(-159.,-129.),.PIECEWISE_BEZIER_KNOTS.);
#4290 = CARTESIAN_POINT('',(3.,30.));
#4291 = CARTESIAN_POINT('',(3.,0.));
#4292 = ( GEOMETRIC_REPRESENTATION_CONTEXT(2) 
PARAMETRIC_REPRESENTATION_CONTEXT() REPRESENTATION_CONTEXT('2D SPACE',''
  ) );
#4293 = PCURVE('',#3725,#4294);
#4294 = DEFINITIONAL_REPRESENTATION('',(#4295),#4298);
#4295 = B_SPLINE_CURVE_WITH_KNOTS('',1,(#4296,#4297),.UNSPECIFIED.,.F.,
  .F.,(2,2),(-159.,-129.),.PIECEWISE_BEZIER_KNOTS.);
#4296 = CARTESIAN_POINT('',(288.,13.));
#4297 = CARTESIAN_POINT('',(258.,13.));
#4298 = ( GEOMETRIC_REPRESENTATION_CONTEXT(2) 
PARAMETRIC_REPRESENTATION_CONTEXT() REPRESENTATION_CONTEXT('2D SPACE',''
  ) );
#4299 = ADVANCED_FACE('',(#4300),#3077,.F.);
#4300 = FACE_BOUND('',#4301,.F.);
#4301 = EDGE_LOOP('',(#4302,#4303,#4304,#4327));
#4302 = ORIENTED_EDGE('',*,*,#4234,.F.);
#4303 = ORIENTED_EDGE('',*,*,#3064,.T.);
#4304 = ORIENTED_EDGE('',*,*,#4305,.T.);
#4305 = EDGE_CURVE('',#3039,#4306,#4308,.T.);
#4306 = VERTEX_POINT('',#4307);
#4307 = CARTESIAN_POINT('',(60.,-65.,1.042E+03));
#4308 = SURFACE_CURVE('',#4309,(#4313,#4320),.PCURVE_S1.);
#4309 = LINE('',#4310,#4311);
#4310 = CARTESIAN_POINT('',(60.,-65.,1.039E+03));
#4311 = VECTOR('',#4312,1.);
#4312 = DIRECTION('',(0.,0.,1.));
#4313 = PCURVE('',#3077,#4314);
#4314 = DEFINITIONAL_REPRESENTATION('',(#4315),#4319);
#4315 = LINE('',#4316,#4317);
#4316 = CARTESIAN_POINT('',(0.,-70.));
#4317 = VECTOR('',#4318,1.);
#4318 = DIRECTION('',(1.,0.));
#4319 = ( GEOMETRIC_REPRESENTATION_CONTEXT(2) 
PARAMETRIC_REPRESENTATION_CONTEXT() REPRESENTATION_CONTEXT('2D SPACE',''
  ) );
#4320 = PCURVE('',#3053,#4321);
#4321 = DEFINITIONAL_REPRESENTATION('',(#4322),#4326);
#4322 = LINE('',#4323,#4324);
#4323 = CARTESIAN_POINT('',(0.,30.));
#4324 = VECTOR('',#4325,1.);
#4325 = DIRECTION('',(1.,0.));
#4326 = ( GEOMETRIC_REPRESENTATION_CONTEXT(2) 
PARAMETRIC_REPRESENTATION_CONTEXT() REPRESENTATION_CONTEXT('2D SPACE',''
  ) );
#4327 = ORIENTED_EDGE('',*,*,#4328,.F.);
#4328 = EDGE_CURVE('',#4235,#4306,#4329,.T.);
#4329 = SURFACE_CURVE('',#4330,(#4334,#4340),.PCURVE_S1.);
#4330 = LINE('',#4331,#4332);
#4331 = CARTESIAN_POINT('',(60.,-141.5,1.042E+03));
#4332 = VECTOR('',#4333,1.);
#4333 = DIRECTION('',(-0.,1.,0.));
#4334 = PCURVE('',#3077,#4335);
#4335 = DEFINITIONAL_REPRESENTATION('',(#4336),#4339);
#4336 = B_SPLINE_CURVE_WITH_KNOTS('',1,(#4337,#4338),.UNSPECIFIED.,.F.,
  .F.,(2,2),(6.5,76.5),.PIECEWISE_BEZIER_KNOTS.);
#4337 = CARTESIAN_POINT('',(3.,0.));
#4338 = CARTESIAN_POINT('',(3.,-70.));
#4339 = ( GEOMETRIC_REPRESENTATION_CONTEXT(2) 
PARAMETRIC_REPRESENTATION_CONTEXT() REPRESENTATION_CONTEXT('2D SPACE',''
  ) );
#4340 = PCURVE('',#3725,#4341);
#4341 = DEFINITIONAL_REPRESENTATION('',(#4342),#4345);
#4342 = B_SPLINE_CURVE_WITH_KNOTS('',1,(#4343,#4344),.UNSPECIFIED.,.F.,
  .F.,(2,2),(6.5,76.5),.PIECEWISE_BEZIER_KNOTS.);
#4343 = CARTESIAN_POINT('',(288.,13.));
#4344 = CARTESIAN_POINT('',(288.,83.));
#4345 = ( GEOMETRIC_REPRESENTATION_CONTEXT(2) 
PARAMETRIC_REPRESENTATION_CONTEXT() REPRESENTATION_CONTEXT('2D SPACE',''
  ) );
#4346 = ADVANCED_FACE('',(#4347),#3027,.T.);
#4347 = FACE_BOUND('',#4348,.T.);
#4348 = EDGE_LOOP('',(#4349,#4350,#4351,#4374));
#4349 = ORIENTED_EDGE('',*,*,#4258,.F.);
#4350 = ORIENTED_EDGE('',*,*,#3012,.T.);
#4351 = ORIENTED_EDGE('',*,*,#4352,.T.);
#4352 = EDGE_CURVE('',#3013,#4353,#4355,.T.);
#4353 = VERTEX_POINT('',#4354);
#4354 = CARTESIAN_POINT('',(30.,-65.,1.042E+03));
#4355 = SURFACE_CURVE('',#4356,(#4360,#4367),.PCURVE_S1.);
#4356 = LINE('',#4357,#4358);
#4357 = CARTESIAN_POINT('',(30.,-65.,1.039E+03));
#4358 = VECTOR('',#4359,1.);
#4359 = DIRECTION('',(0.,0.,1.));
#4360 = PCURVE('',#3027,#4361);
#4361 = DEFINITIONAL_REPRESENTATION('',(#4362),#4366);
#4362 = LINE('',#4363,#4364);
#4363 = CARTESIAN_POINT('',(0.,-70.));
#4364 = VECTOR('',#4365,1.);
#4365 = DIRECTION('',(1.,0.));
#4366 = ( GEOMETRIC_REPRESENTATION_CONTEXT(2) 
PARAMETRIC_REPRESENTATION_CONTEXT() REPRESENTATION_CONTEXT('2D SPACE',''
  ) );
#4367 = PCURVE('',#3053,#4368);
#4368 = DEFINITIONAL_REPRESENTATION('',(#4369),#4373);
#4369 = LINE('',#4370,#4371);
#4370 = CARTESIAN_POINT('',(0.,0.));
#4371 = VECTOR('',#4372,1.);
#4372 = DIRECTION('',(1.,0.));
#4373 = ( GEOMETRIC_REPRESENTATION_CONTEXT(2) 
PARAMETRIC_REPRESENTATION_CONTEXT() REPRESENTATION_CONTEXT('2D SPACE',''
  ) );
#4374 = ORIENTED_EDGE('',*,*,#4375,.F.);
#4375 = EDGE_CURVE('',#4259,#4353,#4376,.T.);
#4376 = SURFACE_CURVE('',#4377,(#4381,#4387),.PCURVE_S1.);
#4377 = LINE('',#4378,#4379);
#4378 = CARTESIAN_POINT('',(30.,-141.5,1.042E+03));
#4379 = VECTOR('',#4380,1.);
#4380 = DIRECTION('',(-0.,1.,0.));
#4381 = PCURVE('',#3027,#4382);
#4382 = DEFINITIONAL_REPRESENTATION('',(#4383),#4386);
#4383 = B_SPLINE_CURVE_WITH_KNOTS('',1,(#4384,#4385),.UNSPECIFIED.,.F.,
  .F.,(2,2),(6.5,76.5),.PIECEWISE_BEZIER_KNOTS.);
#4384 = CARTESIAN_POINT('',(3.,0.));
#4385 = CARTESIAN_POINT('',(3.,-70.));
#4386 = ( GEOMETRIC_REPRESENTATION_CONTEXT(2) 
PARAMETRIC_REPRESENTATION_CONTEXT() REPRESENTATION_CONTEXT('2D SPACE',''
  ) );
#4387 = PCURVE('',#3725,#4388);
#4388 = DEFINITIONAL_REPRESENTATION('',(#4389),#4392);
#4389 = B_SPLINE_CURVE_WITH_KNOTS('',1,(#4390,#4391),.UNSPECIFIED.,.F.,
  .F.,(2,2),(6.5,76.5),.PIECEWISE_BEZIER_KNOTS.);
#4390 = CARTESIAN_POINT('',(258.,13.));
#4391 = CARTESIAN_POINT('',(258.,83.));
#4392 = ( GEOMETRIC_REPRESENTATION_CONTEXT(2) 
PARAMETRIC_REPRESENTATION_CONTEXT() REPRESENTATION_CONTEXT('2D SPACE',''
  ) );
#4393 = ADVANCED_FACE('',(#4394),#3053,.F.);
#4394 = FACE_BOUND('',#4395,.F.);
#4395 = EDGE_LOOP('',(#4396,#4397,#4398,#4399));
#4396 = ORIENTED_EDGE('',*,*,#4305,.F.);
#4397 = ORIENTED_EDGE('',*,*,#3038,.T.);
#4398 = ORIENTED_EDGE('',*,*,#4352,.T.);
#4399 = ORIENTED_EDGE('',*,*,#4400,.F.);
#4400 = EDGE_CURVE('',#4306,#4353,#4401,.T.);
#4401 = SURFACE_CURVE('',#4402,(#4406,#4412),.PCURVE_S1.);
#4402 = LINE('',#4403,#4404);
#4403 = CARTESIAN_POINT('',(-99.,-65.,1.042E+03));
#4404 = VECTOR('',#4405,1.);
#4405 = DIRECTION('',(-1.,-0.,0.));
#4406 = PCURVE('',#3053,#4407);
#4407 = DEFINITIONAL_REPRESENTATION('',(#4408),#4411);
#4408 = B_SPLINE_CURVE_WITH_KNOTS('',1,(#4409,#4410),.UNSPECIFIED.,.F.,
  .F.,(2,2),(-159.,-129.),.PIECEWISE_BEZIER_KNOTS.);
#4409 = CARTESIAN_POINT('',(3.,30.));
#4410 = CARTESIAN_POINT('',(3.,0.));
#4411 = ( GEOMETRIC_REPRESENTATION_CONTEXT(2) 
PARAMETRIC_REPRESENTATION_CONTEXT() REPRESENTATION_CONTEXT('2D SPACE',''
  ) );
#4412 = PCURVE('',#3725,#4413);
#4413 = DEFINITIONAL_REPRESENTATION('',(#4414),#4417);
#4414 = B_SPLINE_CURVE_WITH_KNOTS('',1,(#4415,#4416),.UNSPECIFIED.,.F.,
  .F.,(2,2),(-159.,-129.),.PIECEWISE_BEZIER_KNOTS.);
#4415 = CARTESIAN_POINT('',(288.,83.));
#4416 = CARTESIAN_POINT('',(258.,83.));
#4417 = ( GEOMETRIC_REPRESENTATION_CONTEXT(2) 
PARAMETRIC_REPRESENTATION_CONTEXT() REPRESENTATION_CONTEXT('2D SPACE',''
  ) );
#4418 = ADVANCED_FACE('',(#4419),#3107,.T.);
#4419 = FACE_BOUND('',#4420,.T.);
#4420 = EDGE_LOOP('',(#4421,#4444,#4445,#4468));
#4421 = ORIENTED_EDGE('',*,*,#4422,.F.);
#4422 = EDGE_CURVE('',#3091,#4423,#4425,.T.);
#4423 = VERTEX_POINT('',#4424);
#4424 = CARTESIAN_POINT('',(120.,-135.,1.042E+03));
#4425 = SURFACE_CURVE('',#4426,(#4430,#4437),.PCURVE_S1.);
#4426 = LINE('',#4427,#4428);
#4427 = CARTESIAN_POINT('',(120.,-135.,1.039E+03));
#4428 = VECTOR('',#4429,1.);
#4429 = DIRECTION('',(0.,0.,1.));
#4430 = PCURVE('',#3107,#4431);
#4431 = DEFINITIONAL_REPRESENTATION('',(#4432),#4436);
#4432 = LINE('',#4433,#4434);
#4433 = CARTESIAN_POINT('',(0.,30.));
#4434 = VECTOR('',#4435,1.);
#4435 = DIRECTION('',(1.,0.));
#4436 = ( GEOMETRIC_REPRESENTATION_CONTEXT(2) 
PARAMETRIC_REPRESENTATION_CONTEXT() REPRESENTATION_CONTEXT('2D SPACE',''
  ) );
#4437 = PCURVE('',#3183,#4438);
#4438 = DEFINITIONAL_REPRESENTATION('',(#4439),#4443);
#4439 = LINE('',#4440,#4441);
#4440 = CARTESIAN_POINT('',(0.,0.));
#4441 = VECTOR('',#4442,1.);
#4442 = DIRECTION('',(1.,0.));
#4443 = ( GEOMETRIC_REPRESENTATION_CONTEXT(2) 
PARAMETRIC_REPRESENTATION_CONTEXT() REPRESENTATION_CONTEXT('2D SPACE',''
  ) );
#4444 = ORIENTED_EDGE('',*,*,#3090,.T.);
#4445 = ORIENTED_EDGE('',*,*,#4446,.T.);
#4446 = EDGE_CURVE('',#3093,#4447,#4449,.T.);
#4447 = VERTEX_POINT('',#4448);
#4448 = CARTESIAN_POINT('',(90.,-135.,1.042E+03));
#4449 = SURFACE_CURVE('',#4450,(#4454,#4461),.PCURVE_S1.);
#4450 = LINE('',#4451,#4452);
#4451 = CARTESIAN_POINT('',(90.,-135.,1.039E+03));
#4452 = VECTOR('',#4453,1.);
#4453 = DIRECTION('',(0.,0.,1.));
#4454 = PCURVE('',#3107,#4455);
#4455 = DEFINITIONAL_REPRESENTATION('',(#4456),#4460);
#4456 = LINE('',#4457,#4458);
#4457 = CARTESIAN_POINT('',(0.,0.));
#4458 = VECTOR('',#4459,1.);
#4459 = DIRECTION('',(1.,0.));
#4460 = ( GEOMETRIC_REPRESENTATION_CONTEXT(2) 
PARAMETRIC_REPRESENTATION_CONTEXT() REPRESENTATION_CONTEXT('2D SPACE',''
  ) );
#4461 = PCURVE('',#3133,#4462);
#4462 = DEFINITIONAL_REPRESENTATION('',(#4463),#4467);
#4463 = LINE('',#4464,#4465);
#4464 = CARTESIAN_POINT('',(0.,0.));
#4465 = VECTOR('',#4466,1.);
#4466 = DIRECTION('',(1.,0.));
#4467 = ( GEOMETRIC_REPRESENTATION_CONTEXT(2) 
PARAMETRIC_REPRESENTATION_CONTEXT() REPRESENTATION_CONTEXT('2D SPACE',''
  ) );
#4468 = ORIENTED_EDGE('',*,*,#4469,.F.);
#4469 = EDGE_CURVE('',#4423,#4447,#4470,.T.);
#4470 = SURFACE_CURVE('',#4471,(#4475,#4481),.PCURVE_S1.);
#4471 = LINE('',#4472,#4473);
#4472 = CARTESIAN_POINT('',(-69.,-135.,1.042E+03));
#4473 = VECTOR('',#4474,1.);
#4474 = DIRECTION('',(-1.,-0.,0.));
#4475 = PCURVE('',#3107,#4476);
#4476 = DEFINITIONAL_REPRESENTATION('',(#4477),#4480);
#4477 = B_SPLINE_CURVE_WITH_KNOTS('',1,(#4478,#4479),.UNSPECIFIED.,.F.,
  .F.,(2,2),(-189.,-159.),.PIECEWISE_BEZIER_KNOTS.);
#4478 = CARTESIAN_POINT('',(3.,30.));
#4479 = CARTESIAN_POINT('',(3.,0.));
#4480 = ( GEOMETRIC_REPRESENTATION_CONTEXT(2) 
PARAMETRIC_REPRESENTATION_CONTEXT() REPRESENTATION_CONTEXT('2D SPACE',''
  ) );
#4481 = PCURVE('',#3725,#4482);
#4482 = DEFINITIONAL_REPRESENTATION('',(#4483),#4486);
#4483 = B_SPLINE_CURVE_WITH_KNOTS('',1,(#4484,#4485),.UNSPECIFIED.,.F.,
  .F.,(2,2),(-189.,-159.),.PIECEWISE_BEZIER_KNOTS.);
#4484 = CARTESIAN_POINT('',(348.,13.));
#4485 = CARTESIAN_POINT('',(318.,13.));
#4486 = ( GEOMETRIC_REPRESENTATION_CONTEXT(2) 
PARAMETRIC_REPRESENTATION_CONTEXT() REPRESENTATION_CONTEXT('2D SPACE',''
  ) );
#4487 = ADVANCED_FACE('',(#4488),#3183,.F.);
#4488 = FACE_BOUND('',#4489,.F.);
#4489 = EDGE_LOOP('',(#4490,#4491,#4492,#4515));
#4490 = ORIENTED_EDGE('',*,*,#4422,.F.);
#4491 = ORIENTED_EDGE('',*,*,#3170,.T.);
#4492 = ORIENTED_EDGE('',*,*,#4493,.T.);
#4493 = EDGE_CURVE('',#3145,#4494,#4496,.T.);
#4494 = VERTEX_POINT('',#4495);
#4495 = CARTESIAN_POINT('',(120.,-65.,1.042E+03));
#4496 = SURFACE_CURVE('',#4497,(#4501,#4508),.PCURVE_S1.);
#4497 = LINE('',#4498,#4499);
#4498 = CARTESIAN_POINT('',(120.,-65.,1.039E+03));
#4499 = VECTOR('',#4500,1.);
#4500 = DIRECTION('',(0.,0.,1.));
#4501 = PCURVE('',#3183,#4502);
#4502 = DEFINITIONAL_REPRESENTATION('',(#4503),#4507);
#4503 = LINE('',#4504,#4505);
#4504 = CARTESIAN_POINT('',(0.,-70.));
#4505 = VECTOR('',#4506,1.);
#4506 = DIRECTION('',(1.,0.));
#4507 = ( GEOMETRIC_REPRESENTATION_CONTEXT(2) 
PARAMETRIC_REPRESENTATION_CONTEXT() REPRESENTATION_CONTEXT('2D SPACE',''
  ) );
#4508 = PCURVE('',#3159,#4509);
#4509 = DEFINITIONAL_REPRESENTATION('',(#4510),#4514);
#4510 = LINE('',#4511,#4512);
#4511 = CARTESIAN_POINT('',(0.,30.));
#4512 = VECTOR('',#4513,1.);
#4513 = DIRECTION('',(1.,0.));
#4514 = ( GEOMETRIC_REPRESENTATION_CONTEXT(2) 
PARAMETRIC_REPRESENTATION_CONTEXT() REPRESENTATION_CONTEXT('2D SPACE',''
  ) );
#4515 = ORIENTED_EDGE('',*,*,#4516,.F.);
#4516 = EDGE_CURVE('',#4423,#4494,#4517,.T.);
#4517 = SURFACE_CURVE('',#4518,(#4522,#4528),.PCURVE_S1.);
#4518 = LINE('',#4519,#4520);
#4519 = CARTESIAN_POINT('',(120.,-141.5,1.042E+03));
#4520 = VECTOR('',#4521,1.);
#4521 = DIRECTION('',(-0.,1.,0.));
#4522 = PCURVE('',#3183,#4523);
#4523 = DEFINITIONAL_REPRESENTATION('',(#4524),#4527);
#4524 = B_SPLINE_CURVE_WITH_KNOTS('',1,(#4525,#4526),.UNSPECIFIED.,.F.,
  .F.,(2,2),(6.5,76.5),.PIECEWISE_BEZIER_KNOTS.);
#4525 = CARTESIAN_POINT('',(3.,0.));
#4526 = CARTESIAN_POINT('',(3.,-70.));
#4527 = ( GEOMETRIC_REPRESENTATION_CONTEXT(2) 
PARAMETRIC_REPRESENTATION_CONTEXT() REPRESENTATION_CONTEXT('2D SPACE',''
  ) );
#4528 = PCURVE('',#3725,#4529);
#4529 = DEFINITIONAL_REPRESENTATION('',(#4530),#4533);
#4530 = B_SPLINE_CURVE_WITH_KNOTS('',1,(#4531,#4532),.UNSPECIFIED.,.F.,
  .F.,(2,2),(6.5,76.5),.PIECEWISE_BEZIER_KNOTS.);
#4531 = CARTESIAN_POINT('',(348.,13.));
#4532 = CARTESIAN_POINT('',(348.,83.));
#4533 = ( GEOMETRIC_REPRESENTATION_CONTEXT(2) 
PARAMETRIC_REPRESENTATION_CONTEXT() REPRESENTATION_CONTEXT('2D SPACE',''
  ) );
#4534 = ADVANCED_FACE('',(#4535),#3133,.T.);
#4535 = FACE_BOUND('',#4536,.T.);
#4536 = EDGE_LOOP('',(#4537,#4538,#4539,#4562));
#4537 = ORIENTED_EDGE('',*,*,#4446,.F.);
#4538 = ORIENTED_EDGE('',*,*,#3118,.T.);
#4539 = ORIENTED_EDGE('',*,*,#4540,.T.);
#4540 = EDGE_CURVE('',#3119,#4541,#4543,.T.);
#4541 = VERTEX_POINT('',#4542);
#4542 = CARTESIAN_POINT('',(90.,-65.,1.042E+03));
#4543 = SURFACE_CURVE('',#4544,(#4548,#4555),.PCURVE_S1.);
#4544 = LINE('',#4545,#4546);
#4545 = CARTESIAN_POINT('',(90.,-65.,1.039E+03));
#4546 = VECTOR('',#4547,1.);
#4547 = DIRECTION('',(0.,0.,1.));
#4548 = PCURVE('',#3133,#4549);
#4549 = DEFINITIONAL_REPRESENTATION('',(#4550),#4554);
#4550 = LINE('',#4551,#4552);
#4551 = CARTESIAN_POINT('',(0.,-70.));
#4552 = VECTOR('',#4553,1.);
#4553 = DIRECTION('',(1.,0.));
#4554 = ( GEOMETRIC_REPRESENTATION_CONTEXT(2) 
PARAMETRIC_REPRESENTATION_CONTEXT() REPRESENTATION_CONTEXT('2D SPACE',''
  ) );
#4555 = PCURVE('',#3159,#4556);
#4556 = DEFINITIONAL_REPRESENTATION('',(#4557),#4561);
#4557 = LINE('',#4558,#4559);
#4558 = CARTESIAN_POINT('',(0.,0.));
#4559 = VECTOR('',#4560,1.);
#4560 = DIRECTION('',(1.,0.));
#4561 = ( GEOMETRIC_REPRESENTATION_CONTEXT(2) 
PARAMETRIC_REPRESENTATION_CONTEXT() REPRESENTATION_CONTEXT('2D SPACE',''
  ) );
#4562 = ORIENTED_EDGE('',*,*,#4563,.F.);
#4563 = EDGE_CURVE('',#4447,#4541,#4564,.T.);
#4564 = SURFACE_CURVE('',#4565,(#4569,#4575),.PCURVE_S1.);
#4565 = LINE('',#4566,#4567);
#4566 = CARTESIAN_POINT('',(90.,-141.5,1.042E+03));
#4567 = VECTOR('',#4568,1.);
#4568 = DIRECTION('',(-0.,1.,0.));
#4569 = PCURVE('',#3133,#4570);
#4570 = DEFINITIONAL_REPRESENTATION('',(#4571),#4574);
#4571 = B_SPLINE_CURVE_WITH_KNOTS('',1,(#4572,#4573),.UNSPECIFIED.,.F.,
  .F.,(2,2),(6.5,76.5),.PIECEWISE_BEZIER_KNOTS.);
#4572 = CARTESIAN_POINT('',(3.,0.));
#4573 = CARTESIAN_POINT('',(3.,-70.));
#4574 = ( GEOMETRIC_REPRESENTATION_CONTEXT(2) 
PARAMETRIC_REPRESENTATION_CONTEXT() REPRESENTATION_CONTEXT('2D SPACE',''
  ) );
#4575 = PCURVE('',#3725,#4576);
#4576 = DEFINITIONAL_REPRESENTATION('',(#4577),#4580);
#4577 = B_SPLINE_CURVE_WITH_KNOTS('',1,(#4578,#4579),.UNSPECIFIED.,.F.,
  .F.,(2,2),(6.5,76.5),.PIECEWISE_BEZIER_KNOTS.);
#4578 = CARTESIAN_POINT('',(318.,13.));
#4579 = CARTESIAN_POINT('',(318.,83.));
#4580 = ( GEOMETRIC_REPRESENTATION_CONTEXT(2) 
PARAMETRIC_REPRESENTATION_CONTEXT() REPRESENTATION_CONTEXT('2D SPACE',''
  ) );
#4581 = ADVANCED_FACE('',(#4582),#3159,.F.);
#4582 = FACE_BOUND('',#4583,.F.);
#4583 = EDGE_LOOP('',(#4584,#4585,#4586,#4587));
#4584 = ORIENTED_EDGE('',*,*,#4493,.F.);
#4585 = ORIENTED_EDGE('',*,*,#3144,.T.);
#4586 = ORIENTED_EDGE('',*,*,#4540,.T.);
#4587 = ORIENTED_EDGE('',*,*,#4588,.F.);
#4588 = EDGE_CURVE('',#4494,#4541,#4589,.T.);
#4589 = SURFACE_CURVE('',#4590,(#4594,#4600),.PCURVE_S1.);
#4590 = LINE('',#4591,#4592);
#4591 = CARTESIAN_POINT('',(-69.,-65.,1.042E+03));
#4592 = VECTOR('',#4593,1.);
#4593 = DIRECTION('',(-1.,-0.,0.));
#4594 = PCURVE('',#3159,#4595);
#4595 = DEFINITIONAL_REPRESENTATION('',(#4596),#4599);
#4596 = B_SPLINE_CURVE_WITH_KNOTS('',1,(#4597,#4598),.UNSPECIFIED.,.F.,
  .F.,(2,2),(-189.,-159.),.PIECEWISE_BEZIER_KNOTS.);
#4597 = CARTESIAN_POINT('',(3.,30.));
#4598 = CARTESIAN_POINT('',(3.,0.));
#4599 = ( GEOMETRIC_REPRESENTATION_CONTEXT(2) 
PARAMETRIC_REPRESENTATION_CONTEXT() REPRESENTATION_CONTEXT('2D SPACE',''
  ) );
#4600 = PCURVE('',#3725,#4601);
#4601 = DEFINITIONAL_REPRESENTATION('',(#4602),#4605);
#4602 = B_SPLINE_CURVE_WITH_KNOTS('',1,(#4603,#4604),.UNSPECIFIED.,.F.,
  .F.,(2,2),(-189.,-159.),.PIECEWISE_BEZIER_KNOTS.);
#4603 = CARTESIAN_POINT('',(348.,83.));
#4604 = CARTESIAN_POINT('',(318.,83.));
#4605 = ( GEOMETRIC_REPRESENTATION_CONTEXT(2) 
PARAMETRIC_REPRESENTATION_CONTEXT() REPRESENTATION_CONTEXT('2D SPACE',''
  ) );
#4606 = ADVANCED_FACE('',(#4607),#3213,.T.);
#4607 = FACE_BOUND('',#4608,.T.);
#4608 = EDGE_LOOP('',(#4609,#4632,#4633,#4656));
#4609 = ORIENTED_EDGE('',*,*,#4610,.F.);
#4610 = EDGE_CURVE('',#3197,#4611,#4613,.T.);
#4611 = VERTEX_POINT('',#4612);
#4612 = CARTESIAN_POINT('',(180.,-135.,1.042E+03));
#4613 = SURFACE_CURVE('',#4614,(#4618,#4625),.PCURVE_S1.);
#4614 = LINE('',#4615,#4616);
#4615 = CARTESIAN_POINT('',(180.,-135.,1.039E+03));
#4616 = VECTOR('',#4617,1.);
#4617 = DIRECTION('',(0.,0.,1.));
#4618 = PCURVE('',#3213,#4619);
#4619 = DEFINITIONAL_REPRESENTATION('',(#4620),#4624);
#4620 = LINE('',#4621,#4622);
#4621 = CARTESIAN_POINT('',(0.,30.));
#4622 = VECTOR('',#4623,1.);
#4623 = DIRECTION('',(1.,0.));
#4624 = ( GEOMETRIC_REPRESENTATION_CONTEXT(2) 
PARAMETRIC_REPRESENTATION_CONTEXT() REPRESENTATION_CONTEXT('2D SPACE',''
  ) );
#4625 = PCURVE('',#3289,#4626);
#4626 = DEFINITIONAL_REPRESENTATION('',(#4627),#4631);
#4627 = LINE('',#4628,#4629);
#4628 = CARTESIAN_POINT('',(0.,0.));
#4629 = VECTOR('',#4630,1.);
#4630 = DIRECTION('',(1.,0.));
#4631 = ( GEOMETRIC_REPRESENTATION_CONTEXT(2) 
PARAMETRIC_REPRESENTATION_CONTEXT() REPRESENTATION_CONTEXT('2D SPACE',''
  ) );
#4632 = ORIENTED_EDGE('',*,*,#3196,.T.);
#4633 = ORIENTED_EDGE('',*,*,#4634,.T.);
#4634 = EDGE_CURVE('',#3199,#4635,#4637,.T.);
#4635 = VERTEX_POINT('',#4636);
#4636 = CARTESIAN_POINT('',(150.,-135.,1.042E+03));
#4637 = SURFACE_CURVE('',#4638,(#4642,#4649),.PCURVE_S1.);
#4638 = LINE('',#4639,#4640);
#4639 = CARTESIAN_POINT('',(150.,-135.,1.039E+03));
#4640 = VECTOR('',#4641,1.);
#4641 = DIRECTION('',(0.,0.,1.));
#4642 = PCURVE('',#3213,#4643);
#4643 = DEFINITIONAL_REPRESENTATION('',(#4644),#4648);
#4644 = LINE('',#4645,#4646);
#4645 = CARTESIAN_POINT('',(0.,0.));
#4646 = VECTOR('',#4647,1.);
#4647 = DIRECTION('',(1.,0.));
#4648 = ( GEOMETRIC_REPRESENTATION_CONTEXT(2) 
PARAMETRIC_REPRESENTATION_CONTEXT() REPRESENTATION_CONTEXT('2D SPACE',''
  ) );
#4649 = PCURVE('',#3239,#4650);
#4650 = DEFINITIONAL_REPRESENTATION('',(#4651),#4655);
#4651 = LINE('',#4652,#4653);
#4652 = CARTESIAN_POINT('',(0.,0.));
#4653 = VECTOR('',#4654,1.);
#4654 = DIRECTION('',(1.,0.));
#4655 = ( GEOMETRIC_REPRESENTATION_CONTEXT(2) 
PARAMETRIC_REPRESENTATION_CONTEXT() REPRESENTATION_CONTEXT('2D SPACE',''
  ) );
#4656 = ORIENTED_EDGE('',*,*,#4657,.F.);
#4657 = EDGE_CURVE('',#4611,#4635,#4658,.T.);
#4658 = SURFACE_CURVE('',#4659,(#4663,#4669),.PCURVE_S1.);
#4659 = LINE('',#4660,#4661);
#4660 = CARTESIAN_POINT('',(-39.,-135.,1.042E+03));
#4661 = VECTOR('',#4662,1.);
#4662 = DIRECTION('',(-1.,-0.,0.));
#4663 = PCURVE('',#3213,#4664);
#4664 = DEFINITIONAL_REPRESENTATION('',(#4665),#4668);
#4665 = B_SPLINE_CURVE_WITH_KNOTS('',1,(#4666,#4667),.UNSPECIFIED.,.F.,
  .F.,(2,2),(-219.,-189.),.PIECEWISE_BEZIER_KNOTS.);
#4666 = CARTESIAN_POINT('',(3.,30.));
#4667 = CARTESIAN_POINT('',(3.,0.));
#4668 = ( GEOMETRIC_REPRESENTATION_CONTEXT(2) 
PARAMETRIC_REPRESENTATION_CONTEXT() REPRESENTATION_CONTEXT('2D SPACE',''
  ) );
#4669 = PCURVE('',#3725,#4670);
#4670 = DEFINITIONAL_REPRESENTATION('',(#4671),#4674);
#4671 = B_SPLINE_CURVE_WITH_KNOTS('',1,(#4672,#4673),.UNSPECIFIED.,.F.,
  .F.,(2,2),(-219.,-189.),.PIECEWISE_BEZIER_KNOTS.);
#4672 = CARTESIAN_POINT('',(408.,13.));
#4673 = CARTESIAN_POINT('',(378.,13.));
#4674 = ( GEOMETRIC_REPRESENTATION_CONTEXT(2) 
PARAMETRIC_REPRESENTATION_CONTEXT() REPRESENTATION_CONTEXT('2D SPACE',''
  ) );
#4675 = ADVANCED_FACE('',(#4676),#3289,.F.);
#4676 = FACE_BOUND('',#4677,.F.);
#4677 = EDGE_LOOP('',(#4678,#4679,#4680,#4703));
#4678 = ORIENTED_EDGE('',*,*,#4610,.F.);
#4679 = ORIENTED_EDGE('',*,*,#3276,.T.);
#4680 = ORIENTED_EDGE('',*,*,#4681,.T.);
#4681 = EDGE_CURVE('',#3251,#4682,#4684,.T.);
#4682 = VERTEX_POINT('',#4683);
#4683 = CARTESIAN_POINT('',(180.,-65.,1.042E+03));
#4684 = SURFACE_CURVE('',#4685,(#4689,#4696),.PCURVE_S1.);
#4685 = LINE('',#4686,#4687);
#4686 = CARTESIAN_POINT('',(180.,-65.,1.039E+03));
#4687 = VECTOR('',#4688,1.);
#4688 = DIRECTION('',(0.,0.,1.));
#4689 = PCURVE('',#3289,#4690);
#4690 = DEFINITIONAL_REPRESENTATION('',(#4691),#4695);
#4691 = LINE('',#4692,#4693);
#4692 = CARTESIAN_POINT('',(0.,-70.));
#4693 = VECTOR('',#4694,1.);
#4694 = DIRECTION('',(1.,0.));
#4695 = ( GEOMETRIC_REPRESENTATION_CONTEXT(2) 
PARAMETRIC_REPRESENTATION_CONTEXT() REPRESENTATION_CONTEXT('2D SPACE',''
  ) );
#4696 = PCURVE('',#3265,#4697);
#4697 = DEFINITIONAL_REPRESENTATION('',(#4698),#4702);
#4698 = LINE('',#4699,#4700);
#4699 = CARTESIAN_POINT('',(0.,30.));
#4700 = VECTOR('',#4701,1.);
#4701 = DIRECTION('',(1.,0.));
#4702 = ( GEOMETRIC_REPRESENTATION_CONTEXT(2) 
PARAMETRIC_REPRESENTATION_CONTEXT() REPRESENTATION_CONTEXT('2D SPACE',''
  ) );
#4703 = ORIENTED_EDGE('',*,*,#4704,.F.);
#4704 = EDGE_CURVE('',#4611,#4682,#4705,.T.);
#4705 = SURFACE_CURVE('',#4706,(#4710,#4716),.PCURVE_S1.);
#4706 = LINE('',#4707,#4708);
#4707 = CARTESIAN_POINT('',(180.,-141.5,1.042E+03));
#4708 = VECTOR('',#4709,1.);
#4709 = DIRECTION('',(-0.,1.,0.));
#4710 = PCURVE('',#3289,#4711);
#4711 = DEFINITIONAL_REPRESENTATION('',(#4712),#4715);
#4712 = B_SPLINE_CURVE_WITH_KNOTS('',1,(#4713,#4714),.UNSPECIFIED.,.F.,
  .F.,(2,2),(6.5,76.5),.PIECEWISE_BEZIER_KNOTS.);
#4713 = CARTESIAN_POINT('',(3.,0.));
#4714 = CARTESIAN_POINT('',(3.,-70.));
#4715 = ( GEOMETRIC_REPRESENTATION_CONTEXT(2) 
PARAMETRIC_REPRESENTATION_CONTEXT() REPRESENTATION_CONTEXT('2D SPACE',''
  ) );
#4716 = PCURVE('',#3725,#4717);
#4717 = DEFINITIONAL_REPRESENTATION('',(#4718),#4721);
#4718 = B_SPLINE_CURVE_WITH_KNOTS('',1,(#4719,#4720),.UNSPECIFIED.,.F.,
  .F.,(2,2),(6.5,76.5),.PIECEWISE_BEZIER_KNOTS.);
#4719 = CARTESIAN_POINT('',(408.,13.));
#4720 = CARTESIAN_POINT('',(408.,83.));
#4721 = ( GEOMETRIC_REPRESENTATION_CONTEXT(2) 
PARAMETRIC_REPRESENTATION_CONTEXT() REPRESENTATION_CONTEXT('2D SPACE',''
  ) );
#4722 = ADVANCED_FACE('',(#4723),#3265,.F.);
#4723 = FACE_BOUND('',#4724,.F.);
#4724 = EDGE_LOOP('',(#4725,#4726,#4727,#4750));
#4725 = ORIENTED_EDGE('',*,*,#4681,.F.);
#4726 = ORIENTED_EDGE('',*,*,#3250,.T.);
#4727 = ORIENTED_EDGE('',*,*,#4728,.T.);
#4728 = EDGE_CURVE('',#3225,#4729,#4731,.T.);
#4729 = VERTEX_POINT('',#4730);
#4730 = CARTESIAN_POINT('',(150.,-65.,1.042E+03));
#4731 = SURFACE_CURVE('',#4732,(#4736,#4743),.PCURVE_S1.);
#4732 = LINE('',#4733,#4734);
#4733 = CARTESIAN_POINT('',(150.,-65.,1.039E+03));
#4734 = VECTOR('',#4735,1.);
#4735 = DIRECTION('',(0.,0.,1.));
#4736 = PCURVE('',#3265,#4737);
#4737 = DEFINITIONAL_REPRESENTATION('',(#4738),#4742);
#4738 = LINE('',#4739,#4740);
#4739 = CARTESIAN_POINT('',(0.,0.));
#4740 = VECTOR('',#4741,1.);
#4741 = DIRECTION('',(1.,0.));
#4742 = ( GEOMETRIC_REPRESENTATION_CONTEXT(2) 
PARAMETRIC_REPRESENTATION_CONTEXT() REPRESENTATION_CONTEXT('2D SPACE',''
  ) );
#4743 = PCURVE('',#3239,#4744);
#4744 = DEFINITIONAL_REPRESENTATION('',(#4745),#4749);
#4745 = LINE('',#4746,#4747);
#4746 = CARTESIAN_POINT('',(0.,-70.));
#4747 = VECTOR('',#4748,1.);
#4748 = DIRECTION('',(1.,0.));
#4749 = ( GEOMETRIC_REPRESENTATION_CONTEXT(2) 
PARAMETRIC_REPRESENTATION_CONTEXT() REPRESENTATION_CONTEXT('2D SPACE',''
  ) );
#4750 = ORIENTED_EDGE('',*,*,#4751,.F.);
#4751 = EDGE_CURVE('',#4682,#4729,#4752,.T.);
#4752 = SURFACE_CURVE('',#4753,(#4757,#4763),.PCURVE_S1.);
#4753 = LINE('',#4754,#4755);
#4754 = CARTESIAN_POINT('',(-39.,-65.,1.042E+03));
#4755 = VECTOR('',#4756,1.);
#4756 = DIRECTION('',(-1.,-0.,0.));
#4757 = PCURVE('',#3265,#4758);
#4758 = DEFINITIONAL_REPRESENTATION('',(#4759),#4762);
#4759 = B_SPLINE_CURVE_WITH_KNOTS('',1,(#4760,#4761),.UNSPECIFIED.,.F.,
  .F.,(2,2),(-219.,-189.),.PIECEWISE_BEZIER_KNOTS.);
#4760 = CARTESIAN_POINT('',(3.,30.));
#4761 = CARTESIAN_POINT('',(3.,0.));
#4762 = ( GEOMETRIC_REPRESENTATION_CONTEXT(2) 
PARAMETRIC_REPRESENTATION_CONTEXT() REPRESENTATION_CONTEXT('2D SPACE',''
  ) );
#4763 = PCURVE('',#3725,#4764);
#4764 = DEFINITIONAL_REPRESENTATION('',(#4765),#4768);
#4765 = B_SPLINE_CURVE_WITH_KNOTS('',1,(#4766,#4767),.UNSPECIFIED.,.F.,
  .F.,(2,2),(-219.,-189.),.PIECEWISE_BEZIER_KNOTS.);
#4766 = CARTESIAN_POINT('',(408.,83.));
#4767 = CARTESIAN_POINT('',(378.,83.));
#4768 = ( GEOMETRIC_REPRESENTATION_CONTEXT(2) 
PARAMETRIC_REPRESENTATION_CONTEXT() REPRESENTATION_CONTEXT('2D SPACE',''
  ) );
#4769 = ADVANCED_FACE('',(#4770),#3239,.T.);
#4770 = FACE_BOUND('',#4771,.T.);
#4771 = EDGE_LOOP('',(#4772,#4773,#4774,#4775));
#4772 = ORIENTED_EDGE('',*,*,#4634,.F.);
#4773 = ORIENTED_EDGE('',*,*,#3224,.T.);
#4774 = ORIENTED_EDGE('',*,*,#4728,.T.);
#4775 = ORIENTED_EDGE('',*,*,#4776,.F.);
#4776 = EDGE_CURVE('',#4635,#4729,#4777,.T.);
#4777 = SURFACE_CURVE('',#4778,(#4782,#4788),.PCURVE_S1.);
#4778 = LINE('',#4779,#4780);
#4779 = CARTESIAN_POINT('',(150.,-141.5,1.042E+03));
#4780 = VECTOR('',#4781,1.);
#4781 = DIRECTION('',(-0.,1.,0.));
#4782 = PCURVE('',#3239,#4783);
#4783 = DEFINITIONAL_REPRESENTATION('',(#4784),#4787);
#4784 = B_SPLINE_CURVE_WITH_KNOTS('',1,(#4785,#4786),.UNSPECIFIED.,.F.,
  .F.,(2,2),(6.5,76.5),.PIECEWISE_BEZIER_KNOTS.);
#4785 = CARTESIAN_POINT('',(3.,0.));
#4786 = CARTESIAN_POINT('',(3.,-70.));
#4787 = ( GEOMETRIC_REPRESENTATION_CONTEXT(2) 
PARAMETRIC_REPRESENTATION_CONTEXT() REPRESENTATION_CONTEXT('2D SPACE',''
  ) );
#4788 = PCURVE('',#3725,#4789);
#4789 = DEFINITIONAL_REPRESENTATION('',(#4790),#4793);
#4790 = B_SPLINE_CURVE_WITH_KNOTS('',1,(#4791,#4792),.UNSPECIFIED.,.F.,
  .F.,(2,2),(6.5,76.5),.PIECEWISE_BEZIER_KNOTS.);
#4791 = CARTESIAN_POINT('',(378.,13.));
#4792 = CARTESIAN_POINT('',(378.,83.));
#4793 = ( GEOMETRIC_REPRESENTATION_CONTEXT(2) 
PARAMETRIC_REPRESENTATION_CONTEXT() REPRESENTATION_CONTEXT('2D SPACE',''
  ) );
#4794 = ADVANCED_FACE('',(#4795,#4904,#4907,#4910,#4913),#3349,.T.);
#4795 = FACE_BOUND('',#4796,.T.);
#4796 = EDGE_LOOP('',(#4797,#4822,#4850,#4878));
#4797 = ORIENTED_EDGE('',*,*,#4798,.F.);
#4798 = EDGE_CURVE('',#4799,#4801,#4803,.T.);
#4799 = VERTEX_POINT('',#4800);
#4800 = CARTESIAN_POINT('',(-228.,-148.,1.042E+03));
#4801 = VERTEX_POINT('',#4802);
#4802 = CARTESIAN_POINT('',(228.,-148.,1.042E+03));
#4803 = SURFACE_CURVE('',#4804,(#4808,#4815),.PCURVE_S1.);
#4804 = LINE('',#4805,#4806);
#4805 = CARTESIAN_POINT('',(-228.,-148.,1.042E+03));
#4806 = VECTOR('',#4807,1.);
#4807 = DIRECTION('',(1.,0.,-0.));
#4808 = PCURVE('',#3349,#4809);
#4809 = DEFINITIONAL_REPRESENTATION('',(#4810),#4814);
#4810 = LINE('',#4811,#4812);
#4811 = CARTESIAN_POINT('',(0.,0.));
#4812 = VECTOR('',#4813,1.);
#4813 = DIRECTION('',(0.,1.));
#4814 = ( GEOMETRIC_REPRESENTATION_CONTEXT(2) 
PARAMETRIC_REPRESENTATION_CONTEXT() REPRESENTATION_CONTEXT('2D SPACE',''
  ) );
#4815 = PCURVE('',#3725,#4816);
#4816 = DEFINITIONAL_REPRESENTATION('',(#4817),#4821);
#4817 = LINE('',#4818,#4819);
#4818 = CARTESIAN_POINT('',(0.,0.));
#4819 = VECTOR('',#4820,1.);
#4820 = DIRECTION('',(1.,0.));
#4821 = ( GEOMETRIC_REPRESENTATION_CONTEXT(2) 
PARAMETRIC_REPRESENTATION_CONTEXT() REPRESENTATION_CONTEXT('2D SPACE',''
  ) );
#4822 = ORIENTED_EDGE('',*,*,#4823,.T.);
#4823 = EDGE_CURVE('',#4799,#4824,#4826,.T.);
#4824 = VERTEX_POINT('',#4825);
#4825 = CARTESIAN_POINT('',(-228.,-148.,1.718E+03));
#4826 = SURFACE_CURVE('',#4827,(#4831,#4838),.PCURVE_S1.);
#4827 = LINE('',#4828,#4829);
#4828 = CARTESIAN_POINT('',(-228.,-148.,1.042E+03));
#4829 = VECTOR('',#4830,1.);
#4830 = DIRECTION('',(0.,0.,1.));
#4831 = PCURVE('',#3349,#4832);
#4832 = DEFINITIONAL_REPRESENTATION('',(#4833),#4837);
#4833 = LINE('',#4834,#4835);
#4834 = CARTESIAN_POINT('',(0.,0.));
#4835 = VECTOR('',#4836,1.);
#4836 = DIRECTION('',(1.,0.));
#4837 = ( GEOMETRIC_REPRESENTATION_CONTEXT(2) 
PARAMETRIC_REPRESENTATION_CONTEXT() REPRESENTATION_CONTEXT('2D SPACE',''
  ) );
#4838 = PCURVE('',#4839,#4844);
#4839 = PLANE('',#4840);
#4840 = AXIS2_PLACEMENT_3D('',#4841,#4842,#4843);
#4841 = CARTESIAN_POINT('',(-228.,-148.,1.042E+03));
#4842 = DIRECTION('',(1.,0.,-0.));
#4843 = DIRECTION('',(0.,0.,1.));
#4844 = DEFINITIONAL_REPRESENTATION('',(#4845),#4849);
#4845 = LINE('',#4846,#4847);
#4846 = CARTESIAN_POINT('',(0.,0.));
#4847 = VECTOR('',#4848,1.);
#4848 = DIRECTION('',(1.,0.));
#4849 = ( GEOMETRIC_REPRESENTATION_CONTEXT(2) 
PARAMETRIC_REPRESENTATION_CONTEXT() REPRESENTATION_CONTEXT('2D SPACE',''
  ) );
#4850 = ORIENTED_EDGE('',*,*,#4851,.T.);
#4851 = EDGE_CURVE('',#4824,#4852,#4854,.T.);
#4852 = VERTEX_POINT('',#4853);
#4853 = CARTESIAN_POINT('',(228.,-148.,1.718E+03));
#4854 = SURFACE_CURVE('',#4855,(#4859,#4866),.PCURVE_S1.);
#4855 = LINE('',#4856,#4857);
#4856 = CARTESIAN_POINT('',(-228.,-148.,1.718E+03));
#4857 = VECTOR('',#4858,1.);
#4858 = DIRECTION('',(1.,0.,-0.));
#4859 = PCURVE('',#3349,#4860);
#4860 = DEFINITIONAL_REPRESENTATION('',(#4861),#4865);
#4861 = LINE('',#4862,#4863);
#4862 = CARTESIAN_POINT('',(676.,0.));
#4863 = VECTOR('',#4864,1.);
#4864 = DIRECTION('',(0.,1.));
#4865 = ( GEOMETRIC_REPRESENTATION_CONTEXT(2) 
PARAMETRIC_REPRESENTATION_CONTEXT() REPRESENTATION_CONTEXT('2D SPACE',''
  ) );
#4866 = PCURVE('',#4867,#4872);
#4867 = PLANE('',#4868);
#4868 = AXIS2_PLACEMENT_3D('',#4869,#4870,#4871);
#4869 = CARTESIAN_POINT('',(-228.,-148.,1.718E+03));
#4870 = DIRECTION('',(0.,0.,1.));
#4871 = DIRECTION('',(1.,0.,-0.));
#4872 = DEFINITIONAL_REPRESENTATION('',(#4873),#4877);
#4873 = LINE('',#4874,#4875);
#4874 = CARTESIAN_POINT('',(0.,0.));
#4875 = VECTOR('',#4876,1.);
#4876 = DIRECTION('',(1.,0.));
#4877 = ( GEOMETRIC_REPRESENTATION_CONTEXT(2) 
PARAMETRIC_REPRESENTATION_CONTEXT() REPRESENTATION_CONTEXT('2D SPACE',''
  ) );
#4878 = ORIENTED_EDGE('',*,*,#4879,.F.);
#4879 = EDGE_CURVE('',#4801,#4852,#4880,.T.);
#4880 = SURFACE_CURVE('',#4881,(#4885,#4892),.PCURVE_S1.);
#4881 = LINE('',#4882,#4883);
#4882 = CARTESIAN_POINT('',(228.,-148.,1.042E+03));
#4883 = VECTOR('',#4884,1.);
#4884 = DIRECTION('',(0.,0.,1.));
#4885 = PCURVE('',#3349,#4886);
#4886 = DEFINITIONAL_REPRESENTATION('',(#4887),#4891);
#4887 = LINE('',#4888,#4889);
#4888 = CARTESIAN_POINT('',(0.,456.));
#4889 = VECTOR('',#4890,1.);
#4890 = DIRECTION('',(1.,0.));
#4891 = ( GEOMETRIC_REPRESENTATION_CONTEXT(2) 
PARAMETRIC_REPRESENTATION_CONTEXT() REPRESENTATION_CONTEXT('2D SPACE',''
  ) );
#4892 = PCURVE('',#4893,#4898);
#4893 = PLANE('',#4894);
#4894 = AXIS2_PLACEMENT_3D('',#4895,#4896,#4897);
#4895 = CARTESIAN_POINT('',(228.,-148.,1.042E+03));
#4896 = DIRECTION('',(1.,0.,-0.));
#4897 = DIRECTION('',(0.,0.,1.));
#4898 = DEFINITIONAL_REPRESENTATION('',(#4899),#4903);
#4899 = LINE('',#4900,#4901);
#4900 = CARTESIAN_POINT('',(0.,0.));
#4901 = VECTOR('',#4902,1.);
#4902 = DIRECTION('',(1.,0.));
#4903 = ( GEOMETRIC_REPRESENTATION_CONTEXT(2) 
PARAMETRIC_REPRESENTATION_CONTEXT() REPRESENTATION_CONTEXT('2D SPACE',''
  ) );
#4904 = FACE_BOUND('',#4905,.T.);
#4905 = EDGE_LOOP('',(#4906));
#4906 = ORIENTED_EDGE('',*,*,#3334,.T.);
#4907 = FACE_BOUND('',#4908,.T.);
#4908 = EDGE_LOOP('',(#4909));
#4909 = ORIENTED_EDGE('',*,*,#3393,.T.);
#4910 = FACE_BOUND('',#4911,.T.);
#4911 = EDGE_LOOP('',(#4912));
#4912 = ORIENTED_EDGE('',*,*,#3447,.T.);
#4913 = FACE_BOUND('',#4914,.T.);
#4914 = EDGE_LOOP('',(#4915,#4916,#4917,#4918));
#4915 = ORIENTED_EDGE('',*,*,#3524,.F.);
#4916 = ORIENTED_EDGE('',*,*,#3571,.T.);
#4917 = ORIENTED_EDGE('',*,*,#3643,.T.);
#4918 = ORIENTED_EDGE('',*,*,#3618,.F.);
#4919 = ADVANCED_FACE('',(#4920,#4995,#5001,#5007,#5013,#5019,#5025),
  #3725,.T.);
#4920 = FACE_BOUND('',#4921,.T.);
#4921 = EDGE_LOOP('',(#4922,#4945,#4946,#4969));
#4922 = ORIENTED_EDGE('',*,*,#4923,.F.);
#4923 = EDGE_CURVE('',#4799,#4924,#4926,.T.);
#4924 = VERTEX_POINT('',#4925);
#4925 = CARTESIAN_POINT('',(-228.,-52.,1.042E+03));
#4926 = SURFACE_CURVE('',#4927,(#4931,#4938),.PCURVE_S1.);
#4927 = LINE('',#4928,#4929);
#4928 = CARTESIAN_POINT('',(-228.,-148.,1.042E+03));
#4929 = VECTOR('',#4930,1.);
#4930 = DIRECTION('',(-0.,1.,0.));
#4931 = PCURVE('',#3725,#4932);
#4932 = DEFINITIONAL_REPRESENTATION('',(#4933),#4937);
#4933 = LINE('',#4934,#4935);
#4934 = CARTESIAN_POINT('',(0.,0.));
#4935 = VECTOR('',#4936,1.);
#4936 = DIRECTION('',(0.,1.));
#4937 = ( GEOMETRIC_REPRESENTATION_CONTEXT(2) 
PARAMETRIC_REPRESENTATION_CONTEXT() REPRESENTATION_CONTEXT('2D SPACE',''
  ) );
#4938 = PCURVE('',#4839,#4939);
#4939 = DEFINITIONAL_REPRESENTATION('',(#4940),#4944);
#4940 = LINE('',#4941,#4942);
#4941 = CARTESIAN_POINT('',(0.,0.));
#4942 = VECTOR('',#4943,1.);
#4943 = DIRECTION('',(0.,-1.));
#4944 = ( GEOMETRIC_REPRESENTATION_CONTEXT(2) 
PARAMETRIC_REPRESENTATION_CONTEXT() REPRESENTATION_CONTEXT('2D SPACE',''
  ) );
#4945 = ORIENTED_EDGE('',*,*,#4798,.T.);
#4946 = ORIENTED_EDGE('',*,*,#4947,.T.);
#4947 = EDGE_CURVE('',#4801,#4948,#4950,.T.);
#4948 = VERTEX_POINT('',#4949);
#4949 = CARTESIAN_POINT('',(228.,-52.,1.042E+03));
#4950 = SURFACE_CURVE('',#4951,(#4955,#4962),.PCURVE_S1.);
#4951 = LINE('',#4952,#4953);
#4952 = CARTESIAN_POINT('',(228.,-148.,1.042E+03));
#4953 = VECTOR('',#4954,1.);
#4954 = DIRECTION('',(-0.,1.,0.));
#4955 = PCURVE('',#3725,#4956);
#4956 = DEFINITIONAL_REPRESENTATION('',(#4957),#4961);
#4957 = LINE('',#4958,#4959);
#4958 = CARTESIAN_POINT('',(456.,0.));
#4959 = VECTOR('',#4960,1.);
#4960 = DIRECTION('',(0.,1.));
#4961 = ( GEOMETRIC_REPRESENTATION_CONTEXT(2) 
PARAMETRIC_REPRESENTATION_CONTEXT() REPRESENTATION_CONTEXT('2D SPACE',''
  ) );
#4962 = PCURVE('',#4893,#4963);
#4963 = DEFINITIONAL_REPRESENTATION('',(#4964),#4968);
#4964 = LINE('',#4965,#4966);
#4965 = CARTESIAN_POINT('',(0.,0.));
#4966 = VECTOR('',#4967,1.);
#4967 = DIRECTION('',(0.,-1.));
#4968 = ( GEOMETRIC_REPRESENTATION_CONTEXT(2) 
PARAMETRIC_REPRESENTATION_CONTEXT() REPRESENTATION_CONTEXT('2D SPACE',''
  ) );
#4969 = ORIENTED_EDGE('',*,*,#4970,.F.);
#4970 = EDGE_CURVE('',#4924,#4948,#4971,.T.);
#4971 = SURFACE_CURVE('',#4972,(#4976,#4983),.PCURVE_S1.);
#4972 = LINE('',#4973,#4974);
#4973 = CARTESIAN_POINT('',(-228.,-52.,1.042E+03));
#4974 = VECTOR('',#4975,1.);
#4975 = DIRECTION('',(1.,0.,-0.));
#4976 = PCURVE('',#3725,#4977);
#4977 = DEFINITIONAL_REPRESENTATION('',(#4978),#4982);
#4978 = LINE('',#4979,#4980);
#4979 = CARTESIAN_POINT('',(0.,96.));
#4980 = VECTOR('',#4981,1.);
#4981 = DIRECTION('',(1.,0.));
#4982 = ( GEOMETRIC_REPRESENTATION_CONTEXT(2) 
PARAMETRIC_REPRESENTATION_CONTEXT() REPRESENTATION_CONTEXT('2D SPACE',''
  ) );
#4983 = PCURVE('',#4984,#4989);
#4984 = PLANE('',#4985);
#4985 = AXIS2_PLACEMENT_3D('',#4986,#4987,#4988);
#4986 = CARTESIAN_POINT('',(-228.,-52.,1.042E+03));
#4987 = DIRECTION('',(-0.,1.,0.));
#4988 = DIRECTION('',(0.,0.,1.));
#4989 = DEFINITIONAL_REPRESENTATION('',(#4990),#4994);
#4990 = LINE('',#4991,#4992);
#4991 = CARTESIAN_POINT('',(0.,0.));
#4992 = VECTOR('',#4993,1.);
#4993 = DIRECTION('',(0.,1.));
#4994 = ( GEOMETRIC_REPRESENTATION_CONTEXT(2) 
PARAMETRIC_REPRESENTATION_CONTEXT() REPRESENTATION_CONTEXT('2D SPACE',''
  ) );
#4995 = FACE_BOUND('',#4996,.T.);
#4996 = EDGE_LOOP('',(#4997,#4998,#4999,#5000));
#4997 = ORIENTED_EDGE('',*,*,#3712,.T.);
#4998 = ORIENTED_EDGE('',*,*,#3811,.T.);
#4999 = ORIENTED_EDGE('',*,*,#3836,.F.);
#5000 = ORIENTED_EDGE('',*,*,#3764,.F.);
#5001 = FACE_BOUND('',#5002,.T.);
#5002 = EDGE_LOOP('',(#5003,#5004,#5005,#5006));
#5003 = ORIENTED_EDGE('',*,*,#3905,.T.);
#5004 = ORIENTED_EDGE('',*,*,#3999,.T.);
#5005 = ORIENTED_EDGE('',*,*,#4024,.F.);
#5006 = ORIENTED_EDGE('',*,*,#3952,.F.);
#5007 = FACE_BOUND('',#5008,.T.);
#5008 = EDGE_LOOP('',(#5009,#5010,#5011,#5012));
#5009 = ORIENTED_EDGE('',*,*,#4093,.T.);
#5010 = ORIENTED_EDGE('',*,*,#4187,.T.);
#5011 = ORIENTED_EDGE('',*,*,#4212,.F.);
#5012 = ORIENTED_EDGE('',*,*,#4140,.F.);
#5013 = FACE_BOUND('',#5014,.T.);
#5014 = EDGE_LOOP('',(#5015,#5016,#5017,#5018));
#5015 = ORIENTED_EDGE('',*,*,#4281,.T.);
#5016 = ORIENTED_EDGE('',*,*,#4375,.T.);
#5017 = ORIENTED_EDGE('',*,*,#4400,.F.);
#5018 = ORIENTED_EDGE('',*,*,#4328,.F.);
#5019 = FACE_BOUND('',#5020,.T.);
#5020 = EDGE_LOOP('',(#5021,#5022,#5023,#5024));
#5021 = ORIENTED_EDGE('',*,*,#4469,.T.);
#5022 = ORIENTED_EDGE('',*,*,#4563,.T.);
#5023 = ORIENTED_EDGE('',*,*,#4588,.F.);
#5024 = ORIENTED_EDGE('',*,*,#4516,.F.);
#5025 = FACE_BOUND('',#5026,.T.);
#5026 = EDGE_LOOP('',(#5027,#5028,#5029,#5030));
#5027 = ORIENTED_EDGE('',*,*,#4657,.T.);
#5028 = ORIENTED_EDGE('',*,*,#4776,.T.);
#5029 = ORIENTED_EDGE('',*,*,#4751,.F.);
#5030 = ORIENTED_EDGE('',*,*,#4704,.F.);
#5031 = ADVANCED_FACE('',(#5032),#4893,.F.);
#5032 = FACE_BOUND('',#5033,.F.);
#5033 = EDGE_LOOP('',(#5034,#5035,#5036,#5059));
#5034 = ORIENTED_EDGE('',*,*,#4879,.F.);
#5035 = ORIENTED_EDGE('',*,*,#4947,.T.);
#5036 = ORIENTED_EDGE('',*,*,#5037,.T.);
#5037 = EDGE_CURVE('',#4948,#5038,#5040,.T.);
#5038 = VERTEX_POINT('',#5039);
#5039 = CARTESIAN_POINT('',(228.,-52.,1.718E+03));
#5040 = SURFACE_CURVE('',#5041,(#5045,#5052),.PCURVE_S1.);
#5041 = LINE('',#5042,#5043);
#5042 = CARTESIAN_POINT('',(228.,-52.,1.042E+03));
#5043 = VECTOR('',#5044,1.);
#5044 = DIRECTION('',(0.,0.,1.));
#5045 = PCURVE('',#4893,#5046);
#5046 = DEFINITIONAL_REPRESENTATION('',(#5047),#5051);
#5047 = LINE('',#5048,#5049);
#5048 = CARTESIAN_POINT('',(0.,-96.));
#5049 = VECTOR('',#5050,1.);
#5050 = DIRECTION('',(1.,0.));
#5051 = ( GEOMETRIC_REPRESENTATION_CONTEXT(2) 
PARAMETRIC_REPRESENTATION_CONTEXT() REPRESENTATION_CONTEXT('2D SPACE',''
  ) );
#5052 = PCURVE('',#4984,#5053);
#5053 = DEFINITIONAL_REPRESENTATION('',(#5054),#5058);
#5054 = LINE('',#5055,#5056);
#5055 = CARTESIAN_POINT('',(0.,456.));
#5056 = VECTOR('',#5057,1.);
#5057 = DIRECTION('',(1.,0.));
#5058 = ( GEOMETRIC_REPRESENTATION_CONTEXT(2) 
PARAMETRIC_REPRESENTATION_CONTEXT() REPRESENTATION_CONTEXT('2D SPACE',''
  ) );
#5059 = ORIENTED_EDGE('',*,*,#5060,.F.);
#5060 = EDGE_CURVE('',#4852,#5038,#5061,.T.);
#5061 = SURFACE_CURVE('',#5062,(#5066,#5073),.PCURVE_S1.);
#5062 = LINE('',#5063,#5064);
#5063 = CARTESIAN_POINT('',(228.,-148.,1.718E+03));
#5064 = VECTOR('',#5065,1.);
#5065 = DIRECTION('',(-0.,1.,0.));
#5066 = PCURVE('',#4893,#5067);
#5067 = DEFINITIONAL_REPRESENTATION('',(#5068),#5072);
#5068 = LINE('',#5069,#5070);
#5069 = CARTESIAN_POINT('',(676.,0.));
#5070 = VECTOR('',#5071,1.);
#5071 = DIRECTION('',(0.,-1.));
#5072 = ( GEOMETRIC_REPRESENTATION_CONTEXT(2) 
PARAMETRIC_REPRESENTATION_CONTEXT() REPRESENTATION_CONTEXT('2D SPACE',''
  ) );
#5073 = PCURVE('',#4867,#5074);
#5074 = DEFINITIONAL_REPRESENTATION('',(#5075),#5079);
#5075 = LINE('',#5076,#5077);
#5076 = CARTESIAN_POINT('',(456.,0.));
#5077 = VECTOR('',#5078,1.);
#5078 = DIRECTION('',(0.,1.));
#5079 = ( GEOMETRIC_REPRESENTATION_CONTEXT(2) 
PARAMETRIC_REPRESENTATION_CONTEXT() REPRESENTATION_CONTEXT('2D SPACE',''
  ) );
#5080 = ADVANCED_FACE('',(#5081),#4839,.T.);
#5081 = FACE_BOUND('',#5082,.T.);
#5082 = EDGE_LOOP('',(#5083,#5084,#5085,#5108));
#5083 = ORIENTED_EDGE('',*,*,#4823,.F.);
#5084 = ORIENTED_EDGE('',*,*,#4923,.T.);
#5085 = ORIENTED_EDGE('',*,*,#5086,.T.);
#5086 = EDGE_CURVE('',#4924,#5087,#5089,.T.);
#5087 = VERTEX_POINT('',#5088);
#5088 = CARTESIAN_POINT('',(-228.,-52.,1.718E+03));
#5089 = SURFACE_CURVE('',#5090,(#5094,#5101),.PCURVE_S1.);
#5090 = LINE('',#5091,#5092);
#5091 = CARTESIAN_POINT('',(-228.,-52.,1.042E+03));
#5092 = VECTOR('',#5093,1.);
#5093 = DIRECTION('',(0.,0.,1.));
#5094 = PCURVE('',#4839,#5095);
#5095 = DEFINITIONAL_REPRESENTATION('',(#5096),#5100);
#5096 = LINE('',#5097,#5098);
#5097 = CARTESIAN_POINT('',(0.,-96.));
#5098 = VECTOR('',#5099,1.);
#5099 = DIRECTION('',(1.,0.));
#5100 = ( GEOMETRIC_REPRESENTATION_CONTEXT(2) 
PARAMETRIC_REPRESENTATION_CONTEXT() REPRESENTATION_CONTEXT('2D SPACE',''
  ) );
#5101 = PCURVE('',#4984,#5102);
#5102 = DEFINITIONAL_REPRESENTATION('',(#5103),#5107);
#5103 = LINE('',#5104,#5105);
#5104 = CARTESIAN_POINT('',(0.,0.));
#5105 = VECTOR('',#5106,1.);
#5106 = DIRECTION('',(1.,0.));
#5107 = ( GEOMETRIC_REPRESENTATION_CONTEXT(2) 
PARAMETRIC_REPRESENTATION_CONTEXT() REPRESENTATION_CONTEXT('2D SPACE',''
  ) );
#5108 = ORIENTED_EDGE('',*,*,#5109,.F.);
#5109 = EDGE_CURVE('',#4824,#5087,#5110,.T.);
#5110 = SURFACE_CURVE('',#5111,(#5115,#5122),.PCURVE_S1.);
#5111 = LINE('',#5112,#5113);
#5112 = CARTESIAN_POINT('',(-228.,-148.,1.718E+03));
#5113 = VECTOR('',#5114,1.);
#5114 = DIRECTION('',(-0.,1.,0.));
#5115 = PCURVE('',#4839,#5116);
#5116 = DEFINITIONAL_REPRESENTATION('',(#5117),#5121);
#5117 = LINE('',#5118,#5119);
#5118 = CARTESIAN_POINT('',(676.,0.));
#5119 = VECTOR('',#5120,1.);
#5120 = DIRECTION('',(0.,-1.));
#5121 = ( GEOMETRIC_REPRESENTATION_CONTEXT(2) 
PARAMETRIC_REPRESENTATION_CONTEXT() REPRESENTATION_CONTEXT('2D SPACE',''
  ) );
#5122 = PCURVE('',#4867,#5123);
#5123 = DEFINITIONAL_REPRESENTATION('',(#5124),#5128);
#5124 = LINE('',#5125,#5126);
#5125 = CARTESIAN_POINT('',(0.,0.));
#5126 = VECTOR('',#5127,1.);
#5127 = DIRECTION('',(0.,1.));
#5128 = ( GEOMETRIC_REPRESENTATION_CONTEXT(2) 
PARAMETRIC_REPRESENTATION_CONTEXT() REPRESENTATION_CONTEXT('2D SPACE',''
  ) );
#5129 = ADVANCED_FACE('',(#5130),#4867,.F.);
#5130 = FACE_BOUND('',#5131,.F.);
#5131 = EDGE_LOOP('',(#5132,#5133,#5134,#5135));
#5132 = ORIENTED_EDGE('',*,*,#5109,.F.);
#5133 = ORIENTED_EDGE('',*,*,#4851,.T.);
#5134 = ORIENTED_EDGE('',*,*,#5060,.T.);
#5135 = ORIENTED_EDGE('',*,*,#5136,.F.);
#5136 = EDGE_CURVE('',#5087,#5038,#5137,.T.);
#5137 = SURFACE_CURVE('',#5138,(#5142,#5149),.PCURVE_S1.);
#5138 = LINE('',#5139,#5140);
#5139 = CARTESIAN_POINT('',(-228.,-52.,1.718E+03));
#5140 = VECTOR('',#5141,1.);
#5141 = DIRECTION('',(1.,0.,-0.));
#5142 = PCURVE('',#4867,#5143);
#5143 = DEFINITIONAL_REPRESENTATION('',(#5144),#5148);
#5144 = LINE('',#5145,#5146);
#5145 = CARTESIAN_POINT('',(0.,96.));
#5146 = VECTOR('',#5147,1.);
#5147 = DIRECTION('',(1.,0.));
#5148 = ( GEOMETRIC_REPRESENTATION_CONTEXT(2) 
PARAMETRIC_REPRESENTATION_CONTEXT() REPRESENTATION_CONTEXT('2D SPACE',''
  ) );
#5149 = PCURVE('',#4984,#5150);
#5150 = DEFINITIONAL_REPRESENTATION('',(#5151),#5155);
#5151 = LINE('',#5152,#5153);
#5152 = CARTESIAN_POINT('',(676.,0.));
#5153 = VECTOR('',#5154,1.);
#5154 = DIRECTION('',(0.,1.));
#5155 = ( GEOMETRIC_REPRESENTATION_CONTEXT(2) 
PARAMETRIC_REPRESENTATION_CONTEXT() REPRESENTATION_CONTEXT('2D SPACE',''
  ) );
#5156 = ADVANCED_FACE('',(#5157),#4984,.F.);
#5157 = FACE_BOUND('',#5158,.F.);
#5158 = EDGE_LOOP('',(#5159,#5160,#5161,#5162));
#5159 = ORIENTED_EDGE('',*,*,#4970,.F.);
#5160 = ORIENTED_EDGE('',*,*,#5086,.T.);
#5161 = ORIENTED_EDGE('',*,*,#5136,.T.);
#5162 = ORIENTED_EDGE('',*,*,#5037,.F.);
#5163 = ( GEOMETRIC_REPRESENTATION_CONTEXT(3) 
GLOBAL_UNCERTAINTY_ASSIGNED_CONTEXT((#5167)) 
GLOBAL_UNIT_ASSIGNED_CONTEXT((#5164,#5165,#5166)) REPRESENTATION_CONTEXT
('Context #1','3D Context with UNIT and UNCERTAINTY') );
#5164 = ( LENGTH_UNIT() NAMED_UNIT(*) SI_UNIT(.MILLI.,.METRE.) );
#5165 = ( NAMED_UNIT(*) PLANE_ANGLE_UNIT() SI_UNIT($,.RADIAN.) );
#5166 = ( NAMED_UNIT(*) SI_UNIT($,.STERADIAN.) SOLID_ANGLE_UNIT() );
#5167 = UNCERTAINTY_MEASURE_WITH_UNIT(LENGTH_MEASURE(1.E-07),#5164,
  'distance_accuracy_value','confusion accuracy');
#5168 = CONTEXT_DEPENDENT_SHAPE_REPRESENTATION(#5169,#5171);
#5169 = ( REPRESENTATION_RELATIONSHIP('','',#2128,#10) 
REPRESENTATION_RELATIONSHIP_WITH_TRANSFORMATION(#5170) 
SHAPE_REPRESENTATION_RELATIONSHIP() );
#5170 = ITEM_DEFINED_TRANSFORMATION('','',#11,#23);
#5171 = PRODUCT_DEFINITION_SHAPE('Placement','Placement of an item',
  #5172);
#5172 = NEXT_ASSEMBLY_USAGE_OCCURRENCE('3','=>[0:1:1:4]','',#5,#2123,$);
#5173 = PRODUCT_RELATED_PRODUCT_CATEGORY('part',$,(#2125));
#5174 = SHAPE_DEFINITION_REPRESENTATION(#5175,#5181);
#5175 = PRODUCT_DEFINITION_SHAPE('','',#5176);
#5176 = PRODUCT_DEFINITION('design','',#5177,#5180);
#5177 = PRODUCT_DEFINITION_FORMATION('','',#5178);
#5178 = PRODUCT('COMPOUND','COMPOUND','',(#5179));
#5179 = PRODUCT_CONTEXT('',#2,'mechanical');
#5180 = PRODUCT_DEFINITION_CONTEXT('part definition',#2,'design');
#5181 = ADVANCED_BREP_SHAPE_REPRESENTATION('',(#11,#5182),#5512);
#5182 = MANIFOLD_SOLID_BREP('',#5183);
#5183 = CLOSED_SHELL('',(#5184,#5304,#5404,#5451,#5498,#5505));
#5184 = ADVANCED_FACE('',(#5185),#5199,.F.);
#5185 = FACE_BOUND('',#5186,.F.);
#5186 = EDGE_LOOP('',(#5187,#5222,#5250,#5278));
#5187 = ORIENTED_EDGE('',*,*,#5188,.F.);
#5188 = EDGE_CURVE('',#5189,#5191,#5193,.T.);
#5189 = VERTEX_POINT('',#5190);
#5190 = CARTESIAN_POINT('',(-128.,-3.,-168.));
#5191 = VERTEX_POINT('',#5192);
#5192 = CARTESIAN_POINT('',(-128.,-3.,168.));
#5193 = SURFACE_CURVE('',#5194,(#5198,#5210),.PCURVE_S1.);
#5194 = LINE('',#5195,#5196);
#5195 = CARTESIAN_POINT('',(-128.,-3.,-168.));
#5196 = VECTOR('',#5197,1.);
#5197 = DIRECTION('',(0.,0.,1.));
#5198 = PCURVE('',#5199,#5204);
#5199 = PLANE('',#5200);
#5200 = AXIS2_PLACEMENT_3D('',#5201,#5202,#5203);
#5201 = CARTESIAN_POINT('',(-128.,-3.,-168.));
#5202 = DIRECTION('',(1.,0.,-0.));
#5203 = DIRECTION('',(0.,0.,1.));
#5204 = DEFINITIONAL_REPRESENTATION('',(#5205),#5209);
#5205 = LINE('',#5206,#5207);
#5206 = CARTESIAN_POINT('',(0.,0.));
#5207 = VECTOR('',#5208,1.);
#5208 = DIRECTION('',(1.,0.));
#5209 = ( GEOMETRIC_REPRESENTATION_CONTEXT(2) 
PARAMETRIC_REPRESENTATION_CONTEXT() REPRESENTATION_CONTEXT('2D SPACE',''
  ) );
#5210 = PCURVE('',#5211,#5216);
#5211 = PLANE('',#5212);
#5212 = AXIS2_PLACEMENT_3D('',#5213,#5214,#5215);
#5213 = CARTESIAN_POINT('',(-128.,-3.,-168.));
#5214 = DIRECTION('',(-0.,1.,0.));
#5215 = DIRECTION('',(0.,0.,1.));
#5216 = DEFINITIONAL_REPRESENTATION('',(#5217),#5221);
#5217 = LINE('',#5218,#5219);
#5218 = CARTESIAN_POINT('',(0.,0.));
#5219 = VECTOR('',#5220,1.);
#5220 = DIRECTION('',(1.,0.));
#5221 = ( GEOMETRIC_REPRESENTATION_CONTEXT(2) 
PARAMETRIC_REPRESENTATION_CONTEXT() REPRESENTATION_CONTEXT('2D SPACE',''
  ) );
#5222 = ORIENTED_EDGE('',*,*,#5223,.T.);
#5223 = EDGE_CURVE('',#5189,#5224,#5226,.T.);
#5224 = VERTEX_POINT('',#5225);
#5225 = CARTESIAN_POINT('',(-128.,3.,-168.));
#5226 = SURFACE_CURVE('',#5227,(#5231,#5238),.PCURVE_S1.);
#5227 = LINE('',#5228,#5229);
#5228 = CARTESIAN_POINT('',(-128.,-3.,-168.));
#5229 = VECTOR('',#5230,1.);
#5230 = DIRECTION('',(-0.,1.,0.));
#5231 = PCURVE('',#5199,#5232);
#5232 = DEFINITIONAL_REPRESENTATION('',(#5233),#5237);
#5233 = LINE('',#5234,#5235);
#5234 = CARTESIAN_POINT('',(0.,0.));
#5235 = VECTOR('',#5236,1.);
#5236 = DIRECTION('',(0.,-1.));
#5237 = ( GEOMETRIC_REPRESENTATION_CONTEXT(2) 
PARAMETRIC_REPRESENTATION_CONTEXT() REPRESENTATION_CONTEXT('2D SPACE',''
  ) );
#5238 = PCURVE('',#5239,#5244);
#5239 = PLANE('',#5240);
#5240 = AXIS2_PLACEMENT_3D('',#5241,#5242,#5243);
#5241 = CARTESIAN_POINT('',(-128.,-3.,-168.));
#5242 = DIRECTION('',(0.,0.,1.));
#5243 = DIRECTION('',(1.,0.,-0.));
#5244 = DEFINITIONAL_REPRESENTATION('',(#5245),#5249);
#5245 = LINE('',#5246,#5247);
#5246 = CARTESIAN_POINT('',(0.,0.));
#5247 = VECTOR('',#5248,1.);
#5248 = DIRECTION('',(0.,1.));
#5249 = ( GEOMETRIC_REPRESENTATION_CONTEXT(2) 
PARAMETRIC_REPRESENTATION_CONTEXT() REPRESENTATION_CONTEXT('2D SPACE',''
  ) );
#5250 = ORIENTED_EDGE('',*,*,#5251,.T.);
#5251 = EDGE_CURVE('',#5224,#5252,#5254,.T.);
#5252 = VERTEX_POINT('',#5253);
#5253 = CARTESIAN_POINT('',(-128.,3.,168.));
#5254 = SURFACE_CURVE('',#5255,(#5259,#5266),.PCURVE_S1.);
#5255 = LINE('',#5256,#5257);
#5256 = CARTESIAN_POINT('',(-128.,3.,-168.));
#5257 = VECTOR('',#5258,1.);
#5258 = DIRECTION('',(0.,0.,1.));
#5259 = PCURVE('',#5199,#5260);
#5260 = DEFINITIONAL_REPRESENTATION('',(#5261),#5265);
#5261 = LINE('',#5262,#5263);
#5262 = CARTESIAN_POINT('',(0.,-6.));
#5263 = VECTOR('',#5264,1.);
#5264 = DIRECTION('',(1.,0.));
#5265 = ( GEOMETRIC_REPRESENTATION_CONTEXT(2) 
PARAMETRIC_REPRESENTATION_CONTEXT() REPRESENTATION_CONTEXT('2D SPACE',''
  ) );
#5266 = PCURVE('',#5267,#5272);
#5267 = PLANE('',#5268);
#5268 = AXIS2_PLACEMENT_3D('',#5269,#5270,#5271);
#5269 = CARTESIAN_POINT('',(-128.,3.,-168.));
#5270 = DIRECTION('',(-0.,1.,0.));
#5271 = DIRECTION('',(0.,0.,1.));
#5272 = DEFINITIONAL_REPRESENTATION('',(#5273),#5277);
#5273 = LINE('',#5274,#5275);
#5274 = CARTESIAN_POINT('',(0.,0.));
#5275 = VECTOR('',#5276,1.);
#5276 = DIRECTION('',(1.,0.));
#5277 = ( GEOMETRIC_REPRESENTATION_CONTEXT(2) 
PARAMETRIC_REPRESENTATION_CONTEXT() REPRESENTATION_CONTEXT('2D SPACE',''
  ) );
#5278 = ORIENTED_EDGE('',*,*,#5279,.F.);
#5279 = EDGE_CURVE('',#5191,#5252,#5280,.T.);
#5280 = SURFACE_CURVE('',#5281,(#5285,#5292),.PCURVE_S1.);
#5281 = LINE('',#5282,#5283);
#5282 = CARTESIAN_POINT('',(-128.,-3.,168.));
#5283 = VECTOR('',#5284,1.);
#5284 = DIRECTION('',(-0.,1.,0.));
#5285 = PCURVE('',#5199,#5286);
#5286 = DEFINITIONAL_REPRESENTATION('',(#5287),#5291);
#5287 = LINE('',#5288,#5289);
#5288 = CARTESIAN_POINT('',(336.,0.));
#5289 = VECTOR('',#5290,1.);
#5290 = DIRECTION('',(0.,-1.));
#5291 = ( GEOMETRIC_REPRESENTATION_CONTEXT(2) 
PARAMETRIC_REPRESENTATION_CONTEXT() REPRESENTATION_CONTEXT('2D SPACE',''
  ) );
#5292 = PCURVE('',#5293,#5298);
#5293 = PLANE('',#5294);
#5294 = AXIS2_PLACEMENT_3D('',#5295,#5296,#5297);
#5295 = CARTESIAN_POINT('',(-128.,-3.,168.));
#5296 = DIRECTION('',(0.,0.,1.));
#5297 = DIRECTION('',(1.,0.,-0.));
#5298 = DEFINITIONAL_REPRESENTATION('',(#5299),#5303);
#5299 = LINE('',#5300,#5301);
#5300 = CARTESIAN_POINT('',(0.,0.));
#5301 = VECTOR('',#5302,1.);
#5302 = DIRECTION('',(0.,1.));
#5303 = ( GEOMETRIC_REPRESENTATION_CONTEXT(2) 
PARAMETRIC_REPRESENTATION_CONTEXT() REPRESENTATION_CONTEXT('2D SPACE',''
  ) );
#5304 = ADVANCED_FACE('',(#5305),#5319,.T.);
#5305 = FACE_BOUND('',#5306,.T.);
#5306 = EDGE_LOOP('',(#5307,#5337,#5360,#5383));
#5307 = ORIENTED_EDGE('',*,*,#5308,.F.);
#5308 = EDGE_CURVE('',#5309,#5311,#5313,.T.);
#5309 = VERTEX_POINT('',#5310);
#5310 = CARTESIAN_POINT('',(128.,-3.,-168.));
#5311 = VERTEX_POINT('',#5312);
#5312 = CARTESIAN_POINT('',(128.,-3.,168.));
#5313 = SURFACE_CURVE('',#5314,(#5318,#5330),.PCURVE_S1.);
#5314 = LINE('',#5315,#5316);
#5315 = CARTESIAN_POINT('',(128.,-3.,-168.));
#5316 = VECTOR('',#5317,1.);
#5317 = DIRECTION('',(0.,0.,1.));
#5318 = PCURVE('',#5319,#5324);
#5319 = PLANE('',#5320);
#5320 = AXIS2_PLACEMENT_3D('',#5321,#5322,#5323);
#5321 = CARTESIAN_POINT('',(128.,-3.,-168.));
#5322 = DIRECTION('',(1.,0.,-0.));
#5323 = DIRECTION('',(0.,0.,1.));
#5324 = DEFINITIONAL_REPRESENTATION('',(#5325),#5329);
#5325 = LINE('',#5326,#5327);
#5326 = CARTESIAN_POINT('',(0.,0.));
#5327 = VECTOR('',#5328,1.);
#5328 = DIRECTION('',(1.,0.));
#5329 = ( GEOMETRIC_REPRESENTATION_CONTEXT(2) 
PARAMETRIC_REPRESENTATION_CONTEXT() REPRESENTATION_CONTEXT('2D SPACE',''
  ) );
#5330 = PCURVE('',#5211,#5331);
#5331 = DEFINITIONAL_REPRESENTATION('',(#5332),#5336);
#5332 = LINE('',#5333,#5334);
#5333 = CARTESIAN_POINT('',(0.,256.));
#5334 = VECTOR('',#5335,1.);
#5335 = DIRECTION('',(1.,0.));
#5336 = ( GEOMETRIC_REPRESENTATION_CONTEXT(2) 
PARAMETRIC_REPRESENTATION_CONTEXT() REPRESENTATION_CONTEXT('2D SPACE',''
  ) );
#5337 = ORIENTED_EDGE('',*,*,#5338,.T.);
#5338 = EDGE_CURVE('',#5309,#5339,#5341,.T.);
#5339 = VERTEX_POINT('',#5340);
#5340 = CARTESIAN_POINT('',(128.,3.,-168.));
#5341 = SURFACE_CURVE('',#5342,(#5346,#5353),.PCURVE_S1.);
#5342 = LINE('',#5343,#5344);
#5343 = CARTESIAN_POINT('',(128.,-3.,-168.));
#5344 = VECTOR('',#5345,1.);
#5345 = DIRECTION('',(-0.,1.,0.));
#5346 = PCURVE('',#5319,#5347);
#5347 = DEFINITIONAL_REPRESENTATION('',(#5348),#5352);
#5348 = LINE('',#5349,#5350);
#5349 = CARTESIAN_POINT('',(0.,0.));
#5350 = VECTOR('',#5351,1.);
#5351 = DIRECTION('',(0.,-1.));
#5352 = ( GEOMETRIC_REPRESENTATION_CONTEXT(2) 
PARAMETRIC_REPRESENTATION_CONTEXT() REPRESENTATION_CONTEXT('2D SPACE',''
  ) );
#5353 = PCURVE('',#5239,#5354);
#5354 = DEFINITIONAL_REPRESENTATION('',(#5355),#5359);
#5355 = LINE('',#5356,#5357);
#5356 = CARTESIAN_POINT('',(256.,0.));
#5357 = VECTOR('',#5358,1.);
#5358 = DIRECTION('',(0.,1.));
#5359 = ( GEOMETRIC_REPRESENTATION_CONTEXT(2) 
PARAMETRIC_REPRESENTATION_CONTEXT() REPRESENTATION_CONTEXT('2D SPACE',''
  ) );
#5360 = ORIENTED_EDGE('',*,*,#5361,.T.);
#5361 = EDGE_CURVE('',#5339,#5362,#5364,.T.);
#5362 = VERTEX_POINT('',#5363);
#5363 = CARTESIAN_POINT('',(128.,3.,168.));
#5364 = SURFACE_CURVE('',#5365,(#5369,#5376),.PCURVE_S1.);
#5365 = LINE('',#5366,#5367);
#5366 = CARTESIAN_POINT('',(128.,3.,-168.));
#5367 = VECTOR('',#5368,1.);
#5368 = DIRECTION('',(0.,0.,1.));
#5369 = PCURVE('',#5319,#5370);
#5370 = DEFINITIONAL_REPRESENTATION('',(#5371),#5375);
#5371 = LINE('',#5372,#5373);
#5372 = CARTESIAN_POINT('',(0.,-6.));
#5373 = VECTOR('',#5374,1.);
#5374 = DIRECTION('',(1.,0.));
#5375 = ( GEOMETRIC_REPRESENTATION_CONTEXT(2) 
PARAMETRIC_REPRESENTATION_CONTEXT() REPRESENTATION_CONTEXT('2D SPACE',''
  ) );
#5376 = PCURVE('',#5267,#5377);
#5377 = DEFINITIONAL_REPRESENTATION('',(#5378),#5382);
#5378 = LINE('',#5379,#5380);
#5379 = CARTESIAN_POINT('',(0.,256.));
#5380 = VECTOR('',#5381,1.);
#5381 = DIRECTION('',(1.,0.));
#5382 = ( GEOMETRIC_REPRESENTATION_CONTEXT(2) 
PARAMETRIC_REPRESENTATION_CONTEXT() REPRESENTATION_CONTEXT('2D SPACE',''
  ) );
#5383 = ORIENTED_EDGE('',*,*,#5384,.F.);
#5384 = EDGE_CURVE('',#5311,#5362,#5385,.T.);
#5385 = SURFACE_CURVE('',#5386,(#5390,#5397),.PCURVE_S1.);
#5386 = LINE('',#5387,#5388);
#5387 = CARTESIAN_POINT('',(128.,-3.,168.));
#5388 = VECTOR('',#5389,1.);
#5389 = DIRECTION('',(-0.,1.,0.));
#5390 = PCURVE('',#5319,#5391);
#5391 = DEFINITIONAL_REPRESENTATION('',(#5392),#5396);
#5392 = LINE('',#5393,#5394);
#5393 = CARTESIAN_POINT('',(336.,0.));
#5394 = VECTOR('',#5395,1.);
#5395 = DIRECTION('',(0.,-1.));
#5396 = ( GEOMETRIC_REPRESENTATION_CONTEXT(2) 
PARAMETRIC_REPRESENTATION_CONTEXT() REPRESENTATION_CONTEXT('2D SPACE',''
  ) );
#5397 = PCURVE('',#5293,#5398);
#5398 = DEFINITIONAL_REPRESENTATION('',(#5399),#5403);
#5399 = LINE('',#5400,#5401);
#5400 = CARTESIAN_POINT('',(256.,0.));
#5401 = VECTOR('',#5402,1.);
#5402 = DIRECTION('',(0.,1.));
#5403 = ( GEOMETRIC_REPRESENTATION_CONTEXT(2) 
PARAMETRIC_REPRESENTATION_CONTEXT() REPRESENTATION_CONTEXT('2D SPACE',''
  ) );
#5404 = ADVANCED_FACE('',(#5405),#5211,.F.);
#5405 = FACE_BOUND('',#5406,.F.);
#5406 = EDGE_LOOP('',(#5407,#5428,#5429,#5450));
#5407 = ORIENTED_EDGE('',*,*,#5408,.F.);
#5408 = EDGE_CURVE('',#5189,#5309,#5409,.T.);
#5409 = SURFACE_CURVE('',#5410,(#5414,#5421),.PCURVE_S1.);
#5410 = LINE('',#5411,#5412);
#5411 = CARTESIAN_POINT('',(-128.,-3.,-168.));
#5412 = VECTOR('',#5413,1.);
#5413 = DIRECTION('',(1.,0.,-0.));
#5414 = PCURVE('',#5211,#5415);
#5415 = DEFINITIONAL_REPRESENTATION('',(#5416),#5420);
#5416 = LINE('',#5417,#5418);
#5417 = CARTESIAN_POINT('',(0.,0.));
#5418 = VECTOR('',#5419,1.);
#5419 = DIRECTION('',(0.,1.));
#5420 = ( GEOMETRIC_REPRESENTATION_CONTEXT(2) 
PARAMETRIC_REPRESENTATION_CONTEXT() REPRESENTATION_CONTEXT('2D SPACE',''
  ) );
#5421 = PCURVE('',#5239,#5422);
#5422 = DEFINITIONAL_REPRESENTATION('',(#5423),#5427);
#5423 = LINE('',#5424,#5425);
#5424 = CARTESIAN_POINT('',(0.,0.));
#5425 = VECTOR('',#5426,1.);
#5426 = DIRECTION('',(1.,0.));
#5427 = ( GEOMETRIC_REPRESENTATION_CONTEXT(2) 
PARAMETRIC_REPRESENTATION_CONTEXT() REPRESENTATION_CONTEXT('2D SPACE',''
  ) );
#5428 = ORIENTED_EDGE('',*,*,#5188,.T.);
#5429 = ORIENTED_EDGE('',*,*,#5430,.T.);
#5430 = EDGE_CURVE('',#5191,#5311,#5431,.T.);
#5431 = SURFACE_CURVE('',#5432,(#5436,#5443),.PCURVE_S1.);
#5432 = LINE('',#5433,#5434);
#5433 = CARTESIAN_POINT('',(-128.,-3.,168.));
#5434 = VECTOR('',#5435,1.);
#5435 = DIRECTION('',(1.,0.,-0.));
#5436 = PCURVE('',#5211,#5437);
#5437 = DEFINITIONAL_REPRESENTATION('',(#5438),#5442);
#5438 = LINE('',#5439,#5440);
#5439 = CARTESIAN_POINT('',(336.,0.));
#5440 = VECTOR('',#5441,1.);
#5441 = DIRECTION('',(0.,1.));
#5442 = ( GEOMETRIC_REPRESENTATION_CONTEXT(2) 
PARAMETRIC_REPRESENTATION_CONTEXT() REPRESENTATION_CONTEXT('2D SPACE',''
  ) );
#5443 = PCURVE('',#5293,#5444);
#5444 = DEFINITIONAL_REPRESENTATION('',(#5445),#5449);
#5445 = LINE('',#5446,#5447);
#5446 = CARTESIAN_POINT('',(0.,0.));
#5447 = VECTOR('',#5448,1.);
#5448 = DIRECTION('',(1.,0.));
#5449 = ( GEOMETRIC_REPRESENTATION_CONTEXT(2) 
PARAMETRIC_REPRESENTATION_CONTEXT() REPRESENTATION_CONTEXT('2D SPACE',''
  ) );
#5450 = ORIENTED_EDGE('',*,*,#5308,.F.);
#5451 = ADVANCED_FACE('',(#5452),#5267,.T.);
#5452 = FACE_BOUND('',#5453,.T.);
#5453 = EDGE_LOOP('',(#5454,#5475,#5476,#5497));
#5454 = ORIENTED_EDGE('',*,*,#5455,.F.);
#5455 = EDGE_CURVE('',#5224,#5339,#5456,.T.);
#5456 = SURFACE_CURVE('',#5457,(#5461,#5468),.PCURVE_S1.);
#5457 = LINE('',#5458,#5459);
#5458 = CARTESIAN_POINT('',(-128.,3.,-168.));
#5459 = VECTOR('',#5460,1.);
#5460 = DIRECTION('',(1.,0.,-0.));
#5461 = PCURVE('',#5267,#5462);
#5462 = DEFINITIONAL_REPRESENTATION('',(#5463),#5467);
#5463 = LINE('',#5464,#5465);
#5464 = CARTESIAN_POINT('',(0.,0.));
#5465 = VECTOR('',#5466,1.);
#5466 = DIRECTION('',(0.,1.));
#5467 = ( GEOMETRIC_REPRESENTATION_CONTEXT(2) 
PARAMETRIC_REPRESENTATION_CONTEXT() REPRESENTATION_CONTEXT('2D SPACE',''
  ) );
#5468 = PCURVE('',#5239,#5469);
#5469 = DEFINITIONAL_REPRESENTATION('',(#5470),#5474);
#5470 = LINE('',#5471,#5472);
#5471 = CARTESIAN_POINT('',(0.,6.));
#5472 = VECTOR('',#5473,1.);
#5473 = DIRECTION('',(1.,0.));
#5474 = ( GEOMETRIC_REPRESENTATION_CONTEXT(2) 
PARAMETRIC_REPRESENTATION_CONTEXT() REPRESENTATION_CONTEXT('2D SPACE',''
  ) );
#5475 = ORIENTED_EDGE('',*,*,#5251,.T.);
#5476 = ORIENTED_EDGE('',*,*,#5477,.T.);
#5477 = EDGE_CURVE('',#5252,#5362,#5478,.T.);
#5478 = SURFACE_CURVE('',#5479,(#5483,#5490),.PCURVE_S1.);
#5479 = LINE('',#5480,#5481);
#5480 = CARTESIAN_POINT('',(-128.,3.,168.));
#5481 = VECTOR('',#5482,1.);
#5482 = DIRECTION('',(1.,0.,-0.));
#5483 = PCURVE('',#5267,#5484);
#5484 = DEFINITIONAL_REPRESENTATION('',(#5485),#5489);
#5485 = LINE('',#5486,#5487);
#5486 = CARTESIAN_POINT('',(336.,0.));
#5487 = VECTOR('',#5488,1.);
#5488 = DIRECTION('',(0.,1.));
#5489 = ( GEOMETRIC_REPRESENTATION_CONTEXT(2) 
PARAMETRIC_REPRESENTATION_CONTEXT() REPRESENTATION_CONTEXT('2D SPACE',''
  ) );
#5490 = PCURVE('',#5293,#5491);
#5491 = DEFINITIONAL_REPRESENTATION('',(#5492),#5496);
#5492 = LINE('',#5493,#5494);
#5493 = CARTESIAN_POINT('',(0.,6.));
#5494 = VECTOR('',#5495,1.);
#5495 = DIRECTION('',(1.,0.));
#5496 = ( GEOMETRIC_REPRESENTATION_CONTEXT(2) 
PARAMETRIC_REPRESENTATION_CONTEXT() REPRESENTATION_CONTEXT('2D SPACE',''
  ) );
#5497 = ORIENTED_EDGE('',*,*,#5361,.F.);
#5498 = ADVANCED_FACE('',(#5499),#5239,.F.);
#5499 = FACE_BOUND('',#5500,.F.);
#5500 = EDGE_LOOP('',(#5501,#5502,#5503,#5504));
#5501 = ORIENTED_EDGE('',*,*,#5223,.F.);
#5502 = ORIENTED_EDGE('',*,*,#5408,.T.);
#5503 = ORIENTED_EDGE('',*,*,#5338,.T.);
#5504 = ORIENTED_EDGE('',*,*,#5455,.F.);
#5505 = ADVANCED_FACE('',(#5506),#5293,.T.);
#5506 = FACE_BOUND('',#5507,.T.);
#5507 = EDGE_LOOP('',(#5508,#5509,#5510,#5511));
#5508 = ORIENTED_EDGE('',*,*,#5279,.F.);
#5509 = ORIENTED_EDGE('',*,*,#5430,.T.);
#5510 = ORIENTED_EDGE('',*,*,#5384,.T.);
#5511 = ORIENTED_EDGE('',*,*,#5477,.F.);
#5512 = ( GEOMETRIC_REPRESENTATION_CONTEXT(3) 
GLOBAL_UNCERTAINTY_ASSIGNED_CONTEXT((#5516)) 
GLOBAL_UNIT_ASSIGNED_CONTEXT((#5513,#5514,#5515)) REPRESENTATION_CONTEXT
('Context #1','3D Context with UNIT and UNCERTAINTY') );
#5513 = ( LENGTH_UNIT() NAMED_UNIT(*) SI_UNIT(.MILLI.,.METRE.) );
#5514 = ( NAMED_UNIT(*) PLANE_ANGLE_UNIT() SI_UNIT($,.RADIAN.) );
#5515 = ( NAMED_UNIT(*) SI_UNIT($,.STERADIAN.) SOLID_ANGLE_UNIT() );
#5516 = UNCERTAINTY_MEASURE_WITH_UNIT(LENGTH_MEASURE(1.E-07),#5513,
  'distance_accuracy_value','confusion accuracy');
#5517 = CONTEXT_DEPENDENT_SHAPE_REPRESENTATION(#5518,#5520);
#5518 = ( REPRESENTATION_RELATIONSHIP('','',#5181,#10) 
REPRESENTATION_RELATIONSHIP_WITH_TRANSFORMATION(#5519) 
SHAPE_REPRESENTATION_RELATIONSHIP() );
#5519 = ITEM_DEFINED_TRANSFORMATION('','',#11,#27);
#5520 = PRODUCT_DEFINITION_SHAPE('Placement','Placement of an item',
  #5521);
#5521 = NEXT_ASSEMBLY_USAGE_OCCURRENCE('4','=>[0:1:1:5]','',#5,#5176,$);
#5522 = PRODUCT_RELATED_PRODUCT_CATEGORY('part',$,(#5178));
#5523 = SHAPE_DEFINITION_REPRESENTATION(#5524,#5530);
#5524 = PRODUCT_DEFINITION_SHAPE('','',#5525);
#5525 = PRODUCT_DEFINITION('design','',#5526,#5529);
#5526 = PRODUCT_DEFINITION_FORMATION('','',#5527);
#5527 = PRODUCT('COMPOUND','COMPOUND','',(#5528));
#5528 = PRODUCT_CONTEXT('',#2,'mechanical');
#5529 = PRODUCT_DEFINITION_CONTEXT('part definition',#2,'design');
#5530 = ADVANCED_BREP_SHAPE_REPRESENTATION('',(#11,#5531),#6183);
#5531 = MANIFOLD_SOLID_BREP('',#5532);
#5532 = CLOSED_SHELL('',(#5533,#5653,#5729,#5778,#5941,#5968,#5975,#6051
    ,#6100,#6149,#6176));
#5533 = ADVANCED_FACE('',(#5534),#5548,.F.);
#5534 = FACE_BOUND('',#5535,.F.);
#5535 = EDGE_LOOP('',(#5536,#5571,#5599,#5627));
#5536 = ORIENTED_EDGE('',*,*,#5537,.F.);
#5537 = EDGE_CURVE('',#5538,#5540,#5542,.T.);
#5538 = VERTEX_POINT('',#5539);
#5539 = CARTESIAN_POINT('',(-105.,-141.,1.315E+03));
#5540 = VERTEX_POINT('',#5541);
#5541 = CARTESIAN_POINT('',(-105.,-141.,1.605E+03));
#5542 = SURFACE_CURVE('',#5543,(#5547,#5559),.PCURVE_S1.);
#5543 = LINE('',#5544,#5545);
#5544 = CARTESIAN_POINT('',(-105.,-141.,1.315E+03));
#5545 = VECTOR('',#5546,1.);
#5546 = DIRECTION('',(0.,0.,1.));
#5547 = PCURVE('',#5548,#5553);
#5548 = PLANE('',#5549);
#5549 = AXIS2_PLACEMENT_3D('',#5550,#5551,#5552);
#5550 = CARTESIAN_POINT('',(-105.,-141.,1.315E+03));
#5551 = DIRECTION('',(1.,0.,-0.));
#5552 = DIRECTION('',(0.,0.,1.));
#5553 = DEFINITIONAL_REPRESENTATION('',(#5554),#5558);
#5554 = LINE('',#5555,#5556);
#5555 = CARTESIAN_POINT('',(0.,0.));
#5556 = VECTOR('',#5557,1.);
#5557 = DIRECTION('',(1.,0.));
#5558 = ( GEOMETRIC_REPRESENTATION_CONTEXT(2) 
PARAMETRIC_REPRESENTATION_CONTEXT() REPRESENTATION_CONTEXT('2D SPACE',''
  ) );
#5559 = PCURVE('',#5560,#5565);
#5560 = PLANE('',#5561);
#5561 = AXIS2_PLACEMENT_3D('',#5562,#5563,#5564);
#5562 = CARTESIAN_POINT('',(-105.,-141.,1.315E+03));
#5563 = DIRECTION('',(-0.,1.,0.));
#5564 = DIRECTION('',(0.,0.,1.));
#5565 = DEFINITIONAL_REPRESENTATION('',(#5566),#5570);
#5566 = LINE('',#5567,#5568);
#5567 = CARTESIAN_POINT('',(0.,0.));
#5568 = VECTOR('',#5569,1.);
#5569 = DIRECTION('',(1.,0.));
#5570 = ( GEOMETRIC_REPRESENTATION_CONTEXT(2) 
PARAMETRIC_REPRESENTATION_CONTEXT() REPRESENTATION_CONTEXT('2D SPACE',''
  ) );
#5571 = ORIENTED_EDGE('',*,*,#5572,.T.);
#5572 = EDGE_CURVE('',#5538,#5573,#5575,.T.);
#5573 = VERTEX_POINT('',#5574);
#5574 = CARTESIAN_POINT('',(-105.,-134.,1.315E+03));
#5575 = SURFACE_CURVE('',#5576,(#5580,#5587),.PCURVE_S1.);
#5576 = LINE('',#5577,#5578);
#5577 = CARTESIAN_POINT('',(-105.,-141.,1.315E+03));
#5578 = VECTOR('',#5579,1.);
#5579 = DIRECTION('',(-0.,1.,0.));
#5580 = PCURVE('',#5548,#5581);
#5581 = DEFINITIONAL_REPRESENTATION('',(#5582),#5586);
#5582 = LINE('',#5583,#5584);
#5583 = CARTESIAN_POINT('',(0.,0.));
#5584 = VECTOR('',#5585,1.);
#5585 = DIRECTION('',(0.,-1.));
#5586 = ( GEOMETRIC_REPRESENTATION_CONTEXT(2) 
PARAMETRIC_REPRESENTATION_CONTEXT() REPRESENTATION_CONTEXT('2D SPACE',''
  ) );
#5587 = PCURVE('',#5588,#5593);
#5588 = PLANE('',#5589);
#5589 = AXIS2_PLACEMENT_3D('',#5590,#5591,#5592);
#5590 = CARTESIAN_POINT('',(-105.,-141.,1.315E+03));
#5591 = DIRECTION('',(0.,0.,1.));
#5592 = DIRECTION('',(1.,0.,-0.));
#5593 = DEFINITIONAL_REPRESENTATION('',(#5594),#5598);
#5594 = LINE('',#5595,#5596);
#5595 = CARTESIAN_POINT('',(0.,0.));
#5596 = VECTOR('',#5597,1.);
#5597 = DIRECTION('',(0.,1.));
#5598 = ( GEOMETRIC_REPRESENTATION_CONTEXT(2) 
PARAMETRIC_REPRESENTATION_CONTEXT() REPRESENTATION_CONTEXT('2D SPACE',''
  ) );
#5599 = ORIENTED_EDGE('',*,*,#5600,.T.);
#5600 = EDGE_CURVE('',#5573,#5601,#5603,.T.);
#5601 = VERTEX_POINT('',#5602);
#5602 = CARTESIAN_POINT('',(-105.,-134.,1.605E+03));
#5603 = SURFACE_CURVE('',#5604,(#5608,#5615),.PCURVE_S1.);
#5604 = LINE('',#5605,#5606);
#5605 = CARTESIAN_POINT('',(-105.,-134.,1.315E+03));
#5606 = VECTOR('',#5607,1.);
#5607 = DIRECTION('',(0.,0.,1.));
#5608 = PCURVE('',#5548,#5609);
#5609 = DEFINITIONAL_REPRESENTATION('',(#5610),#5614);
#5610 = LINE('',#5611,#5612);
#5611 = CARTESIAN_POINT('',(0.,-7.));
#5612 = VECTOR('',#5613,1.);
#5613 = DIRECTION('',(1.,0.));
#5614 = ( GEOMETRIC_REPRESENTATION_CONTEXT(2) 
PARAMETRIC_REPRESENTATION_CONTEXT() REPRESENTATION_CONTEXT('2D SPACE',''
  ) );
#5615 = PCURVE('',#5616,#5621);
#5616 = PLANE('',#5617);
#5617 = AXIS2_PLACEMENT_3D('',#5618,#5619,#5620);
#5618 = CARTESIAN_POINT('',(-105.,-134.,1.315E+03));
#5619 = DIRECTION('',(-0.,1.,0.));
#5620 = DIRECTION('',(0.,0.,1.));
#5621 = DEFINITIONAL_REPRESENTATION('',(#5622),#5626);
#5622 = LINE('',#5623,#5624);
#5623 = CARTESIAN_POINT('',(0.,0.));
#5624 = VECTOR('',#5625,1.);
#5625 = DIRECTION('',(1.,0.));
#5626 = ( GEOMETRIC_REPRESENTATION_CONTEXT(2) 
PARAMETRIC_REPRESENTATION_CONTEXT() REPRESENTATION_CONTEXT('2D SPACE',''
  ) );
#5627 = ORIENTED_EDGE('',*,*,#5628,.F.);
#5628 = EDGE_CURVE('',#5540,#5601,#5629,.T.);
#5629 = SURFACE_CURVE('',#5630,(#5634,#5641),.PCURVE_S1.);
#5630 = LINE('',#5631,#5632);
#5631 = CARTESIAN_POINT('',(-105.,-141.,1.605E+03));
#5632 = VECTOR('',#5633,1.);
#5633 = DIRECTION('',(-0.,1.,0.));
#5634 = PCURVE('',#5548,#5635);
#5635 = DEFINITIONAL_REPRESENTATION('',(#5636),#5640);
#5636 = LINE('',#5637,#5638);
#5637 = CARTESIAN_POINT('',(290.,0.));
#5638 = VECTOR('',#5639,1.);
#5639 = DIRECTION('',(0.,-1.));
#5640 = ( GEOMETRIC_REPRESENTATION_CONTEXT(2) 
PARAMETRIC_REPRESENTATION_CONTEXT() REPRESENTATION_CONTEXT('2D SPACE',''
  ) );
#5641 = PCURVE('',#5642,#5647);
#5642 = PLANE('',#5643);
#5643 = AXIS2_PLACEMENT_3D('',#5644,#5645,#5646);
#5644 = CARTESIAN_POINT('',(-105.,-141.,1.605E+03));
#5645 = DIRECTION('',(0.,0.,1.));
#5646 = DIRECTION('',(1.,0.,-0.));
#5647 = DEFINITIONAL_REPRESENTATION('',(#5648),#5652);
#5648 = LINE('',#5649,#5650);
#5649 = CARTESIAN_POINT('',(0.,0.));
#5650 = VECTOR('',#5651,1.);
#5651 = DIRECTION('',(0.,1.));
#5652 = ( GEOMETRIC_REPRESENTATION_CONTEXT(2) 
PARAMETRIC_REPRESENTATION_CONTEXT() REPRESENTATION_CONTEXT('2D SPACE',''
  ) );
#5653 = ADVANCED_FACE('',(#5654),#5560,.F.);
#5654 = FACE_BOUND('',#5655,.F.);
#5655 = EDGE_LOOP('',(#5656,#5679,#5680,#5703));
#5656 = ORIENTED_EDGE('',*,*,#5657,.F.);
#5657 = EDGE_CURVE('',#5538,#5658,#5660,.T.);
#5658 = VERTEX_POINT('',#5659);
#5659 = CARTESIAN_POINT('',(105.,-141.,1.315E+03));
#5660 = SURFACE_CURVE('',#5661,(#5665,#5672),.PCURVE_S1.);
#5661 = LINE('',#5662,#5663);
#5662 = CARTESIAN_POINT('',(-105.,-141.,1.315E+03));
#5663 = VECTOR('',#5664,1.);
#5664 = DIRECTION('',(1.,0.,-0.));
#5665 = PCURVE('',#5560,#5666);
#5666 = DEFINITIONAL_REPRESENTATION('',(#5667),#5671);
#5667 = LINE('',#5668,#5669);
#5668 = CARTESIAN_POINT('',(0.,0.));
#5669 = VECTOR('',#5670,1.);
#5670 = DIRECTION('',(0.,1.));
#5671 = ( GEOMETRIC_REPRESENTATION_CONTEXT(2) 
PARAMETRIC_REPRESENTATION_CONTEXT() REPRESENTATION_CONTEXT('2D SPACE',''
  ) );
#5672 = PCURVE('',#5588,#5673);
#5673 = DEFINITIONAL_REPRESENTATION('',(#5674),#5678);
#5674 = LINE('',#5675,#5676);
#5675 = CARTESIAN_POINT('',(0.,0.));
#5676 = VECTOR('',#5677,1.);
#5677 = DIRECTION('',(1.,0.));
#5678 = ( GEOMETRIC_REPRESENTATION_CONTEXT(2) 
PARAMETRIC_REPRESENTATION_CONTEXT() REPRESENTATION_CONTEXT('2D SPACE',''
  ) );
#5679 = ORIENTED_EDGE('',*,*,#5537,.T.);
#5680 = ORIENTED_EDGE('',*,*,#5681,.T.);
#5681 = EDGE_CURVE('',#5540,#5682,#5684,.T.);
#5682 = VERTEX_POINT('',#5683);
#5683 = CARTESIAN_POINT('',(105.,-141.,1.605E+03));
#5684 = SURFACE_CURVE('',#5685,(#5689,#5696),.PCURVE_S1.);
#5685 = LINE('',#5686,#5687);
#5686 = CARTESIAN_POINT('',(-105.,-141.,1.605E+03));
#5687 = VECTOR('',#5688,1.);
#5688 = DIRECTION('',(1.,0.,-0.));
#5689 = PCURVE('',#5560,#5690);
#5690 = DEFINITIONAL_REPRESENTATION('',(#5691),#5695);
#5691 = LINE('',#5692,#5693);
#5692 = CARTESIAN_POINT('',(290.,0.));
#5693 = VECTOR('',#5694,1.);
#5694 = DIRECTION('',(0.,1.));
#5695 = ( GEOMETRIC_REPRESENTATION_CONTEXT(2) 
PARAMETRIC_REPRESENTATION_CONTEXT() REPRESENTATION_CONTEXT('2D SPACE',''
  ) );
#5696 = PCURVE('',#5642,#5697);
#5697 = DEFINITIONAL_REPRESENTATION('',(#5698),#5702);
#5698 = LINE('',#5699,#5700);
#5699 = CARTESIAN_POINT('',(0.,0.));
#5700 = VECTOR('',#5701,1.);
#5701 = DIRECTION('',(1.,0.));
#5702 = ( GEOMETRIC_REPRESENTATION_CONTEXT(2) 
PARAMETRIC_REPRESENTATION_CONTEXT() REPRESENTATION_CONTEXT('2D SPACE',''
  ) );
#5703 = ORIENTED_EDGE('',*,*,#5704,.F.);
#5704 = EDGE_CURVE('',#5658,#5682,#5705,.T.);
#5705 = SURFACE_CURVE('',#5706,(#5710,#5717),.PCURVE_S1.);
#5706 = LINE('',#5707,#5708);
#5707 = CARTESIAN_POINT('',(105.,-141.,1.315E+03));
#5708 = VECTOR('',#5709,1.);
#5709 = DIRECTION('',(0.,0.,1.));
#5710 = PCURVE('',#5560,#5711);
#5711 = DEFINITIONAL_REPRESENTATION('',(#5712),#5716);
#5712 = LINE('',#5713,#5714);
#5713 = CARTESIAN_POINT('',(0.,210.));
#5714 = VECTOR('',#5715,1.);
#5715 = DIRECTION('',(1.,0.));
#5716 = ( GEOMETRIC_REPRESENTATION_CONTEXT(2) 
PARAMETRIC_REPRESENTATION_CONTEXT() REPRESENTATION_CONTEXT('2D SPACE',''
  ) );
#5717 = PCURVE('',#5718,#5723);
#5718 = PLANE('',#5719);
#5719 = AXIS2_PLACEMENT_3D('',#5720,#5721,#5722);
#5720 = CARTESIAN_POINT('',(105.,-141.,1.315E+03));
#5721 = DIRECTION('',(1.,0.,-0.));
#5722 = DIRECTION('',(0.,0.,1.));
#5723 = DEFINITIONAL_REPRESENTATION('',(#5724),#5728);
#5724 = LINE('',#5725,#5726);
#5725 = CARTESIAN_POINT('',(0.,0.));
#5726 = VECTOR('',#5727,1.);
#5727 = DIRECTION('',(1.,0.));
#5728 = ( GEOMETRIC_REPRESENTATION_CONTEXT(2) 
PARAMETRIC_REPRESENTATION_CONTEXT() REPRESENTATION_CONTEXT('2D SPACE',''
  ) );
#5729 = ADVANCED_FACE('',(#5730),#5642,.T.);
#5730 = FACE_BOUND('',#5731,.T.);
#5731 = EDGE_LOOP('',(#5732,#5733,#5734,#5757));
#5732 = ORIENTED_EDGE('',*,*,#5628,.F.);
#5733 = ORIENTED_EDGE('',*,*,#5681,.T.);
#5734 = ORIENTED_EDGE('',*,*,#5735,.T.);
#5735 = EDGE_CURVE('',#5682,#5736,#5738,.T.);
#5736 = VERTEX_POINT('',#5737);
#5737 = CARTESIAN_POINT('',(105.,-134.,1.605E+03));
#5738 = SURFACE_CURVE('',#5739,(#5743,#5750),.PCURVE_S1.);
#5739 = LINE('',#5740,#5741);
#5740 = CARTESIAN_POINT('',(105.,-141.,1.605E+03));
#5741 = VECTOR('',#5742,1.);
#5742 = DIRECTION('',(-0.,1.,0.));
#5743 = PCURVE('',#5642,#5744);
#5744 = DEFINITIONAL_REPRESENTATION('',(#5745),#5749);
#5745 = LINE('',#5746,#5747);
#5746 = CARTESIAN_POINT('',(210.,0.));
#5747 = VECTOR('',#5748,1.);
#5748 = DIRECTION('',(0.,1.));
#5749 = ( GEOMETRIC_REPRESENTATION_CONTEXT(2) 
PARAMETRIC_REPRESENTATION_CONTEXT() REPRESENTATION_CONTEXT('2D SPACE',''
  ) );
#5750 = PCURVE('',#5718,#5751);
#5751 = DEFINITIONAL_REPRESENTATION('',(#5752),#5756);
#5752 = LINE('',#5753,#5754);
#5753 = CARTESIAN_POINT('',(290.,0.));
#5754 = VECTOR('',#5755,1.);
#5755 = DIRECTION('',(0.,-1.));
#5756 = ( GEOMETRIC_REPRESENTATION_CONTEXT(2) 
PARAMETRIC_REPRESENTATION_CONTEXT() REPRESENTATION_CONTEXT('2D SPACE',''
  ) );
#5757 = ORIENTED_EDGE('',*,*,#5758,.F.);
#5758 = EDGE_CURVE('',#5601,#5736,#5759,.T.);
#5759 = SURFACE_CURVE('',#5760,(#5764,#5771),.PCURVE_S1.);
#5760 = LINE('',#5761,#5762);
#5761 = CARTESIAN_POINT('',(-105.,-134.,1.605E+03));
#5762 = VECTOR('',#5763,1.);
#5763 = DIRECTION('',(1.,0.,-0.));
#5764 = PCURVE('',#5642,#5765);
#5765 = DEFINITIONAL_REPRESENTATION('',(#5766),#5770);
#5766 = LINE('',#5767,#5768);
#5767 = CARTESIAN_POINT('',(0.,7.));
#5768 = VECTOR('',#5769,1.);
#5769 = DIRECTION('',(1.,0.));
#5770 = ( GEOMETRIC_REPRESENTATION_CONTEXT(2) 
PARAMETRIC_REPRESENTATION_CONTEXT() REPRESENTATION_CONTEXT('2D SPACE',''
  ) );
#5771 = PCURVE('',#5616,#5772);
#5772 = DEFINITIONAL_REPRESENTATION('',(#5773),#5777);
#5773 = LINE('',#5774,#5775);
#5774 = CARTESIAN_POINT('',(290.,0.));
#5775 = VECTOR('',#5776,1.);
#5776 = DIRECTION('',(0.,1.));
#5777 = ( GEOMETRIC_REPRESENTATION_CONTEXT(2) 
PARAMETRIC_REPRESENTATION_CONTEXT() REPRESENTATION_CONTEXT('2D SPACE',''
  ) );
#5778 = ADVANCED_FACE('',(#5779,#5827),#5616,.T.);
#5779 = FACE_BOUND('',#5780,.T.);
#5780 = EDGE_LOOP('',(#5781,#5804,#5805,#5806));
#5781 = ORIENTED_EDGE('',*,*,#5782,.F.);
#5782 = EDGE_CURVE('',#5573,#5783,#5785,.T.);
#5783 = VERTEX_POINT('',#5784);
#5784 = CARTESIAN_POINT('',(105.,-134.,1.315E+03));
#5785 = SURFACE_CURVE('',#5786,(#5790,#5797),.PCURVE_S1.);
#5786 = LINE('',#5787,#5788);
#5787 = CARTESIAN_POINT('',(-105.,-134.,1.315E+03));
#5788 = VECTOR('',#5789,1.);
#5789 = DIRECTION('',(1.,0.,-0.));
#5790 = PCURVE('',#5616,#5791);
#5791 = DEFINITIONAL_REPRESENTATION('',(#5792),#5796);
#5792 = LINE('',#5793,#5794);
#5793 = CARTESIAN_POINT('',(0.,0.));
#5794 = VECTOR('',#5795,1.);
#5795 = DIRECTION('',(0.,1.));
#5796 = ( GEOMETRIC_REPRESENTATION_CONTEXT(2) 
PARAMETRIC_REPRESENTATION_CONTEXT() REPRESENTATION_CONTEXT('2D SPACE',''
  ) );
#5797 = PCURVE('',#5588,#5798);
#5798 = DEFINITIONAL_REPRESENTATION('',(#5799),#5803);
#5799 = LINE('',#5800,#5801);
#5800 = CARTESIAN_POINT('',(0.,7.));
#5801 = VECTOR('',#5802,1.);
#5802 = DIRECTION('',(1.,0.));
#5803 = ( GEOMETRIC_REPRESENTATION_CONTEXT(2) 
PARAMETRIC_REPRESENTATION_CONTEXT() REPRESENTATION_CONTEXT('2D SPACE',''
  ) );
#5804 = ORIENTED_EDGE('',*,*,#5600,.T.);
#5805 = ORIENTED_EDGE('',*,*,#5758,.T.);
#5806 = ORIENTED_EDGE('',*,*,#5807,.F.);
#5807 = EDGE_CURVE('',#5783,#5736,#5808,.T.);
#5808 = SURFACE_CURVE('',#5809,(#5813,#5820),.PCURVE_S1.);
#5809 = LINE('',#5810,#5811);
#5810 = CARTESIAN_POINT('',(105.,-134.,1.315E+03));
#5811 = VECTOR('',#5812,1.);
#5812 = DIRECTION('',(0.,0.,1.));
#5813 = PCURVE('',#5616,#5814);
#5814 = DEFINITIONAL_REPRESENTATION('',(#5815),#5819);
#5815 = LINE('',#5816,#5817);
#5816 = CARTESIAN_POINT('',(0.,210.));
#5817 = VECTOR('',#5818,1.);
#5818 = DIRECTION('',(1.,0.));
#5819 = ( GEOMETRIC_REPRESENTATION_CONTEXT(2) 
PARAMETRIC_REPRESENTATION_CONTEXT() REPRESENTATION_CONTEXT('2D SPACE',''
  ) );
#5820 = PCURVE('',#5718,#5821);
#5821 = DEFINITIONAL_REPRESENTATION('',(#5822),#5826);
#5822 = LINE('',#5823,#5824);
#5823 = CARTESIAN_POINT('',(0.,-7.));
#5824 = VECTOR('',#5825,1.);
#5825 = DIRECTION('',(1.,0.));
#5826 = ( GEOMETRIC_REPRESENTATION_CONTEXT(2) 
PARAMETRIC_REPRESENTATION_CONTEXT() REPRESENTATION_CONTEXT('2D SPACE',''
  ) );
#5827 = FACE_BOUND('',#5828,.T.);
#5828 = EDGE_LOOP('',(#5829,#5859,#5887,#5915));
#5829 = ORIENTED_EDGE('',*,*,#5830,.F.);
#5830 = EDGE_CURVE('',#5831,#5833,#5835,.T.);
#5831 = VERTEX_POINT('',#5832);
#5832 = CARTESIAN_POINT('',(-33.,-134.,1.55E+03));
#5833 = VERTEX_POINT('',#5834);
#5834 = CARTESIAN_POINT('',(33.,-134.,1.55E+03));
#5835 = SURFACE_CURVE('',#5836,(#5840,#5847),.PCURVE_S1.);
#5836 = LINE('',#5837,#5838);
#5837 = CARTESIAN_POINT('',(-33.,-134.,1.55E+03));
#5838 = VECTOR('',#5839,1.);
#5839 = DIRECTION('',(1.,0.,-0.));
#5840 = PCURVE('',#5616,#5841);
#5841 = DEFINITIONAL_REPRESENTATION('',(#5842),#5846);
#5842 = LINE('',#5843,#5844);
#5843 = CARTESIAN_POINT('',(235.,72.));
#5844 = VECTOR('',#5845,1.);
#5845 = DIRECTION('',(0.,1.));
#5846 = ( GEOMETRIC_REPRESENTATION_CONTEXT(2) 
PARAMETRIC_REPRESENTATION_CONTEXT() REPRESENTATION_CONTEXT('2D SPACE',''
  ) );
#5847 = PCURVE('',#5848,#5853);
#5848 = PLANE('',#5849);
#5849 = AXIS2_PLACEMENT_3D('',#5850,#5851,#5852);
#5850 = CARTESIAN_POINT('',(-33.,-134.,1.55E+03));
#5851 = DIRECTION('',(0.,0.,1.));
#5852 = DIRECTION('',(1.,0.,-0.));
#5853 = DEFINITIONAL_REPRESENTATION('',(#5854),#5858);
#5854 = LINE('',#5855,#5856);
#5855 = CARTESIAN_POINT('',(0.,0.));
#5856 = VECTOR('',#5857,1.);
#5857 = DIRECTION('',(1.,0.));
#5858 = ( GEOMETRIC_REPRESENTATION_CONTEXT(2) 
PARAMETRIC_REPRESENTATION_CONTEXT() REPRESENTATION_CONTEXT('2D SPACE',''
  ) );
#5859 = ORIENTED_EDGE('',*,*,#5860,.F.);
#5860 = EDGE_CURVE('',#5861,#5831,#5863,.T.);
#5861 = VERTEX_POINT('',#5862);
#5862 = CARTESIAN_POINT('',(-33.,-134.,1.52E+03));
#5863 = SURFACE_CURVE('',#5864,(#5868,#5875),.PCURVE_S1.);
#5864 = LINE('',#5865,#5866);
#5865 = CARTESIAN_POINT('',(-33.,-134.,1.52E+03));
#5866 = VECTOR('',#5867,1.);
#5867 = DIRECTION('',(0.,0.,1.));
#5868 = PCURVE('',#5616,#5869);
#5869 = DEFINITIONAL_REPRESENTATION('',(#5870),#5874);
#5870 = LINE('',#5871,#5872);
#5871 = CARTESIAN_POINT('',(205.,72.));
#5872 = VECTOR('',#5873,1.);
#5873 = DIRECTION('',(1.,0.));
#5874 = ( GEOMETRIC_REPRESENTATION_CONTEXT(2) 
PARAMETRIC_REPRESENTATION_CONTEXT() REPRESENTATION_CONTEXT('2D SPACE',''
  ) );
#5875 = PCURVE('',#5876,#5881);
#5876 = PLANE('',#5877);
#5877 = AXIS2_PLACEMENT_3D('',#5878,#5879,#5880);
#5878 = CARTESIAN_POINT('',(-33.,-134.,1.52E+03));
#5879 = DIRECTION('',(1.,0.,-0.));
#5880 = DIRECTION('',(0.,0.,1.));
#5881 = DEFINITIONAL_REPRESENTATION('',(#5882),#5886);
#5882 = LINE('',#5883,#5884);
#5883 = CARTESIAN_POINT('',(0.,0.));
#5884 = VECTOR('',#5885,1.);
#5885 = DIRECTION('',(1.,0.));
#5886 = ( GEOMETRIC_REPRESENTATION_CONTEXT(2) 
PARAMETRIC_REPRESENTATION_CONTEXT() REPRESENTATION_CONTEXT('2D SPACE',''
  ) );
#5887 = ORIENTED_EDGE('',*,*,#5888,.T.);
#5888 = EDGE_CURVE('',#5861,#5889,#5891,.T.);
#5889 = VERTEX_POINT('',#5890);
#5890 = CARTESIAN_POINT('',(33.,-134.,1.52E+03));
#5891 = SURFACE_CURVE('',#5892,(#5896,#5903),.PCURVE_S1.);
#5892 = LINE('',#5893,#5894);
#5893 = CARTESIAN_POINT('',(-33.,-134.,1.52E+03));
#5894 = VECTOR('',#5895,1.);
#5895 = DIRECTION('',(1.,0.,-0.));
#5896 = PCURVE('',#5616,#5897);
#5897 = DEFINITIONAL_REPRESENTATION('',(#5898),#5902);
#5898 = LINE('',#5899,#5900);
#5899 = CARTESIAN_POINT('',(205.,72.));
#5900 = VECTOR('',#5901,1.);
#5901 = DIRECTION('',(0.,1.));
#5902 = ( GEOMETRIC_REPRESENTATION_CONTEXT(2) 
PARAMETRIC_REPRESENTATION_CONTEXT() REPRESENTATION_CONTEXT('2D SPACE',''
  ) );
#5903 = PCURVE('',#5904,#5909);
#5904 = PLANE('',#5905);
#5905 = AXIS2_PLACEMENT_3D('',#5906,#5907,#5908);
#5906 = CARTESIAN_POINT('',(-33.,-134.,1.52E+03));
#5907 = DIRECTION('',(0.,0.,1.));
#5908 = DIRECTION('',(1.,0.,-0.));
#5909 = DEFINITIONAL_REPRESENTATION('',(#5910),#5914);
#5910 = LINE('',#5911,#5912);
#5911 = CARTESIAN_POINT('',(0.,0.));
#5912 = VECTOR('',#5913,1.);
#5913 = DIRECTION('',(1.,0.));
#5914 = ( GEOMETRIC_REPRESENTATION_CONTEXT(2) 
PARAMETRIC_REPRESENTATION_CONTEXT() REPRESENTATION_CONTEXT('2D SPACE',''
  ) );
#5915 = ORIENTED_EDGE('',*,*,#5916,.T.);
#5916 = EDGE_CURVE('',#5889,#5833,#5917,.T.);
#5917 = SURFACE_CURVE('',#5918,(#5922,#5929),.PCURVE_S1.);
#5918 = LINE('',#5919,#5920);
#5919 = CARTESIAN_POINT('',(33.,-134.,1.52E+03));
#5920 = VECTOR('',#5921,1.);
#5921 = DIRECTION('',(0.,0.,1.));
#5922 = PCURVE('',#5616,#5923);
#5923 = DEFINITIONAL_REPRESENTATION('',(#5924),#5928);
#5924 = LINE('',#5925,#5926);
#5925 = CARTESIAN_POINT('',(205.,138.));
#5926 = VECTOR('',#5927,1.);
#5927 = DIRECTION('',(1.,0.));
#5928 = ( GEOMETRIC_REPRESENTATION_CONTEXT(2) 
PARAMETRIC_REPRESENTATION_CONTEXT() REPRESENTATION_CONTEXT('2D SPACE',''
  ) );
#5929 = PCURVE('',#5930,#5935);
#5930 = PLANE('',#5931);
#5931 = AXIS2_PLACEMENT_3D('',#5932,#5933,#5934);
#5932 = CARTESIAN_POINT('',(33.,-134.,1.52E+03));
#5933 = DIRECTION('',(1.,0.,-0.));
#5934 = DIRECTION('',(0.,0.,1.));
#5935 = DEFINITIONAL_REPRESENTATION('',(#5936),#5940);
#5936 = LINE('',#5937,#5938);
#5937 = CARTESIAN_POINT('',(0.,0.));
#5938 = VECTOR('',#5939,1.);
#5939 = DIRECTION('',(1.,0.));
#5940 = ( GEOMETRIC_REPRESENTATION_CONTEXT(2) 
PARAMETRIC_REPRESENTATION_CONTEXT() REPRESENTATION_CONTEXT('2D SPACE',''
  ) );
#5941 = ADVANCED_FACE('',(#5942),#5588,.F.);
#5942 = FACE_BOUND('',#5943,.F.);
#5943 = EDGE_LOOP('',(#5944,#5945,#5946,#5967));
#5944 = ORIENTED_EDGE('',*,*,#5572,.F.);
#5945 = ORIENTED_EDGE('',*,*,#5657,.T.);
#5946 = ORIENTED_EDGE('',*,*,#5947,.T.);
#5947 = EDGE_CURVE('',#5658,#5783,#5948,.T.);
#5948 = SURFACE_CURVE('',#5949,(#5953,#5960),.PCURVE_S1.);
#5949 = LINE('',#5950,#5951);
#5950 = CARTESIAN_POINT('',(105.,-141.,1.315E+03));
#5951 = VECTOR('',#5952,1.);
#5952 = DIRECTION('',(-0.,1.,0.));
#5953 = PCURVE('',#5588,#5954);
#5954 = DEFINITIONAL_REPRESENTATION('',(#5955),#5959);
#5955 = LINE('',#5956,#5957);
#5956 = CARTESIAN_POINT('',(210.,0.));
#5957 = VECTOR('',#5958,1.);
#5958 = DIRECTION('',(0.,1.));
#5959 = ( GEOMETRIC_REPRESENTATION_CONTEXT(2) 
PARAMETRIC_REPRESENTATION_CONTEXT() REPRESENTATION_CONTEXT('2D SPACE',''
  ) );
#5960 = PCURVE('',#5718,#5961);
#5961 = DEFINITIONAL_REPRESENTATION('',(#5962),#5966);
#5962 = LINE('',#5963,#5964);
#5963 = CARTESIAN_POINT('',(0.,0.));
#5964 = VECTOR('',#5965,1.);
#5965 = DIRECTION('',(0.,-1.));
#5966 = ( GEOMETRIC_REPRESENTATION_CONTEXT(2) 
PARAMETRIC_REPRESENTATION_CONTEXT() REPRESENTATION_CONTEXT('2D SPACE',''
  ) );
#5967 = ORIENTED_EDGE('',*,*,#5782,.F.);
#5968 = ADVANCED_FACE('',(#5969),#5718,.T.);
#5969 = FACE_BOUND('',#5970,.T.);
#5970 = EDGE_LOOP('',(#5971,#5972,#5973,#5974));
#5971 = ORIENTED_EDGE('',*,*,#5704,.F.);
#5972 = ORIENTED_EDGE('',*,*,#5947,.T.);
#5973 = ORIENTED_EDGE('',*,*,#5807,.T.);
#5974 = ORIENTED_EDGE('',*,*,#5735,.F.);
#5975 = ADVANCED_FACE('',(#5976),#5848,.T.);
#5976 = FACE_BOUND('',#5977,.T.);
#5977 = EDGE_LOOP('',(#5978,#6001,#6002,#6025));
#5978 = ORIENTED_EDGE('',*,*,#5979,.F.);
#5979 = EDGE_CURVE('',#5831,#5980,#5982,.T.);
#5980 = VERTEX_POINT('',#5981);
#5981 = CARTESIAN_POINT('',(-33.,-119.,1.55E+03));
#5982 = SURFACE_CURVE('',#5983,(#5987,#5994),.PCURVE_S1.);
#5983 = LINE('',#5984,#5985);
#5984 = CARTESIAN_POINT('',(-33.,-134.,1.55E+03));
#5985 = VECTOR('',#5986,1.);
#5986 = DIRECTION('',(-0.,1.,0.));
#5987 = PCURVE('',#5848,#5988);
#5988 = DEFINITIONAL_REPRESENTATION('',(#5989),#5993);
#5989 = LINE('',#5990,#5991);
#5990 = CARTESIAN_POINT('',(0.,0.));
#5991 = VECTOR('',#5992,1.);
#5992 = DIRECTION('',(0.,1.));
#5993 = ( GEOMETRIC_REPRESENTATION_CONTEXT(2) 
PARAMETRIC_REPRESENTATION_CONTEXT() REPRESENTATION_CONTEXT('2D SPACE',''
  ) );
#5994 = PCURVE('',#5876,#5995);
#5995 = DEFINITIONAL_REPRESENTATION('',(#5996),#6000);
#5996 = LINE('',#5997,#5998);
#5997 = CARTESIAN_POINT('',(30.,0.));
#5998 = VECTOR('',#5999,1.);
#5999 = DIRECTION('',(0.,-1.));
#6000 = ( GEOMETRIC_REPRESENTATION_CONTEXT(2) 
PARAMETRIC_REPRESENTATION_CONTEXT() REPRESENTATION_CONTEXT('2D SPACE',''
  ) );
#6001 = ORIENTED_EDGE('',*,*,#5830,.T.);
#6002 = ORIENTED_EDGE('',*,*,#6003,.T.);
#6003 = EDGE_CURVE('',#5833,#6004,#6006,.T.);
#6004 = VERTEX_POINT('',#6005);
#6005 = CARTESIAN_POINT('',(33.,-119.,1.55E+03));
#6006 = SURFACE_CURVE('',#6007,(#6011,#6018),.PCURVE_S1.);
#6007 = LINE('',#6008,#6009);
#6008 = CARTESIAN_POINT('',(33.,-134.,1.55E+03));
#6009 = VECTOR('',#6010,1.);
#6010 = DIRECTION('',(-0.,1.,0.));
#6011 = PCURVE('',#5848,#6012);
#6012 = DEFINITIONAL_REPRESENTATION('',(#6013),#6017);
#6013 = LINE('',#6014,#6015);
#6014 = CARTESIAN_POINT('',(66.,0.));
#6015 = VECTOR('',#6016,1.);
#6016 = DIRECTION('',(0.,1.));
#6017 = ( GEOMETRIC_REPRESENTATION_CONTEXT(2) 
PARAMETRIC_REPRESENTATION_CONTEXT() REPRESENTATION_CONTEXT('2D SPACE',''
  ) );
#6018 = PCURVE('',#5930,#6019);
#6019 = DEFINITIONAL_REPRESENTATION('',(#6020),#6024);
#6020 = LINE('',#6021,#6022);
#6021 = CARTESIAN_POINT('',(30.,0.));
#6022 = VECTOR('',#6023,1.);
#6023 = DIRECTION('',(0.,-1.));
#6024 = ( GEOMETRIC_REPRESENTATION_CONTEXT(2) 
PARAMETRIC_REPRESENTATION_CONTEXT() REPRESENTATION_CONTEXT('2D SPACE',''
  ) );
#6025 = ORIENTED_EDGE('',*,*,#6026,.F.);
#6026 = EDGE_CURVE('',#5980,#6004,#6027,.T.);
#6027 = SURFACE_CURVE('',#6028,(#6032,#6039),.PCURVE_S1.);
#6028 = LINE('',#6029,#6030);
#6029 = CARTESIAN_POINT('',(-33.,-119.,1.55E+03));
#6030 = VECTOR('',#6031,1.);
#6031 = DIRECTION('',(1.,0.,-0.));
#6032 = PCURVE('',#5848,#6033);
#6033 = DEFINITIONAL_REPRESENTATION('',(#6034),#6038);
#6034 = LINE('',#6035,#6036);
#6035 = CARTESIAN_POINT('',(0.,15.));
#6036 = VECTOR('',#6037,1.);
#6037 = DIRECTION('',(1.,0.));
#6038 = ( GEOMETRIC_REPRESENTATION_CONTEXT(2) 
PARAMETRIC_REPRESENTATION_CONTEXT() REPRESENTATION_CONTEXT('2D SPACE',''
  ) );
#6039 = PCURVE('',#6040,#6045);
#6040 = PLANE('',#6041);
#6041 = AXIS2_PLACEMENT_3D('',#6042,#6043,#6044);
#6042 = CARTESIAN_POINT('',(-33.,-119.,1.52E+03));
#6043 = DIRECTION('',(-0.,1.,0.));
#6044 = DIRECTION('',(0.,0.,1.));
#6045 = DEFINITIONAL_REPRESENTATION('',(#6046),#6050);
#6046 = LINE('',#6047,#6048);
#6047 = CARTESIAN_POINT('',(30.,0.));
#6048 = VECTOR('',#6049,1.);
#6049 = DIRECTION('',(0.,1.));
#6050 = ( GEOMETRIC_REPRESENTATION_CONTEXT(2) 
PARAMETRIC_REPRESENTATION_CONTEXT() REPRESENTATION_CONTEXT('2D SPACE',''
  ) );
#6051 = ADVANCED_FACE('',(#6052),#5930,.T.);
#6052 = FACE_BOUND('',#6053,.T.);
#6053 = EDGE_LOOP('',(#6054,#6055,#6078,#6099));
#6054 = ORIENTED_EDGE('',*,*,#5916,.F.);
#6055 = ORIENTED_EDGE('',*,*,#6056,.T.);
#6056 = EDGE_CURVE('',#5889,#6057,#6059,.T.);
#6057 = VERTEX_POINT('',#6058);
#6058 = CARTESIAN_POINT('',(33.,-119.,1.52E+03));
#6059 = SURFACE_CURVE('',#6060,(#6064,#6071),.PCURVE_S1.);
#6060 = LINE('',#6061,#6062);
#6061 = CARTESIAN_POINT('',(33.,-134.,1.52E+03));
#6062 = VECTOR('',#6063,1.);
#6063 = DIRECTION('',(-0.,1.,0.));
#6064 = PCURVE('',#5930,#6065);
#6065 = DEFINITIONAL_REPRESENTATION('',(#6066),#6070);
#6066 = LINE('',#6067,#6068);
#6067 = CARTESIAN_POINT('',(0.,0.));
#6068 = VECTOR('',#6069,1.);
#6069 = DIRECTION('',(0.,-1.));
#6070 = ( GEOMETRIC_REPRESENTATION_CONTEXT(2) 
PARAMETRIC_REPRESENTATION_CONTEXT() REPRESENTATION_CONTEXT('2D SPACE',''
  ) );
#6071 = PCURVE('',#5904,#6072);
#6072 = DEFINITIONAL_REPRESENTATION('',(#6073),#6077);
#6073 = LINE('',#6074,#6075);
#6074 = CARTESIAN_POINT('',(66.,0.));
#6075 = VECTOR('',#6076,1.);
#6076 = DIRECTION('',(0.,1.));
#6077 = ( GEOMETRIC_REPRESENTATION_CONTEXT(2) 
PARAMETRIC_REPRESENTATION_CONTEXT() REPRESENTATION_CONTEXT('2D SPACE',''
  ) );
#6078 = ORIENTED_EDGE('',*,*,#6079,.T.);
#6079 = EDGE_CURVE('',#6057,#6004,#6080,.T.);
#6080 = SURFACE_CURVE('',#6081,(#6085,#6092),.PCURVE_S1.);
#6081 = LINE('',#6082,#6083);
#6082 = CARTESIAN_POINT('',(33.,-119.,1.52E+03));
#6083 = VECTOR('',#6084,1.);
#6084 = DIRECTION('',(0.,0.,1.));
#6085 = PCURVE('',#5930,#6086);
#6086 = DEFINITIONAL_REPRESENTATION('',(#6087),#6091);
#6087 = LINE('',#6088,#6089);
#6088 = CARTESIAN_POINT('',(0.,-15.));
#6089 = VECTOR('',#6090,1.);
#6090 = DIRECTION('',(1.,0.));
#6091 = ( GEOMETRIC_REPRESENTATION_CONTEXT(2) 
PARAMETRIC_REPRESENTATION_CONTEXT() REPRESENTATION_CONTEXT('2D SPACE',''
  ) );
#6092 = PCURVE('',#6040,#6093);
#6093 = DEFINITIONAL_REPRESENTATION('',(#6094),#6098);
#6094 = LINE('',#6095,#6096);
#6095 = CARTESIAN_POINT('',(0.,66.));
#6096 = VECTOR('',#6097,1.);
#6097 = DIRECTION('',(1.,0.));
#6098 = ( GEOMETRIC_REPRESENTATION_CONTEXT(2) 
PARAMETRIC_REPRESENTATION_CONTEXT() REPRESENTATION_CONTEXT('2D SPACE',''
  ) );
#6099 = ORIENTED_EDGE('',*,*,#6003,.F.);
#6100 = ADVANCED_FACE('',(#6101),#5904,.F.);
#6101 = FACE_BOUND('',#6102,.F.);
#6102 = EDGE_LOOP('',(#6103,#6126,#6127,#6128));
#6103 = ORIENTED_EDGE('',*,*,#6104,.F.);
#6104 = EDGE_CURVE('',#5861,#6105,#6107,.T.);
#6105 = VERTEX_POINT('',#6106);
#6106 = CARTESIAN_POINT('',(-33.,-119.,1.52E+03));
#6107 = SURFACE_CURVE('',#6108,(#6112,#6119),.PCURVE_S1.);
#6108 = LINE('',#6109,#6110);
#6109 = CARTESIAN_POINT('',(-33.,-134.,1.52E+03));
#6110 = VECTOR('',#6111,1.);
#6111 = DIRECTION('',(-0.,1.,0.));
#6112 = PCURVE('',#5904,#6113);
#6113 = DEFINITIONAL_REPRESENTATION('',(#6114),#6118);
#6114 = LINE('',#6115,#6116);
#6115 = CARTESIAN_POINT('',(0.,0.));
#6116 = VECTOR('',#6117,1.);
#6117 = DIRECTION('',(0.,1.));
#6118 = ( GEOMETRIC_REPRESENTATION_CONTEXT(2) 
PARAMETRIC_REPRESENTATION_CONTEXT() REPRESENTATION_CONTEXT('2D SPACE',''
  ) );
#6119 = PCURVE('',#5876,#6120);
#6120 = DEFINITIONAL_REPRESENTATION('',(#6121),#6125);
#6121 = LINE('',#6122,#6123);
#6122 = CARTESIAN_POINT('',(0.,0.));
#6123 = VECTOR('',#6124,1.);
#6124 = DIRECTION('',(0.,-1.));
#6125 = ( GEOMETRIC_REPRESENTATION_CONTEXT(2) 
PARAMETRIC_REPRESENTATION_CONTEXT() REPRESENTATION_CONTEXT('2D SPACE',''
  ) );
#6126 = ORIENTED_EDGE('',*,*,#5888,.T.);
#6127 = ORIENTED_EDGE('',*,*,#6056,.T.);
#6128 = ORIENTED_EDGE('',*,*,#6129,.F.);
#6129 = EDGE_CURVE('',#6105,#6057,#6130,.T.);
#6130 = SURFACE_CURVE('',#6131,(#6135,#6142),.PCURVE_S1.);
#6131 = LINE('',#6132,#6133);
#6132 = CARTESIAN_POINT('',(-33.,-119.,1.52E+03));
#6133 = VECTOR('',#6134,1.);
#6134 = DIRECTION('',(1.,0.,-0.));
#6135 = PCURVE('',#5904,#6136);
#6136 = DEFINITIONAL_REPRESENTATION('',(#6137),#6141);
#6137 = LINE('',#6138,#6139);
#6138 = CARTESIAN_POINT('',(0.,15.));
#6139 = VECTOR('',#6140,1.);
#6140 = DIRECTION('',(1.,0.));
#6141 = ( GEOMETRIC_REPRESENTATION_CONTEXT(2) 
PARAMETRIC_REPRESENTATION_CONTEXT() REPRESENTATION_CONTEXT('2D SPACE',''
  ) );
#6142 = PCURVE('',#6040,#6143);
#6143 = DEFINITIONAL_REPRESENTATION('',(#6144),#6148);
#6144 = LINE('',#6145,#6146);
#6145 = CARTESIAN_POINT('',(0.,0.));
#6146 = VECTOR('',#6147,1.);
#6147 = DIRECTION('',(0.,1.));
#6148 = ( GEOMETRIC_REPRESENTATION_CONTEXT(2) 
PARAMETRIC_REPRESENTATION_CONTEXT() REPRESENTATION_CONTEXT('2D SPACE',''
  ) );
#6149 = ADVANCED_FACE('',(#6150),#5876,.F.);
#6150 = FACE_BOUND('',#6151,.F.);
#6151 = EDGE_LOOP('',(#6152,#6153,#6154,#6175));
#6152 = ORIENTED_EDGE('',*,*,#5860,.F.);
#6153 = ORIENTED_EDGE('',*,*,#6104,.T.);
#6154 = ORIENTED_EDGE('',*,*,#6155,.T.);
#6155 = EDGE_CURVE('',#6105,#5980,#6156,.T.);
#6156 = SURFACE_CURVE('',#6157,(#6161,#6168),.PCURVE_S1.);
#6157 = LINE('',#6158,#6159);
#6158 = CARTESIAN_POINT('',(-33.,-119.,1.52E+03));
#6159 = VECTOR('',#6160,1.);
#6160 = DIRECTION('',(0.,0.,1.));
#6161 = PCURVE('',#5876,#6162);
#6162 = DEFINITIONAL_REPRESENTATION('',(#6163),#6167);
#6163 = LINE('',#6164,#6165);
#6164 = CARTESIAN_POINT('',(0.,-15.));
#6165 = VECTOR('',#6166,1.);
#6166 = DIRECTION('',(1.,0.));
#6167 = ( GEOMETRIC_REPRESENTATION_CONTEXT(2) 
PARAMETRIC_REPRESENTATION_CONTEXT() REPRESENTATION_CONTEXT('2D SPACE',''
  ) );
#6168 = PCURVE('',#6040,#6169);
#6169 = DEFINITIONAL_REPRESENTATION('',(#6170),#6174);
#6170 = LINE('',#6171,#6172);
#6171 = CARTESIAN_POINT('',(0.,0.));
#6172 = VECTOR('',#6173,1.);
#6173 = DIRECTION('',(1.,0.));
#6174 = ( GEOMETRIC_REPRESENTATION_CONTEXT(2) 
PARAMETRIC_REPRESENTATION_CONTEXT() REPRESENTATION_CONTEXT('2D SPACE',''
  ) );
#6175 = ORIENTED_EDGE('',*,*,#5979,.F.);
#6176 = ADVANCED_FACE('',(#6177),#6040,.T.);
#6177 = FACE_BOUND('',#6178,.T.);
#6178 = EDGE_LOOP('',(#6179,#6180,#6181,#6182));
#6179 = ORIENTED_EDGE('',*,*,#6129,.F.);
#6180 = ORIENTED_EDGE('',*,*,#6155,.T.);
#6181 = ORIENTED_EDGE('',*,*,#6026,.T.);
#6182 = ORIENTED_EDGE('',*,*,#6079,.F.);
#6183 = ( GEOMETRIC_REPRESENTATION_CONTEXT(3) 
GLOBAL_UNCERTAINTY_ASSIGNED_CONTEXT((#6187)) 
GLOBAL_UNIT_ASSIGNED_CONTEXT((#6184,#6185,#6186)) REPRESENTATION_CONTEXT
('Context #1','3D Context with UNIT and UNCERTAINTY') );
#6184 = ( LENGTH_UNIT() NAMED_UNIT(*) SI_UNIT(.MILLI.,.METRE.) );
#6185 = ( NAMED_UNIT(*) PLANE_ANGLE_UNIT() SI_UNIT($,.RADIAN.) );
#6186 = ( NAMED_UNIT(*) SI_UNIT($,.STERADIAN.) SOLID_ANGLE_UNIT() );
#6187 = UNCERTAINTY_MEASURE_WITH_UNIT(LENGTH_MEASURE(1.E-07),#6184,
  'distance_accuracy_value','confusion accuracy');
#6188 = CONTEXT_DEPENDENT_SHAPE_REPRESENTATION(#6189,#6191);
#6189 = ( REPRESENTATION_RELATIONSHIP('','',#5530,#10) 
REPRESENTATION_RELATIONSHIP_WITH_TRANSFORMATION(#6190) 
SHAPE_REPRESENTATION_RELATIONSHIP() );
#6190 = ITEM_DEFINED_TRANSFORMATION('','',#11,#31);
#6191 = PRODUCT_DEFINITION_SHAPE('Placement','Placement of an item',
  #6192);
#6192 = NEXT_ASSEMBLY_USAGE_OCCURRENCE('5','=>[0:1:1:6]','',#5,#5525,$);
#6193 = PRODUCT_RELATED_PRODUCT_CATEGORY('part',$,(#5527));
#6194 = SHAPE_DEFINITION_REPRESENTATION(#6195,#6201);
#6195 = PRODUCT_DEFINITION_SHAPE('','',#6196);
#6196 = PRODUCT_DEFINITION('design','',#6197,#6200);
#6197 = PRODUCT_DEFINITION_FORMATION('','',#6198);
#6198 = PRODUCT('COMPOUND','COMPOUND','',(#6199));
#6199 = PRODUCT_CONTEXT('',#2,'mechanical');
#6200 = PRODUCT_DEFINITION_CONTEXT('part definition',#2,'design');
#6201 = SHAPE_REPRESENTATION('',(#11,#6202,#6532),#6862);
#6202 = MANIFOLD_SOLID_BREP('',#6203);
#6203 = CLOSED_SHELL('',(#6204,#6324,#6424,#6471,#6518,#6525));
#6204 = ADVANCED_FACE('',(#6205),#6219,.F.);
#6205 = FACE_BOUND('',#6206,.F.);
#6206 = EDGE_LOOP('',(#6207,#6242,#6270,#6298));
#6207 = ORIENTED_EDGE('',*,*,#6208,.F.);
#6208 = EDGE_CURVE('',#6209,#6211,#6213,.T.);
#6209 = VERTEX_POINT('',#6210);
#6210 = CARTESIAN_POINT('',(-60.,-131.,1.4E+03));
#6211 = VERTEX_POINT('',#6212);
#6212 = CARTESIAN_POINT('',(-60.,-131.,1.46E+03));
#6213 = SURFACE_CURVE('',#6214,(#6218,#6230),.PCURVE_S1.);
#6214 = LINE('',#6215,#6216);
#6215 = CARTESIAN_POINT('',(-60.,-131.,1.4E+03));
#6216 = VECTOR('',#6217,1.);
#6217 = DIRECTION('',(0.,0.,1.));
#6218 = PCURVE('',#6219,#6224);
#6219 = PLANE('',#6220);
#6220 = AXIS2_PLACEMENT_3D('',#6221,#6222,#6223);
#6221 = CARTESIAN_POINT('',(-60.,-131.,1.4E+03));
#6222 = DIRECTION('',(1.,0.,-0.));
#6223 = DIRECTION('',(0.,0.,1.));
#6224 = DEFINITIONAL_REPRESENTATION('',(#6225),#6229);
#6225 = LINE('',#6226,#6227);
#6226 = CARTESIAN_POINT('',(0.,0.));
#6227 = VECTOR('',#6228,1.);
#6228 = DIRECTION('',(1.,0.));
#6229 = ( GEOMETRIC_REPRESENTATION_CONTEXT(2) 
PARAMETRIC_REPRESENTATION_CONTEXT() REPRESENTATION_CONTEXT('2D SPACE',''
  ) );
#6230 = PCURVE('',#6231,#6236);
#6231 = PLANE('',#6232);
#6232 = AXIS2_PLACEMENT_3D('',#6233,#6234,#6235);
#6233 = CARTESIAN_POINT('',(-60.,-131.,1.4E+03));
#6234 = DIRECTION('',(-0.,1.,0.));
#6235 = DIRECTION('',(0.,0.,1.));
#6236 = DEFINITIONAL_REPRESENTATION('',(#6237),#6241);
#6237 = LINE('',#6238,#6239);
#6238 = CARTESIAN_POINT('',(0.,0.));
#6239 = VECTOR('',#6240,1.);
#6240 = DIRECTION('',(1.,0.));
#6241 = ( GEOMETRIC_REPRESENTATION_CONTEXT(2) 
PARAMETRIC_REPRESENTATION_CONTEXT() REPRESENTATION_CONTEXT('2D SPACE',''
  ) );
#6242 = ORIENTED_EDGE('',*,*,#6243,.T.);
#6243 = EDGE_CURVE('',#6209,#6244,#6246,.T.);
#6244 = VERTEX_POINT('',#6245);
#6245 = CARTESIAN_POINT('',(-60.,-109.,1.4E+03));
#6246 = SURFACE_CURVE('',#6247,(#6251,#6258),.PCURVE_S1.);
#6247 = LINE('',#6248,#6249);
#6248 = CARTESIAN_POINT('',(-60.,-131.,1.4E+03));
#6249 = VECTOR('',#6250,1.);
#6250 = DIRECTION('',(-0.,1.,0.));
#6251 = PCURVE('',#6219,#6252);
#6252 = DEFINITIONAL_REPRESENTATION('',(#6253),#6257);
#6253 = LINE('',#6254,#6255);
#6254 = CARTESIAN_POINT('',(0.,0.));
#6255 = VECTOR('',#6256,1.);
#6256 = DIRECTION('',(0.,-1.));
#6257 = ( GEOMETRIC_REPRESENTATION_CONTEXT(2) 
PARAMETRIC_REPRESENTATION_CONTEXT() REPRESENTATION_CONTEXT('2D SPACE',''
  ) );
#6258 = PCURVE('',#6259,#6264);
#6259 = PLANE('',#6260);
#6260 = AXIS2_PLACEMENT_3D('',#6261,#6262,#6263);
#6261 = CARTESIAN_POINT('',(-60.,-131.,1.4E+03));
#6262 = DIRECTION('',(0.,0.,1.));
#6263 = DIRECTION('',(1.,0.,-0.));
#6264 = DEFINITIONAL_REPRESENTATION('',(#6265),#6269);
#6265 = LINE('',#6266,#6267);
#6266 = CARTESIAN_POINT('',(0.,0.));
#6267 = VECTOR('',#6268,1.);
#6268 = DIRECTION('',(0.,1.));
#6269 = ( GEOMETRIC_REPRESENTATION_CONTEXT(2) 
PARAMETRIC_REPRESENTATION_CONTEXT() REPRESENTATION_CONTEXT('2D SPACE',''
  ) );
#6270 = ORIENTED_EDGE('',*,*,#6271,.T.);
#6271 = EDGE_CURVE('',#6244,#6272,#6274,.T.);
#6272 = VERTEX_POINT('',#6273);
#6273 = CARTESIAN_POINT('',(-60.,-109.,1.46E+03));
#6274 = SURFACE_CURVE('',#6275,(#6279,#6286),.PCURVE_S1.);
#6275 = LINE('',#6276,#6277);
#6276 = CARTESIAN_POINT('',(-60.,-109.,1.4E+03));
#6277 = VECTOR('',#6278,1.);
#6278 = DIRECTION('',(0.,0.,1.));
#6279 = PCURVE('',#6219,#6280);
#6280 = DEFINITIONAL_REPRESENTATION('',(#6281),#6285);
#6281 = LINE('',#6282,#6283);
#6282 = CARTESIAN_POINT('',(0.,-22.));
#6283 = VECTOR('',#6284,1.);
#6284 = DIRECTION('',(1.,0.));
#6285 = ( GEOMETRIC_REPRESENTATION_CONTEXT(2) 
PARAMETRIC_REPRESENTATION_CONTEXT() REPRESENTATION_CONTEXT('2D SPACE',''
  ) );
#6286 = PCURVE('',#6287,#6292);
#6287 = PLANE('',#6288);
#6288 = AXIS2_PLACEMENT_3D('',#6289,#6290,#6291);
#6289 = CARTESIAN_POINT('',(-60.,-109.,1.4E+03));
#6290 = DIRECTION('',(-0.,1.,0.));
#6291 = DIRECTION('',(0.,0.,1.));
#6292 = DEFINITIONAL_REPRESENTATION('',(#6293),#6297);
#6293 = LINE('',#6294,#6295);
#6294 = CARTESIAN_POINT('',(0.,0.));
#6295 = VECTOR('',#6296,1.);
#6296 = DIRECTION('',(1.,0.));
#6297 = ( GEOMETRIC_REPRESENTATION_CONTEXT(2) 
PARAMETRIC_REPRESENTATION_CONTEXT() REPRESENTATION_CONTEXT('2D SPACE',''
  ) );
#6298 = ORIENTED_EDGE('',*,*,#6299,.F.);
#6299 = EDGE_CURVE('',#6211,#6272,#6300,.T.);
#6300 = SURFACE_CURVE('',#6301,(#6305,#6312),.PCURVE_S1.);
#6301 = LINE('',#6302,#6303);
#6302 = CARTESIAN_POINT('',(-60.,-131.,1.46E+03));
#6303 = VECTOR('',#6304,1.);
#6304 = DIRECTION('',(-0.,1.,0.));
#6305 = PCURVE('',#6219,#6306);
#6306 = DEFINITIONAL_REPRESENTATION('',(#6307),#6311);
#6307 = LINE('',#6308,#6309);
#6308 = CARTESIAN_POINT('',(60.,0.));
#6309 = VECTOR('',#6310,1.);
#6310 = DIRECTION('',(0.,-1.));
#6311 = ( GEOMETRIC_REPRESENTATION_CONTEXT(2) 
PARAMETRIC_REPRESENTATION_CONTEXT() REPRESENTATION_CONTEXT('2D SPACE',''
  ) );
#6312 = PCURVE('',#6313,#6318);
#6313 = PLANE('',#6314);
#6314 = AXIS2_PLACEMENT_3D('',#6315,#6316,#6317);
#6315 = CARTESIAN_POINT('',(-60.,-131.,1.46E+03));
#6316 = DIRECTION('',(0.,0.,1.));
#6317 = DIRECTION('',(1.,0.,-0.));
#6318 = DEFINITIONAL_REPRESENTATION('',(#6319),#6323);
#6319 = LINE('',#6320,#6321);
#6320 = CARTESIAN_POINT('',(0.,0.));
#6321 = VECTOR('',#6322,1.);
#6322 = DIRECTION('',(0.,1.));
#6323 = ( GEOMETRIC_REPRESENTATION_CONTEXT(2) 
PARAMETRIC_REPRESENTATION_CONTEXT() REPRESENTATION_CONTEXT('2D SPACE',''
  ) );
#6324 = ADVANCED_FACE('',(#6325),#6339,.T.);
#6325 = FACE_BOUND('',#6326,.T.);
#6326 = EDGE_LOOP('',(#6327,#6357,#6380,#6403));
#6327 = ORIENTED_EDGE('',*,*,#6328,.F.);
#6328 = EDGE_CURVE('',#6329,#6331,#6333,.T.);
#6329 = VERTEX_POINT('',#6330);
#6330 = CARTESIAN_POINT('',(40.,-131.,1.4E+03));
#6331 = VERTEX_POINT('',#6332);
#6332 = CARTESIAN_POINT('',(40.,-131.,1.46E+03));
#6333 = SURFACE_CURVE('',#6334,(#6338,#6350),.PCURVE_S1.);
#6334 = LINE('',#6335,#6336);
#6335 = CARTESIAN_POINT('',(40.,-131.,1.4E+03));
#6336 = VECTOR('',#6337,1.);
#6337 = DIRECTION('',(0.,0.,1.));
#6338 = PCURVE('',#6339,#6344);
#6339 = PLANE('',#6340);
#6340 = AXIS2_PLACEMENT_3D('',#6341,#6342,#6343);
#6341 = CARTESIAN_POINT('',(40.,-131.,1.4E+03));
#6342 = DIRECTION('',(1.,0.,-0.));
#6343 = DIRECTION('',(0.,0.,1.));
#6344 = DEFINITIONAL_REPRESENTATION('',(#6345),#6349);
#6345 = LINE('',#6346,#6347);
#6346 = CARTESIAN_POINT('',(0.,0.));
#6347 = VECTOR('',#6348,1.);
#6348 = DIRECTION('',(1.,0.));
#6349 = ( GEOMETRIC_REPRESENTATION_CONTEXT(2) 
PARAMETRIC_REPRESENTATION_CONTEXT() REPRESENTATION_CONTEXT('2D SPACE',''
  ) );
#6350 = PCURVE('',#6231,#6351);
#6351 = DEFINITIONAL_REPRESENTATION('',(#6352),#6356);
#6352 = LINE('',#6353,#6354);
#6353 = CARTESIAN_POINT('',(0.,100.));
#6354 = VECTOR('',#6355,1.);
#6355 = DIRECTION('',(1.,0.));
#6356 = ( GEOMETRIC_REPRESENTATION_CONTEXT(2) 
PARAMETRIC_REPRESENTATION_CONTEXT() REPRESENTATION_CONTEXT('2D SPACE',''
  ) );
#6357 = ORIENTED_EDGE('',*,*,#6358,.T.);
#6358 = EDGE_CURVE('',#6329,#6359,#6361,.T.);
#6359 = VERTEX_POINT('',#6360);
#6360 = CARTESIAN_POINT('',(40.,-109.,1.4E+03));
#6361 = SURFACE_CURVE('',#6362,(#6366,#6373),.PCURVE_S1.);
#6362 = LINE('',#6363,#6364);
#6363 = CARTESIAN_POINT('',(40.,-131.,1.4E+03));
#6364 = VECTOR('',#6365,1.);
#6365 = DIRECTION('',(-0.,1.,0.));
#6366 = PCURVE('',#6339,#6367);
#6367 = DEFINITIONAL_REPRESENTATION('',(#6368),#6372);
#6368 = LINE('',#6369,#6370);
#6369 = CARTESIAN_POINT('',(0.,0.));
#6370 = VECTOR('',#6371,1.);
#6371 = DIRECTION('',(0.,-1.));
#6372 = ( GEOMETRIC_REPRESENTATION_CONTEXT(2) 
PARAMETRIC_REPRESENTATION_CONTEXT() REPRESENTATION_CONTEXT('2D SPACE',''
  ) );
#6373 = PCURVE('',#6259,#6374);
#6374 = DEFINITIONAL_REPRESENTATION('',(#6375),#6379);
#6375 = LINE('',#6376,#6377);
#6376 = CARTESIAN_POINT('',(100.,0.));
#6377 = VECTOR('',#6378,1.);
#6378 = DIRECTION('',(0.,1.));
#6379 = ( GEOMETRIC_REPRESENTATION_CONTEXT(2) 
PARAMETRIC_REPRESENTATION_CONTEXT() REPRESENTATION_CONTEXT('2D SPACE',''
  ) );
#6380 = ORIENTED_EDGE('',*,*,#6381,.T.);
#6381 = EDGE_CURVE('',#6359,#6382,#6384,.T.);
#6382 = VERTEX_POINT('',#6383);
#6383 = CARTESIAN_POINT('',(40.,-109.,1.46E+03));
#6384 = SURFACE_CURVE('',#6385,(#6389,#6396),.PCURVE_S1.);
#6385 = LINE('',#6386,#6387);
#6386 = CARTESIAN_POINT('',(40.,-109.,1.4E+03));
#6387 = VECTOR('',#6388,1.);
#6388 = DIRECTION('',(0.,0.,1.));
#6389 = PCURVE('',#6339,#6390);
#6390 = DEFINITIONAL_REPRESENTATION('',(#6391),#6395);
#6391 = LINE('',#6392,#6393);
#6392 = CARTESIAN_POINT('',(0.,-22.));
#6393 = VECTOR('',#6394,1.);
#6394 = DIRECTION('',(1.,0.));
#6395 = ( GEOMETRIC_REPRESENTATION_CONTEXT(2) 
PARAMETRIC_REPRESENTATION_CONTEXT() REPRESENTATION_CONTEXT('2D SPACE',''
  ) );
#6396 = PCURVE('',#6287,#6397);
#6397 = DEFINITIONAL_REPRESENTATION('',(#6398),#6402);
#6398 = LINE('',#6399,#6400);
#6399 = CARTESIAN_POINT('',(0.,100.));
#6400 = VECTOR('',#6401,1.);
#6401 = DIRECTION('',(1.,0.));
#6402 = ( GEOMETRIC_REPRESENTATION_CONTEXT(2) 
PARAMETRIC_REPRESENTATION_CONTEXT() REPRESENTATION_CONTEXT('2D SPACE',''
  ) );
#6403 = ORIENTED_EDGE('',*,*,#6404,.F.);
#6404 = EDGE_CURVE('',#6331,#6382,#6405,.T.);
#6405 = SURFACE_CURVE('',#6406,(#6410,#6417),.PCURVE_S1.);
#6406 = LINE('',#6407,#6408);
#6407 = CARTESIAN_POINT('',(40.,-131.,1.46E+03));
#6408 = VECTOR('',#6409,1.);
#6409 = DIRECTION('',(-0.,1.,0.));
#6410 = PCURVE('',#6339,#6411);
#6411 = DEFINITIONAL_REPRESENTATION('',(#6412),#6416);
#6412 = LINE('',#6413,#6414);
#6413 = CARTESIAN_POINT('',(60.,0.));
#6414 = VECTOR('',#6415,1.);
#6415 = DIRECTION('',(0.,-1.));
#6416 = ( GEOMETRIC_REPRESENTATION_CONTEXT(2) 
PARAMETRIC_REPRESENTATION_CONTEXT() REPRESENTATION_CONTEXT('2D SPACE',''
  ) );
#6417 = PCURVE('',#6313,#6418);
#6418 = DEFINITIONAL_REPRESENTATION('',(#6419),#6423);
#6419 = LINE('',#6420,#6421);
#6420 = CARTESIAN_POINT('',(100.,0.));
#6421 = VECTOR('',#6422,1.);
#6422 = DIRECTION('',(0.,1.));
#6423 = ( GEOMETRIC_REPRESENTATION_CONTEXT(2) 
PARAMETRIC_REPRESENTATION_CONTEXT() REPRESENTATION_CONTEXT('2D SPACE',''
  ) );
#6424 = ADVANCED_FACE('',(#6425),#6231,.F.);
#6425 = FACE_BOUND('',#6426,.F.);
#6426 = EDGE_LOOP('',(#6427,#6448,#6449,#6470));
#6427 = ORIENTED_EDGE('',*,*,#6428,.F.);
#6428 = EDGE_CURVE('',#6209,#6329,#6429,.T.);
#6429 = SURFACE_CURVE('',#6430,(#6434,#6441),.PCURVE_S1.);
#6430 = LINE('',#6431,#6432);
#6431 = CARTESIAN_POINT('',(-60.,-131.,1.4E+03));
#6432 = VECTOR('',#6433,1.);
#6433 = DIRECTION('',(1.,0.,-0.));
#6434 = PCURVE('',#6231,#6435);
#6435 = DEFINITIONAL_REPRESENTATION('',(#6436),#6440);
#6436 = LINE('',#6437,#6438);
#6437 = CARTESIAN_POINT('',(0.,0.));
#6438 = VECTOR('',#6439,1.);
#6439 = DIRECTION('',(0.,1.));
#6440 = ( GEOMETRIC_REPRESENTATION_CONTEXT(2) 
PARAMETRIC_REPRESENTATION_CONTEXT() REPRESENTATION_CONTEXT('2D SPACE',''
  ) );
#6441 = PCURVE('',#6259,#6442);
#6442 = DEFINITIONAL_REPRESENTATION('',(#6443),#6447);
#6443 = LINE('',#6444,#6445);
#6444 = CARTESIAN_POINT('',(0.,0.));
#6445 = VECTOR('',#6446,1.);
#6446 = DIRECTION('',(1.,0.));
#6447 = ( GEOMETRIC_REPRESENTATION_CONTEXT(2) 
PARAMETRIC_REPRESENTATION_CONTEXT() REPRESENTATION_CONTEXT('2D SPACE',''
  ) );
#6448 = ORIENTED_EDGE('',*,*,#6208,.T.);
#6449 = ORIENTED_EDGE('',*,*,#6450,.T.);
#6450 = EDGE_CURVE('',#6211,#6331,#6451,.T.);
#6451 = SURFACE_CURVE('',#6452,(#6456,#6463),.PCURVE_S1.);
#6452 = LINE('',#6453,#6454);
#6453 = CARTESIAN_POINT('',(-60.,-131.,1.46E+03));
#6454 = VECTOR('',#6455,1.);
#6455 = DIRECTION('',(1.,0.,-0.));
#6456 = PCURVE('',#6231,#6457);
#6457 = DEFINITIONAL_REPRESENTATION('',(#6458),#6462);
#6458 = LINE('',#6459,#6460);
#6459 = CARTESIAN_POINT('',(60.,0.));
#6460 = VECTOR('',#6461,1.);
#6461 = DIRECTION('',(0.,1.));
#6462 = ( GEOMETRIC_REPRESENTATION_CONTEXT(2) 
PARAMETRIC_REPRESENTATION_CONTEXT() REPRESENTATION_CONTEXT('2D SPACE',''
  ) );
#6463 = PCURVE('',#6313,#6464);
#6464 = DEFINITIONAL_REPRESENTATION('',(#6465),#6469);
#6465 = LINE('',#6466,#6467);
#6466 = CARTESIAN_POINT('',(0.,0.));
#6467 = VECTOR('',#6468,1.);
#6468 = DIRECTION('',(1.,0.));
#6469 = ( GEOMETRIC_REPRESENTATION_CONTEXT(2) 
PARAMETRIC_REPRESENTATION_CONTEXT() REPRESENTATION_CONTEXT('2D SPACE',''
  ) );
#6470 = ORIENTED_EDGE('',*,*,#6328,.F.);
#6471 = ADVANCED_FACE('',(#6472),#6287,.T.);
#6472 = FACE_BOUND('',#6473,.T.);
#6473 = EDGE_LOOP('',(#6474,#6495,#6496,#6517));
#6474 = ORIENTED_EDGE('',*,*,#6475,.F.);
#6475 = EDGE_CURVE('',#6244,#6359,#6476,.T.);
#6476 = SURFACE_CURVE('',#6477,(#6481,#6488),.PCURVE_S1.);
#6477 = LINE('',#6478,#6479);
#6478 = CARTESIAN_POINT('',(-60.,-109.,1.4E+03));
#6479 = VECTOR('',#6480,1.);
#6480 = DIRECTION('',(1.,0.,-0.));
#6481 = PCURVE('',#6287,#6482);
#6482 = DEFINITIONAL_REPRESENTATION('',(#6483),#6487);
#6483 = LINE('',#6484,#6485);
#6484 = CARTESIAN_POINT('',(0.,0.));
#6485 = VECTOR('',#6486,1.);
#6486 = DIRECTION('',(0.,1.));
#6487 = ( GEOMETRIC_REPRESENTATION_CONTEXT(2) 
PARAMETRIC_REPRESENTATION_CONTEXT() REPRESENTATION_CONTEXT('2D SPACE',''
  ) );
#6488 = PCURVE('',#6259,#6489);
#6489 = DEFINITIONAL_REPRESENTATION('',(#6490),#6494);
#6490 = LINE('',#6491,#6492);
#6491 = CARTESIAN_POINT('',(0.,22.));
#6492 = VECTOR('',#6493,1.);
#6493 = DIRECTION('',(1.,0.));
#6494 = ( GEOMETRIC_REPRESENTATION_CONTEXT(2) 
PARAMETRIC_REPRESENTATION_CONTEXT() REPRESENTATION_CONTEXT('2D SPACE',''
  ) );
#6495 = ORIENTED_EDGE('',*,*,#6271,.T.);
#6496 = ORIENTED_EDGE('',*,*,#6497,.T.);
#6497 = EDGE_CURVE('',#6272,#6382,#6498,.T.);
#6498 = SURFACE_CURVE('',#6499,(#6503,#6510),.PCURVE_S1.);
#6499 = LINE('',#6500,#6501);
#6500 = CARTESIAN_POINT('',(-60.,-109.,1.46E+03));
#6501 = VECTOR('',#6502,1.);
#6502 = DIRECTION('',(1.,0.,-0.));
#6503 = PCURVE('',#6287,#6504);
#6504 = DEFINITIONAL_REPRESENTATION('',(#6505),#6509);
#6505 = LINE('',#6506,#6507);
#6506 = CARTESIAN_POINT('',(60.,0.));
#6507 = VECTOR('',#6508,1.);
#6508 = DIRECTION('',(0.,1.));
#6509 = ( GEOMETRIC_REPRESENTATION_CONTEXT(2) 
PARAMETRIC_REPRESENTATION_CONTEXT() REPRESENTATION_CONTEXT('2D SPACE',''
  ) );
#6510 = PCURVE('',#6313,#6511);
#6511 = DEFINITIONAL_REPRESENTATION('',(#6512),#6516);
#6512 = LINE('',#6513,#6514);
#6513 = CARTESIAN_POINT('',(0.,22.));
#6514 = VECTOR('',#6515,1.);
#6515 = DIRECTION('',(1.,0.));
#6516 = ( GEOMETRIC_REPRESENTATION_CONTEXT(2) 
PARAMETRIC_REPRESENTATION_CONTEXT() REPRESENTATION_CONTEXT('2D SPACE',''
  ) );
#6517 = ORIENTED_EDGE('',*,*,#6381,.F.);
#6518 = ADVANCED_FACE('',(#6519),#6259,.F.);
#6519 = FACE_BOUND('',#6520,.F.);
#6520 = EDGE_LOOP('',(#6521,#6522,#6523,#6524));
#6521 = ORIENTED_EDGE('',*,*,#6243,.F.);
#6522 = ORIENTED_EDGE('',*,*,#6428,.T.);
#6523 = ORIENTED_EDGE('',*,*,#6358,.T.);
#6524 = ORIENTED_EDGE('',*,*,#6475,.F.);
#6525 = ADVANCED_FACE('',(#6526),#6313,.T.);
#6526 = FACE_BOUND('',#6527,.T.);
#6527 = EDGE_LOOP('',(#6528,#6529,#6530,#6531));
#6528 = ORIENTED_EDGE('',*,*,#6299,.F.);
#6529 = ORIENTED_EDGE('',*,*,#6450,.T.);
#6530 = ORIENTED_EDGE('',*,*,#6404,.T.);
#6531 = ORIENTED_EDGE('',*,*,#6497,.F.);
#6532 = MANIFOLD_SOLID_BREP('',#6533);
#6533 = CLOSED_SHELL('',(#6534,#6654,#6754,#6801,#6848,#6855));
#6534 = ADVANCED_FACE('',(#6535),#6549,.F.);
#6535 = FACE_BOUND('',#6536,.F.);
#6536 = EDGE_LOOP('',(#6537,#6572,#6600,#6628));
#6537 = ORIENTED_EDGE('',*,*,#6538,.F.);
#6538 = EDGE_CURVE('',#6539,#6541,#6543,.T.);
#6539 = VERTEX_POINT('',#6540);
#6540 = CARTESIAN_POINT('',(-60.,-55.,1.38E+03));
#6541 = VERTEX_POINT('',#6542);
#6542 = CARTESIAN_POINT('',(-60.,-55.,1.48E+03));
#6543 = SURFACE_CURVE('',#6544,(#6548,#6560),.PCURVE_S1.);
#6544 = LINE('',#6545,#6546);
#6545 = CARTESIAN_POINT('',(-60.,-55.,1.38E+03));
#6546 = VECTOR('',#6547,1.);
#6547 = DIRECTION('',(0.,0.,1.));
#6548 = PCURVE('',#6549,#6554);
#6549 = PLANE('',#6550);
#6550 = AXIS2_PLACEMENT_3D('',#6551,#6552,#6553);
#6551 = CARTESIAN_POINT('',(-60.,-55.,1.38E+03));
#6552 = DIRECTION('',(1.,0.,-0.));
#6553 = DIRECTION('',(0.,0.,1.));
#6554 = DEFINITIONAL_REPRESENTATION('',(#6555),#6559);
#6555 = LINE('',#6556,#6557);
#6556 = CARTESIAN_POINT('',(0.,0.));
#6557 = VECTOR('',#6558,1.);
#6558 = DIRECTION('',(1.,0.));
#6559 = ( GEOMETRIC_REPRESENTATION_CONTEXT(2) 
PARAMETRIC_REPRESENTATION_CONTEXT() REPRESENTATION_CONTEXT('2D SPACE',''
  ) );
#6560 = PCURVE('',#6561,#6566);
#6561 = PLANE('',#6562);
#6562 = AXIS2_PLACEMENT_3D('',#6563,#6564,#6565);
#6563 = CARTESIAN_POINT('',(-60.,-55.,1.38E+03));
#6564 = DIRECTION('',(-0.,1.,0.));
#6565 = DIRECTION('',(0.,0.,1.));
#6566 = DEFINITIONAL_REPRESENTATION('',(#6567),#6571);
#6567 = LINE('',#6568,#6569);
#6568 = CARTESIAN_POINT('',(0.,0.));
#6569 = VECTOR('',#6570,1.);
#6570 = DIRECTION('',(1.,0.));
#6571 = ( GEOMETRIC_REPRESENTATION_CONTEXT(2) 
PARAMETRIC_REPRESENTATION_CONTEXT() REPRESENTATION_CONTEXT('2D SPACE',''
  ) );
#6572 = ORIENTED_EDGE('',*,*,#6573,.T.);
#6573 = EDGE_CURVE('',#6539,#6574,#6576,.T.);
#6574 = VERTEX_POINT('',#6575);
#6575 = CARTESIAN_POINT('',(-60.,-52.,1.38E+03));
#6576 = SURFACE_CURVE('',#6577,(#6581,#6588),.PCURVE_S1.);
#6577 = LINE('',#6578,#6579);
#6578 = CARTESIAN_POINT('',(-60.,-55.,1.38E+03));
#6579 = VECTOR('',#6580,1.);
#6580 = DIRECTION('',(-0.,1.,0.));
#6581 = PCURVE('',#6549,#6582);
#6582 = DEFINITIONAL_REPRESENTATION('',(#6583),#6587);
#6583 = LINE('',#6584,#6585);
#6584 = CARTESIAN_POINT('',(0.,0.));
#6585 = VECTOR('',#6586,1.);
#6586 = DIRECTION('',(0.,-1.));
#6587 = ( GEOMETRIC_REPRESENTATION_CONTEXT(2) 
PARAMETRIC_REPRESENTATION_CONTEXT() REPRESENTATION_CONTEXT('2D SPACE',''
  ) );
#6588 = PCURVE('',#6589,#6594);
#6589 = PLANE('',#6590);
#6590 = AXIS2_PLACEMENT_3D('',#6591,#6592,#6593);
#6591 = CARTESIAN_POINT('',(-60.,-55.,1.38E+03));
#6592 = DIRECTION('',(0.,0.,1.));
#6593 = DIRECTION('',(1.,0.,-0.));
#6594 = DEFINITIONAL_REPRESENTATION('',(#6595),#6599);
#6595 = LINE('',#6596,#6597);
#6596 = CARTESIAN_POINT('',(0.,0.));
#6597 = VECTOR('',#6598,1.);
#6598 = DIRECTION('',(0.,1.));
#6599 = ( GEOMETRIC_REPRESENTATION_CONTEXT(2) 
PARAMETRIC_REPRESENTATION_CONTEXT() REPRESENTATION_CONTEXT('2D SPACE',''
  ) );
#6600 = ORIENTED_EDGE('',*,*,#6601,.T.);
#6601 = EDGE_CURVE('',#6574,#6602,#6604,.T.);
#6602 = VERTEX_POINT('',#6603);
#6603 = CARTESIAN_POINT('',(-60.,-52.,1.48E+03));
#6604 = SURFACE_CURVE('',#6605,(#6609,#6616),.PCURVE_S1.);
#6605 = LINE('',#6606,#6607);
#6606 = CARTESIAN_POINT('',(-60.,-52.,1.38E+03));
#6607 = VECTOR('',#6608,1.);
#6608 = DIRECTION('',(0.,0.,1.));
#6609 = PCURVE('',#6549,#6610);
#6610 = DEFINITIONAL_REPRESENTATION('',(#6611),#6615);
#6611 = LINE('',#6612,#6613);
#6612 = CARTESIAN_POINT('',(0.,-3.));
#6613 = VECTOR('',#6614,1.);
#6614 = DIRECTION('',(1.,0.));
#6615 = ( GEOMETRIC_REPRESENTATION_CONTEXT(2) 
PARAMETRIC_REPRESENTATION_CONTEXT() REPRESENTATION_CONTEXT('2D SPACE',''
  ) );
#6616 = PCURVE('',#6617,#6622);
#6617 = PLANE('',#6618);
#6618 = AXIS2_PLACEMENT_3D('',#6619,#6620,#6621);
#6619 = CARTESIAN_POINT('',(-60.,-52.,1.38E+03));
#6620 = DIRECTION('',(-0.,1.,0.));
#6621 = DIRECTION('',(0.,0.,1.));
#6622 = DEFINITIONAL_REPRESENTATION('',(#6623),#6627);
#6623 = LINE('',#6624,#6625);
#6624 = CARTESIAN_POINT('',(0.,0.));
#6625 = VECTOR('',#6626,1.);
#6626 = DIRECTION('',(1.,0.));
#6627 = ( GEOMETRIC_REPRESENTATION_CONTEXT(2) 
PARAMETRIC_REPRESENTATION_CONTEXT() REPRESENTATION_CONTEXT('2D SPACE',''
  ) );
#6628 = ORIENTED_EDGE('',*,*,#6629,.F.);
#6629 = EDGE_CURVE('',#6541,#6602,#6630,.T.);
#6630 = SURFACE_CURVE('',#6631,(#6635,#6642),.PCURVE_S1.);
#6631 = LINE('',#6632,#6633);
#6632 = CARTESIAN_POINT('',(-60.,-55.,1.48E+03));
#6633 = VECTOR('',#6634,1.);
#6634 = DIRECTION('',(-0.,1.,0.));
#6635 = PCURVE('',#6549,#6636);
#6636 = DEFINITIONAL_REPRESENTATION('',(#6637),#6641);
#6637 = LINE('',#6638,#6639);
#6638 = CARTESIAN_POINT('',(100.,0.));
#6639 = VECTOR('',#6640,1.);
#6640 = DIRECTION('',(0.,-1.));
#6641 = ( GEOMETRIC_REPRESENTATION_CONTEXT(2) 
PARAMETRIC_REPRESENTATION_CONTEXT() REPRESENTATION_CONTEXT('2D SPACE',''
  ) );
#6642 = PCURVE('',#6643,#6648);
#6643 = PLANE('',#6644);
#6644 = AXIS2_PLACEMENT_3D('',#6645,#6646,#6647);
#6645 = CARTESIAN_POINT('',(-60.,-55.,1.48E+03));
#6646 = DIRECTION('',(0.,0.,1.));
#6647 = DIRECTION('',(1.,0.,-0.));
#6648 = DEFINITIONAL_REPRESENTATION('',(#6649),#6653);
#6649 = LINE('',#6650,#6651);
#6650 = CARTESIAN_POINT('',(0.,0.));
#6651 = VECTOR('',#6652,1.);
#6652 = DIRECTION('',(0.,1.));
#6653 = ( GEOMETRIC_REPRESENTATION_CONTEXT(2) 
PARAMETRIC_REPRESENTATION_CONTEXT() REPRESENTATION_CONTEXT('2D SPACE',''
  ) );
#6654 = ADVANCED_FACE('',(#6655),#6669,.T.);
#6655 = FACE_BOUND('',#6656,.T.);
#6656 = EDGE_LOOP('',(#6657,#6687,#6710,#6733));
#6657 = ORIENTED_EDGE('',*,*,#6658,.F.);
#6658 = EDGE_CURVE('',#6659,#6661,#6663,.T.);
#6659 = VERTEX_POINT('',#6660);
#6660 = CARTESIAN_POINT('',(40.,-55.,1.38E+03));
#6661 = VERTEX_POINT('',#6662);
#6662 = CARTESIAN_POINT('',(40.,-55.,1.48E+03));
#6663 = SURFACE_CURVE('',#6664,(#6668,#6680),.PCURVE_S1.);
#6664 = LINE('',#6665,#6666);
#6665 = CARTESIAN_POINT('',(40.,-55.,1.38E+03));
#6666 = VECTOR('',#6667,1.);
#6667 = DIRECTION('',(0.,0.,1.));
#6668 = PCURVE('',#6669,#6674);
#6669 = PLANE('',#6670);
#6670 = AXIS2_PLACEMENT_3D('',#6671,#6672,#6673);
#6671 = CARTESIAN_POINT('',(40.,-55.,1.38E+03));
#6672 = DIRECTION('',(1.,0.,-0.));
#6673 = DIRECTION('',(0.,0.,1.));
#6674 = DEFINITIONAL_REPRESENTATION('',(#6675),#6679);
#6675 = LINE('',#6676,#6677);
#6676 = CARTESIAN_POINT('',(0.,0.));
#6677 = VECTOR('',#6678,1.);
#6678 = DIRECTION('',(1.,0.));
#6679 = ( GEOMETRIC_REPRESENTATION_CONTEXT(2) 
PARAMETRIC_REPRESENTATION_CONTEXT() REPRESENTATION_CONTEXT('2D SPACE',''
  ) );
#6680 = PCURVE('',#6561,#6681);
#6681 = DEFINITIONAL_REPRESENTATION('',(#6682),#6686);
#6682 = LINE('',#6683,#6684);
#6683 = CARTESIAN_POINT('',(0.,100.));
#6684 = VECTOR('',#6685,1.);
#6685 = DIRECTION('',(1.,0.));
#6686 = ( GEOMETRIC_REPRESENTATION_CONTEXT(2) 
PARAMETRIC_REPRESENTATION_CONTEXT() REPRESENTATION_CONTEXT('2D SPACE',''
  ) );
#6687 = ORIENTED_EDGE('',*,*,#6688,.T.);
#6688 = EDGE_CURVE('',#6659,#6689,#6691,.T.);
#6689 = VERTEX_POINT('',#6690);
#6690 = CARTESIAN_POINT('',(40.,-52.,1.38E+03));
#6691 = SURFACE_CURVE('',#6692,(#6696,#6703),.PCURVE_S1.);
#6692 = LINE('',#6693,#6694);
#6693 = CARTESIAN_POINT('',(40.,-55.,1.38E+03));
#6694 = VECTOR('',#6695,1.);
#6695 = DIRECTION('',(-0.,1.,0.));
#6696 = PCURVE('',#6669,#6697);
#6697 = DEFINITIONAL_REPRESENTATION('',(#6698),#6702);
#6698 = LINE('',#6699,#6700);
#6699 = CARTESIAN_POINT('',(0.,0.));
#6700 = VECTOR('',#6701,1.);
#6701 = DIRECTION('',(0.,-1.));
#6702 = ( GEOMETRIC_REPRESENTATION_CONTEXT(2) 
PARAMETRIC_REPRESENTATION_CONTEXT() REPRESENTATION_CONTEXT('2D SPACE',''
  ) );
#6703 = PCURVE('',#6589,#6704);
#6704 = DEFINITIONAL_REPRESENTATION('',(#6705),#6709);
#6705 = LINE('',#6706,#6707);
#6706 = CARTESIAN_POINT('',(100.,0.));
#6707 = VECTOR('',#6708,1.);
#6708 = DIRECTION('',(0.,1.));
#6709 = ( GEOMETRIC_REPRESENTATION_CONTEXT(2) 
PARAMETRIC_REPRESENTATION_CONTEXT() REPRESENTATION_CONTEXT('2D SPACE',''
  ) );
#6710 = ORIENTED_EDGE('',*,*,#6711,.T.);
#6711 = EDGE_CURVE('',#6689,#6712,#6714,.T.);
#6712 = VERTEX_POINT('',#6713);
#6713 = CARTESIAN_POINT('',(40.,-52.,1.48E+03));
#6714 = SURFACE_CURVE('',#6715,(#6719,#6726),.PCURVE_S1.);
#6715 = LINE('',#6716,#6717);
#6716 = CARTESIAN_POINT('',(40.,-52.,1.38E+03));
#6717 = VECTOR('',#6718,1.);
#6718 = DIRECTION('',(0.,0.,1.));
#6719 = PCURVE('',#6669,#6720);
#6720 = DEFINITIONAL_REPRESENTATION('',(#6721),#6725);
#6721 = LINE('',#6722,#6723);
#6722 = CARTESIAN_POINT('',(0.,-3.));
#6723 = VECTOR('',#6724,1.);
#6724 = DIRECTION('',(1.,0.));
#6725 = ( GEOMETRIC_REPRESENTATION_CONTEXT(2) 
PARAMETRIC_REPRESENTATION_CONTEXT() REPRESENTATION_CONTEXT('2D SPACE',''
  ) );
#6726 = PCURVE('',#6617,#6727);
#6727 = DEFINITIONAL_REPRESENTATION('',(#6728),#6732);
#6728 = LINE('',#6729,#6730);
#6729 = CARTESIAN_POINT('',(0.,100.));
#6730 = VECTOR('',#6731,1.);
#6731 = DIRECTION('',(1.,0.));
#6732 = ( GEOMETRIC_REPRESENTATION_CONTEXT(2) 
PARAMETRIC_REPRESENTATION_CONTEXT() REPRESENTATION_CONTEXT('2D SPACE',''
  ) );
#6733 = ORIENTED_EDGE('',*,*,#6734,.F.);
#6734 = EDGE_CURVE('',#6661,#6712,#6735,.T.);
#6735 = SURFACE_CURVE('',#6736,(#6740,#6747),.PCURVE_S1.);
#6736 = LINE('',#6737,#6738);
#6737 = CARTESIAN_POINT('',(40.,-55.,1.48E+03));
#6738 = VECTOR('',#6739,1.);
#6739 = DIRECTION('',(-0.,1.,0.));
#6740 = PCURVE('',#6669,#6741);
#6741 = DEFINITIONAL_REPRESENTATION('',(#6742),#6746);
#6742 = LINE('',#6743,#6744);
#6743 = CARTESIAN_POINT('',(100.,0.));
#6744 = VECTOR('',#6745,1.);
#6745 = DIRECTION('',(0.,-1.));
#6746 = ( GEOMETRIC_REPRESENTATION_CONTEXT(2) 
PARAMETRIC_REPRESENTATION_CONTEXT() REPRESENTATION_CONTEXT('2D SPACE',''
  ) );
#6747 = PCURVE('',#6643,#6748);
#6748 = DEFINITIONAL_REPRESENTATION('',(#6749),#6753);
#6749 = LINE('',#6750,#6751);
#6750 = CARTESIAN_POINT('',(100.,0.));
#6751 = VECTOR('',#6752,1.);
#6752 = DIRECTION('',(0.,1.));
#6753 = ( GEOMETRIC_REPRESENTATION_CONTEXT(2) 
PARAMETRIC_REPRESENTATION_CONTEXT() REPRESENTATION_CONTEXT('2D SPACE',''
  ) );
#6754 = ADVANCED_FACE('',(#6755),#6561,.F.);
#6755 = FACE_BOUND('',#6756,.F.);
#6756 = EDGE_LOOP('',(#6757,#6778,#6779,#6800));
#6757 = ORIENTED_EDGE('',*,*,#6758,.F.);
#6758 = EDGE_CURVE('',#6539,#6659,#6759,.T.);
#6759 = SURFACE_CURVE('',#6760,(#6764,#6771),.PCURVE_S1.);
#6760 = LINE('',#6761,#6762);
#6761 = CARTESIAN_POINT('',(-60.,-55.,1.38E+03));
#6762 = VECTOR('',#6763,1.);
#6763 = DIRECTION('',(1.,0.,-0.));
#6764 = PCURVE('',#6561,#6765);
#6765 = DEFINITIONAL_REPRESENTATION('',(#6766),#6770);
#6766 = LINE('',#6767,#6768);
#6767 = CARTESIAN_POINT('',(0.,0.));
#6768 = VECTOR('',#6769,1.);
#6769 = DIRECTION('',(0.,1.));
#6770 = ( GEOMETRIC_REPRESENTATION_CONTEXT(2) 
PARAMETRIC_REPRESENTATION_CONTEXT() REPRESENTATION_CONTEXT('2D SPACE',''
  ) );
#6771 = PCURVE('',#6589,#6772);
#6772 = DEFINITIONAL_REPRESENTATION('',(#6773),#6777);
#6773 = LINE('',#6774,#6775);
#6774 = CARTESIAN_POINT('',(0.,0.));
#6775 = VECTOR('',#6776,1.);
#6776 = DIRECTION('',(1.,0.));
#6777 = ( GEOMETRIC_REPRESENTATION_CONTEXT(2) 
PARAMETRIC_REPRESENTATION_CONTEXT() REPRESENTATION_CONTEXT('2D SPACE',''
  ) );
#6778 = ORIENTED_EDGE('',*,*,#6538,.T.);
#6779 = ORIENTED_EDGE('',*,*,#6780,.T.);
#6780 = EDGE_CURVE('',#6541,#6661,#6781,.T.);
#6781 = SURFACE_CURVE('',#6782,(#6786,#6793),.PCURVE_S1.);
#6782 = LINE('',#6783,#6784);
#6783 = CARTESIAN_POINT('',(-60.,-55.,1.48E+03));
#6784 = VECTOR('',#6785,1.);
#6785 = DIRECTION('',(1.,0.,-0.));
#6786 = PCURVE('',#6561,#6787);
#6787 = DEFINITIONAL_REPRESENTATION('',(#6788),#6792);
#6788 = LINE('',#6789,#6790);
#6789 = CARTESIAN_POINT('',(100.,0.));
#6790 = VECTOR('',#6791,1.);
#6791 = DIRECTION('',(0.,1.));
#6792 = ( GEOMETRIC_REPRESENTATION_CONTEXT(2) 
PARAMETRIC_REPRESENTATION_CONTEXT() REPRESENTATION_CONTEXT('2D SPACE',''
  ) );
#6793 = PCURVE('',#6643,#6794);
#6794 = DEFINITIONAL_REPRESENTATION('',(#6795),#6799);
#6795 = LINE('',#6796,#6797);
#6796 = CARTESIAN_POINT('',(0.,0.));
#6797 = VECTOR('',#6798,1.);
#6798 = DIRECTION('',(1.,0.));
#6799 = ( GEOMETRIC_REPRESENTATION_CONTEXT(2) 
PARAMETRIC_REPRESENTATION_CONTEXT() REPRESENTATION_CONTEXT('2D SPACE',''
  ) );
#6800 = ORIENTED_EDGE('',*,*,#6658,.F.);
#6801 = ADVANCED_FACE('',(#6802),#6617,.T.);
#6802 = FACE_BOUND('',#6803,.T.);
#6803 = EDGE_LOOP('',(#6804,#6825,#6826,#6847));
#6804 = ORIENTED_EDGE('',*,*,#6805,.F.);
#6805 = EDGE_CURVE('',#6574,#6689,#6806,.T.);
#6806 = SURFACE_CURVE('',#6807,(#6811,#6818),.PCURVE_S1.);
#6807 = LINE('',#6808,#6809);
#6808 = CARTESIAN_POINT('',(-60.,-52.,1.38E+03));
#6809 = VECTOR('',#6810,1.);
#6810 = DIRECTION('',(1.,0.,-0.));
#6811 = PCURVE('',#6617,#6812);
#6812 = DEFINITIONAL_REPRESENTATION('',(#6813),#6817);
#6813 = LINE('',#6814,#6815);
#6814 = CARTESIAN_POINT('',(0.,0.));
#6815 = VECTOR('',#6816,1.);
#6816 = DIRECTION('',(0.,1.));
#6817 = ( GEOMETRIC_REPRESENTATION_CONTEXT(2) 
PARAMETRIC_REPRESENTATION_CONTEXT() REPRESENTATION_CONTEXT('2D SPACE',''
  ) );
#6818 = PCURVE('',#6589,#6819);
#6819 = DEFINITIONAL_REPRESENTATION('',(#6820),#6824);
#6820 = LINE('',#6821,#6822);
#6821 = CARTESIAN_POINT('',(0.,3.));
#6822 = VECTOR('',#6823,1.);
#6823 = DIRECTION('',(1.,0.));
#6824 = ( GEOMETRIC_REPRESENTATION_CONTEXT(2) 
PARAMETRIC_REPRESENTATION_CONTEXT() REPRESENTATION_CONTEXT('2D SPACE',''
  ) );
#6825 = ORIENTED_EDGE('',*,*,#6601,.T.);
#6826 = ORIENTED_EDGE('',*,*,#6827,.T.);
#6827 = EDGE_CURVE('',#6602,#6712,#6828,.T.);
#6828 = SURFACE_CURVE('',#6829,(#6833,#6840),.PCURVE_S1.);
#6829 = LINE('',#6830,#6831);
#6830 = CARTESIAN_POINT('',(-60.,-52.,1.48E+03));
#6831 = VECTOR('',#6832,1.);
#6832 = DIRECTION('',(1.,0.,-0.));
#6833 = PCURVE('',#6617,#6834);
#6834 = DEFINITIONAL_REPRESENTATION('',(#6835),#6839);
#6835 = LINE('',#6836,#6837);
#6836 = CARTESIAN_POINT('',(100.,0.));
#6837 = VECTOR('',#6838,1.);
#6838 = DIRECTION('',(0.,1.));
#6839 = ( GEOMETRIC_REPRESENTATION_CONTEXT(2) 
PARAMETRIC_REPRESENTATION_CONTEXT() REPRESENTATION_CONTEXT('2D SPACE',''
  ) );
#6840 = PCURVE('',#6643,#6841);
#6841 = DEFINITIONAL_REPRESENTATION('',(#6842),#6846);
#6842 = LINE('',#6843,#6844);
#6843 = CARTESIAN_POINT('',(0.,3.));
#6844 = VECTOR('',#6845,1.);
#6845 = DIRECTION('',(1.,0.));
#6846 = ( GEOMETRIC_REPRESENTATION_CONTEXT(2) 
PARAMETRIC_REPRESENTATION_CONTEXT() REPRESENTATION_CONTEXT('2D SPACE',''
  ) );
#6847 = ORIENTED_EDGE('',*,*,#6711,.F.);
#6848 = ADVANCED_FACE('',(#6849),#6589,.F.);
#6849 = FACE_BOUND('',#6850,.F.);
#6850 = EDGE_LOOP('',(#6851,#6852,#6853,#6854));
#6851 = ORIENTED_EDGE('',*,*,#6573,.F.);
#6852 = ORIENTED_EDGE('',*,*,#6758,.T.);
#6853 = ORIENTED_EDGE('',*,*,#6688,.T.);
#6854 = ORIENTED_EDGE('',*,*,#6805,.F.);
#6855 = ADVANCED_FACE('',(#6856),#6643,.T.);
#6856 = FACE_BOUND('',#6857,.T.);
#6857 = EDGE_LOOP('',(#6858,#6859,#6860,#6861));
#6858 = ORIENTED_EDGE('',*,*,#6629,.F.);
#6859 = ORIENTED_EDGE('',*,*,#6780,.T.);
#6860 = ORIENTED_EDGE('',*,*,#6734,.T.);
#6861 = ORIENTED_EDGE('',*,*,#6827,.F.);
#6862 = ( GEOMETRIC_REPRESENTATION_CONTEXT(3) 
GLOBAL_UNCERTAINTY_ASSIGNED_CONTEXT((#6866)) 
GLOBAL_UNIT_ASSIGNED_CONTEXT((#6863,#6864,#6865)) REPRESENTATION_CONTEXT
('Context #1','3D Context with UNIT and UNCERTAINTY') );
#6863 = ( LENGTH_UNIT() NAMED_UNIT(*) SI_UNIT(.MILLI.,.METRE.) );
#6864 = ( NAMED_UNIT(*) PLANE_ANGLE_UNIT() SI_UNIT($,.RADIAN.) );
#6865 = ( NAMED_UNIT(*) SI_UNIT($,.STERADIAN.) SOLID_ANGLE_UNIT() );
#6866 = UNCERTAINTY_MEASURE_WITH_UNIT(LENGTH_MEASURE(1.E-07),#6863,
  'distance_accuracy_value','confusion accuracy');
#6867 = CONTEXT_DEPENDENT_SHAPE_REPRESENTATION(#6868,#6870);
#6868 = ( REPRESENTATION_RELATIONSHIP('','',#6201,#10) 
REPRESENTATION_RELATIONSHIP_WITH_TRANSFORMATION(#6869) 
SHAPE_REPRESENTATION_RELATIONSHIP() );
#6869 = ITEM_DEFINED_TRANSFORMATION('','',#11,#35);
#6870 = PRODUCT_DEFINITION_SHAPE('Placement','Placement of an item',
  #6871);
#6871 = NEXT_ASSEMBLY_USAGE_OCCURRENCE('6','=>[0:1:1:7]','',#5,#6196,$);
#6872 = PRODUCT_RELATED_PRODUCT_CATEGORY('part',$,(#6198));
#6873 = SHAPE_DEFINITION_REPRESENTATION(#6874,#6880);
#6874 = PRODUCT_DEFINITION_SHAPE('','',#6875);
#6875 = PRODUCT_DEFINITION('design','',#6876,#6879);
#6876 = PRODUCT_DEFINITION_FORMATION('','',#6877);
#6877 = PRODUCT('COMPOUND','COMPOUND','',(#6878));
#6878 = PRODUCT_CONTEXT('',#2,'mechanical');
#6879 = PRODUCT_DEFINITION_CONTEXT('part definition',#2,'design');
#6880 = SHAPE_REPRESENTATION('',(#11,#6881,#6979,#7077),#7175);
#6881 = MANIFOLD_SOLID_BREP('',#6882);
#6882 = CLOSED_SHELL('',(#6883,#6971,#6975));
#6883 = ADVANCED_FACE('',(#6884),#6897,.T.);
#6884 = FACE_BOUND('',#6885,.T.);
#6885 = EDGE_LOOP('',(#6886,#6920,#6943,#6970));
#6886 = ORIENTED_EDGE('',*,*,#6887,.F.);
#6887 = EDGE_CURVE('',#6888,#6888,#6890,.T.);
#6888 = VERTEX_POINT('',#6889);
#6889 = CARTESIAN_POINT('',(-58.,-155.,1.12E+03));
#6890 = SURFACE_CURVE('',#6891,(#6896,#6908),.PCURVE_S1.);
#6891 = CIRCLE('',#6892,12.);
#6892 = AXIS2_PLACEMENT_3D('',#6893,#6894,#6895);
#6893 = CARTESIAN_POINT('',(-70.,-155.,1.12E+03));
#6894 = DIRECTION('',(0.,-1.,2.22044604925E-16));
#6895 = DIRECTION('',(1.,0.,0.));
#6896 = PCURVE('',#6897,#6902);
#6897 = CYLINDRICAL_SURFACE('',#6898,12.);
#6898 = AXIS2_PLACEMENT_3D('',#6899,#6900,#6901);
#6899 = CARTESIAN_POINT('',(-70.,-142.,1.12E+03));
#6900 = DIRECTION('',(0.,-1.,2.22044604925E-16));
#6901 = DIRECTION('',(1.,0.,0.));
#6902 = DEFINITIONAL_REPRESENTATION('',(#6903),#6907);
#6903 = LINE('',#6904,#6905);
#6904 = CARTESIAN_POINT('',(0.,13.));
#6905 = VECTOR('',#6906,1.);
#6906 = DIRECTION('',(1.,0.));
#6907 = ( GEOMETRIC_REPRESENTATION_CONTEXT(2) 
PARAMETRIC_REPRESENTATION_CONTEXT() REPRESENTATION_CONTEXT('2D SPACE',''
  ) );
#6908 = PCURVE('',#6909,#6914);
#6909 = PLANE('',#6910);
#6910 = AXIS2_PLACEMENT_3D('',#6911,#6912,#6913);
#6911 = CARTESIAN_POINT('',(-70.,-155.,1.12E+03));
#6912 = DIRECTION('',(0.,-1.,2.22044604925E-16));
#6913 = DIRECTION('',(1.,0.,0.));
#6914 = DEFINITIONAL_REPRESENTATION('',(#6915),#6919);
#6915 = CIRCLE('',#6916,12.);
#6916 = AXIS2_PLACEMENT_2D('',#6917,#6918);
#6917 = CARTESIAN_POINT('',(0.,0.));
#6918 = DIRECTION('',(1.,0.));
#6919 = ( GEOMETRIC_REPRESENTATION_CONTEXT(2) 
PARAMETRIC_REPRESENTATION_CONTEXT() REPRESENTATION_CONTEXT('2D SPACE',''
  ) );
#6920 = ORIENTED_EDGE('',*,*,#6921,.F.);
#6921 = EDGE_CURVE('',#6922,#6888,#6924,.T.);
#6922 = VERTEX_POINT('',#6923);
#6923 = CARTESIAN_POINT('',(-58.,-142.,1.12E+03));
#6924 = SEAM_CURVE('',#6925,(#6929,#6936),.PCURVE_S1.);
#6925 = LINE('',#6926,#6927);
#6926 = CARTESIAN_POINT('',(-58.,-142.,1.12E+03));
#6927 = VECTOR('',#6928,1.);
#6928 = DIRECTION('',(0.,-1.,2.22044604925E-16));
#6929 = PCURVE('',#6897,#6930);
#6930 = DEFINITIONAL_REPRESENTATION('',(#6931),#6935);
#6931 = LINE('',#6932,#6933);
#6932 = CARTESIAN_POINT('',(6.28318530718,-0.));
#6933 = VECTOR('',#6934,1.);
#6934 = DIRECTION('',(0.,1.));
#6935 = ( GEOMETRIC_REPRESENTATION_CONTEXT(2) 
PARAMETRIC_REPRESENTATION_CONTEXT() REPRESENTATION_CONTEXT('2D SPACE',''
  ) );
#6936 = PCURVE('',#6897,#6937);
#6937 = DEFINITIONAL_REPRESENTATION('',(#6938),#6942);
#6938 = LINE('',#6939,#6940);
#6939 = CARTESIAN_POINT('',(0.,-0.));
#6940 = VECTOR('',#6941,1.);
#6941 = DIRECTION('',(0.,1.));
#6942 = ( GEOMETRIC_REPRESENTATION_CONTEXT(2) 
PARAMETRIC_REPRESENTATION_CONTEXT() REPRESENTATION_CONTEXT('2D SPACE',''
  ) );
#6943 = ORIENTED_EDGE('',*,*,#6944,.T.);
#6944 = EDGE_CURVE('',#6922,#6922,#6945,.T.);
#6945 = SURFACE_CURVE('',#6946,(#6951,#6958),.PCURVE_S1.);
#6946 = CIRCLE('',#6947,12.);
#6947 = AXIS2_PLACEMENT_3D('',#6948,#6949,#6950);
#6948 = CARTESIAN_POINT('',(-70.,-142.,1.12E+03));
#6949 = DIRECTION('',(0.,-1.,2.22044604925E-16));
#6950 = DIRECTION('',(1.,0.,0.));
#6951 = PCURVE('',#6897,#6952);
#6952 = DEFINITIONAL_REPRESENTATION('',(#6953),#6957);
#6953 = LINE('',#6954,#6955);
#6954 = CARTESIAN_POINT('',(0.,0.));
#6955 = VECTOR('',#6956,1.);
#6956 = DIRECTION('',(1.,0.));
#6957 = ( GEOMETRIC_REPRESENTATION_CONTEXT(2) 
PARAMETRIC_REPRESENTATION_CONTEXT() REPRESENTATION_CONTEXT('2D SPACE',''
  ) );
#6958 = PCURVE('',#6959,#6964);
#6959 = PLANE('',#6960);
#6960 = AXIS2_PLACEMENT_3D('',#6961,#6962,#6963);
#6961 = CARTESIAN_POINT('',(-70.,-142.,1.12E+03));
#6962 = DIRECTION('',(0.,-1.,2.22044604925E-16));
#6963 = DIRECTION('',(1.,0.,0.));
#6964 = DEFINITIONAL_REPRESENTATION('',(#6965),#6969);
#6965 = CIRCLE('',#6966,12.);
#6966 = AXIS2_PLACEMENT_2D('',#6967,#6968);
#6967 = CARTESIAN_POINT('',(0.,0.));
#6968 = DIRECTION('',(1.,0.));
#6969 = ( GEOMETRIC_REPRESENTATION_CONTEXT(2) 
PARAMETRIC_REPRESENTATION_CONTEXT() REPRESENTATION_CONTEXT('2D SPACE',''
  ) );
#6970 = ORIENTED_EDGE('',*,*,#6921,.T.);
#6971 = ADVANCED_FACE('',(#6972),#6909,.T.);
#6972 = FACE_BOUND('',#6973,.T.);
#6973 = EDGE_LOOP('',(#6974));
#6974 = ORIENTED_EDGE('',*,*,#6887,.T.);
#6975 = ADVANCED_FACE('',(#6976),#6959,.F.);
#6976 = FACE_BOUND('',#6977,.T.);
#6977 = EDGE_LOOP('',(#6978));
#6978 = ORIENTED_EDGE('',*,*,#6944,.F.);
#6979 = MANIFOLD_SOLID_BREP('',#6980);
#6980 = CLOSED_SHELL('',(#6981,#7069,#7073));
#6981 = ADVANCED_FACE('',(#6982),#6995,.T.);
#6982 = FACE_BOUND('',#6983,.T.);
#6983 = EDGE_LOOP('',(#6984,#7018,#7041,#7068));
#6984 = ORIENTED_EDGE('',*,*,#6985,.F.);
#6985 = EDGE_CURVE('',#6986,#6986,#6988,.T.);
#6986 = VERTEX_POINT('',#6987);
#6987 = CARTESIAN_POINT('',(12.,-155.,1.12E+03));
#6988 = SURFACE_CURVE('',#6989,(#6994,#7006),.PCURVE_S1.);
#6989 = CIRCLE('',#6990,12.);
#6990 = AXIS2_PLACEMENT_3D('',#6991,#6992,#6993);
#6991 = CARTESIAN_POINT('',(0.,-155.,1.12E+03));
#6992 = DIRECTION('',(0.,-1.,2.22044604925E-16));
#6993 = DIRECTION('',(1.,0.,0.));
#6994 = PCURVE('',#6995,#7000);
#6995 = CYLINDRICAL_SURFACE('',#6996,12.);
#6996 = AXIS2_PLACEMENT_3D('',#6997,#6998,#6999);
#6997 = CARTESIAN_POINT('',(0.,-142.,1.12E+03));
#6998 = DIRECTION('',(0.,-1.,2.22044604925E-16));
#6999 = DIRECTION('',(1.,0.,0.));
#7000 = DEFINITIONAL_REPRESENTATION('',(#7001),#7005);
#7001 = LINE('',#7002,#7003);
#7002 = CARTESIAN_POINT('',(0.,13.));
#7003 = VECTOR('',#7004,1.);
#7004 = DIRECTION('',(1.,0.));
#7005 = ( GEOMETRIC_REPRESENTATION_CONTEXT(2) 
PARAMETRIC_REPRESENTATION_CONTEXT() REPRESENTATION_CONTEXT('2D SPACE',''
  ) );
#7006 = PCURVE('',#7007,#7012);
#7007 = PLANE('',#7008);
#7008 = AXIS2_PLACEMENT_3D('',#7009,#7010,#7011);
#7009 = CARTESIAN_POINT('',(0.,-155.,1.12E+03));
#7010 = DIRECTION('',(0.,-1.,2.22044604925E-16));
#7011 = DIRECTION('',(1.,0.,0.));
#7012 = DEFINITIONAL_REPRESENTATION('',(#7013),#7017);
#7013 = CIRCLE('',#7014,12.);
#7014 = AXIS2_PLACEMENT_2D('',#7015,#7016);
#7015 = CARTESIAN_POINT('',(0.,0.));
#7016 = DIRECTION('',(1.,0.));
#7017 = ( GEOMETRIC_REPRESENTATION_CONTEXT(2) 
PARAMETRIC_REPRESENTATION_CONTEXT() REPRESENTATION_CONTEXT('2D SPACE',''
  ) );
#7018 = ORIENTED_EDGE('',*,*,#7019,.F.);
#7019 = EDGE_CURVE('',#7020,#6986,#7022,.T.);
#7020 = VERTEX_POINT('',#7021);
#7021 = CARTESIAN_POINT('',(12.,-142.,1.12E+03));
#7022 = SEAM_CURVE('',#7023,(#7027,#7034),.PCURVE_S1.);
#7023 = LINE('',#7024,#7025);
#7024 = CARTESIAN_POINT('',(12.,-142.,1.12E+03));
#7025 = VECTOR('',#7026,1.);
#7026 = DIRECTION('',(0.,-1.,2.22044604925E-16));
#7027 = PCURVE('',#6995,#7028);
#7028 = DEFINITIONAL_REPRESENTATION('',(#7029),#7033);
#7029 = LINE('',#7030,#7031);
#7030 = CARTESIAN_POINT('',(6.28318530718,-0.));
#7031 = VECTOR('',#7032,1.);
#7032 = DIRECTION('',(0.,1.));
#7033 = ( GEOMETRIC_REPRESENTATION_CONTEXT(2) 
PARAMETRIC_REPRESENTATION_CONTEXT() REPRESENTATION_CONTEXT('2D SPACE',''
  ) );
#7034 = PCURVE('',#6995,#7035);
#7035 = DEFINITIONAL_REPRESENTATION('',(#7036),#7040);
#7036 = LINE('',#7037,#7038);
#7037 = CARTESIAN_POINT('',(0.,-0.));
#7038 = VECTOR('',#7039,1.);
#7039 = DIRECTION('',(0.,1.));
#7040 = ( GEOMETRIC_REPRESENTATION_CONTEXT(2) 
PARAMETRIC_REPRESENTATION_CONTEXT() REPRESENTATION_CONTEXT('2D SPACE',''
  ) );
#7041 = ORIENTED_EDGE('',*,*,#7042,.T.);
#7042 = EDGE_CURVE('',#7020,#7020,#7043,.T.);
#7043 = SURFACE_CURVE('',#7044,(#7049,#7056),.PCURVE_S1.);
#7044 = CIRCLE('',#7045,12.);
#7045 = AXIS2_PLACEMENT_3D('',#7046,#7047,#7048);
#7046 = CARTESIAN_POINT('',(0.,-142.,1.12E+03));
#7047 = DIRECTION('',(0.,-1.,2.22044604925E-16));
#7048 = DIRECTION('',(1.,0.,0.));
#7049 = PCURVE('',#6995,#7050);
#7050 = DEFINITIONAL_REPRESENTATION('',(#7051),#7055);
#7051 = LINE('',#7052,#7053);
#7052 = CARTESIAN_POINT('',(0.,0.));
#7053 = VECTOR('',#7054,1.);
#7054 = DIRECTION('',(1.,0.));
#7055 = ( GEOMETRIC_REPRESENTATION_CONTEXT(2) 
PARAMETRIC_REPRESENTATION_CONTEXT() REPRESENTATION_CONTEXT('2D SPACE',''
  ) );
#7056 = PCURVE('',#7057,#7062);
#7057 = PLANE('',#7058);
#7058 = AXIS2_PLACEMENT_3D('',#7059,#7060,#7061);
#7059 = CARTESIAN_POINT('',(0.,-142.,1.12E+03));
#7060 = DIRECTION('',(0.,-1.,2.22044604925E-16));
#7061 = DIRECTION('',(1.,0.,0.));
#7062 = DEFINITIONAL_REPRESENTATION('',(#7063),#7067);
#7063 = CIRCLE('',#7064,12.);
#7064 = AXIS2_PLACEMENT_2D('',#7065,#7066);
#7065 = CARTESIAN_POINT('',(0.,0.));
#7066 = DIRECTION('',(1.,0.));
#7067 = ( GEOMETRIC_REPRESENTATION_CONTEXT(2) 
PARAMETRIC_REPRESENTATION_CONTEXT() REPRESENTATION_CONTEXT('2D SPACE',''
  ) );
#7068 = ORIENTED_EDGE('',*,*,#7019,.T.);
#7069 = ADVANCED_FACE('',(#7070),#7007,.T.);
#7070 = FACE_BOUND('',#7071,.T.);
#7071 = EDGE_LOOP('',(#7072));
#7072 = ORIENTED_EDGE('',*,*,#6985,.T.);
#7073 = ADVANCED_FACE('',(#7074),#7057,.F.);
#7074 = FACE_BOUND('',#7075,.T.);
#7075 = EDGE_LOOP('',(#7076));
#7076 = ORIENTED_EDGE('',*,*,#7042,.F.);
#7077 = MANIFOLD_SOLID_BREP('',#7078);
#7078 = CLOSED_SHELL('',(#7079,#7167,#7171));
#7079 = ADVANCED_FACE('',(#7080),#7093,.T.);
#7080 = FACE_BOUND('',#7081,.T.);
#7081 = EDGE_LOOP('',(#7082,#7116,#7139,#7166));
#7082 = ORIENTED_EDGE('',*,*,#7083,.F.);
#7083 = EDGE_CURVE('',#7084,#7084,#7086,.T.);
#7084 = VERTEX_POINT('',#7085);
#7085 = CARTESIAN_POINT('',(82.,-155.,1.12E+03));
#7086 = SURFACE_CURVE('',#7087,(#7092,#7104),.PCURVE_S1.);
#7087 = CIRCLE('',#7088,12.);
#7088 = AXIS2_PLACEMENT_3D('',#7089,#7090,#7091);
#7089 = CARTESIAN_POINT('',(70.,-155.,1.12E+03));
#7090 = DIRECTION('',(0.,-1.,2.22044604925E-16));
#7091 = DIRECTION('',(1.,0.,0.));
#7092 = PCURVE('',#7093,#7098);
#7093 = CYLINDRICAL_SURFACE('',#7094,12.);
#7094 = AXIS2_PLACEMENT_3D('',#7095,#7096,#7097);
#7095 = CARTESIAN_POINT('',(70.,-142.,1.12E+03));
#7096 = DIRECTION('',(0.,-1.,2.22044604925E-16));
#7097 = DIRECTION('',(1.,0.,0.));
#7098 = DEFINITIONAL_REPRESENTATION('',(#7099),#7103);
#7099 = LINE('',#7100,#7101);
#7100 = CARTESIAN_POINT('',(0.,13.));
#7101 = VECTOR('',#7102,1.);
#7102 = DIRECTION('',(1.,0.));
#7103 = ( GEOMETRIC_REPRESENTATION_CONTEXT(2) 
PARAMETRIC_REPRESENTATION_CONTEXT() REPRESENTATION_CONTEXT('2D SPACE',''
  ) );
#7104 = PCURVE('',#7105,#7110);
#7105 = PLANE('',#7106);
#7106 = AXIS2_PLACEMENT_3D('',#7107,#7108,#7109);
#7107 = CARTESIAN_POINT('',(70.,-155.,1.12E+03));
#7108 = DIRECTION('',(0.,-1.,2.22044604925E-16));
#7109 = DIRECTION('',(1.,0.,0.));
#7110 = DEFINITIONAL_REPRESENTATION('',(#7111),#7115);
#7111 = CIRCLE('',#7112,12.);
#7112 = AXIS2_PLACEMENT_2D('',#7113,#7114);
#7113 = CARTESIAN_POINT('',(0.,0.));
#7114 = DIRECTION('',(1.,0.));
#7115 = ( GEOMETRIC_REPRESENTATION_CONTEXT(2) 
PARAMETRIC_REPRESENTATION_CONTEXT() REPRESENTATION_CONTEXT('2D SPACE',''
  ) );
#7116 = ORIENTED_EDGE('',*,*,#7117,.F.);
#7117 = EDGE_CURVE('',#7118,#7084,#7120,.T.);
#7118 = VERTEX_POINT('',#7119);
#7119 = CARTESIAN_POINT('',(82.,-142.,1.12E+03));
#7120 = SEAM_CURVE('',#7121,(#7125,#7132),.PCURVE_S1.);
#7121 = LINE('',#7122,#7123);
#7122 = CARTESIAN_POINT('',(82.,-142.,1.12E+03));
#7123 = VECTOR('',#7124,1.);
#7124 = DIRECTION('',(0.,-1.,2.22044604925E-16));
#7125 = PCURVE('',#7093,#7126);
#7126 = DEFINITIONAL_REPRESENTATION('',(#7127),#7131);
#7127 = LINE('',#7128,#7129);
#7128 = CARTESIAN_POINT('',(6.28318530718,-0.));
#7129 = VECTOR('',#7130,1.);
#7130 = DIRECTION('',(0.,1.));
#7131 = ( GEOMETRIC_REPRESENTATION_CONTEXT(2) 
PARAMETRIC_REPRESENTATION_CONTEXT() REPRESENTATION_CONTEXT('2D SPACE',''
  ) );
#7132 = PCURVE('',#7093,#7133);
#7133 = DEFINITIONAL_REPRESENTATION('',(#7134),#7138);
#7134 = LINE('',#7135,#7136);
#7135 = CARTESIAN_POINT('',(0.,-0.));
#7136 = VECTOR('',#7137,1.);
#7137 = DIRECTION('',(0.,1.));
#7138 = ( GEOMETRIC_REPRESENTATION_CONTEXT(2) 
PARAMETRIC_REPRESENTATION_CONTEXT() REPRESENTATION_CONTEXT('2D SPACE',''
  ) );
#7139 = ORIENTED_EDGE('',*,*,#7140,.T.);
#7140 = EDGE_CURVE('',#7118,#7118,#7141,.T.);
#7141 = SURFACE_CURVE('',#7142,(#7147,#7154),.PCURVE_S1.);
#7142 = CIRCLE('',#7143,12.);
#7143 = AXIS2_PLACEMENT_3D('',#7144,#7145,#7146);
#7144 = CARTESIAN_POINT('',(70.,-142.,1.12E+03));
#7145 = DIRECTION('',(0.,-1.,2.22044604925E-16));
#7146 = DIRECTION('',(1.,0.,0.));
#7147 = PCURVE('',#7093,#7148);
#7148 = DEFINITIONAL_REPRESENTATION('',(#7149),#7153);
#7149 = LINE('',#7150,#7151);
#7150 = CARTESIAN_POINT('',(0.,0.));
#7151 = VECTOR('',#7152,1.);
#7152 = DIRECTION('',(1.,0.));
#7153 = ( GEOMETRIC_REPRESENTATION_CONTEXT(2) 
PARAMETRIC_REPRESENTATION_CONTEXT() REPRESENTATION_CONTEXT('2D SPACE',''
  ) );
#7154 = PCURVE('',#7155,#7160);
#7155 = PLANE('',#7156);
#7156 = AXIS2_PLACEMENT_3D('',#7157,#7158,#7159);
#7157 = CARTESIAN_POINT('',(70.,-142.,1.12E+03));
#7158 = DIRECTION('',(0.,-1.,2.22044604925E-16));
#7159 = DIRECTION('',(1.,0.,0.));
#7160 = DEFINITIONAL_REPRESENTATION('',(#7161),#7165);
#7161 = CIRCLE('',#7162,12.);
#7162 = AXIS2_PLACEMENT_2D('',#7163,#7164);
#7163 = CARTESIAN_POINT('',(0.,0.));
#7164 = DIRECTION('',(1.,0.));
#7165 = ( GEOMETRIC_REPRESENTATION_CONTEXT(2) 
PARAMETRIC_REPRESENTATION_CONTEXT() REPRESENTATION_CONTEXT('2D SPACE',''
  ) );
#7166 = ORIENTED_EDGE('',*,*,#7117,.T.);
#7167 = ADVANCED_FACE('',(#7168),#7105,.T.);
#7168 = FACE_BOUND('',#7169,.T.);
#7169 = EDGE_LOOP('',(#7170));
#7170 = ORIENTED_EDGE('',*,*,#7083,.T.);
#7171 = ADVANCED_FACE('',(#7172),#7155,.F.);
#7172 = FACE_BOUND('',#7173,.T.);
#7173 = EDGE_LOOP('',(#7174));
#7174 = ORIENTED_EDGE('',*,*,#7140,.F.);
#7175 = ( GEOMETRIC_REPRESENTATION_CONTEXT(3) 
GLOBAL_UNCERTAINTY_ASSIGNED_CONTEXT((#7179)) 
GLOBAL_UNIT_ASSIGNED_CONTEXT((#7176,#7177,#7178)) REPRESENTATION_CONTEXT
('Context #1','3D Context with UNIT and UNCERTAINTY') );
#7176 = ( LENGTH_UNIT() NAMED_UNIT(*) SI_UNIT(.MILLI.,.METRE.) );
#7177 = ( NAMED_UNIT(*) PLANE_ANGLE_UNIT() SI_UNIT($,.RADIAN.) );
#7178 = ( NAMED_UNIT(*) SI_UNIT($,.STERADIAN.) SOLID_ANGLE_UNIT() );
#7179 = UNCERTAINTY_MEASURE_WITH_UNIT(LENGTH_MEASURE(1.E-07),#7176,
  'distance_accuracy_value','confusion accuracy');
#7180 = CONTEXT_DEPENDENT_SHAPE_REPRESENTATION(#7181,#7183);
#7181 = ( REPRESENTATION_RELATIONSHIP('','',#6880,#10) 
REPRESENTATION_RELATIONSHIP_WITH_TRANSFORMATION(#7182) 
SHAPE_REPRESENTATION_RELATIONSHIP() );
#7182 = ITEM_DEFINED_TRANSFORMATION('','',#11,#39);
#7183 = PRODUCT_DEFINITION_SHAPE('Placement','Placement of an item',
  #7184);
#7184 = NEXT_ASSEMBLY_USAGE_OCCURRENCE('7','=>[0:1:1:8]','',#5,#6875,$);
#7185 = PRODUCT_RELATED_PRODUCT_CATEGORY('part',$,(#6877));
#7186 = SHAPE_DEFINITION_REPRESENTATION(#7187,#7193);
#7187 = PRODUCT_DEFINITION_SHAPE('','',#7188);
#7188 = PRODUCT_DEFINITION('design','',#7189,#7192);
#7189 = PRODUCT_DEFINITION_FORMATION('','',#7190);
#7190 = PRODUCT('COMPOUND','COMPOUND','',(#7191));
#7191 = PRODUCT_CONTEXT('',#2,'mechanical');
#7192 = PRODUCT_DEFINITION_CONTEXT('part definition',#2,'design');
#7193 = ADVANCED_BREP_SHAPE_REPRESENTATION('',(#11,#7194),#7524);
#7194 = MANIFOLD_SOLID_BREP('',#7195);
#7195 = CLOSED_SHELL('',(#7196,#7316,#7416,#7463,#7510,#7517));
#7196 = ADVANCED_FACE('',(#7197),#7211,.F.);
#7197 = FACE_BOUND('',#7198,.F.);
#7198 = EDGE_LOOP('',(#7199,#7234,#7262,#7290));
#7199 = ORIENTED_EDGE('',*,*,#7200,.F.);
#7200 = EDGE_CURVE('',#7201,#7203,#7205,.T.);
#7201 = VERTEX_POINT('',#7202);
#7202 = CARTESIAN_POINT('',(-200.,-1.,-50.));
#7203 = VERTEX_POINT('',#7204);
#7204 = CARTESIAN_POINT('',(-200.,-1.,50.));
#7205 = SURFACE_CURVE('',#7206,(#7210,#7222),.PCURVE_S1.);
#7206 = LINE('',#7207,#7208);
#7207 = CARTESIAN_POINT('',(-200.,-1.,-50.));
#7208 = VECTOR('',#7209,1.);
#7209 = DIRECTION('',(0.,0.,1.));
#7210 = PCURVE('',#7211,#7216);
#7211 = PLANE('',#7212);
#7212 = AXIS2_PLACEMENT_3D('',#7213,#7214,#7215);
#7213 = CARTESIAN_POINT('',(-200.,-1.,-50.));
#7214 = DIRECTION('',(1.,0.,-0.));
#7215 = DIRECTION('',(0.,0.,1.));
#7216 = DEFINITIONAL_REPRESENTATION('',(#7217),#7221);
#7217 = LINE('',#7218,#7219);
#7218 = CARTESIAN_POINT('',(0.,0.));
#7219 = VECTOR('',#7220,1.);
#7220 = DIRECTION('',(1.,0.));
#7221 = ( GEOMETRIC_REPRESENTATION_CONTEXT(2) 
PARAMETRIC_REPRESENTATION_CONTEXT() REPRESENTATION_CONTEXT('2D SPACE',''
  ) );
#7222 = PCURVE('',#7223,#7228);
#7223 = PLANE('',#7224);
#7224 = AXIS2_PLACEMENT_3D('',#7225,#7226,#7227);
#7225 = CARTESIAN_POINT('',(-200.,-1.,-50.));
#7226 = DIRECTION('',(-0.,1.,0.));
#7227 = DIRECTION('',(0.,0.,1.));
#7228 = DEFINITIONAL_REPRESENTATION('',(#7229),#7233);
#7229 = LINE('',#7230,#7231);
#7230 = CARTESIAN_POINT('',(0.,0.));
#7231 = VECTOR('',#7232,1.);
#7232 = DIRECTION('',(1.,0.));
#7233 = ( GEOMETRIC_REPRESENTATION_CONTEXT(2) 
PARAMETRIC_REPRESENTATION_CONTEXT() REPRESENTATION_CONTEXT('2D SPACE',''
  ) );
#7234 = ORIENTED_EDGE('',*,*,#7235,.T.);
#7235 = EDGE_CURVE('',#7201,#7236,#7238,.T.);
#7236 = VERTEX_POINT('',#7237);
#7237 = CARTESIAN_POINT('',(-200.,1.,-50.));
#7238 = SURFACE_CURVE('',#7239,(#7243,#7250),.PCURVE_S1.);
#7239 = LINE('',#7240,#7241);
#7240 = CARTESIAN_POINT('',(-200.,-1.,-50.));
#7241 = VECTOR('',#7242,1.);
#7242 = DIRECTION('',(-0.,1.,0.));
#7243 = PCURVE('',#7211,#7244);
#7244 = DEFINITIONAL_REPRESENTATION('',(#7245),#7249);
#7245 = LINE('',#7246,#7247);
#7246 = CARTESIAN_POINT('',(0.,0.));
#7247 = VECTOR('',#7248,1.);
#7248 = DIRECTION('',(0.,-1.));
#7249 = ( GEOMETRIC_REPRESENTATION_CONTEXT(2) 
PARAMETRIC_REPRESENTATION_CONTEXT() REPRESENTATION_CONTEXT('2D SPACE',''
  ) );
#7250 = PCURVE('',#7251,#7256);
#7251 = PLANE('',#7252);
#7252 = AXIS2_PLACEMENT_3D('',#7253,#7254,#7255);
#7253 = CARTESIAN_POINT('',(-200.,-1.,-50.));
#7254 = DIRECTION('',(0.,0.,1.));
#7255 = DIRECTION('',(1.,0.,-0.));
#7256 = DEFINITIONAL_REPRESENTATION('',(#7257),#7261);
#7257 = LINE('',#7258,#7259);
#7258 = CARTESIAN_POINT('',(0.,0.));
#7259 = VECTOR('',#7260,1.);
#7260 = DIRECTION('',(0.,1.));
#7261 = ( GEOMETRIC_REPRESENTATION_CONTEXT(2) 
PARAMETRIC_REPRESENTATION_CONTEXT() REPRESENTATION_CONTEXT('2D SPACE',''
  ) );
#7262 = ORIENTED_EDGE('',*,*,#7263,.T.);
#7263 = EDGE_CURVE('',#7236,#7264,#7266,.T.);
#7264 = VERTEX_POINT('',#7265);
#7265 = CARTESIAN_POINT('',(-200.,1.,50.));
#7266 = SURFACE_CURVE('',#7267,(#7271,#7278),.PCURVE_S1.);
#7267 = LINE('',#7268,#7269);
#7268 = CARTESIAN_POINT('',(-200.,1.,-50.));
#7269 = VECTOR('',#7270,1.);
#7270 = DIRECTION('',(0.,0.,1.));
#7271 = PCURVE('',#7211,#7272);
#7272 = DEFINITIONAL_REPRESENTATION('',(#7273),#7277);
#7273 = LINE('',#7274,#7275);
#7274 = CARTESIAN_POINT('',(0.,-2.));
#7275 = VECTOR('',#7276,1.);
#7276 = DIRECTION('',(1.,0.));
#7277 = ( GEOMETRIC_REPRESENTATION_CONTEXT(2) 
PARAMETRIC_REPRESENTATION_CONTEXT() REPRESENTATION_CONTEXT('2D SPACE',''
  ) );
#7278 = PCURVE('',#7279,#7284);
#7279 = PLANE('',#7280);
#7280 = AXIS2_PLACEMENT_3D('',#7281,#7282,#7283);
#7281 = CARTESIAN_POINT('',(-200.,1.,-50.));
#7282 = DIRECTION('',(-0.,1.,0.));
#7283 = DIRECTION('',(0.,0.,1.));
#7284 = DEFINITIONAL_REPRESENTATION('',(#7285),#7289);
#7285 = LINE('',#7286,#7287);
#7286 = CARTESIAN_POINT('',(0.,0.));
#7287 = VECTOR('',#7288,1.);
#7288 = DIRECTION('',(1.,0.));
#7289 = ( GEOMETRIC_REPRESENTATION_CONTEXT(2) 
PARAMETRIC_REPRESENTATION_CONTEXT() REPRESENTATION_CONTEXT('2D SPACE',''
  ) );
#7290 = ORIENTED_EDGE('',*,*,#7291,.F.);
#7291 = EDGE_CURVE('',#7203,#7264,#7292,.T.);
#7292 = SURFACE_CURVE('',#7293,(#7297,#7304),.PCURVE_S1.);
#7293 = LINE('',#7294,#7295);
#7294 = CARTESIAN_POINT('',(-200.,-1.,50.));
#7295 = VECTOR('',#7296,1.);
#7296 = DIRECTION('',(-0.,1.,0.));
#7297 = PCURVE('',#7211,#7298);
#7298 = DEFINITIONAL_REPRESENTATION('',(#7299),#7303);
#7299 = LINE('',#7300,#7301);
#7300 = CARTESIAN_POINT('',(100.,0.));
#7301 = VECTOR('',#7302,1.);
#7302 = DIRECTION('',(0.,-1.));
#7303 = ( GEOMETRIC_REPRESENTATION_CONTEXT(2) 
PARAMETRIC_REPRESENTATION_CONTEXT() REPRESENTATION_CONTEXT('2D SPACE',''
  ) );
#7304 = PCURVE('',#7305,#7310);
#7305 = PLANE('',#7306);
#7306 = AXIS2_PLACEMENT_3D('',#7307,#7308,#7309);
#7307 = CARTESIAN_POINT('',(-200.,-1.,50.));
#7308 = DIRECTION('',(0.,0.,1.));
#7309 = DIRECTION('',(1.,0.,-0.));
#7310 = DEFINITIONAL_REPRESENTATION('',(#7311),#7315);
#7311 = LINE('',#7312,#7313);
#7312 = CARTESIAN_POINT('',(0.,0.));
#7313 = VECTOR('',#7314,1.);
#7314 = DIRECTION('',(0.,1.));
#7315 = ( GEOMETRIC_REPRESENTATION_CONTEXT(2) 
PARAMETRIC_REPRESENTATION_CONTEXT() REPRESENTATION_CONTEXT('2D SPACE',''
  ) );
#7316 = ADVANCED_FACE('',(#7317),#7331,.T.);
#7317 = FACE_BOUND('',#7318,.T.);
#7318 = EDGE_LOOP('',(#7319,#7349,#7372,#7395));
#7319 = ORIENTED_EDGE('',*,*,#7320,.F.);
#7320 = EDGE_CURVE('',#7321,#7323,#7325,.T.);
#7321 = VERTEX_POINT('',#7322);
#7322 = CARTESIAN_POINT('',(200.,-1.,-50.));
#7323 = VERTEX_POINT('',#7324);
#7324 = CARTESIAN_POINT('',(200.,-1.,50.));
#7325 = SURFACE_CURVE('',#7326,(#7330,#7342),.PCURVE_S1.);
#7326 = LINE('',#7327,#7328);
#7327 = CARTESIAN_POINT('',(200.,-1.,-50.));
#7328 = VECTOR('',#7329,1.);
#7329 = DIRECTION('',(0.,0.,1.));
#7330 = PCURVE('',#7331,#7336);
#7331 = PLANE('',#7332);
#7332 = AXIS2_PLACEMENT_3D('',#7333,#7334,#7335);
#7333 = CARTESIAN_POINT('',(200.,-1.,-50.));
#7334 = DIRECTION('',(1.,0.,-0.));
#7335 = DIRECTION('',(0.,0.,1.));
#7336 = DEFINITIONAL_REPRESENTATION('',(#7337),#7341);
#7337 = LINE('',#7338,#7339);
#7338 = CARTESIAN_POINT('',(0.,0.));
#7339 = VECTOR('',#7340,1.);
#7340 = DIRECTION('',(1.,0.));
#7341 = ( GEOMETRIC_REPRESENTATION_CONTEXT(2) 
PARAMETRIC_REPRESENTATION_CONTEXT() REPRESENTATION_CONTEXT('2D SPACE',''
  ) );
#7342 = PCURVE('',#7223,#7343);
#7343 = DEFINITIONAL_REPRESENTATION('',(#7344),#7348);
#7344 = LINE('',#7345,#7346);
#7345 = CARTESIAN_POINT('',(0.,400.));
#7346 = VECTOR('',#7347,1.);
#7347 = DIRECTION('',(1.,0.));
#7348 = ( GEOMETRIC_REPRESENTATION_CONTEXT(2) 
PARAMETRIC_REPRESENTATION_CONTEXT() REPRESENTATION_CONTEXT('2D SPACE',''
  ) );
#7349 = ORIENTED_EDGE('',*,*,#7350,.T.);
#7350 = EDGE_CURVE('',#7321,#7351,#7353,.T.);
#7351 = VERTEX_POINT('',#7352);
#7352 = CARTESIAN_POINT('',(200.,1.,-50.));
#7353 = SURFACE_CURVE('',#7354,(#7358,#7365),.PCURVE_S1.);
#7354 = LINE('',#7355,#7356);
#7355 = CARTESIAN_POINT('',(200.,-1.,-50.));
#7356 = VECTOR('',#7357,1.);
#7357 = DIRECTION('',(-0.,1.,0.));
#7358 = PCURVE('',#7331,#7359);
#7359 = DEFINITIONAL_REPRESENTATION('',(#7360),#7364);
#7360 = LINE('',#7361,#7362);
#7361 = CARTESIAN_POINT('',(0.,0.));
#7362 = VECTOR('',#7363,1.);
#7363 = DIRECTION('',(0.,-1.));
#7364 = ( GEOMETRIC_REPRESENTATION_CONTEXT(2) 
PARAMETRIC_REPRESENTATION_CONTEXT() REPRESENTATION_CONTEXT('2D SPACE',''
  ) );
#7365 = PCURVE('',#7251,#7366);
#7366 = DEFINITIONAL_REPRESENTATION('',(#7367),#7371);
#7367 = LINE('',#7368,#7369);
#7368 = CARTESIAN_POINT('',(400.,0.));
#7369 = VECTOR('',#7370,1.);
#7370 = DIRECTION('',(0.,1.));
#7371 = ( GEOMETRIC_REPRESENTATION_CONTEXT(2) 
PARAMETRIC_REPRESENTATION_CONTEXT() REPRESENTATION_CONTEXT('2D SPACE',''
  ) );
#7372 = ORIENTED_EDGE('',*,*,#7373,.T.);
#7373 = EDGE_CURVE('',#7351,#7374,#7376,.T.);
#7374 = VERTEX_POINT('',#7375);
#7375 = CARTESIAN_POINT('',(200.,1.,50.));
#7376 = SURFACE_CURVE('',#7377,(#7381,#7388),.PCURVE_S1.);
#7377 = LINE('',#7378,#7379);
#7378 = CARTESIAN_POINT('',(200.,1.,-50.));
#7379 = VECTOR('',#7380,1.);
#7380 = DIRECTION('',(0.,0.,1.));
#7381 = PCURVE('',#7331,#7382);
#7382 = DEFINITIONAL_REPRESENTATION('',(#7383),#7387);
#7383 = LINE('',#7384,#7385);
#7384 = CARTESIAN_POINT('',(0.,-2.));
#7385 = VECTOR('',#7386,1.);
#7386 = DIRECTION('',(1.,0.));
#7387 = ( GEOMETRIC_REPRESENTATION_CONTEXT(2) 
PARAMETRIC_REPRESENTATION_CONTEXT() REPRESENTATION_CONTEXT('2D SPACE',''
  ) );
#7388 = PCURVE('',#7279,#7389);
#7389 = DEFINITIONAL_REPRESENTATION('',(#7390),#7394);
#7390 = LINE('',#7391,#7392);
#7391 = CARTESIAN_POINT('',(0.,400.));
#7392 = VECTOR('',#7393,1.);
#7393 = DIRECTION('',(1.,0.));
#7394 = ( GEOMETRIC_REPRESENTATION_CONTEXT(2) 
PARAMETRIC_REPRESENTATION_CONTEXT() REPRESENTATION_CONTEXT('2D SPACE',''
  ) );
#7395 = ORIENTED_EDGE('',*,*,#7396,.F.);
#7396 = EDGE_CURVE('',#7323,#7374,#7397,.T.);
#7397 = SURFACE_CURVE('',#7398,(#7402,#7409),.PCURVE_S1.);
#7398 = LINE('',#7399,#7400);
#7399 = CARTESIAN_POINT('',(200.,-1.,50.));
#7400 = VECTOR('',#7401,1.);
#7401 = DIRECTION('',(-0.,1.,0.));
#7402 = PCURVE('',#7331,#7403);
#7403 = DEFINITIONAL_REPRESENTATION('',(#7404),#7408);
#7404 = LINE('',#7405,#7406);
#7405 = CARTESIAN_POINT('',(100.,0.));
#7406 = VECTOR('',#7407,1.);
#7407 = DIRECTION('',(0.,-1.));
#7408 = ( GEOMETRIC_REPRESENTATION_CONTEXT(2) 
PARAMETRIC_REPRESENTATION_CONTEXT() REPRESENTATION_CONTEXT('2D SPACE',''
  ) );
#7409 = PCURVE('',#7305,#7410);
#7410 = DEFINITIONAL_REPRESENTATION('',(#7411),#7415);
#7411 = LINE('',#7412,#7413);
#7412 = CARTESIAN_POINT('',(400.,0.));
#7413 = VECTOR('',#7414,1.);
#7414 = DIRECTION('',(0.,1.));
#7415 = ( GEOMETRIC_REPRESENTATION_CONTEXT(2) 
PARAMETRIC_REPRESENTATION_CONTEXT() REPRESENTATION_CONTEXT('2D SPACE',''
  ) );
#7416 = ADVANCED_FACE('',(#7417),#7223,.F.);
#7417 = FACE_BOUND('',#7418,.F.);
#7418 = EDGE_LOOP('',(#7419,#7440,#7441,#7462));
#7419 = ORIENTED_EDGE('',*,*,#7420,.F.);
#7420 = EDGE_CURVE('',#7201,#7321,#7421,.T.);
#7421 = SURFACE_CURVE('',#7422,(#7426,#7433),.PCURVE_S1.);
#7422 = LINE('',#7423,#7424);
#7423 = CARTESIAN_POINT('',(-200.,-1.,-50.));
#7424 = VECTOR('',#7425,1.);
#7425 = DIRECTION('',(1.,0.,-0.));
#7426 = PCURVE('',#7223,#7427);
#7427 = DEFINITIONAL_REPRESENTATION('',(#7428),#7432);
#7428 = LINE('',#7429,#7430);
#7429 = CARTESIAN_POINT('',(0.,0.));
#7430 = VECTOR('',#7431,1.);
#7431 = DIRECTION('',(0.,1.));
#7432 = ( GEOMETRIC_REPRESENTATION_CONTEXT(2) 
PARAMETRIC_REPRESENTATION_CONTEXT() REPRESENTATION_CONTEXT('2D SPACE',''
  ) );
#7433 = PCURVE('',#7251,#7434);
#7434 = DEFINITIONAL_REPRESENTATION('',(#7435),#7439);
#7435 = LINE('',#7436,#7437);
#7436 = CARTESIAN_POINT('',(0.,0.));
#7437 = VECTOR('',#7438,1.);
#7438 = DIRECTION('',(1.,0.));
#7439 = ( GEOMETRIC_REPRESENTATION_CONTEXT(2) 
PARAMETRIC_REPRESENTATION_CONTEXT() REPRESENTATION_CONTEXT('2D SPACE',''
  ) );
#7440 = ORIENTED_EDGE('',*,*,#7200,.T.);
#7441 = ORIENTED_EDGE('',*,*,#7442,.T.);
#7442 = EDGE_CURVE('',#7203,#7323,#7443,.T.);
#7443 = SURFACE_CURVE('',#7444,(#7448,#7455),.PCURVE_S1.);
#7444 = LINE('',#7445,#7446);
#7445 = CARTESIAN_POINT('',(-200.,-1.,50.));
#7446 = VECTOR('',#7447,1.);
#7447 = DIRECTION('',(1.,0.,-0.));
#7448 = PCURVE('',#7223,#7449);
#7449 = DEFINITIONAL_REPRESENTATION('',(#7450),#7454);
#7450 = LINE('',#7451,#7452);
#7451 = CARTESIAN_POINT('',(100.,0.));
#7452 = VECTOR('',#7453,1.);
#7453 = DIRECTION('',(0.,1.));
#7454 = ( GEOMETRIC_REPRESENTATION_CONTEXT(2) 
PARAMETRIC_REPRESENTATION_CONTEXT() REPRESENTATION_CONTEXT('2D SPACE',''
  ) );
#7455 = PCURVE('',#7305,#7456);
#7456 = DEFINITIONAL_REPRESENTATION('',(#7457),#7461);
#7457 = LINE('',#7458,#7459);
#7458 = CARTESIAN_POINT('',(0.,0.));
#7459 = VECTOR('',#7460,1.);
#7460 = DIRECTION('',(1.,0.));
#7461 = ( GEOMETRIC_REPRESENTATION_CONTEXT(2) 
PARAMETRIC_REPRESENTATION_CONTEXT() REPRESENTATION_CONTEXT('2D SPACE',''
  ) );
#7462 = ORIENTED_EDGE('',*,*,#7320,.F.);
#7463 = ADVANCED_FACE('',(#7464),#7279,.T.);
#7464 = FACE_BOUND('',#7465,.T.);
#7465 = EDGE_LOOP('',(#7466,#7487,#7488,#7509));
#7466 = ORIENTED_EDGE('',*,*,#7467,.F.);
#7467 = EDGE_CURVE('',#7236,#7351,#7468,.T.);
#7468 = SURFACE_CURVE('',#7469,(#7473,#7480),.PCURVE_S1.);
#7469 = LINE('',#7470,#7471);
#7470 = CARTESIAN_POINT('',(-200.,1.,-50.));
#7471 = VECTOR('',#7472,1.);
#7472 = DIRECTION('',(1.,0.,-0.));
#7473 = PCURVE('',#7279,#7474);
#7474 = DEFINITIONAL_REPRESENTATION('',(#7475),#7479);
#7475 = LINE('',#7476,#7477);
#7476 = CARTESIAN_POINT('',(0.,0.));
#7477 = VECTOR('',#7478,1.);
#7478 = DIRECTION('',(0.,1.));
#7479 = ( GEOMETRIC_REPRESENTATION_CONTEXT(2) 
PARAMETRIC_REPRESENTATION_CONTEXT() REPRESENTATION_CONTEXT('2D SPACE',''
  ) );
#7480 = PCURVE('',#7251,#7481);
#7481 = DEFINITIONAL_REPRESENTATION('',(#7482),#7486);
#7482 = LINE('',#7483,#7484);
#7483 = CARTESIAN_POINT('',(0.,2.));
#7484 = VECTOR('',#7485,1.);
#7485 = DIRECTION('',(1.,0.));
#7486 = ( GEOMETRIC_REPRESENTATION_CONTEXT(2) 
PARAMETRIC_REPRESENTATION_CONTEXT() REPRESENTATION_CONTEXT('2D SPACE',''
  ) );
#7487 = ORIENTED_EDGE('',*,*,#7263,.T.);
#7488 = ORIENTED_EDGE('',*,*,#7489,.T.);
#7489 = EDGE_CURVE('',#7264,#7374,#7490,.T.);
#7490 = SURFACE_CURVE('',#7491,(#7495,#7502),.PCURVE_S1.);
#7491 = LINE('',#7492,#7493);
#7492 = CARTESIAN_POINT('',(-200.,1.,50.));
#7493 = VECTOR('',#7494,1.);
#7494 = DIRECTION('',(1.,0.,-0.));
#7495 = PCURVE('',#7279,#7496);
#7496 = DEFINITIONAL_REPRESENTATION('',(#7497),#7501);
#7497 = LINE('',#7498,#7499);
#7498 = CARTESIAN_POINT('',(100.,0.));
#7499 = VECTOR('',#7500,1.);
#7500 = DIRECTION('',(0.,1.));
#7501 = ( GEOMETRIC_REPRESENTATION_CONTEXT(2) 
PARAMETRIC_REPRESENTATION_CONTEXT() REPRESENTATION_CONTEXT('2D SPACE',''
  ) );
#7502 = PCURVE('',#7305,#7503);
#7503 = DEFINITIONAL_REPRESENTATION('',(#7504),#7508);
#7504 = LINE('',#7505,#7506);
#7505 = CARTESIAN_POINT('',(0.,2.));
#7506 = VECTOR('',#7507,1.);
#7507 = DIRECTION('',(1.,0.));
#7508 = ( GEOMETRIC_REPRESENTATION_CONTEXT(2) 
PARAMETRIC_REPRESENTATION_CONTEXT() REPRESENTATION_CONTEXT('2D SPACE',''
  ) );
#7509 = ORIENTED_EDGE('',*,*,#7373,.F.);
#7510 = ADVANCED_FACE('',(#7511),#7251,.F.);
#7511 = FACE_BOUND('',#7512,.F.);
#7512 = EDGE_LOOP('',(#7513,#7514,#7515,#7516));
#7513 = ORIENTED_EDGE('',*,*,#7235,.F.);
#7514 = ORIENTED_EDGE('',*,*,#7420,.T.);
#7515 = ORIENTED_EDGE('',*,*,#7350,.T.);
#7516 = ORIENTED_EDGE('',*,*,#7467,.F.);
#7517 = ADVANCED_FACE('',(#7518),#7305,.T.);
#7518 = FACE_BOUND('',#7519,.T.);
#7519 = EDGE_LOOP('',(#7520,#7521,#7522,#7523));
#7520 = ORIENTED_EDGE('',*,*,#7291,.F.);
#7521 = ORIENTED_EDGE('',*,*,#7442,.T.);
#7522 = ORIENTED_EDGE('',*,*,#7396,.T.);
#7523 = ORIENTED_EDGE('',*,*,#7489,.F.);
#7524 = ( GEOMETRIC_REPRESENTATION_CONTEXT(3) 
GLOBAL_UNCERTAINTY_ASSIGNED_CONTEXT((#7528)) 
GLOBAL_UNIT_ASSIGNED_CONTEXT((#7525,#7526,#7527)) REPRESENTATION_CONTEXT
('Context #1','3D Context with UNIT and UNCERTAINTY') );
#7525 = ( LENGTH_UNIT() NAMED_UNIT(*) SI_UNIT(.MILLI.,.METRE.) );
#7526 = ( NAMED_UNIT(*) PLANE_ANGLE_UNIT() SI_UNIT($,.RADIAN.) );
#7527 = ( NAMED_UNIT(*) SI_UNIT($,.STERADIAN.) SOLID_ANGLE_UNIT() );
#7528 = UNCERTAINTY_MEASURE_WITH_UNIT(LENGTH_MEASURE(1.E-07),#7525,
  'distance_accuracy_value','confusion accuracy');
#7529 = CONTEXT_DEPENDENT_SHAPE_REPRESENTATION(#7530,#7532);
#7530 = ( REPRESENTATION_RELATIONSHIP('','',#7193,#10) 
REPRESENTATION_RELATIONSHIP_WITH_TRANSFORMATION(#7531) 
SHAPE_REPRESENTATION_RELATIONSHIP() );
#7531 = ITEM_DEFINED_TRANSFORMATION('','',#11,#43);
#7532 = PRODUCT_DEFINITION_SHAPE('Placement','Placement of an item',
  #7533);
#7533 = NEXT_ASSEMBLY_USAGE_OCCURRENCE('8','=>[0:1:1:9]','',#5,#7188,$);
#7534 = PRODUCT_RELATED_PRODUCT_CATEGORY('part',$,(#7190));
#7535 = SHAPE_DEFINITION_REPRESENTATION(#7536,#7542);
#7536 = PRODUCT_DEFINITION_SHAPE('','',#7537);
#7537 = PRODUCT_DEFINITION('design','',#7538,#7541);
#7538 = PRODUCT_DEFINITION_FORMATION('','',#7539);
#7539 = PRODUCT('COMPOUND','COMPOUND','',(#7540));
#7540 = PRODUCT_CONTEXT('',#2,'mechanical');
#7541 = PRODUCT_DEFINITION_CONTEXT('part definition',#2,'design');
#7542 = SHAPE_REPRESENTATION('',(#11,#7543,#8489),#8819);
#7543 = MANIFOLD_SOLID_BREP('',#7544);
#7544 = CLOSED_SHELL('',(#7545,#7721,#7797,#7924,#8000,#8123,#8197,#8312
    ,#8339,#8366,#8393,#8424,#8451,#8478));
#7545 = ADVANCED_FACE('',(#7546),#7560,.F.);
#7546 = FACE_BOUND('',#7547,.F.);
#7547 = EDGE_LOOP('',(#7548,#7583,#7611,#7639,#7667,#7695));
#7548 = ORIENTED_EDGE('',*,*,#7549,.F.);
#7549 = EDGE_CURVE('',#7550,#7552,#7554,.T.);
#7550 = VERTEX_POINT('',#7551);
#7551 = CARTESIAN_POINT('',(-250.,-290.,1.6E+03));
#7552 = VERTEX_POINT('',#7553);
#7553 = CARTESIAN_POINT('',(-250.,-290.,1.734E+03));
#7554 = SURFACE_CURVE('',#7555,(#7559,#7571),.PCURVE_S1.);
#7555 = LINE('',#7556,#7557);
#7556 = CARTESIAN_POINT('',(-250.,-290.,1.6E+03));
#7557 = VECTOR('',#7558,1.);
#7558 = DIRECTION('',(0.,0.,1.));
#7559 = PCURVE('',#7560,#7565);
#7560 = PLANE('',#7561);
#7561 = AXIS2_PLACEMENT_3D('',#7562,#7563,#7564);
#7562 = CARTESIAN_POINT('',(-250.,-290.,1.72E+03));
#7563 = DIRECTION('',(1.,0.,-0.));
#7564 = DIRECTION('',(0.,0.,1.));
#7565 = DEFINITIONAL_REPRESENTATION('',(#7566),#7570);
#7566 = LINE('',#7567,#7568);
#7567 = CARTESIAN_POINT('',(-120.,0.));
#7568 = VECTOR('',#7569,1.);
#7569 = DIRECTION('',(1.,0.));
#7570 = ( GEOMETRIC_REPRESENTATION_CONTEXT(2) 
PARAMETRIC_REPRESENTATION_CONTEXT() REPRESENTATION_CONTEXT('2D SPACE',''
  ) );
#7571 = PCURVE('',#7572,#7577);
#7572 = PLANE('',#7573);
#7573 = AXIS2_PLACEMENT_3D('',#7574,#7575,#7576);
#7574 = CARTESIAN_POINT('',(-250.,-290.,1.72E+03));
#7575 = DIRECTION('',(-0.,1.,0.));
#7576 = DIRECTION('',(0.,0.,1.));
#7577 = DEFINITIONAL_REPRESENTATION('',(#7578),#7582);
#7578 = LINE('',#7579,#7580);
#7579 = CARTESIAN_POINT('',(-120.,0.));
#7580 = VECTOR('',#7581,1.);
#7581 = DIRECTION('',(1.,0.));
#7582 = ( GEOMETRIC_REPRESENTATION_CONTEXT(2) 
PARAMETRIC_REPRESENTATION_CONTEXT() REPRESENTATION_CONTEXT('2D SPACE',''
  ) );
#7583 = ORIENTED_EDGE('',*,*,#7584,.T.);
#7584 = EDGE_CURVE('',#7550,#7585,#7587,.T.);
#7585 = VERTEX_POINT('',#7586);
#7586 = CARTESIAN_POINT('',(-250.,-200.,1.6E+03));
#7587 = SURFACE_CURVE('',#7588,(#7592,#7599),.PCURVE_S1.);
#7588 = LINE('',#7589,#7590);
#7589 = CARTESIAN_POINT('',(-250.,-290.,1.6E+03));
#7590 = VECTOR('',#7591,1.);
#7591 = DIRECTION('',(-0.,1.,0.));
#7592 = PCURVE('',#7560,#7593);
#7593 = DEFINITIONAL_REPRESENTATION('',(#7594),#7598);
#7594 = LINE('',#7595,#7596);
#7595 = CARTESIAN_POINT('',(-120.,0.));
#7596 = VECTOR('',#7597,1.);
#7597 = DIRECTION('',(0.,-1.));
#7598 = ( GEOMETRIC_REPRESENTATION_CONTEXT(2) 
PARAMETRIC_REPRESENTATION_CONTEXT() REPRESENTATION_CONTEXT('2D SPACE',''
  ) );
#7599 = PCURVE('',#7600,#7605);
#7600 = PLANE('',#7601);
#7601 = AXIS2_PLACEMENT_3D('',#7602,#7603,#7604);
#7602 = CARTESIAN_POINT('',(-250.,-290.,1.6E+03));
#7603 = DIRECTION('',(0.,0.,1.));
#7604 = DIRECTION('',(1.,0.,-0.));
#7605 = DEFINITIONAL_REPRESENTATION('',(#7606),#7610);
#7606 = LINE('',#7607,#7608);
#7607 = CARTESIAN_POINT('',(0.,0.));
#7608 = VECTOR('',#7609,1.);
#7609 = DIRECTION('',(0.,1.));
#7610 = ( GEOMETRIC_REPRESENTATION_CONTEXT(2) 
PARAMETRIC_REPRESENTATION_CONTEXT() REPRESENTATION_CONTEXT('2D SPACE',''
  ) );
#7611 = ORIENTED_EDGE('',*,*,#7612,.T.);
#7612 = EDGE_CURVE('',#7585,#7613,#7615,.T.);
#7613 = VERTEX_POINT('',#7614);
#7614 = CARTESIAN_POINT('',(-250.,-200.,1.72E+03));
#7615 = SURFACE_CURVE('',#7616,(#7620,#7627),.PCURVE_S1.);
#7616 = LINE('',#7617,#7618);
#7617 = CARTESIAN_POINT('',(-250.,-200.,1.6E+03));
#7618 = VECTOR('',#7619,1.);
#7619 = DIRECTION('',(0.,0.,1.));
#7620 = PCURVE('',#7560,#7621);
#7621 = DEFINITIONAL_REPRESENTATION('',(#7622),#7626);
#7622 = LINE('',#7623,#7624);
#7623 = CARTESIAN_POINT('',(-120.,-90.));
#7624 = VECTOR('',#7625,1.);
#7625 = DIRECTION('',(1.,0.));
#7626 = ( GEOMETRIC_REPRESENTATION_CONTEXT(2) 
PARAMETRIC_REPRESENTATION_CONTEXT() REPRESENTATION_CONTEXT('2D SPACE',''
  ) );
#7627 = PCURVE('',#7628,#7633);
#7628 = PLANE('',#7629);
#7629 = AXIS2_PLACEMENT_3D('',#7630,#7631,#7632);
#7630 = CARTESIAN_POINT('',(-250.,-200.,1.6E+03));
#7631 = DIRECTION('',(-0.,1.,0.));
#7632 = DIRECTION('',(0.,0.,1.));
#7633 = DEFINITIONAL_REPRESENTATION('',(#7634),#7638);
#7634 = LINE('',#7635,#7636);
#7635 = CARTESIAN_POINT('',(0.,0.));
#7636 = VECTOR('',#7637,1.);
#7637 = DIRECTION('',(1.,0.));
#7638 = ( GEOMETRIC_REPRESENTATION_CONTEXT(2) 
PARAMETRIC_REPRESENTATION_CONTEXT() REPRESENTATION_CONTEXT('2D SPACE',''
  ) );
#7639 = ORIENTED_EDGE('',*,*,#7640,.T.);
#7640 = EDGE_CURVE('',#7613,#7641,#7643,.T.);
#7641 = VERTEX_POINT('',#7642);
#7642 = CARTESIAN_POINT('',(-250.,-50.,1.72E+03));
#7643 = SURFACE_CURVE('',#7644,(#7648,#7655),.PCURVE_S1.);
#7644 = LINE('',#7645,#7646);
#7645 = CARTESIAN_POINT('',(-250.,-290.,1.72E+03));
#7646 = VECTOR('',#7647,1.);
#7647 = DIRECTION('',(-0.,1.,0.));
#7648 = PCURVE('',#7560,#7649);
#7649 = DEFINITIONAL_REPRESENTATION('',(#7650),#7654);
#7650 = LINE('',#7651,#7652);
#7651 = CARTESIAN_POINT('',(0.,0.));
#7652 = VECTOR('',#7653,1.);
#7653 = DIRECTION('',(0.,-1.));
#7654 = ( GEOMETRIC_REPRESENTATION_CONTEXT(2) 
PARAMETRIC_REPRESENTATION_CONTEXT() REPRESENTATION_CONTEXT('2D SPACE',''
  ) );
#7655 = PCURVE('',#7656,#7661);
#7656 = PLANE('',#7657);
#7657 = AXIS2_PLACEMENT_3D('',#7658,#7659,#7660);
#7658 = CARTESIAN_POINT('',(-250.,-290.,1.72E+03));
#7659 = DIRECTION('',(0.,0.,1.));
#7660 = DIRECTION('',(1.,0.,-0.));
#7661 = DEFINITIONAL_REPRESENTATION('',(#7662),#7666);
#7662 = LINE('',#7663,#7664);
#7663 = CARTESIAN_POINT('',(0.,0.));
#7664 = VECTOR('',#7665,1.);
#7665 = DIRECTION('',(0.,1.));
#7666 = ( GEOMETRIC_REPRESENTATION_CONTEXT(2) 
PARAMETRIC_REPRESENTATION_CONTEXT() REPRESENTATION_CONTEXT('2D SPACE',''
  ) );
#7667 = ORIENTED_EDGE('',*,*,#7668,.T.);
#7668 = EDGE_CURVE('',#7641,#7669,#7671,.T.);
#7669 = VERTEX_POINT('',#7670);
#7670 = CARTESIAN_POINT('',(-250.,-50.,1.734E+03));
#7671 = SURFACE_CURVE('',#7672,(#7676,#7683),.PCURVE_S1.);
#7672 = LINE('',#7673,#7674);
#7673 = CARTESIAN_POINT('',(-250.,-50.,1.72E+03));
#7674 = VECTOR('',#7675,1.);
#7675 = DIRECTION('',(0.,0.,1.));
#7676 = PCURVE('',#7560,#7677);
#7677 = DEFINITIONAL_REPRESENTATION('',(#7678),#7682);
#7678 = LINE('',#7679,#7680);
#7679 = CARTESIAN_POINT('',(0.,-240.));
#7680 = VECTOR('',#7681,1.);
#7681 = DIRECTION('',(1.,0.));
#7682 = ( GEOMETRIC_REPRESENTATION_CONTEXT(2) 
PARAMETRIC_REPRESENTATION_CONTEXT() REPRESENTATION_CONTEXT('2D SPACE',''
  ) );
#7683 = PCURVE('',#7684,#7689);
#7684 = PLANE('',#7685);
#7685 = AXIS2_PLACEMENT_3D('',#7686,#7687,#7688);
#7686 = CARTESIAN_POINT('',(-250.,-50.,1.72E+03));
#7687 = DIRECTION('',(-0.,1.,0.));
#7688 = DIRECTION('',(0.,0.,1.));
#7689 = DEFINITIONAL_REPRESENTATION('',(#7690),#7694);
#7690 = LINE('',#7691,#7692);
#7691 = CARTESIAN_POINT('',(0.,0.));
#7692 = VECTOR('',#7693,1.);
#7693 = DIRECTION('',(1.,0.));
#7694 = ( GEOMETRIC_REPRESENTATION_CONTEXT(2) 
PARAMETRIC_REPRESENTATION_CONTEXT() REPRESENTATION_CONTEXT('2D SPACE',''
  ) );
#7695 = ORIENTED_EDGE('',*,*,#7696,.F.);
#7696 = EDGE_CURVE('',#7552,#7669,#7697,.T.);
#7697 = SURFACE_CURVE('',#7698,(#7702,#7709),.PCURVE_S1.);
#7698 = LINE('',#7699,#7700);
#7699 = CARTESIAN_POINT('',(-250.,-290.,1.734E+03));
#7700 = VECTOR('',#7701,1.);
#7701 = DIRECTION('',(-0.,1.,0.));
#7702 = PCURVE('',#7560,#7703);
#7703 = DEFINITIONAL_REPRESENTATION('',(#7704),#7708);
#7704 = LINE('',#7705,#7706);
#7705 = CARTESIAN_POINT('',(14.,0.));
#7706 = VECTOR('',#7707,1.);
#7707 = DIRECTION('',(0.,-1.));
#7708 = ( GEOMETRIC_REPRESENTATION_CONTEXT(2) 
PARAMETRIC_REPRESENTATION_CONTEXT() REPRESENTATION_CONTEXT('2D SPACE',''
  ) );
#7709 = PCURVE('',#7710,#7715);
#7710 = PLANE('',#7711);
#7711 = AXIS2_PLACEMENT_3D('',#7712,#7713,#7714);
#7712 = CARTESIAN_POINT('',(-250.,-290.,1.734E+03));
#7713 = DIRECTION('',(0.,0.,1.));
#7714 = DIRECTION('',(1.,0.,-0.));
#7715 = DEFINITIONAL_REPRESENTATION('',(#7716),#7720);
#7716 = LINE('',#7717,#7718);
#7717 = CARTESIAN_POINT('',(0.,0.));
#7718 = VECTOR('',#7719,1.);
#7719 = DIRECTION('',(0.,1.));
#7720 = ( GEOMETRIC_REPRESENTATION_CONTEXT(2) 
PARAMETRIC_REPRESENTATION_CONTEXT() REPRESENTATION_CONTEXT('2D SPACE',''
  ) );
#7721 = ADVANCED_FACE('',(#7722),#7710,.T.);
#7722 = FACE_BOUND('',#7723,.T.);
#7723 = EDGE_LOOP('',(#7724,#7725,#7748,#7776));
#7724 = ORIENTED_EDGE('',*,*,#7696,.F.);
#7725 = ORIENTED_EDGE('',*,*,#7726,.T.);
#7726 = EDGE_CURVE('',#7552,#7727,#7729,.T.);
#7727 = VERTEX_POINT('',#7728);
#7728 = CARTESIAN_POINT('',(250.,-290.,1.734E+03));
#7729 = SURFACE_CURVE('',#7730,(#7734,#7741),.PCURVE_S1.);
#7730 = LINE('',#7731,#7732);
#7731 = CARTESIAN_POINT('',(-250.,-290.,1.734E+03));
#7732 = VECTOR('',#7733,1.);
#7733 = DIRECTION('',(1.,0.,-0.));
#7734 = PCURVE('',#7710,#7735);
#7735 = DEFINITIONAL_REPRESENTATION('',(#7736),#7740);
#7736 = LINE('',#7737,#7738);
#7737 = CARTESIAN_POINT('',(0.,0.));
#7738 = VECTOR('',#7739,1.);
#7739 = DIRECTION('',(1.,0.));
#7740 = ( GEOMETRIC_REPRESENTATION_CONTEXT(2) 
PARAMETRIC_REPRESENTATION_CONTEXT() REPRESENTATION_CONTEXT('2D SPACE',''
  ) );
#7741 = PCURVE('',#7572,#7742);
#7742 = DEFINITIONAL_REPRESENTATION('',(#7743),#7747);
#7743 = LINE('',#7744,#7745);
#7744 = CARTESIAN_POINT('',(14.,0.));
#7745 = VECTOR('',#7746,1.);
#7746 = DIRECTION('',(0.,1.));
#7747 = ( GEOMETRIC_REPRESENTATION_CONTEXT(2) 
PARAMETRIC_REPRESENTATION_CONTEXT() REPRESENTATION_CONTEXT('2D SPACE',''
  ) );
#7748 = ORIENTED_EDGE('',*,*,#7749,.T.);
#7749 = EDGE_CURVE('',#7727,#7750,#7752,.T.);
#7750 = VERTEX_POINT('',#7751);
#7751 = CARTESIAN_POINT('',(250.,-50.,1.734E+03));
#7752 = SURFACE_CURVE('',#7753,(#7757,#7764),.PCURVE_S1.);
#7753 = LINE('',#7754,#7755);
#7754 = CARTESIAN_POINT('',(250.,-290.,1.734E+03));
#7755 = VECTOR('',#7756,1.);
#7756 = DIRECTION('',(-0.,1.,0.));
#7757 = PCURVE('',#7710,#7758);
#7758 = DEFINITIONAL_REPRESENTATION('',(#7759),#7763);
#7759 = LINE('',#7760,#7761);
#7760 = CARTESIAN_POINT('',(500.,0.));
#7761 = VECTOR('',#7762,1.);
#7762 = DIRECTION('',(0.,1.));
#7763 = ( GEOMETRIC_REPRESENTATION_CONTEXT(2) 
PARAMETRIC_REPRESENTATION_CONTEXT() REPRESENTATION_CONTEXT('2D SPACE',''
  ) );
#7764 = PCURVE('',#7765,#7770);
#7765 = PLANE('',#7766);
#7766 = AXIS2_PLACEMENT_3D('',#7767,#7768,#7769);
#7767 = CARTESIAN_POINT('',(250.,-290.,1.72E+03));
#7768 = DIRECTION('',(1.,0.,-0.));
#7769 = DIRECTION('',(0.,0.,1.));
#7770 = DEFINITIONAL_REPRESENTATION('',(#7771),#7775);
#7771 = LINE('',#7772,#7773);
#7772 = CARTESIAN_POINT('',(14.,0.));
#7773 = VECTOR('',#7774,1.);
#7774 = DIRECTION('',(0.,-1.));
#7775 = ( GEOMETRIC_REPRESENTATION_CONTEXT(2) 
PARAMETRIC_REPRESENTATION_CONTEXT() REPRESENTATION_CONTEXT('2D SPACE',''
  ) );
#7776 = ORIENTED_EDGE('',*,*,#7777,.F.);
#7777 = EDGE_CURVE('',#7669,#7750,#7778,.T.);
#7778 = SURFACE_CURVE('',#7779,(#7783,#7790),.PCURVE_S1.);
#7779 = LINE('',#7780,#7781);
#7780 = CARTESIAN_POINT('',(-250.,-50.,1.734E+03));
#7781 = VECTOR('',#7782,1.);
#7782 = DIRECTION('',(1.,0.,-0.));
#7783 = PCURVE('',#7710,#7784);
#7784 = DEFINITIONAL_REPRESENTATION('',(#7785),#7789);
#7785 = LINE('',#7786,#7787);
#7786 = CARTESIAN_POINT('',(0.,240.));
#7787 = VECTOR('',#7788,1.);
#7788 = DIRECTION('',(1.,0.));
#7789 = ( GEOMETRIC_REPRESENTATION_CONTEXT(2) 
PARAMETRIC_REPRESENTATION_CONTEXT() REPRESENTATION_CONTEXT('2D SPACE',''
  ) );
#7790 = PCURVE('',#7684,#7791);
#7791 = DEFINITIONAL_REPRESENTATION('',(#7792),#7796);
#7792 = LINE('',#7793,#7794);
#7793 = CARTESIAN_POINT('',(14.,0.));
#7794 = VECTOR('',#7795,1.);
#7795 = DIRECTION('',(0.,1.));
#7796 = ( GEOMETRIC_REPRESENTATION_CONTEXT(2) 
PARAMETRIC_REPRESENTATION_CONTEXT() REPRESENTATION_CONTEXT('2D SPACE',''
  ) );
#7797 = ADVANCED_FACE('',(#7798),#7765,.T.);
#7798 = FACE_BOUND('',#7799,.T.);
#7799 = EDGE_LOOP('',(#7800,#7823,#7851,#7879,#7902,#7923));
#7800 = ORIENTED_EDGE('',*,*,#7801,.F.);
#7801 = EDGE_CURVE('',#7802,#7727,#7804,.T.);
#7802 = VERTEX_POINT('',#7803);
#7803 = CARTESIAN_POINT('',(250.,-290.,1.6E+03));
#7804 = SURFACE_CURVE('',#7805,(#7809,#7816),.PCURVE_S1.);
#7805 = LINE('',#7806,#7807);
#7806 = CARTESIAN_POINT('',(250.,-290.,1.6E+03));
#7807 = VECTOR('',#7808,1.);
#7808 = DIRECTION('',(0.,0.,1.));
#7809 = PCURVE('',#7765,#7810);
#7810 = DEFINITIONAL_REPRESENTATION('',(#7811),#7815);
#7811 = LINE('',#7812,#7813);
#7812 = CARTESIAN_POINT('',(-120.,0.));
#7813 = VECTOR('',#7814,1.);
#7814 = DIRECTION('',(1.,0.));
#7815 = ( GEOMETRIC_REPRESENTATION_CONTEXT(2) 
PARAMETRIC_REPRESENTATION_CONTEXT() REPRESENTATION_CONTEXT('2D SPACE',''
  ) );
#7816 = PCURVE('',#7572,#7817);
#7817 = DEFINITIONAL_REPRESENTATION('',(#7818),#7822);
#7818 = LINE('',#7819,#7820);
#7819 = CARTESIAN_POINT('',(-120.,500.));
#7820 = VECTOR('',#7821,1.);
#7821 = DIRECTION('',(1.,0.));
#7822 = ( GEOMETRIC_REPRESENTATION_CONTEXT(2) 
PARAMETRIC_REPRESENTATION_CONTEXT() REPRESENTATION_CONTEXT('2D SPACE',''
  ) );
#7823 = ORIENTED_EDGE('',*,*,#7824,.T.);
#7824 = EDGE_CURVE('',#7802,#7825,#7827,.T.);
#7825 = VERTEX_POINT('',#7826);
#7826 = CARTESIAN_POINT('',(250.,-200.,1.6E+03));
#7827 = SURFACE_CURVE('',#7828,(#7832,#7839),.PCURVE_S1.);
#7828 = LINE('',#7829,#7830);
#7829 = CARTESIAN_POINT('',(250.,-290.,1.6E+03));
#7830 = VECTOR('',#7831,1.);
#7831 = DIRECTION('',(-0.,1.,0.));
#7832 = PCURVE('',#7765,#7833);
#7833 = DEFINITIONAL_REPRESENTATION('',(#7834),#7838);
#7834 = LINE('',#7835,#7836);
#7835 = CARTESIAN_POINT('',(-120.,0.));
#7836 = VECTOR('',#7837,1.);
#7837 = DIRECTION('',(0.,-1.));
#7838 = ( GEOMETRIC_REPRESENTATION_CONTEXT(2) 
PARAMETRIC_REPRESENTATION_CONTEXT() REPRESENTATION_CONTEXT('2D SPACE',''
  ) );
#7839 = PCURVE('',#7840,#7845);
#7840 = PLANE('',#7841);
#7841 = AXIS2_PLACEMENT_3D('',#7842,#7843,#7844);
#7842 = CARTESIAN_POINT('',(238.,-290.,1.6E+03));
#7843 = DIRECTION('',(0.,0.,1.));
#7844 = DIRECTION('',(1.,0.,-0.));
#7845 = DEFINITIONAL_REPRESENTATION('',(#7846),#7850);
#7846 = LINE('',#7847,#7848);
#7847 = CARTESIAN_POINT('',(12.,0.));
#7848 = VECTOR('',#7849,1.);
#7849 = DIRECTION('',(0.,1.));
#7850 = ( GEOMETRIC_REPRESENTATION_CONTEXT(2) 
PARAMETRIC_REPRESENTATION_CONTEXT() REPRESENTATION_CONTEXT('2D SPACE',''
  ) );
#7851 = ORIENTED_EDGE('',*,*,#7852,.T.);
#7852 = EDGE_CURVE('',#7825,#7853,#7855,.T.);
#7853 = VERTEX_POINT('',#7854);
#7854 = CARTESIAN_POINT('',(250.,-200.,1.72E+03));
#7855 = SURFACE_CURVE('',#7856,(#7860,#7867),.PCURVE_S1.);
#7856 = LINE('',#7857,#7858);
#7857 = CARTESIAN_POINT('',(250.,-200.,1.6E+03));
#7858 = VECTOR('',#7859,1.);
#7859 = DIRECTION('',(0.,0.,1.));
#7860 = PCURVE('',#7765,#7861);
#7861 = DEFINITIONAL_REPRESENTATION('',(#7862),#7866);
#7862 = LINE('',#7863,#7864);
#7863 = CARTESIAN_POINT('',(-120.,-90.));
#7864 = VECTOR('',#7865,1.);
#7865 = DIRECTION('',(1.,0.));
#7866 = ( GEOMETRIC_REPRESENTATION_CONTEXT(2) 
PARAMETRIC_REPRESENTATION_CONTEXT() REPRESENTATION_CONTEXT('2D SPACE',''
  ) );
#7867 = PCURVE('',#7868,#7873);
#7868 = PLANE('',#7869);
#7869 = AXIS2_PLACEMENT_3D('',#7870,#7871,#7872);
#7870 = CARTESIAN_POINT('',(238.,-200.,1.6E+03));
#7871 = DIRECTION('',(-0.,1.,0.));
#7872 = DIRECTION('',(0.,0.,1.));
#7873 = DEFINITIONAL_REPRESENTATION('',(#7874),#7878);
#7874 = LINE('',#7875,#7876);
#7875 = CARTESIAN_POINT('',(0.,12.));
#7876 = VECTOR('',#7877,1.);
#7877 = DIRECTION('',(1.,0.));
#7878 = ( GEOMETRIC_REPRESENTATION_CONTEXT(2) 
PARAMETRIC_REPRESENTATION_CONTEXT() REPRESENTATION_CONTEXT('2D SPACE',''
  ) );
#7879 = ORIENTED_EDGE('',*,*,#7880,.T.);
#7880 = EDGE_CURVE('',#7853,#7881,#7883,.T.);
#7881 = VERTEX_POINT('',#7882);
#7882 = CARTESIAN_POINT('',(250.,-50.,1.72E+03));
#7883 = SURFACE_CURVE('',#7884,(#7888,#7895),.PCURVE_S1.);
#7884 = LINE('',#7885,#7886);
#7885 = CARTESIAN_POINT('',(250.,-290.,1.72E+03));
#7886 = VECTOR('',#7887,1.);
#7887 = DIRECTION('',(-0.,1.,0.));
#7888 = PCURVE('',#7765,#7889);
#7889 = DEFINITIONAL_REPRESENTATION('',(#7890),#7894);
#7890 = LINE('',#7891,#7892);
#7891 = CARTESIAN_POINT('',(0.,0.));
#7892 = VECTOR('',#7893,1.);
#7893 = DIRECTION('',(0.,-1.));
#7894 = ( GEOMETRIC_REPRESENTATION_CONTEXT(2) 
PARAMETRIC_REPRESENTATION_CONTEXT() REPRESENTATION_CONTEXT('2D SPACE',''
  ) );
#7895 = PCURVE('',#7656,#7896);
#7896 = DEFINITIONAL_REPRESENTATION('',(#7897),#7901);
#7897 = LINE('',#7898,#7899);
#7898 = CARTESIAN_POINT('',(500.,0.));
#7899 = VECTOR('',#7900,1.);
#7900 = DIRECTION('',(0.,1.));
#7901 = ( GEOMETRIC_REPRESENTATION_CONTEXT(2) 
PARAMETRIC_REPRESENTATION_CONTEXT() REPRESENTATION_CONTEXT('2D SPACE',''
  ) );
#7902 = ORIENTED_EDGE('',*,*,#7903,.T.);
#7903 = EDGE_CURVE('',#7881,#7750,#7904,.T.);
#7904 = SURFACE_CURVE('',#7905,(#7909,#7916),.PCURVE_S1.);
#7905 = LINE('',#7906,#7907);
#7906 = CARTESIAN_POINT('',(250.,-50.,1.72E+03));
#7907 = VECTOR('',#7908,1.);
#7908 = DIRECTION('',(0.,0.,1.));
#7909 = PCURVE('',#7765,#7910);
#7910 = DEFINITIONAL_REPRESENTATION('',(#7911),#7915);
#7911 = LINE('',#7912,#7913);
#7912 = CARTESIAN_POINT('',(0.,-240.));
#7913 = VECTOR('',#7914,1.);
#7914 = DIRECTION('',(1.,0.));
#7915 = ( GEOMETRIC_REPRESENTATION_CONTEXT(2) 
PARAMETRIC_REPRESENTATION_CONTEXT() REPRESENTATION_CONTEXT('2D SPACE',''
  ) );
#7916 = PCURVE('',#7684,#7917);
#7917 = DEFINITIONAL_REPRESENTATION('',(#7918),#7922);
#7918 = LINE('',#7919,#7920);
#7919 = CARTESIAN_POINT('',(0.,500.));
#7920 = VECTOR('',#7921,1.);
#7921 = DIRECTION('',(1.,0.));
#7922 = ( GEOMETRIC_REPRESENTATION_CONTEXT(2) 
PARAMETRIC_REPRESENTATION_CONTEXT() REPRESENTATION_CONTEXT('2D SPACE',''
  ) );
#7923 = ORIENTED_EDGE('',*,*,#7749,.F.);
#7924 = ADVANCED_FACE('',(#7925),#7868,.T.);
#7925 = FACE_BOUND('',#7926,.T.);
#7926 = EDGE_LOOP('',(#7927,#7950,#7978,#7999));
#7927 = ORIENTED_EDGE('',*,*,#7928,.F.);
#7928 = EDGE_CURVE('',#7929,#7825,#7931,.T.);
#7929 = VERTEX_POINT('',#7930);
#7930 = CARTESIAN_POINT('',(238.,-200.,1.6E+03));
#7931 = SURFACE_CURVE('',#7932,(#7936,#7943),.PCURVE_S1.);
#7932 = LINE('',#7933,#7934);
#7933 = CARTESIAN_POINT('',(238.,-200.,1.6E+03));
#7934 = VECTOR('',#7935,1.);
#7935 = DIRECTION('',(1.,0.,-0.));
#7936 = PCURVE('',#7868,#7937);
#7937 = DEFINITIONAL_REPRESENTATION('',(#7938),#7942);
#7938 = LINE('',#7939,#7940);
#7939 = CARTESIAN_POINT('',(0.,0.));
#7940 = VECTOR('',#7941,1.);
#7941 = DIRECTION('',(0.,1.));
#7942 = ( GEOMETRIC_REPRESENTATION_CONTEXT(2) 
PARAMETRIC_REPRESENTATION_CONTEXT() REPRESENTATION_CONTEXT('2D SPACE',''
  ) );
#7943 = PCURVE('',#7840,#7944);
#7944 = DEFINITIONAL_REPRESENTATION('',(#7945),#7949);
#7945 = LINE('',#7946,#7947);
#7946 = CARTESIAN_POINT('',(0.,90.));
#7947 = VECTOR('',#7948,1.);
#7948 = DIRECTION('',(1.,0.));
#7949 = ( GEOMETRIC_REPRESENTATION_CONTEXT(2) 
PARAMETRIC_REPRESENTATION_CONTEXT() REPRESENTATION_CONTEXT('2D SPACE',''
  ) );
#7950 = ORIENTED_EDGE('',*,*,#7951,.T.);
#7951 = EDGE_CURVE('',#7929,#7952,#7954,.T.);
#7952 = VERTEX_POINT('',#7953);
#7953 = CARTESIAN_POINT('',(238.,-200.,1.72E+03));
#7954 = SURFACE_CURVE('',#7955,(#7959,#7966),.PCURVE_S1.);
#7955 = LINE('',#7956,#7957);
#7956 = CARTESIAN_POINT('',(238.,-200.,1.6E+03));
#7957 = VECTOR('',#7958,1.);
#7958 = DIRECTION('',(0.,0.,1.));
#7959 = PCURVE('',#7868,#7960);
#7960 = DEFINITIONAL_REPRESENTATION('',(#7961),#7965);
#7961 = LINE('',#7962,#7963);
#7962 = CARTESIAN_POINT('',(0.,0.));
#7963 = VECTOR('',#7964,1.);
#7964 = DIRECTION('',(1.,0.));
#7965 = ( GEOMETRIC_REPRESENTATION_CONTEXT(2) 
PARAMETRIC_REPRESENTATION_CONTEXT() REPRESENTATION_CONTEXT('2D SPACE',''
  ) );
#7966 = PCURVE('',#7967,#7972);
#7967 = PLANE('',#7968);
#7968 = AXIS2_PLACEMENT_3D('',#7969,#7970,#7971);
#7969 = CARTESIAN_POINT('',(238.,-290.,1.6E+03));
#7970 = DIRECTION('',(1.,0.,-0.));
#7971 = DIRECTION('',(0.,0.,1.));
#7972 = DEFINITIONAL_REPRESENTATION('',(#7973),#7977);
#7973 = LINE('',#7974,#7975);
#7974 = CARTESIAN_POINT('',(0.,-90.));
#7975 = VECTOR('',#7976,1.);
#7976 = DIRECTION('',(1.,0.));
#7977 = ( GEOMETRIC_REPRESENTATION_CONTEXT(2) 
PARAMETRIC_REPRESENTATION_CONTEXT() REPRESENTATION_CONTEXT('2D SPACE',''
  ) );
#7978 = ORIENTED_EDGE('',*,*,#7979,.T.);
#7979 = EDGE_CURVE('',#7952,#7853,#7980,.T.);
#7980 = SURFACE_CURVE('',#7981,(#7985,#7992),.PCURVE_S1.);
#7981 = LINE('',#7982,#7983);
#7982 = CARTESIAN_POINT('',(238.,-200.,1.72E+03));
#7983 = VECTOR('',#7984,1.);
#7984 = DIRECTION('',(1.,0.,-0.));
#7985 = PCURVE('',#7868,#7986);
#7986 = DEFINITIONAL_REPRESENTATION('',(#7987),#7991);
#7987 = LINE('',#7988,#7989);
#7988 = CARTESIAN_POINT('',(120.,0.));
#7989 = VECTOR('',#7990,1.);
#7990 = DIRECTION('',(0.,1.));
#7991 = ( GEOMETRIC_REPRESENTATION_CONTEXT(2) 
PARAMETRIC_REPRESENTATION_CONTEXT() REPRESENTATION_CONTEXT('2D SPACE',''
  ) );
#7992 = PCURVE('',#7656,#7993);
#7993 = DEFINITIONAL_REPRESENTATION('',(#7994),#7998);
#7994 = LINE('',#7995,#7996);
#7995 = CARTESIAN_POINT('',(488.,90.));
#7996 = VECTOR('',#7997,1.);
#7997 = DIRECTION('',(1.,0.));
#7998 = ( GEOMETRIC_REPRESENTATION_CONTEXT(2) 
PARAMETRIC_REPRESENTATION_CONTEXT() REPRESENTATION_CONTEXT('2D SPACE',''
  ) );
#7999 = ORIENTED_EDGE('',*,*,#7852,.F.);
#8000 = ADVANCED_FACE('',(#8001),#7967,.F.);
#8001 = FACE_BOUND('',#8002,.F.);
#8002 = EDGE_LOOP('',(#8003,#8028,#8049,#8050,#8073,#8099));
#8003 = ORIENTED_EDGE('',*,*,#8004,.F.);
#8004 = EDGE_CURVE('',#8005,#8007,#8009,.T.);
#8005 = VERTEX_POINT('',#8006);
#8006 = CARTESIAN_POINT('',(238.,-290.,1.6E+03));
#8007 = VERTEX_POINT('',#8008);
#8008 = CARTESIAN_POINT('',(238.,-290.,1.66E+03));
#8009 = SURFACE_CURVE('',#8010,(#8014,#8021),.PCURVE_S1.);
#8010 = LINE('',#8011,#8012);
#8011 = CARTESIAN_POINT('',(238.,-290.,1.6E+03));
#8012 = VECTOR('',#8013,1.);
#8013 = DIRECTION('',(0.,0.,1.));
#8014 = PCURVE('',#7967,#8015);
#8015 = DEFINITIONAL_REPRESENTATION('',(#8016),#8020);
#8016 = LINE('',#8017,#8018);
#8017 = CARTESIAN_POINT('',(0.,0.));
#8018 = VECTOR('',#8019,1.);
#8019 = DIRECTION('',(1.,0.));
#8020 = ( GEOMETRIC_REPRESENTATION_CONTEXT(2) 
PARAMETRIC_REPRESENTATION_CONTEXT() REPRESENTATION_CONTEXT('2D SPACE',''
  ) );
#8021 = PCURVE('',#7572,#8022);
#8022 = DEFINITIONAL_REPRESENTATION('',(#8023),#8027);
#8023 = LINE('',#8024,#8025);
#8024 = CARTESIAN_POINT('',(-120.,488.));
#8025 = VECTOR('',#8026,1.);
#8026 = DIRECTION('',(1.,0.));
#8027 = ( GEOMETRIC_REPRESENTATION_CONTEXT(2) 
PARAMETRIC_REPRESENTATION_CONTEXT() REPRESENTATION_CONTEXT('2D SPACE',''
  ) );
#8028 = ORIENTED_EDGE('',*,*,#8029,.T.);
#8029 = EDGE_CURVE('',#8005,#7929,#8030,.T.);
#8030 = SURFACE_CURVE('',#8031,(#8035,#8042),.PCURVE_S1.);
#8031 = LINE('',#8032,#8033);
#8032 = CARTESIAN_POINT('',(238.,-290.,1.6E+03));
#8033 = VECTOR('',#8034,1.);
#8034 = DIRECTION('',(-0.,1.,0.));
#8035 = PCURVE('',#7967,#8036);
#8036 = DEFINITIONAL_REPRESENTATION('',(#8037),#8041);
#8037 = LINE('',#8038,#8039);
#8038 = CARTESIAN_POINT('',(0.,0.));
#8039 = VECTOR('',#8040,1.);
#8040 = DIRECTION('',(0.,-1.));
#8041 = ( GEOMETRIC_REPRESENTATION_CONTEXT(2) 
PARAMETRIC_REPRESENTATION_CONTEXT() REPRESENTATION_CONTEXT('2D SPACE',''
  ) );
#8042 = PCURVE('',#7840,#8043);
#8043 = DEFINITIONAL_REPRESENTATION('',(#8044),#8048);
#8044 = LINE('',#8045,#8046);
#8045 = CARTESIAN_POINT('',(0.,0.));
#8046 = VECTOR('',#8047,1.);
#8047 = DIRECTION('',(0.,1.));
#8048 = ( GEOMETRIC_REPRESENTATION_CONTEXT(2) 
PARAMETRIC_REPRESENTATION_CONTEXT() REPRESENTATION_CONTEXT('2D SPACE',''
  ) );
#8049 = ORIENTED_EDGE('',*,*,#7951,.T.);
#8050 = ORIENTED_EDGE('',*,*,#8051,.F.);
#8051 = EDGE_CURVE('',#8052,#7952,#8054,.T.);
#8052 = VERTEX_POINT('',#8053);
#8053 = CARTESIAN_POINT('',(238.,-278.,1.72E+03));
#8054 = SURFACE_CURVE('',#8055,(#8059,#8066),.PCURVE_S1.);
#8055 = LINE('',#8056,#8057);
#8056 = CARTESIAN_POINT('',(238.,-290.,1.72E+03));
#8057 = VECTOR('',#8058,1.);
#8058 = DIRECTION('',(-0.,1.,0.));
#8059 = PCURVE('',#7967,#8060);
#8060 = DEFINITIONAL_REPRESENTATION('',(#8061),#8065);
#8061 = LINE('',#8062,#8063);
#8062 = CARTESIAN_POINT('',(120.,0.));
#8063 = VECTOR('',#8064,1.);
#8064 = DIRECTION('',(0.,-1.));
#8065 = ( GEOMETRIC_REPRESENTATION_CONTEXT(2) 
PARAMETRIC_REPRESENTATION_CONTEXT() REPRESENTATION_CONTEXT('2D SPACE',''
  ) );
#8066 = PCURVE('',#7656,#8067);
#8067 = DEFINITIONAL_REPRESENTATION('',(#8068),#8072);
#8068 = LINE('',#8069,#8070);
#8069 = CARTESIAN_POINT('',(488.,0.));
#8070 = VECTOR('',#8071,1.);
#8071 = DIRECTION('',(0.,1.));
#8072 = ( GEOMETRIC_REPRESENTATION_CONTEXT(2) 
PARAMETRIC_REPRESENTATION_CONTEXT() REPRESENTATION_CONTEXT('2D SPACE',''
  ) );
#8073 = ORIENTED_EDGE('',*,*,#8074,.T.);
#8074 = EDGE_CURVE('',#8052,#8075,#8077,.T.);
#8075 = VERTEX_POINT('',#8076);
#8076 = CARTESIAN_POINT('',(238.,-278.,1.66E+03));
#8077 = SURFACE_CURVE('',#8078,(#8082,#8088),.PCURVE_S1.);
#8078 = LINE('',#8079,#8080);
#8079 = CARTESIAN_POINT('',(238.,-278.,1.63E+03));
#8080 = VECTOR('',#8081,1.);
#8081 = DIRECTION('',(-0.,0.,-1.));
#8082 = PCURVE('',#7967,#8083);
#8083 = DEFINITIONAL_REPRESENTATION('',(#8084),#8087);
#8084 = B_SPLINE_CURVE_WITH_KNOTS('',1,(#8085,#8086),.UNSPECIFIED.,.F.,
  .F.,(2,2),(-90.,-30.),.PIECEWISE_BEZIER_KNOTS.);
#8085 = CARTESIAN_POINT('',(120.,-12.));
#8086 = CARTESIAN_POINT('',(60.,-12.));
#8087 = ( GEOMETRIC_REPRESENTATION_CONTEXT(2) 
PARAMETRIC_REPRESENTATION_CONTEXT() REPRESENTATION_CONTEXT('2D SPACE',''
  ) );
#8088 = PCURVE('',#8089,#8094);
#8089 = PLANE('',#8090);
#8090 = AXIS2_PLACEMENT_3D('',#8091,#8092,#8093);
#8091 = CARTESIAN_POINT('',(-250.,-278.,1.66E+03));
#8092 = DIRECTION('',(-0.,1.,0.));
#8093 = DIRECTION('',(0.,0.,1.));
#8094 = DEFINITIONAL_REPRESENTATION('',(#8095),#8098);
#8095 = B_SPLINE_CURVE_WITH_KNOTS('',1,(#8096,#8097),.UNSPECIFIED.,.F.,
  .F.,(2,2),(-90.,-30.),.PIECEWISE_BEZIER_KNOTS.);
#8096 = CARTESIAN_POINT('',(60.,488.));
#8097 = CARTESIAN_POINT('',(0.,488.));
#8098 = ( GEOMETRIC_REPRESENTATION_CONTEXT(2) 
PARAMETRIC_REPRESENTATION_CONTEXT() REPRESENTATION_CONTEXT('2D SPACE',''
  ) );
#8099 = ORIENTED_EDGE('',*,*,#8100,.F.);
#8100 = EDGE_CURVE('',#8007,#8075,#8101,.T.);
#8101 = SURFACE_CURVE('',#8102,(#8106,#8112),.PCURVE_S1.);
#8102 = LINE('',#8103,#8104);
#8103 = CARTESIAN_POINT('',(238.,-290.,1.66E+03));
#8104 = VECTOR('',#8105,1.);
#8105 = DIRECTION('',(-0.,1.,0.));
#8106 = PCURVE('',#7967,#8107);
#8107 = DEFINITIONAL_REPRESENTATION('',(#8108),#8111);
#8108 = B_SPLINE_CURVE_WITH_KNOTS('',1,(#8109,#8110),.UNSPECIFIED.,.F.,
  .F.,(2,2),(0.,12.),.PIECEWISE_BEZIER_KNOTS.);
#8109 = CARTESIAN_POINT('',(60.,0.));
#8110 = CARTESIAN_POINT('',(60.,-12.));
#8111 = ( GEOMETRIC_REPRESENTATION_CONTEXT(2) 
PARAMETRIC_REPRESENTATION_CONTEXT() REPRESENTATION_CONTEXT('2D SPACE',''
  ) );
#8112 = PCURVE('',#8113,#8118);
#8113 = PLANE('',#8114);
#8114 = AXIS2_PLACEMENT_3D('',#8115,#8116,#8117);
#8115 = CARTESIAN_POINT('',(-250.,-290.,1.66E+03));
#8116 = DIRECTION('',(0.,0.,1.));
#8117 = DIRECTION('',(1.,0.,-0.));
#8118 = DEFINITIONAL_REPRESENTATION('',(#8119),#8122);
#8119 = B_SPLINE_CURVE_WITH_KNOTS('',1,(#8120,#8121),.UNSPECIFIED.,.F.,
  .F.,(2,2),(0.,12.),.PIECEWISE_BEZIER_KNOTS.);
#8120 = CARTESIAN_POINT('',(488.,0.));
#8121 = CARTESIAN_POINT('',(488.,12.));
#8122 = ( GEOMETRIC_REPRESENTATION_CONTEXT(2) 
PARAMETRIC_REPRESENTATION_CONTEXT() REPRESENTATION_CONTEXT('2D SPACE',''
  ) );
#8123 = ADVANCED_FACE('',(#8124),#8089,.T.);
#8124 = FACE_BOUND('',#8125,.T.);
#8125 = EDGE_LOOP('',(#8126,#8149,#8175,#8196));
#8126 = ORIENTED_EDGE('',*,*,#8127,.F.);
#8127 = EDGE_CURVE('',#8128,#8075,#8130,.T.);
#8128 = VERTEX_POINT('',#8129);
#8129 = CARTESIAN_POINT('',(-238.,-278.,1.66E+03));
#8130 = SURFACE_CURVE('',#8131,(#8135,#8142),.PCURVE_S1.);
#8131 = LINE('',#8132,#8133);
#8132 = CARTESIAN_POINT('',(-250.,-278.,1.66E+03));
#8133 = VECTOR('',#8134,1.);
#8134 = DIRECTION('',(1.,0.,-0.));
#8135 = PCURVE('',#8089,#8136);
#8136 = DEFINITIONAL_REPRESENTATION('',(#8137),#8141);
#8137 = LINE('',#8138,#8139);
#8138 = CARTESIAN_POINT('',(0.,0.));
#8139 = VECTOR('',#8140,1.);
#8140 = DIRECTION('',(0.,1.));
#8141 = ( GEOMETRIC_REPRESENTATION_CONTEXT(2) 
PARAMETRIC_REPRESENTATION_CONTEXT() REPRESENTATION_CONTEXT('2D SPACE',''
  ) );
#8142 = PCURVE('',#8113,#8143);
#8143 = DEFINITIONAL_REPRESENTATION('',(#8144),#8148);
#8144 = LINE('',#8145,#8146);
#8145 = CARTESIAN_POINT('',(0.,12.));
#8146 = VECTOR('',#8147,1.);
#8147 = DIRECTION('',(1.,0.));
#8148 = ( GEOMETRIC_REPRESENTATION_CONTEXT(2) 
PARAMETRIC_REPRESENTATION_CONTEXT() REPRESENTATION_CONTEXT('2D SPACE',''
  ) );
#8149 = ORIENTED_EDGE('',*,*,#8150,.F.);
#8150 = EDGE_CURVE('',#8151,#8128,#8153,.T.);
#8151 = VERTEX_POINT('',#8152);
#8152 = CARTESIAN_POINT('',(-238.,-278.,1.72E+03));
#8153 = SURFACE_CURVE('',#8154,(#8158,#8164),.PCURVE_S1.);
#8154 = LINE('',#8155,#8156);
#8155 = CARTESIAN_POINT('',(-238.,-278.,1.63E+03));
#8156 = VECTOR('',#8157,1.);
#8157 = DIRECTION('',(-0.,0.,-1.));
#8158 = PCURVE('',#8089,#8159);
#8159 = DEFINITIONAL_REPRESENTATION('',(#8160),#8163);
#8160 = B_SPLINE_CURVE_WITH_KNOTS('',1,(#8161,#8162),.UNSPECIFIED.,.F.,
  .F.,(2,2),(-90.,-30.),.PIECEWISE_BEZIER_KNOTS.);
#8161 = CARTESIAN_POINT('',(60.,12.));
#8162 = CARTESIAN_POINT('',(0.,12.));
#8163 = ( GEOMETRIC_REPRESENTATION_CONTEXT(2) 
PARAMETRIC_REPRESENTATION_CONTEXT() REPRESENTATION_CONTEXT('2D SPACE',''
  ) );
#8164 = PCURVE('',#8165,#8170);
#8165 = PLANE('',#8166);
#8166 = AXIS2_PLACEMENT_3D('',#8167,#8168,#8169);
#8167 = CARTESIAN_POINT('',(-238.,-290.,1.6E+03));
#8168 = DIRECTION('',(1.,0.,-0.));
#8169 = DIRECTION('',(0.,0.,1.));
#8170 = DEFINITIONAL_REPRESENTATION('',(#8171),#8174);
#8171 = B_SPLINE_CURVE_WITH_KNOTS('',1,(#8172,#8173),.UNSPECIFIED.,.F.,
  .F.,(2,2),(-90.,-30.),.PIECEWISE_BEZIER_KNOTS.);
#8172 = CARTESIAN_POINT('',(120.,-12.));
#8173 = CARTESIAN_POINT('',(60.,-12.));
#8174 = ( GEOMETRIC_REPRESENTATION_CONTEXT(2) 
PARAMETRIC_REPRESENTATION_CONTEXT() REPRESENTATION_CONTEXT('2D SPACE',''
  ) );
#8175 = ORIENTED_EDGE('',*,*,#8176,.T.);
#8176 = EDGE_CURVE('',#8151,#8052,#8177,.T.);
#8177 = SURFACE_CURVE('',#8178,(#8182,#8189),.PCURVE_S1.);
#8178 = LINE('',#8179,#8180);
#8179 = CARTESIAN_POINT('',(-250.,-278.,1.72E+03));
#8180 = VECTOR('',#8181,1.);
#8181 = DIRECTION('',(1.,0.,-0.));
#8182 = PCURVE('',#8089,#8183);
#8183 = DEFINITIONAL_REPRESENTATION('',(#8184),#8188);
#8184 = LINE('',#8185,#8186);
#8185 = CARTESIAN_POINT('',(60.,0.));
#8186 = VECTOR('',#8187,1.);
#8187 = DIRECTION('',(0.,1.));
#8188 = ( GEOMETRIC_REPRESENTATION_CONTEXT(2) 
PARAMETRIC_REPRESENTATION_CONTEXT() REPRESENTATION_CONTEXT('2D SPACE',''
  ) );
#8189 = PCURVE('',#7656,#8190);
#8190 = DEFINITIONAL_REPRESENTATION('',(#8191),#8195);
#8191 = LINE('',#8192,#8193);
#8192 = CARTESIAN_POINT('',(0.,12.));
#8193 = VECTOR('',#8194,1.);
#8194 = DIRECTION('',(1.,0.));
#8195 = ( GEOMETRIC_REPRESENTATION_CONTEXT(2) 
PARAMETRIC_REPRESENTATION_CONTEXT() REPRESENTATION_CONTEXT('2D SPACE',''
  ) );
#8196 = ORIENTED_EDGE('',*,*,#8074,.T.);
#8197 = ADVANCED_FACE('',(#8198),#8165,.T.);
#8198 = FACE_BOUND('',#8199,.T.);
#8199 = EDGE_LOOP('',(#8200,#8225,#8248,#8271,#8292,#8293));
#8200 = ORIENTED_EDGE('',*,*,#8201,.F.);
#8201 = EDGE_CURVE('',#8202,#8204,#8206,.T.);
#8202 = VERTEX_POINT('',#8203);
#8203 = CARTESIAN_POINT('',(-238.,-290.,1.6E+03));
#8204 = VERTEX_POINT('',#8205);
#8205 = CARTESIAN_POINT('',(-238.,-290.,1.66E+03));
#8206 = SURFACE_CURVE('',#8207,(#8211,#8218),.PCURVE_S1.);
#8207 = LINE('',#8208,#8209);
#8208 = CARTESIAN_POINT('',(-238.,-290.,1.6E+03));
#8209 = VECTOR('',#8210,1.);
#8210 = DIRECTION('',(0.,0.,1.));
#8211 = PCURVE('',#8165,#8212);
#8212 = DEFINITIONAL_REPRESENTATION('',(#8213),#8217);
#8213 = LINE('',#8214,#8215);
#8214 = CARTESIAN_POINT('',(0.,0.));
#8215 = VECTOR('',#8216,1.);
#8216 = DIRECTION('',(1.,0.));
#8217 = ( GEOMETRIC_REPRESENTATION_CONTEXT(2) 
PARAMETRIC_REPRESENTATION_CONTEXT() REPRESENTATION_CONTEXT('2D SPACE',''
  ) );
#8218 = PCURVE('',#7572,#8219);
#8219 = DEFINITIONAL_REPRESENTATION('',(#8220),#8224);
#8220 = LINE('',#8221,#8222);
#8221 = CARTESIAN_POINT('',(-120.,12.));
#8222 = VECTOR('',#8223,1.);
#8223 = DIRECTION('',(1.,0.));
#8224 = ( GEOMETRIC_REPRESENTATION_CONTEXT(2) 
PARAMETRIC_REPRESENTATION_CONTEXT() REPRESENTATION_CONTEXT('2D SPACE',''
  ) );
#8225 = ORIENTED_EDGE('',*,*,#8226,.T.);
#8226 = EDGE_CURVE('',#8202,#8227,#8229,.T.);
#8227 = VERTEX_POINT('',#8228);
#8228 = CARTESIAN_POINT('',(-238.,-200.,1.6E+03));
#8229 = SURFACE_CURVE('',#8230,(#8234,#8241),.PCURVE_S1.);
#8230 = LINE('',#8231,#8232);
#8231 = CARTESIAN_POINT('',(-238.,-290.,1.6E+03));
#8232 = VECTOR('',#8233,1.);
#8233 = DIRECTION('',(-0.,1.,0.));
#8234 = PCURVE('',#8165,#8235);
#8235 = DEFINITIONAL_REPRESENTATION('',(#8236),#8240);
#8236 = LINE('',#8237,#8238);
#8237 = CARTESIAN_POINT('',(0.,0.));
#8238 = VECTOR('',#8239,1.);
#8239 = DIRECTION('',(0.,-1.));
#8240 = ( GEOMETRIC_REPRESENTATION_CONTEXT(2) 
PARAMETRIC_REPRESENTATION_CONTEXT() REPRESENTATION_CONTEXT('2D SPACE',''
  ) );
#8241 = PCURVE('',#7600,#8242);
#8242 = DEFINITIONAL_REPRESENTATION('',(#8243),#8247);
#8243 = LINE('',#8244,#8245);
#8244 = CARTESIAN_POINT('',(12.,0.));
#8245 = VECTOR('',#8246,1.);
#8246 = DIRECTION('',(0.,1.));
#8247 = ( GEOMETRIC_REPRESENTATION_CONTEXT(2) 
PARAMETRIC_REPRESENTATION_CONTEXT() REPRESENTATION_CONTEXT('2D SPACE',''
  ) );
#8248 = ORIENTED_EDGE('',*,*,#8249,.T.);
#8249 = EDGE_CURVE('',#8227,#8250,#8252,.T.);
#8250 = VERTEX_POINT('',#8251);
#8251 = CARTESIAN_POINT('',(-238.,-200.,1.72E+03));
#8252 = SURFACE_CURVE('',#8253,(#8257,#8264),.PCURVE_S1.);
#8253 = LINE('',#8254,#8255);
#8254 = CARTESIAN_POINT('',(-238.,-200.,1.6E+03));
#8255 = VECTOR('',#8256,1.);
#8256 = DIRECTION('',(0.,0.,1.));
#8257 = PCURVE('',#8165,#8258);
#8258 = DEFINITIONAL_REPRESENTATION('',(#8259),#8263);
#8259 = LINE('',#8260,#8261);
#8260 = CARTESIAN_POINT('',(0.,-90.));
#8261 = VECTOR('',#8262,1.);
#8262 = DIRECTION('',(1.,0.));
#8263 = ( GEOMETRIC_REPRESENTATION_CONTEXT(2) 
PARAMETRIC_REPRESENTATION_CONTEXT() REPRESENTATION_CONTEXT('2D SPACE',''
  ) );
#8264 = PCURVE('',#7628,#8265);
#8265 = DEFINITIONAL_REPRESENTATION('',(#8266),#8270);
#8266 = LINE('',#8267,#8268);
#8267 = CARTESIAN_POINT('',(0.,12.));
#8268 = VECTOR('',#8269,1.);
#8269 = DIRECTION('',(1.,0.));
#8270 = ( GEOMETRIC_REPRESENTATION_CONTEXT(2) 
PARAMETRIC_REPRESENTATION_CONTEXT() REPRESENTATION_CONTEXT('2D SPACE',''
  ) );
#8271 = ORIENTED_EDGE('',*,*,#8272,.F.);
#8272 = EDGE_CURVE('',#8151,#8250,#8273,.T.);
#8273 = SURFACE_CURVE('',#8274,(#8278,#8285),.PCURVE_S1.);
#8274 = LINE('',#8275,#8276);
#8275 = CARTESIAN_POINT('',(-238.,-290.,1.72E+03));
#8276 = VECTOR('',#8277,1.);
#8277 = DIRECTION('',(-0.,1.,0.));
#8278 = PCURVE('',#8165,#8279);
#8279 = DEFINITIONAL_REPRESENTATION('',(#8280),#8284);
#8280 = LINE('',#8281,#8282);
#8281 = CARTESIAN_POINT('',(120.,0.));
#8282 = VECTOR('',#8283,1.);
#8283 = DIRECTION('',(0.,-1.));
#8284 = ( GEOMETRIC_REPRESENTATION_CONTEXT(2) 
PARAMETRIC_REPRESENTATION_CONTEXT() REPRESENTATION_CONTEXT('2D SPACE',''
  ) );
#8285 = PCURVE('',#7656,#8286);
#8286 = DEFINITIONAL_REPRESENTATION('',(#8287),#8291);
#8287 = LINE('',#8288,#8289);
#8288 = CARTESIAN_POINT('',(12.,0.));
#8289 = VECTOR('',#8290,1.);
#8290 = DIRECTION('',(0.,1.));
#8291 = ( GEOMETRIC_REPRESENTATION_CONTEXT(2) 
PARAMETRIC_REPRESENTATION_CONTEXT() REPRESENTATION_CONTEXT('2D SPACE',''
  ) );
#8292 = ORIENTED_EDGE('',*,*,#8150,.T.);
#8293 = ORIENTED_EDGE('',*,*,#8294,.F.);
#8294 = EDGE_CURVE('',#8204,#8128,#8295,.T.);
#8295 = SURFACE_CURVE('',#8296,(#8300,#8306),.PCURVE_S1.);
#8296 = LINE('',#8297,#8298);
#8297 = CARTESIAN_POINT('',(-238.,-290.,1.66E+03));
#8298 = VECTOR('',#8299,1.);
#8299 = DIRECTION('',(-0.,1.,0.));
#8300 = PCURVE('',#8165,#8301);
#8301 = DEFINITIONAL_REPRESENTATION('',(#8302),#8305);
#8302 = B_SPLINE_CURVE_WITH_KNOTS('',1,(#8303,#8304),.UNSPECIFIED.,.F.,
  .F.,(2,2),(0.,12.),.PIECEWISE_BEZIER_KNOTS.);
#8303 = CARTESIAN_POINT('',(60.,0.));
#8304 = CARTESIAN_POINT('',(60.,-12.));
#8305 = ( GEOMETRIC_REPRESENTATION_CONTEXT(2) 
PARAMETRIC_REPRESENTATION_CONTEXT() REPRESENTATION_CONTEXT('2D SPACE',''
  ) );
#8306 = PCURVE('',#8113,#8307);
#8307 = DEFINITIONAL_REPRESENTATION('',(#8308),#8311);
#8308 = B_SPLINE_CURVE_WITH_KNOTS('',1,(#8309,#8310),.UNSPECIFIED.,.F.,
  .F.,(2,2),(0.,12.),.PIECEWISE_BEZIER_KNOTS.);
#8309 = CARTESIAN_POINT('',(12.,0.));
#8310 = CARTESIAN_POINT('',(12.,12.));
#8311 = ( GEOMETRIC_REPRESENTATION_CONTEXT(2) 
PARAMETRIC_REPRESENTATION_CONTEXT() REPRESENTATION_CONTEXT('2D SPACE',''
  ) );
#8312 = ADVANCED_FACE('',(#8313),#8113,.F.);
#8313 = FACE_BOUND('',#8314,.F.);
#8314 = EDGE_LOOP('',(#8315,#8316,#8317,#8338));
#8315 = ORIENTED_EDGE('',*,*,#8127,.F.);
#8316 = ORIENTED_EDGE('',*,*,#8294,.F.);
#8317 = ORIENTED_EDGE('',*,*,#8318,.T.);
#8318 = EDGE_CURVE('',#8204,#8007,#8319,.T.);
#8319 = SURFACE_CURVE('',#8320,(#8324,#8331),.PCURVE_S1.);
#8320 = LINE('',#8321,#8322);
#8321 = CARTESIAN_POINT('',(-250.,-290.,1.66E+03));
#8322 = VECTOR('',#8323,1.);
#8323 = DIRECTION('',(1.,0.,-0.));
#8324 = PCURVE('',#8113,#8325);
#8325 = DEFINITIONAL_REPRESENTATION('',(#8326),#8330);
#8326 = LINE('',#8327,#8328);
#8327 = CARTESIAN_POINT('',(0.,0.));
#8328 = VECTOR('',#8329,1.);
#8329 = DIRECTION('',(1.,0.));
#8330 = ( GEOMETRIC_REPRESENTATION_CONTEXT(2) 
PARAMETRIC_REPRESENTATION_CONTEXT() REPRESENTATION_CONTEXT('2D SPACE',''
  ) );
#8331 = PCURVE('',#7572,#8332);
#8332 = DEFINITIONAL_REPRESENTATION('',(#8333),#8337);
#8333 = LINE('',#8334,#8335);
#8334 = CARTESIAN_POINT('',(-60.,0.));
#8335 = VECTOR('',#8336,1.);
#8336 = DIRECTION('',(0.,1.));
#8337 = ( GEOMETRIC_REPRESENTATION_CONTEXT(2) 
PARAMETRIC_REPRESENTATION_CONTEXT() REPRESENTATION_CONTEXT('2D SPACE',''
  ) );
#8338 = ORIENTED_EDGE('',*,*,#8100,.T.);
#8339 = ADVANCED_FACE('',(#8340),#7840,.F.);
#8340 = FACE_BOUND('',#8341,.F.);
#8341 = EDGE_LOOP('',(#8342,#8343,#8364,#8365));
#8342 = ORIENTED_EDGE('',*,*,#8029,.F.);
#8343 = ORIENTED_EDGE('',*,*,#8344,.T.);
#8344 = EDGE_CURVE('',#8005,#7802,#8345,.T.);
#8345 = SURFACE_CURVE('',#8346,(#8350,#8357),.PCURVE_S1.);
#8346 = LINE('',#8347,#8348);
#8347 = CARTESIAN_POINT('',(238.,-290.,1.6E+03));
#8348 = VECTOR('',#8349,1.);
#8349 = DIRECTION('',(1.,0.,-0.));
#8350 = PCURVE('',#7840,#8351);
#8351 = DEFINITIONAL_REPRESENTATION('',(#8352),#8356);
#8352 = LINE('',#8353,#8354);
#8353 = CARTESIAN_POINT('',(0.,0.));
#8354 = VECTOR('',#8355,1.);
#8355 = DIRECTION('',(1.,0.));
#8356 = ( GEOMETRIC_REPRESENTATION_CONTEXT(2) 
PARAMETRIC_REPRESENTATION_CONTEXT() REPRESENTATION_CONTEXT('2D SPACE',''
  ) );
#8357 = PCURVE('',#7572,#8358);
#8358 = DEFINITIONAL_REPRESENTATION('',(#8359),#8363);
#8359 = LINE('',#8360,#8361);
#8360 = CARTESIAN_POINT('',(-120.,488.));
#8361 = VECTOR('',#8362,1.);
#8362 = DIRECTION('',(0.,1.));
#8363 = ( GEOMETRIC_REPRESENTATION_CONTEXT(2) 
PARAMETRIC_REPRESENTATION_CONTEXT() REPRESENTATION_CONTEXT('2D SPACE',''
  ) );
#8364 = ORIENTED_EDGE('',*,*,#7824,.T.);
#8365 = ORIENTED_EDGE('',*,*,#7928,.F.);
#8366 = ADVANCED_FACE('',(#8367),#7684,.T.);
#8367 = FACE_BOUND('',#8368,.T.);
#8368 = EDGE_LOOP('',(#8369,#8390,#8391,#8392));
#8369 = ORIENTED_EDGE('',*,*,#8370,.F.);
#8370 = EDGE_CURVE('',#7641,#7881,#8371,.T.);
#8371 = SURFACE_CURVE('',#8372,(#8376,#8383),.PCURVE_S1.);
#8372 = LINE('',#8373,#8374);
#8373 = CARTESIAN_POINT('',(-250.,-50.,1.72E+03));
#8374 = VECTOR('',#8375,1.);
#8375 = DIRECTION('',(1.,0.,-0.));
#8376 = PCURVE('',#7684,#8377);
#8377 = DEFINITIONAL_REPRESENTATION('',(#8378),#8382);
#8378 = LINE('',#8379,#8380);
#8379 = CARTESIAN_POINT('',(0.,0.));
#8380 = VECTOR('',#8381,1.);
#8381 = DIRECTION('',(0.,1.));
#8382 = ( GEOMETRIC_REPRESENTATION_CONTEXT(2) 
PARAMETRIC_REPRESENTATION_CONTEXT() REPRESENTATION_CONTEXT('2D SPACE',''
  ) );
#8383 = PCURVE('',#7656,#8384);
#8384 = DEFINITIONAL_REPRESENTATION('',(#8385),#8389);
#8385 = LINE('',#8386,#8387);
#8386 = CARTESIAN_POINT('',(0.,240.));
#8387 = VECTOR('',#8388,1.);
#8388 = DIRECTION('',(1.,0.));
#8389 = ( GEOMETRIC_REPRESENTATION_CONTEXT(2) 
PARAMETRIC_REPRESENTATION_CONTEXT() REPRESENTATION_CONTEXT('2D SPACE',''
  ) );
#8390 = ORIENTED_EDGE('',*,*,#7668,.T.);
#8391 = ORIENTED_EDGE('',*,*,#7777,.T.);
#8392 = ORIENTED_EDGE('',*,*,#7903,.F.);
#8393 = ADVANCED_FACE('',(#8394),#7656,.F.);
#8394 = FACE_BOUND('',#8395,.F.);
#8395 = EDGE_LOOP('',(#8396,#8397,#8418,#8419,#8420,#8421,#8422,#8423));
#8396 = ORIENTED_EDGE('',*,*,#7640,.F.);
#8397 = ORIENTED_EDGE('',*,*,#8398,.T.);
#8398 = EDGE_CURVE('',#7613,#8250,#8399,.T.);
#8399 = SURFACE_CURVE('',#8400,(#8404,#8411),.PCURVE_S1.);
#8400 = LINE('',#8401,#8402);
#8401 = CARTESIAN_POINT('',(-250.,-200.,1.72E+03));
#8402 = VECTOR('',#8403,1.);
#8403 = DIRECTION('',(1.,0.,-0.));
#8404 = PCURVE('',#7656,#8405);
#8405 = DEFINITIONAL_REPRESENTATION('',(#8406),#8410);
#8406 = LINE('',#8407,#8408);
#8407 = CARTESIAN_POINT('',(0.,90.));
#8408 = VECTOR('',#8409,1.);
#8409 = DIRECTION('',(1.,0.));
#8410 = ( GEOMETRIC_REPRESENTATION_CONTEXT(2) 
PARAMETRIC_REPRESENTATION_CONTEXT() REPRESENTATION_CONTEXT('2D SPACE',''
  ) );
#8411 = PCURVE('',#7628,#8412);
#8412 = DEFINITIONAL_REPRESENTATION('',(#8413),#8417);
#8413 = LINE('',#8414,#8415);
#8414 = CARTESIAN_POINT('',(120.,0.));
#8415 = VECTOR('',#8416,1.);
#8416 = DIRECTION('',(0.,1.));
#8417 = ( GEOMETRIC_REPRESENTATION_CONTEXT(2) 
PARAMETRIC_REPRESENTATION_CONTEXT() REPRESENTATION_CONTEXT('2D SPACE',''
  ) );
#8418 = ORIENTED_EDGE('',*,*,#8272,.F.);
#8419 = ORIENTED_EDGE('',*,*,#8176,.T.);
#8420 = ORIENTED_EDGE('',*,*,#8051,.T.);
#8421 = ORIENTED_EDGE('',*,*,#7979,.T.);
#8422 = ORIENTED_EDGE('',*,*,#7880,.T.);
#8423 = ORIENTED_EDGE('',*,*,#8370,.F.);
#8424 = ADVANCED_FACE('',(#8425),#7628,.T.);
#8425 = FACE_BOUND('',#8426,.T.);
#8426 = EDGE_LOOP('',(#8427,#8448,#8449,#8450));
#8427 = ORIENTED_EDGE('',*,*,#8428,.F.);
#8428 = EDGE_CURVE('',#7585,#8227,#8429,.T.);
#8429 = SURFACE_CURVE('',#8430,(#8434,#8441),.PCURVE_S1.);
#8430 = LINE('',#8431,#8432);
#8431 = CARTESIAN_POINT('',(-250.,-200.,1.6E+03));
#8432 = VECTOR('',#8433,1.);
#8433 = DIRECTION('',(1.,0.,-0.));
#8434 = PCURVE('',#7628,#8435);
#8435 = DEFINITIONAL_REPRESENTATION('',(#8436),#8440);
#8436 = LINE('',#8437,#8438);
#8437 = CARTESIAN_POINT('',(0.,0.));
#8438 = VECTOR('',#8439,1.);
#8439 = DIRECTION('',(0.,1.));
#8440 = ( GEOMETRIC_REPRESENTATION_CONTEXT(2) 
PARAMETRIC_REPRESENTATION_CONTEXT() REPRESENTATION_CONTEXT('2D SPACE',''
  ) );
#8441 = PCURVE('',#7600,#8442);
#8442 = DEFINITIONAL_REPRESENTATION('',(#8443),#8447);
#8443 = LINE('',#8444,#8445);
#8444 = CARTESIAN_POINT('',(0.,90.));
#8445 = VECTOR('',#8446,1.);
#8446 = DIRECTION('',(1.,0.));
#8447 = ( GEOMETRIC_REPRESENTATION_CONTEXT(2) 
PARAMETRIC_REPRESENTATION_CONTEXT() REPRESENTATION_CONTEXT('2D SPACE',''
  ) );
#8448 = ORIENTED_EDGE('',*,*,#7612,.T.);
#8449 = ORIENTED_EDGE('',*,*,#8398,.T.);
#8450 = ORIENTED_EDGE('',*,*,#8249,.F.);
#8451 = ADVANCED_FACE('',(#8452),#7600,.F.);
#8452 = FACE_BOUND('',#8453,.F.);
#8453 = EDGE_LOOP('',(#8454,#8455,#8476,#8477));
#8454 = ORIENTED_EDGE('',*,*,#7584,.F.);
#8455 = ORIENTED_EDGE('',*,*,#8456,.T.);
#8456 = EDGE_CURVE('',#7550,#8202,#8457,.T.);
#8457 = SURFACE_CURVE('',#8458,(#8462,#8469),.PCURVE_S1.);
#8458 = LINE('',#8459,#8460);
#8459 = CARTESIAN_POINT('',(-250.,-290.,1.6E+03));
#8460 = VECTOR('',#8461,1.);
#8461 = DIRECTION('',(1.,0.,-0.));
#8462 = PCURVE('',#7600,#8463);
#8463 = DEFINITIONAL_REPRESENTATION('',(#8464),#8468);
#8464 = LINE('',#8465,#8466);
#8465 = CARTESIAN_POINT('',(0.,0.));
#8466 = VECTOR('',#8467,1.);
#8467 = DIRECTION('',(1.,0.));
#8468 = ( GEOMETRIC_REPRESENTATION_CONTEXT(2) 
PARAMETRIC_REPRESENTATION_CONTEXT() REPRESENTATION_CONTEXT('2D SPACE',''
  ) );
#8469 = PCURVE('',#7572,#8470);
#8470 = DEFINITIONAL_REPRESENTATION('',(#8471),#8475);
#8471 = LINE('',#8472,#8473);
#8472 = CARTESIAN_POINT('',(-120.,0.));
#8473 = VECTOR('',#8474,1.);
#8474 = DIRECTION('',(0.,1.));
#8475 = ( GEOMETRIC_REPRESENTATION_CONTEXT(2) 
PARAMETRIC_REPRESENTATION_CONTEXT() REPRESENTATION_CONTEXT('2D SPACE',''
  ) );
#8476 = ORIENTED_EDGE('',*,*,#8226,.T.);
#8477 = ORIENTED_EDGE('',*,*,#8428,.F.);
#8478 = ADVANCED_FACE('',(#8479),#7572,.F.);
#8479 = FACE_BOUND('',#8480,.F.);
#8480 = EDGE_LOOP('',(#8481,#8482,#8483,#8484,#8485,#8486,#8487,#8488));
#8481 = ORIENTED_EDGE('',*,*,#7726,.T.);
#8482 = ORIENTED_EDGE('',*,*,#7801,.F.);
#8483 = ORIENTED_EDGE('',*,*,#8344,.F.);
#8484 = ORIENTED_EDGE('',*,*,#8004,.T.);
#8485 = ORIENTED_EDGE('',*,*,#8318,.F.);
#8486 = ORIENTED_EDGE('',*,*,#8201,.F.);
#8487 = ORIENTED_EDGE('',*,*,#8456,.F.);
#8488 = ORIENTED_EDGE('',*,*,#7549,.T.);
#8489 = MANIFOLD_SOLID_BREP('',#8490);
#8490 = CLOSED_SHELL('',(#8491,#8611,#8711,#8758,#8805,#8812));
#8491 = ADVANCED_FACE('',(#8492),#8506,.F.);
#8492 = FACE_BOUND('',#8493,.F.);
#8493 = EDGE_LOOP('',(#8494,#8529,#8557,#8585));
#8494 = ORIENTED_EDGE('',*,*,#8495,.F.);
#8495 = EDGE_CURVE('',#8496,#8498,#8500,.T.);
#8496 = VERTEX_POINT('',#8497);
#8497 = CARTESIAN_POINT('',(-150.,-272.,1.65E+03));
#8498 = VERTEX_POINT('',#8499);
#8499 = CARTESIAN_POINT('',(-150.,-272.,1.664E+03));
#8500 = SURFACE_CURVE('',#8501,(#8505,#8517),.PCURVE_S1.);
#8501 = LINE('',#8502,#8503);
#8502 = CARTESIAN_POINT('',(-150.,-272.,1.65E+03));
#8503 = VECTOR('',#8504,1.);
#8504 = DIRECTION('',(0.,0.,1.));
#8505 = PCURVE('',#8506,#8511);
#8506 = PLANE('',#8507);
#8507 = AXIS2_PLACEMENT_3D('',#8508,#8509,#8510);
#8508 = CARTESIAN_POINT('',(-150.,-272.,1.65E+03));
#8509 = DIRECTION('',(1.,0.,-0.));
#8510 = DIRECTION('',(0.,0.,1.));
#8511 = DEFINITIONAL_REPRESENTATION('',(#8512),#8516);
#8512 = LINE('',#8513,#8514);
#8513 = CARTESIAN_POINT('',(0.,0.));
#8514 = VECTOR('',#8515,1.);
#8515 = DIRECTION('',(1.,0.));
#8516 = ( GEOMETRIC_REPRESENTATION_CONTEXT(2) 
PARAMETRIC_REPRESENTATION_CONTEXT() REPRESENTATION_CONTEXT('2D SPACE',''
  ) );
#8517 = PCURVE('',#8518,#8523);
#8518 = PLANE('',#8519);
#8519 = AXIS2_PLACEMENT_3D('',#8520,#8521,#8522);
#8520 = CARTESIAN_POINT('',(-150.,-272.,1.65E+03));
#8521 = DIRECTION('',(-0.,1.,0.));
#8522 = DIRECTION('',(0.,0.,1.));
#8523 = DEFINITIONAL_REPRESENTATION('',(#8524),#8528);
#8524 = LINE('',#8525,#8526);
#8525 = CARTESIAN_POINT('',(0.,0.));
#8526 = VECTOR('',#8527,1.);
#8527 = DIRECTION('',(1.,0.));
#8528 = ( GEOMETRIC_REPRESENTATION_CONTEXT(2) 
PARAMETRIC_REPRESENTATION_CONTEXT() REPRESENTATION_CONTEXT('2D SPACE',''
  ) );
#8529 = ORIENTED_EDGE('',*,*,#8530,.T.);
#8530 = EDGE_CURVE('',#8496,#8531,#8533,.T.);
#8531 = VERTEX_POINT('',#8532);
#8532 = CARTESIAN_POINT('',(-150.,-258.,1.65E+03));
#8533 = SURFACE_CURVE('',#8534,(#8538,#8545),.PCURVE_S1.);
#8534 = LINE('',#8535,#8536);
#8535 = CARTESIAN_POINT('',(-150.,-272.,1.65E+03));
#8536 = VECTOR('',#8537,1.);
#8537 = DIRECTION('',(-0.,1.,0.));
#8538 = PCURVE('',#8506,#8539);
#8539 = DEFINITIONAL_REPRESENTATION('',(#8540),#8544);
#8540 = LINE('',#8541,#8542);
#8541 = CARTESIAN_POINT('',(0.,0.));
#8542 = VECTOR('',#8543,1.);
#8543 = DIRECTION('',(0.,-1.));
#8544 = ( GEOMETRIC_REPRESENTATION_CONTEXT(2) 
PARAMETRIC_REPRESENTATION_CONTEXT() REPRESENTATION_CONTEXT('2D SPACE',''
  ) );
#8545 = PCURVE('',#8546,#8551);
#8546 = PLANE('',#8547);
#8547 = AXIS2_PLACEMENT_3D('',#8548,#8549,#8550);
#8548 = CARTESIAN_POINT('',(-150.,-272.,1.65E+03));
#8549 = DIRECTION('',(0.,0.,1.));
#8550 = DIRECTION('',(1.,0.,-0.));
#8551 = DEFINITIONAL_REPRESENTATION('',(#8552),#8556);
#8552 = LINE('',#8553,#8554);
#8553 = CARTESIAN_POINT('',(0.,0.));
#8554 = VECTOR('',#8555,1.);
#8555 = DIRECTION('',(0.,1.));
#8556 = ( GEOMETRIC_REPRESENTATION_CONTEXT(2) 
PARAMETRIC_REPRESENTATION_CONTEXT() REPRESENTATION_CONTEXT('2D SPACE',''
  ) );
#8557 = ORIENTED_EDGE('',*,*,#8558,.T.);
#8558 = EDGE_CURVE('',#8531,#8559,#8561,.T.);
#8559 = VERTEX_POINT('',#8560);
#8560 = CARTESIAN_POINT('',(-150.,-258.,1.664E+03));
#8561 = SURFACE_CURVE('',#8562,(#8566,#8573),.PCURVE_S1.);
#8562 = LINE('',#8563,#8564);
#8563 = CARTESIAN_POINT('',(-150.,-258.,1.65E+03));
#8564 = VECTOR('',#8565,1.);
#8565 = DIRECTION('',(0.,0.,1.));
#8566 = PCURVE('',#8506,#8567);
#8567 = DEFINITIONAL_REPRESENTATION('',(#8568),#8572);
#8568 = LINE('',#8569,#8570);
#8569 = CARTESIAN_POINT('',(0.,-14.));
#8570 = VECTOR('',#8571,1.);
#8571 = DIRECTION('',(1.,0.));
#8572 = ( GEOMETRIC_REPRESENTATION_CONTEXT(2) 
PARAMETRIC_REPRESENTATION_CONTEXT() REPRESENTATION_CONTEXT('2D SPACE',''
  ) );
#8573 = PCURVE('',#8574,#8579);
#8574 = PLANE('',#8575);
#8575 = AXIS2_PLACEMENT_3D('',#8576,#8577,#8578);
#8576 = CARTESIAN_POINT('',(-150.,-258.,1.65E+03));
#8577 = DIRECTION('',(-0.,1.,0.));
#8578 = DIRECTION('',(0.,0.,1.));
#8579 = DEFINITIONAL_REPRESENTATION('',(#8580),#8584);
#8580 = LINE('',#8581,#8582);
#8581 = CARTESIAN_POINT('',(0.,0.));
#8582 = VECTOR('',#8583,1.);
#8583 = DIRECTION('',(1.,0.));
#8584 = ( GEOMETRIC_REPRESENTATION_CONTEXT(2) 
PARAMETRIC_REPRESENTATION_CONTEXT() REPRESENTATION_CONTEXT('2D SPACE',''
  ) );
#8585 = ORIENTED_EDGE('',*,*,#8586,.F.);
#8586 = EDGE_CURVE('',#8498,#8559,#8587,.T.);
#8587 = SURFACE_CURVE('',#8588,(#8592,#8599),.PCURVE_S1.);
#8588 = LINE('',#8589,#8590);
#8589 = CARTESIAN_POINT('',(-150.,-272.,1.664E+03));
#8590 = VECTOR('',#8591,1.);
#8591 = DIRECTION('',(-0.,1.,0.));
#8592 = PCURVE('',#8506,#8593);
#8593 = DEFINITIONAL_REPRESENTATION('',(#8594),#8598);
#8594 = LINE('',#8595,#8596);
#8595 = CARTESIAN_POINT('',(14.,0.));
#8596 = VECTOR('',#8597,1.);
#8597 = DIRECTION('',(0.,-1.));
#8598 = ( GEOMETRIC_REPRESENTATION_CONTEXT(2) 
PARAMETRIC_REPRESENTATION_CONTEXT() REPRESENTATION_CONTEXT('2D SPACE',''
  ) );
#8599 = PCURVE('',#8600,#8605);
#8600 = PLANE('',#8601);
#8601 = AXIS2_PLACEMENT_3D('',#8602,#8603,#8604);
#8602 = CARTESIAN_POINT('',(-150.,-272.,1.664E+03));
#8603 = DIRECTION('',(0.,0.,1.));
#8604 = DIRECTION('',(1.,0.,-0.));
#8605 = DEFINITIONAL_REPRESENTATION('',(#8606),#8610);
#8606 = LINE('',#8607,#8608);
#8607 = CARTESIAN_POINT('',(0.,0.));
#8608 = VECTOR('',#8609,1.);
#8609 = DIRECTION('',(0.,1.));
#8610 = ( GEOMETRIC_REPRESENTATION_CONTEXT(2) 
PARAMETRIC_REPRESENTATION_CONTEXT() REPRESENTATION_CONTEXT('2D SPACE',''
  ) );
#8611 = ADVANCED_FACE('',(#8612),#8626,.T.);
#8612 = FACE_BOUND('',#8613,.T.);
#8613 = EDGE_LOOP('',(#8614,#8644,#8667,#8690));
#8614 = ORIENTED_EDGE('',*,*,#8615,.F.);
#8615 = EDGE_CURVE('',#8616,#8618,#8620,.T.);
#8616 = VERTEX_POINT('',#8617);
#8617 = CARTESIAN_POINT('',(150.,-272.,1.65E+03));
#8618 = VERTEX_POINT('',#8619);
#8619 = CARTESIAN_POINT('',(150.,-272.,1.664E+03));
#8620 = SURFACE_CURVE('',#8621,(#8625,#8637),.PCURVE_S1.);
#8621 = LINE('',#8622,#8623);
#8622 = CARTESIAN_POINT('',(150.,-272.,1.65E+03));
#8623 = VECTOR('',#8624,1.);
#8624 = DIRECTION('',(0.,0.,1.));
#8625 = PCURVE('',#8626,#8631);
#8626 = PLANE('',#8627);
#8627 = AXIS2_PLACEMENT_3D('',#8628,#8629,#8630);
#8628 = CARTESIAN_POINT('',(150.,-272.,1.65E+03));
#8629 = DIRECTION('',(1.,0.,-0.));
#8630 = DIRECTION('',(0.,0.,1.));
#8631 = DEFINITIONAL_REPRESENTATION('',(#8632),#8636);
#8632 = LINE('',#8633,#8634);
#8633 = CARTESIAN_POINT('',(0.,0.));
#8634 = VECTOR('',#8635,1.);
#8635 = DIRECTION('',(1.,0.));
#8636 = ( GEOMETRIC_REPRESENTATION_CONTEXT(2) 
PARAMETRIC_REPRESENTATION_CONTEXT() REPRESENTATION_CONTEXT('2D SPACE',''
  ) );
#8637 = PCURVE('',#8518,#8638);
#8638 = DEFINITIONAL_REPRESENTATION('',(#8639),#8643);
#8639 = LINE('',#8640,#8641);
#8640 = CARTESIAN_POINT('',(0.,300.));
#8641 = VECTOR('',#8642,1.);
#8642 = DIRECTION('',(1.,0.));
#8643 = ( GEOMETRIC_REPRESENTATION_CONTEXT(2) 
PARAMETRIC_REPRESENTATION_CONTEXT() REPRESENTATION_CONTEXT('2D SPACE',''
  ) );
#8644 = ORIENTED_EDGE('',*,*,#8645,.T.);
#8645 = EDGE_CURVE('',#8616,#8646,#8648,.T.);
#8646 = VERTEX_POINT('',#8647);
#8647 = CARTESIAN_POINT('',(150.,-258.,1.65E+03));
#8648 = SURFACE_CURVE('',#8649,(#8653,#8660),.PCURVE_S1.);
#8649 = LINE('',#8650,#8651);
#8650 = CARTESIAN_POINT('',(150.,-272.,1.65E+03));
#8651 = VECTOR('',#8652,1.);
#8652 = DIRECTION('',(-0.,1.,0.));
#8653 = PCURVE('',#8626,#8654);
#8654 = DEFINITIONAL_REPRESENTATION('',(#8655),#8659);
#8655 = LINE('',#8656,#8657);
#8656 = CARTESIAN_POINT('',(0.,0.));
#8657 = VECTOR('',#8658,1.);
#8658 = DIRECTION('',(0.,-1.));
#8659 = ( GEOMETRIC_REPRESENTATION_CONTEXT(2) 
PARAMETRIC_REPRESENTATION_CONTEXT() REPRESENTATION_CONTEXT('2D SPACE',''
  ) );
#8660 = PCURVE('',#8546,#8661);
#8661 = DEFINITIONAL_REPRESENTATION('',(#8662),#8666);
#8662 = LINE('',#8663,#8664);
#8663 = CARTESIAN_POINT('',(300.,0.));
#8664 = VECTOR('',#8665,1.);
#8665 = DIRECTION('',(0.,1.));
#8666 = ( GEOMETRIC_REPRESENTATION_CONTEXT(2) 
PARAMETRIC_REPRESENTATION_CONTEXT() REPRESENTATION_CONTEXT('2D SPACE',''
  ) );
#8667 = ORIENTED_EDGE('',*,*,#8668,.T.);
#8668 = EDGE_CURVE('',#8646,#8669,#8671,.T.);
#8669 = VERTEX_POINT('',#8670);
#8670 = CARTESIAN_POINT('',(150.,-258.,1.664E+03));
#8671 = SURFACE_CURVE('',#8672,(#8676,#8683),.PCURVE_S1.);
#8672 = LINE('',#8673,#8674);
#8673 = CARTESIAN_POINT('',(150.,-258.,1.65E+03));
#8674 = VECTOR('',#8675,1.);
#8675 = DIRECTION('',(0.,0.,1.));
#8676 = PCURVE('',#8626,#8677);
#8677 = DEFINITIONAL_REPRESENTATION('',(#8678),#8682);
#8678 = LINE('',#8679,#8680);
#8679 = CARTESIAN_POINT('',(0.,-14.));
#8680 = VECTOR('',#8681,1.);
#8681 = DIRECTION('',(1.,0.));
#8682 = ( GEOMETRIC_REPRESENTATION_CONTEXT(2) 
PARAMETRIC_REPRESENTATION_CONTEXT() REPRESENTATION_CONTEXT('2D SPACE',''
  ) );
#8683 = PCURVE('',#8574,#8684);
#8684 = DEFINITIONAL_REPRESENTATION('',(#8685),#8689);
#8685 = LINE('',#8686,#8687);
#8686 = CARTESIAN_POINT('',(0.,300.));
#8687 = VECTOR('',#8688,1.);
#8688 = DIRECTION('',(1.,0.));
#8689 = ( GEOMETRIC_REPRESENTATION_CONTEXT(2) 
PARAMETRIC_REPRESENTATION_CONTEXT() REPRESENTATION_CONTEXT('2D SPACE',''
  ) );
#8690 = ORIENTED_EDGE('',*,*,#8691,.F.);
#8691 = EDGE_CURVE('',#8618,#8669,#8692,.T.);
#8692 = SURFACE_CURVE('',#8693,(#8697,#8704),.PCURVE_S1.);
#8693 = LINE('',#8694,#8695);
#8694 = CARTESIAN_POINT('',(150.,-272.,1.664E+03));
#8695 = VECTOR('',#8696,1.);
#8696 = DIRECTION('',(-0.,1.,0.));
#8697 = PCURVE('',#8626,#8698);
#8698 = DEFINITIONAL_REPRESENTATION('',(#8699),#8703);
#8699 = LINE('',#8700,#8701);
#8700 = CARTESIAN_POINT('',(14.,0.));
#8701 = VECTOR('',#8702,1.);
#8702 = DIRECTION('',(0.,-1.));
#8703 = ( GEOMETRIC_REPRESENTATION_CONTEXT(2) 
PARAMETRIC_REPRESENTATION_CONTEXT() REPRESENTATION_CONTEXT('2D SPACE',''
  ) );
#8704 = PCURVE('',#8600,#8705);
#8705 = DEFINITIONAL_REPRESENTATION('',(#8706),#8710);
#8706 = LINE('',#8707,#8708);
#8707 = CARTESIAN_POINT('',(300.,0.));
#8708 = VECTOR('',#8709,1.);
#8709 = DIRECTION('',(0.,1.));
#8710 = ( GEOMETRIC_REPRESENTATION_CONTEXT(2) 
PARAMETRIC_REPRESENTATION_CONTEXT() REPRESENTATION_CONTEXT('2D SPACE',''
  ) );
#8711 = ADVANCED_FACE('',(#8712),#8518,.F.);
#8712 = FACE_BOUND('',#8713,.F.);
#8713 = EDGE_LOOP('',(#8714,#8735,#8736,#8757));
#8714 = ORIENTED_EDGE('',*,*,#8715,.F.);
#8715 = EDGE_CURVE('',#8496,#8616,#8716,.T.);
#8716 = SURFACE_CURVE('',#8717,(#8721,#8728),.PCURVE_S1.);
#8717 = LINE('',#8718,#8719);
#8718 = CARTESIAN_POINT('',(-150.,-272.,1.65E+03));
#8719 = VECTOR('',#8720,1.);
#8720 = DIRECTION('',(1.,0.,-0.));
#8721 = PCURVE('',#8518,#8722);
#8722 = DEFINITIONAL_REPRESENTATION('',(#8723),#8727);
#8723 = LINE('',#8724,#8725);
#8724 = CARTESIAN_POINT('',(0.,0.));
#8725 = VECTOR('',#8726,1.);
#8726 = DIRECTION('',(0.,1.));
#8727 = ( GEOMETRIC_REPRESENTATION_CONTEXT(2) 
PARAMETRIC_REPRESENTATION_CONTEXT() REPRESENTATION_CONTEXT('2D SPACE',''
  ) );
#8728 = PCURVE('',#8546,#8729);
#8729 = DEFINITIONAL_REPRESENTATION('',(#8730),#8734);
#8730 = LINE('',#8731,#8732);
#8731 = CARTESIAN_POINT('',(0.,0.));
#8732 = VECTOR('',#8733,1.);
#8733 = DIRECTION('',(1.,0.));
#8734 = ( GEOMETRIC_REPRESENTATION_CONTEXT(2) 
PARAMETRIC_REPRESENTATION_CONTEXT() REPRESENTATION_CONTEXT('2D SPACE',''
  ) );
#8735 = ORIENTED_EDGE('',*,*,#8495,.T.);
#8736 = ORIENTED_EDGE('',*,*,#8737,.T.);
#8737 = EDGE_CURVE('',#8498,#8618,#8738,.T.);
#8738 = SURFACE_CURVE('',#8739,(#8743,#8750),.PCURVE_S1.);
#8739 = LINE('',#8740,#8741);
#8740 = CARTESIAN_POINT('',(-150.,-272.,1.664E+03));
#8741 = VECTOR('',#8742,1.);
#8742 = DIRECTION('',(1.,0.,-0.));
#8743 = PCURVE('',#8518,#8744);
#8744 = DEFINITIONAL_REPRESENTATION('',(#8745),#8749);
#8745 = LINE('',#8746,#8747);
#8746 = CARTESIAN_POINT('',(14.,0.));
#8747 = VECTOR('',#8748,1.);
#8748 = DIRECTION('',(0.,1.));
#8749 = ( GEOMETRIC_REPRESENTATION_CONTEXT(2) 
PARAMETRIC_REPRESENTATION_CONTEXT() REPRESENTATION_CONTEXT('2D SPACE',''
  ) );
#8750 = PCURVE('',#8600,#8751);
#8751 = DEFINITIONAL_REPRESENTATION('',(#8752),#8756);
#8752 = LINE('',#8753,#8754);
#8753 = CARTESIAN_POINT('',(0.,0.));
#8754 = VECTOR('',#8755,1.);
#8755 = DIRECTION('',(1.,0.));
#8756 = ( GEOMETRIC_REPRESENTATION_CONTEXT(2) 
PARAMETRIC_REPRESENTATION_CONTEXT() REPRESENTATION_CONTEXT('2D SPACE',''
  ) );
#8757 = ORIENTED_EDGE('',*,*,#8615,.F.);
#8758 = ADVANCED_FACE('',(#8759),#8574,.T.);
#8759 = FACE_BOUND('',#8760,.T.);
#8760 = EDGE_LOOP('',(#8761,#8782,#8783,#8804));
#8761 = ORIENTED_EDGE('',*,*,#8762,.F.);
#8762 = EDGE_CURVE('',#8531,#8646,#8763,.T.);
#8763 = SURFACE_CURVE('',#8764,(#8768,#8775),.PCURVE_S1.);
#8764 = LINE('',#8765,#8766);
#8765 = CARTESIAN_POINT('',(-150.,-258.,1.65E+03));
#8766 = VECTOR('',#8767,1.);
#8767 = DIRECTION('',(1.,0.,-0.));
#8768 = PCURVE('',#8574,#8769);
#8769 = DEFINITIONAL_REPRESENTATION('',(#8770),#8774);
#8770 = LINE('',#8771,#8772);
#8771 = CARTESIAN_POINT('',(0.,0.));
#8772 = VECTOR('',#8773,1.);
#8773 = DIRECTION('',(0.,1.));
#8774 = ( GEOMETRIC_REPRESENTATION_CONTEXT(2) 
PARAMETRIC_REPRESENTATION_CONTEXT() REPRESENTATION_CONTEXT('2D SPACE',''
  ) );
#8775 = PCURVE('',#8546,#8776);
#8776 = DEFINITIONAL_REPRESENTATION('',(#8777),#8781);
#8777 = LINE('',#8778,#8779);
#8778 = CARTESIAN_POINT('',(0.,14.));
#8779 = VECTOR('',#8780,1.);
#8780 = DIRECTION('',(1.,0.));
#8781 = ( GEOMETRIC_REPRESENTATION_CONTEXT(2) 
PARAMETRIC_REPRESENTATION_CONTEXT() REPRESENTATION_CONTEXT('2D SPACE',''
  ) );
#8782 = ORIENTED_EDGE('',*,*,#8558,.T.);
#8783 = ORIENTED_EDGE('',*,*,#8784,.T.);
#8784 = EDGE_CURVE('',#8559,#8669,#8785,.T.);
#8785 = SURFACE_CURVE('',#8786,(#8790,#8797),.PCURVE_S1.);
#8786 = LINE('',#8787,#8788);
#8787 = CARTESIAN_POINT('',(-150.,-258.,1.664E+03));
#8788 = VECTOR('',#8789,1.);
#8789 = DIRECTION('',(1.,0.,-0.));
#8790 = PCURVE('',#8574,#8791);
#8791 = DEFINITIONAL_REPRESENTATION('',(#8792),#8796);
#8792 = LINE('',#8793,#8794);
#8793 = CARTESIAN_POINT('',(14.,0.));
#8794 = VECTOR('',#8795,1.);
#8795 = DIRECTION('',(0.,1.));
#8796 = ( GEOMETRIC_REPRESENTATION_CONTEXT(2) 
PARAMETRIC_REPRESENTATION_CONTEXT() REPRESENTATION_CONTEXT('2D SPACE',''
  ) );
#8797 = PCURVE('',#8600,#8798);
#8798 = DEFINITIONAL_REPRESENTATION('',(#8799),#8803);
#8799 = LINE('',#8800,#8801);
#8800 = CARTESIAN_POINT('',(0.,14.));
#8801 = VECTOR('',#8802,1.);
#8802 = DIRECTION('',(1.,0.));
#8803 = ( GEOMETRIC_REPRESENTATION_CONTEXT(2) 
PARAMETRIC_REPRESENTATION_CONTEXT() REPRESENTATION_CONTEXT('2D SPACE',''
  ) );
#8804 = ORIENTED_EDGE('',*,*,#8668,.F.);
#8805 = ADVANCED_FACE('',(#8806),#8546,.F.);
#8806 = FACE_BOUND('',#8807,.F.);
#8807 = EDGE_LOOP('',(#8808,#8809,#8810,#8811));
#8808 = ORIENTED_EDGE('',*,*,#8530,.F.);
#8809 = ORIENTED_EDGE('',*,*,#8715,.T.);
#8810 = ORIENTED_EDGE('',*,*,#8645,.T.);
#8811 = ORIENTED_EDGE('',*,*,#8762,.F.);
#8812 = ADVANCED_FACE('',(#8813),#8600,.T.);
#8813 = FACE_BOUND('',#8814,.T.);
#8814 = EDGE_LOOP('',(#8815,#8816,#8817,#8818));
#8815 = ORIENTED_EDGE('',*,*,#8586,.F.);
#8816 = ORIENTED_EDGE('',*,*,#8737,.T.);
#8817 = ORIENTED_EDGE('',*,*,#8691,.T.);
#8818 = ORIENTED_EDGE('',*,*,#8784,.F.);
#8819 = ( GEOMETRIC_REPRESENTATION_CONTEXT(3) 
GLOBAL_UNCERTAINTY_ASSIGNED_CONTEXT((#8823)) 
GLOBAL_UNIT_ASSIGNED_CONTEXT((#8820,#8821,#8822)) REPRESENTATION_CONTEXT
('Context #1','3D Context with UNIT and UNCERTAINTY') );
#8820 = ( LENGTH_UNIT() NAMED_UNIT(*) SI_UNIT(.MILLI.,.METRE.) );
#8821 = ( NAMED_UNIT(*) PLANE_ANGLE_UNIT() SI_UNIT($,.RADIAN.) );
#8822 = ( NAMED_UNIT(*) SI_UNIT($,.STERADIAN.) SOLID_ANGLE_UNIT() );
#8823 = UNCERTAINTY_MEASURE_WITH_UNIT(LENGTH_MEASURE(2.E-07),#8820,
  'distance_accuracy_value','confusion accuracy');
#8824 = CONTEXT_DEPENDENT_SHAPE_REPRESENTATION(#8825,#8827);
#8825 = ( REPRESENTATION_RELATIONSHIP('','',#7542,#10) 
REPRESENTATION_RELATIONSHIP_WITH_TRANSFORMATION(#8826) 
SHAPE_REPRESENTATION_RELATIONSHIP() );
#8826 = ITEM_DEFINED_TRANSFORMATION('','',#11,#47);
#8827 = PRODUCT_DEFINITION_SHAPE('Placement','Placement of an item',
  #8828);
#8828 = NEXT_ASSEMBLY_USAGE_OCCURRENCE('9','=>[0:1:1:10]','',#5,#7537,$
  );
#8829 = PRODUCT_RELATED_PRODUCT_CATEGORY('part',$,(#7539));
#8830 = SHAPE_DEFINITION_REPRESENTATION(#8831,#8837);
#8831 = PRODUCT_DEFINITION_SHAPE('','',#8832);
#8832 = PRODUCT_DEFINITION('design','',#8833,#8836);
#8833 = PRODUCT_DEFINITION_FORMATION('','',#8834);
#8834 = PRODUCT('COMPOUND','COMPOUND','',(#8835));
#8835 = PRODUCT_CONTEXT('',#2,'mechanical');
#8836 = PRODUCT_DEFINITION_CONTEXT('part definition',#2,'design');
#8837 = ADVANCED_BREP_SHAPE_REPRESENTATION('',(#11,#8838),#10464);
#8838 = BREP_WITH_VOIDS('',#8839,(#9490));
#8839 = CLOSED_SHELL('',(#8840,#8960,#9036,#9085,#9248,#9275,#9282,#9358
    ,#9407,#9456,#9483));
#8840 = ADVANCED_FACE('',(#8841),#8855,.F.);
#8841 = FACE_BOUND('',#8842,.F.);
#8842 = EDGE_LOOP('',(#8843,#8878,#8906,#8934));
#8843 = ORIENTED_EDGE('',*,*,#8844,.F.);
#8844 = EDGE_CURVE('',#8845,#8847,#8849,.T.);
#8845 = VERTEX_POINT('',#8846);
#8846 = CARTESIAN_POINT('',(-180.,50.,300.));
#8847 = VERTEX_POINT('',#8848);
#8848 = CARTESIAN_POINT('',(-180.,50.,760.));
#8849 = SURFACE_CURVE('',#8850,(#8854,#8866),.PCURVE_S1.);
#8850 = LINE('',#8851,#8852);
#8851 = CARTESIAN_POINT('',(-180.,50.,300.));
#8852 = VECTOR('',#8853,1.);
#8853 = DIRECTION('',(0.,0.,1.));
#8854 = PCURVE('',#8855,#8860);
#8855 = PLANE('',#8856);
#8856 = AXIS2_PLACEMENT_3D('',#8857,#8858,#8859);
#8857 = CARTESIAN_POINT('',(-180.,50.,300.));
#8858 = DIRECTION('',(1.,0.,-0.));
#8859 = DIRECTION('',(0.,0.,1.));
#8860 = DEFINITIONAL_REPRESENTATION('',(#8861),#8865);
#8861 = LINE('',#8862,#8863);
#8862 = CARTESIAN_POINT('',(0.,0.));
#8863 = VECTOR('',#8864,1.);
#8864 = DIRECTION('',(1.,0.));
#8865 = ( GEOMETRIC_REPRESENTATION_CONTEXT(2) 
PARAMETRIC_REPRESENTATION_CONTEXT() REPRESENTATION_CONTEXT('2D SPACE',''
  ) );
#8866 = PCURVE('',#8867,#8872);
#8867 = PLANE('',#8868);
#8868 = AXIS2_PLACEMENT_3D('',#8869,#8870,#8871);
#8869 = CARTESIAN_POINT('',(-180.,50.,300.));
#8870 = DIRECTION('',(-0.,1.,0.));
#8871 = DIRECTION('',(0.,0.,1.));
#8872 = DEFINITIONAL_REPRESENTATION('',(#8873),#8877);
#8873 = LINE('',#8874,#8875);
#8874 = CARTESIAN_POINT('',(0.,0.));
#8875 = VECTOR('',#8876,1.);
#8876 = DIRECTION('',(1.,0.));
#8877 = ( GEOMETRIC_REPRESENTATION_CONTEXT(2) 
PARAMETRIC_REPRESENTATION_CONTEXT() REPRESENTATION_CONTEXT('2D SPACE',''
  ) );
#8878 = ORIENTED_EDGE('',*,*,#8879,.T.);
#8879 = EDGE_CURVE('',#8845,#8880,#8882,.T.);
#8880 = VERTEX_POINT('',#8881);
#8881 = CARTESIAN_POINT('',(-180.,210.,300.));
#8882 = SURFACE_CURVE('',#8883,(#8887,#8894),.PCURVE_S1.);
#8883 = LINE('',#8884,#8885);
#8884 = CARTESIAN_POINT('',(-180.,50.,300.));
#8885 = VECTOR('',#8886,1.);
#8886 = DIRECTION('',(-0.,1.,0.));
#8887 = PCURVE('',#8855,#8888);
#8888 = DEFINITIONAL_REPRESENTATION('',(#8889),#8893);
#8889 = LINE('',#8890,#8891);
#8890 = CARTESIAN_POINT('',(0.,0.));
#8891 = VECTOR('',#8892,1.);
#8892 = DIRECTION('',(0.,-1.));
#8893 = ( GEOMETRIC_REPRESENTATION_CONTEXT(2) 
PARAMETRIC_REPRESENTATION_CONTEXT() REPRESENTATION_CONTEXT('2D SPACE',''
  ) );
#8894 = PCURVE('',#8895,#8900);
#8895 = PLANE('',#8896);
#8896 = AXIS2_PLACEMENT_3D('',#8897,#8898,#8899);
#8897 = CARTESIAN_POINT('',(-180.,50.,300.));
#8898 = DIRECTION('',(0.,0.,1.));
#8899 = DIRECTION('',(1.,0.,-0.));
#8900 = DEFINITIONAL_REPRESENTATION('',(#8901),#8905);
#8901 = LINE('',#8902,#8903);
#8902 = CARTESIAN_POINT('',(0.,0.));
#8903 = VECTOR('',#8904,1.);
#8904 = DIRECTION('',(0.,1.));
#8905 = ( GEOMETRIC_REPRESENTATION_CONTEXT(2) 
PARAMETRIC_REPRESENTATION_CONTEXT() REPRESENTATION_CONTEXT('2D SPACE',''
  ) );
#8906 = ORIENTED_EDGE('',*,*,#8907,.T.);
#8907 = EDGE_CURVE('',#8880,#8908,#8910,.T.);
#8908 = VERTEX_POINT('',#8909);
#8909 = CARTESIAN_POINT('',(-180.,210.,760.));
#8910 = SURFACE_CURVE('',#8911,(#8915,#8922),.PCURVE_S1.);
#8911 = LINE('',#8912,#8913);
#8912 = CARTESIAN_POINT('',(-180.,210.,300.));
#8913 = VECTOR('',#8914,1.);
#8914 = DIRECTION('',(0.,0.,1.));
#8915 = PCURVE('',#8855,#8916);
#8916 = DEFINITIONAL_REPRESENTATION('',(#8917),#8921);
#8917 = LINE('',#8918,#8919);
#8918 = CARTESIAN_POINT('',(0.,-160.));
#8919 = VECTOR('',#8920,1.);
#8920 = DIRECTION('',(1.,0.));
#8921 = ( GEOMETRIC_REPRESENTATION_CONTEXT(2) 
PARAMETRIC_REPRESENTATION_CONTEXT() REPRESENTATION_CONTEXT('2D SPACE',''
  ) );
#8922 = PCURVE('',#8923,#8928);
#8923 = PLANE('',#8924);
#8924 = AXIS2_PLACEMENT_3D('',#8925,#8926,#8927);
#8925 = CARTESIAN_POINT('',(-180.,210.,300.));
#8926 = DIRECTION('',(-0.,1.,0.));
#8927 = DIRECTION('',(0.,0.,1.));
#8928 = DEFINITIONAL_REPRESENTATION('',(#8929),#8933);
#8929 = LINE('',#8930,#8931);
#8930 = CARTESIAN_POINT('',(0.,0.));
#8931 = VECTOR('',#8932,1.);
#8932 = DIRECTION('',(1.,0.));
#8933 = ( GEOMETRIC_REPRESENTATION_CONTEXT(2) 
PARAMETRIC_REPRESENTATION_CONTEXT() REPRESENTATION_CONTEXT('2D SPACE',''
  ) );
#8934 = ORIENTED_EDGE('',*,*,#8935,.F.);
#8935 = EDGE_CURVE('',#8847,#8908,#8936,.T.);
#8936 = SURFACE_CURVE('',#8937,(#8941,#8948),.PCURVE_S1.);
#8937 = LINE('',#8938,#8939);
#8938 = CARTESIAN_POINT('',(-180.,50.,760.));
#8939 = VECTOR('',#8940,1.);
#8940 = DIRECTION('',(-0.,1.,0.));
#8941 = PCURVE('',#8855,#8942);
#8942 = DEFINITIONAL_REPRESENTATION('',(#8943),#8947);
#8943 = LINE('',#8944,#8945);
#8944 = CARTESIAN_POINT('',(460.,0.));
#8945 = VECTOR('',#8946,1.);
#8946 = DIRECTION('',(0.,-1.));
#8947 = ( GEOMETRIC_REPRESENTATION_CONTEXT(2) 
PARAMETRIC_REPRESENTATION_CONTEXT() REPRESENTATION_CONTEXT('2D SPACE',''
  ) );
#8948 = PCURVE('',#8949,#8954);
#8949 = PLANE('',#8950);
#8950 = AXIS2_PLACEMENT_3D('',#8951,#8952,#8953);
#8951 = CARTESIAN_POINT('',(-180.,50.,760.));
#8952 = DIRECTION('',(0.,0.,1.));
#8953 = DIRECTION('',(1.,0.,-0.));
#8954 = DEFINITIONAL_REPRESENTATION('',(#8955),#8959);
#8955 = LINE('',#8956,#8957);
#8956 = CARTESIAN_POINT('',(0.,0.));
#8957 = VECTOR('',#8958,1.);
#8958 = DIRECTION('',(0.,1.));
#8959 = ( GEOMETRIC_REPRESENTATION_CONTEXT(2) 
PARAMETRIC_REPRESENTATION_CONTEXT() REPRESENTATION_CONTEXT('2D SPACE',''
  ) );
#8960 = ADVANCED_FACE('',(#8961),#8867,.F.);
#8961 = FACE_BOUND('',#8962,.F.);
#8962 = EDGE_LOOP('',(#8963,#8986,#8987,#9010));
#8963 = ORIENTED_EDGE('',*,*,#8964,.F.);
#8964 = EDGE_CURVE('',#8845,#8965,#8967,.T.);
#8965 = VERTEX_POINT('',#8966);
#8966 = CARTESIAN_POINT('',(180.,50.,300.));
#8967 = SURFACE_CURVE('',#8968,(#8972,#8979),.PCURVE_S1.);
#8968 = LINE('',#8969,#8970);
#8969 = CARTESIAN_POINT('',(-180.,50.,300.));
#8970 = VECTOR('',#8971,1.);
#8971 = DIRECTION('',(1.,0.,-0.));
#8972 = PCURVE('',#8867,#8973);
#8973 = DEFINITIONAL_REPRESENTATION('',(#8974),#8978);
#8974 = LINE('',#8975,#8976);
#8975 = CARTESIAN_POINT('',(0.,0.));
#8976 = VECTOR('',#8977,1.);
#8977 = DIRECTION('',(0.,1.));
#8978 = ( GEOMETRIC_REPRESENTATION_CONTEXT(2) 
PARAMETRIC_REPRESENTATION_CONTEXT() REPRESENTATION_CONTEXT('2D SPACE',''
  ) );
#8979 = PCURVE('',#8895,#8980);
#8980 = DEFINITIONAL_REPRESENTATION('',(#8981),#8985);
#8981 = LINE('',#8982,#8983);
#8982 = CARTESIAN_POINT('',(0.,0.));
#8983 = VECTOR('',#8984,1.);
#8984 = DIRECTION('',(1.,0.));
#8985 = ( GEOMETRIC_REPRESENTATION_CONTEXT(2) 
PARAMETRIC_REPRESENTATION_CONTEXT() REPRESENTATION_CONTEXT('2D SPACE',''
  ) );
#8986 = ORIENTED_EDGE('',*,*,#8844,.T.);
#8987 = ORIENTED_EDGE('',*,*,#8988,.T.);
#8988 = EDGE_CURVE('',#8847,#8989,#8991,.T.);
#8989 = VERTEX_POINT('',#8990);
#8990 = CARTESIAN_POINT('',(180.,50.,760.));
#8991 = SURFACE_CURVE('',#8992,(#8996,#9003),.PCURVE_S1.);
#8992 = LINE('',#8993,#8994);
#8993 = CARTESIAN_POINT('',(-180.,50.,760.));
#8994 = VECTOR('',#8995,1.);
#8995 = DIRECTION('',(1.,0.,-0.));
#8996 = PCURVE('',#8867,#8997);
#8997 = DEFINITIONAL_REPRESENTATION('',(#8998),#9002);
#8998 = LINE('',#8999,#9000);
#8999 = CARTESIAN_POINT('',(460.,0.));
#9000 = VECTOR('',#9001,1.);
#9001 = DIRECTION('',(0.,1.));
#9002 = ( GEOMETRIC_REPRESENTATION_CONTEXT(2) 
PARAMETRIC_REPRESENTATION_CONTEXT() REPRESENTATION_CONTEXT('2D SPACE',''
  ) );
#9003 = PCURVE('',#8949,#9004);
#9004 = DEFINITIONAL_REPRESENTATION('',(#9005),#9009);
#9005 = LINE('',#9006,#9007);
#9006 = CARTESIAN_POINT('',(0.,0.));
#9007 = VECTOR('',#9008,1.);
#9008 = DIRECTION('',(1.,0.));
#9009 = ( GEOMETRIC_REPRESENTATION_CONTEXT(2) 
PARAMETRIC_REPRESENTATION_CONTEXT() REPRESENTATION_CONTEXT('2D SPACE',''
  ) );
#9010 = ORIENTED_EDGE('',*,*,#9011,.F.);
#9011 = EDGE_CURVE('',#8965,#8989,#9012,.T.);
#9012 = SURFACE_CURVE('',#9013,(#9017,#9024),.PCURVE_S1.);
#9013 = LINE('',#9014,#9015);
#9014 = CARTESIAN_POINT('',(180.,50.,300.));
#9015 = VECTOR('',#9016,1.);
#9016 = DIRECTION('',(0.,0.,1.));
#9017 = PCURVE('',#8867,#9018);
#9018 = DEFINITIONAL_REPRESENTATION('',(#9019),#9023);
#9019 = LINE('',#9020,#9021);
#9020 = CARTESIAN_POINT('',(0.,360.));
#9021 = VECTOR('',#9022,1.);
#9022 = DIRECTION('',(1.,0.));
#9023 = ( GEOMETRIC_REPRESENTATION_CONTEXT(2) 
PARAMETRIC_REPRESENTATION_CONTEXT() REPRESENTATION_CONTEXT('2D SPACE',''
  ) );
#9024 = PCURVE('',#9025,#9030);
#9025 = PLANE('',#9026);
#9026 = AXIS2_PLACEMENT_3D('',#9027,#9028,#9029);
#9027 = CARTESIAN_POINT('',(180.,50.,300.));
#9028 = DIRECTION('',(1.,0.,-0.));
#9029 = DIRECTION('',(0.,0.,1.));
#9030 = DEFINITIONAL_REPRESENTATION('',(#9031),#9035);
#9031 = LINE('',#9032,#9033);
#9032 = CARTESIAN_POINT('',(0.,0.));
#9033 = VECTOR('',#9034,1.);
#9034 = DIRECTION('',(1.,0.));
#9035 = ( GEOMETRIC_REPRESENTATION_CONTEXT(2) 
PARAMETRIC_REPRESENTATION_CONTEXT() REPRESENTATION_CONTEXT('2D SPACE',''
  ) );
#9036 = ADVANCED_FACE('',(#9037),#8949,.T.);
#9037 = FACE_BOUND('',#9038,.T.);
#9038 = EDGE_LOOP('',(#9039,#9040,#9041,#9064));
#9039 = ORIENTED_EDGE('',*,*,#8935,.F.);
#9040 = ORIENTED_EDGE('',*,*,#8988,.T.);
#9041 = ORIENTED_EDGE('',*,*,#9042,.T.);
#9042 = EDGE_CURVE('',#8989,#9043,#9045,.T.);
#9043 = VERTEX_POINT('',#9044);
#9044 = CARTESIAN_POINT('',(180.,210.,760.));
#9045 = SURFACE_CURVE('',#9046,(#9050,#9057),.PCURVE_S1.);
#9046 = LINE('',#9047,#9048);
#9047 = CARTESIAN_POINT('',(180.,50.,760.));
#9048 = VECTOR('',#9049,1.);
#9049 = DIRECTION('',(-0.,1.,0.));
#9050 = PCURVE('',#8949,#9051);
#9051 = DEFINITIONAL_REPRESENTATION('',(#9052),#9056);
#9052 = LINE('',#9053,#9054);
#9053 = CARTESIAN_POINT('',(360.,0.));
#9054 = VECTOR('',#9055,1.);
#9055 = DIRECTION('',(0.,1.));
#9056 = ( GEOMETRIC_REPRESENTATION_CONTEXT(2) 
PARAMETRIC_REPRESENTATION_CONTEXT() REPRESENTATION_CONTEXT('2D SPACE',''
  ) );
#9057 = PCURVE('',#9025,#9058);
#9058 = DEFINITIONAL_REPRESENTATION('',(#9059),#9063);
#9059 = LINE('',#9060,#9061);
#9060 = CARTESIAN_POINT('',(460.,0.));
#9061 = VECTOR('',#9062,1.);
#9062 = DIRECTION('',(0.,-1.));
#9063 = ( GEOMETRIC_REPRESENTATION_CONTEXT(2) 
PARAMETRIC_REPRESENTATION_CONTEXT() REPRESENTATION_CONTEXT('2D SPACE',''
  ) );
#9064 = ORIENTED_EDGE('',*,*,#9065,.F.);
#9065 = EDGE_CURVE('',#8908,#9043,#9066,.T.);
#9066 = SURFACE_CURVE('',#9067,(#9071,#9078),.PCURVE_S1.);
#9067 = LINE('',#9068,#9069);
#9068 = CARTESIAN_POINT('',(-180.,210.,760.));
#9069 = VECTOR('',#9070,1.);
#9070 = DIRECTION('',(1.,0.,-0.));
#9071 = PCURVE('',#8949,#9072);
#9072 = DEFINITIONAL_REPRESENTATION('',(#9073),#9077);
#9073 = LINE('',#9074,#9075);
#9074 = CARTESIAN_POINT('',(0.,160.));
#9075 = VECTOR('',#9076,1.);
#9076 = DIRECTION('',(1.,0.));
#9077 = ( GEOMETRIC_REPRESENTATION_CONTEXT(2) 
PARAMETRIC_REPRESENTATION_CONTEXT() REPRESENTATION_CONTEXT('2D SPACE',''
  ) );
#9078 = PCURVE('',#8923,#9079);
#9079 = DEFINITIONAL_REPRESENTATION('',(#9080),#9084);
#9080 = LINE('',#9081,#9082);
#9081 = CARTESIAN_POINT('',(460.,0.));
#9082 = VECTOR('',#9083,1.);
#9083 = DIRECTION('',(0.,1.));
#9084 = ( GEOMETRIC_REPRESENTATION_CONTEXT(2) 
PARAMETRIC_REPRESENTATION_CONTEXT() REPRESENTATION_CONTEXT('2D SPACE',''
  ) );
#9085 = ADVANCED_FACE('',(#9086,#9134),#8923,.T.);
#9086 = FACE_BOUND('',#9087,.T.);
#9087 = EDGE_LOOP('',(#9088,#9111,#9112,#9113));
#9088 = ORIENTED_EDGE('',*,*,#9089,.F.);
#9089 = EDGE_CURVE('',#8880,#9090,#9092,.T.);
#9090 = VERTEX_POINT('',#9091);
#9091 = CARTESIAN_POINT('',(180.,210.,300.));
#9092 = SURFACE_CURVE('',#9093,(#9097,#9104),.PCURVE_S1.);
#9093 = LINE('',#9094,#9095);
#9094 = CARTESIAN_POINT('',(-180.,210.,300.));
#9095 = VECTOR('',#9096,1.);
#9096 = DIRECTION('',(1.,0.,-0.));
#9097 = PCURVE('',#8923,#9098);
#9098 = DEFINITIONAL_REPRESENTATION('',(#9099),#9103);
#9099 = LINE('',#9100,#9101);
#9100 = CARTESIAN_POINT('',(0.,0.));
#9101 = VECTOR('',#9102,1.);
#9102 = DIRECTION('',(0.,1.));
#9103 = ( GEOMETRIC_REPRESENTATION_CONTEXT(2) 
PARAMETRIC_REPRESENTATION_CONTEXT() REPRESENTATION_CONTEXT('2D SPACE',''
  ) );
#9104 = PCURVE('',#8895,#9105);
#9105 = DEFINITIONAL_REPRESENTATION('',(#9106),#9110);
#9106 = LINE('',#9107,#9108);
#9107 = CARTESIAN_POINT('',(0.,160.));
#9108 = VECTOR('',#9109,1.);
#9109 = DIRECTION('',(1.,0.));
#9110 = ( GEOMETRIC_REPRESENTATION_CONTEXT(2) 
PARAMETRIC_REPRESENTATION_CONTEXT() REPRESENTATION_CONTEXT('2D SPACE',''
  ) );
#9111 = ORIENTED_EDGE('',*,*,#8907,.T.);
#9112 = ORIENTED_EDGE('',*,*,#9065,.T.);
#9113 = ORIENTED_EDGE('',*,*,#9114,.F.);
#9114 = EDGE_CURVE('',#9090,#9043,#9115,.T.);
#9115 = SURFACE_CURVE('',#9116,(#9120,#9127),.PCURVE_S1.);
#9116 = LINE('',#9117,#9118);
#9117 = CARTESIAN_POINT('',(180.,210.,300.));
#9118 = VECTOR('',#9119,1.);
#9119 = DIRECTION('',(0.,0.,1.));
#9120 = PCURVE('',#8923,#9121);
#9121 = DEFINITIONAL_REPRESENTATION('',(#9122),#9126);
#9122 = LINE('',#9123,#9124);
#9123 = CARTESIAN_POINT('',(0.,360.));
#9124 = VECTOR('',#9125,1.);
#9125 = DIRECTION('',(1.,0.));
#9126 = ( GEOMETRIC_REPRESENTATION_CONTEXT(2) 
PARAMETRIC_REPRESENTATION_CONTEXT() REPRESENTATION_CONTEXT('2D SPACE',''
  ) );
#9127 = PCURVE('',#9025,#9128);
#9128 = DEFINITIONAL_REPRESENTATION('',(#9129),#9133);
#9129 = LINE('',#9130,#9131);
#9130 = CARTESIAN_POINT('',(0.,-160.));
#9131 = VECTOR('',#9132,1.);
#9132 = DIRECTION('',(1.,0.));
#9133 = ( GEOMETRIC_REPRESENTATION_CONTEXT(2) 
PARAMETRIC_REPRESENTATION_CONTEXT() REPRESENTATION_CONTEXT('2D SPACE',''
  ) );
#9134 = FACE_BOUND('',#9135,.T.);
#9135 = EDGE_LOOP('',(#9136,#9166,#9194,#9222));
#9136 = ORIENTED_EDGE('',*,*,#9137,.F.);
#9137 = EDGE_CURVE('',#9138,#9140,#9142,.T.);
#9138 = VERTEX_POINT('',#9139);
#9139 = CARTESIAN_POINT('',(-120.,210.,560.));
#9140 = VERTEX_POINT('',#9141);
#9141 = CARTESIAN_POINT('',(-90.,210.,560.));
#9142 = SURFACE_CURVE('',#9143,(#9147,#9154),.PCURVE_S1.);
#9143 = LINE('',#9144,#9145);
#9144 = CARTESIAN_POINT('',(-120.,210.,560.));
#9145 = VECTOR('',#9146,1.);
#9146 = DIRECTION('',(1.,0.,-0.));
#9147 = PCURVE('',#8923,#9148);
#9148 = DEFINITIONAL_REPRESENTATION('',(#9149),#9153);
#9149 = LINE('',#9150,#9151);
#9150 = CARTESIAN_POINT('',(260.,60.));
#9151 = VECTOR('',#9152,1.);
#9152 = DIRECTION('',(0.,1.));
#9153 = ( GEOMETRIC_REPRESENTATION_CONTEXT(2) 
PARAMETRIC_REPRESENTATION_CONTEXT() REPRESENTATION_CONTEXT('2D SPACE',''
  ) );
#9154 = PCURVE('',#9155,#9160);
#9155 = PLANE('',#9156);
#9156 = AXIS2_PLACEMENT_3D('',#9157,#9158,#9159);
#9157 = CARTESIAN_POINT('',(-120.,210.,560.));
#9158 = DIRECTION('',(0.,0.,1.));
#9159 = DIRECTION('',(1.,0.,-0.));
#9160 = DEFINITIONAL_REPRESENTATION('',(#9161),#9165);
#9161 = LINE('',#9162,#9163);
#9162 = CARTESIAN_POINT('',(0.,0.));
#9163 = VECTOR('',#9164,1.);
#9164 = DIRECTION('',(1.,0.));
#9165 = ( GEOMETRIC_REPRESENTATION_CONTEXT(2) 
PARAMETRIC_REPRESENTATION_CONTEXT() REPRESENTATION_CONTEXT('2D SPACE',''
  ) );
#9166 = ORIENTED_EDGE('',*,*,#9167,.F.);
#9167 = EDGE_CURVE('',#9168,#9138,#9170,.T.);
#9168 = VERTEX_POINT('',#9169);
#9169 = CARTESIAN_POINT('',(-120.,210.,500.));
#9170 = SURFACE_CURVE('',#9171,(#9175,#9182),.PCURVE_S1.);
#9171 = LINE('',#9172,#9173);
#9172 = CARTESIAN_POINT('',(-120.,210.,500.));
#9173 = VECTOR('',#9174,1.);
#9174 = DIRECTION('',(0.,0.,1.));
#9175 = PCURVE('',#8923,#9176);
#9176 = DEFINITIONAL_REPRESENTATION('',(#9177),#9181);
#9177 = LINE('',#9178,#9179);
#9178 = CARTESIAN_POINT('',(200.,60.));
#9179 = VECTOR('',#9180,1.);
#9180 = DIRECTION('',(1.,0.));
#9181 = ( GEOMETRIC_REPRESENTATION_CONTEXT(2) 
PARAMETRIC_REPRESENTATION_CONTEXT() REPRESENTATION_CONTEXT('2D SPACE',''
  ) );
#9182 = PCURVE('',#9183,#9188);
#9183 = PLANE('',#9184);
#9184 = AXIS2_PLACEMENT_3D('',#9185,#9186,#9187);
#9185 = CARTESIAN_POINT('',(-120.,210.,500.));
#9186 = DIRECTION('',(1.,0.,-0.));
#9187 = DIRECTION('',(0.,0.,1.));
#9188 = DEFINITIONAL_REPRESENTATION('',(#9189),#9193);
#9189 = LINE('',#9190,#9191);
#9190 = CARTESIAN_POINT('',(0.,0.));
#9191 = VECTOR('',#9192,1.);
#9192 = DIRECTION('',(1.,0.));
#9193 = ( GEOMETRIC_REPRESENTATION_CONTEXT(2) 
PARAMETRIC_REPRESENTATION_CONTEXT() REPRESENTATION_CONTEXT('2D SPACE',''
  ) );
#9194 = ORIENTED_EDGE('',*,*,#9195,.T.);
#9195 = EDGE_CURVE('',#9168,#9196,#9198,.T.);
#9196 = VERTEX_POINT('',#9197);
#9197 = CARTESIAN_POINT('',(-90.,210.,500.));
#9198 = SURFACE_CURVE('',#9199,(#9203,#9210),.PCURVE_S1.);
#9199 = LINE('',#9200,#9201);
#9200 = CARTESIAN_POINT('',(-120.,210.,500.));
#9201 = VECTOR('',#9202,1.);
#9202 = DIRECTION('',(1.,0.,-0.));
#9203 = PCURVE('',#8923,#9204);
#9204 = DEFINITIONAL_REPRESENTATION('',(#9205),#9209);
#9205 = LINE('',#9206,#9207);
#9206 = CARTESIAN_POINT('',(200.,60.));
#9207 = VECTOR('',#9208,1.);
#9208 = DIRECTION('',(0.,1.));
#9209 = ( GEOMETRIC_REPRESENTATION_CONTEXT(2) 
PARAMETRIC_REPRESENTATION_CONTEXT() REPRESENTATION_CONTEXT('2D SPACE',''
  ) );
#9210 = PCURVE('',#9211,#9216);
#9211 = PLANE('',#9212);
#9212 = AXIS2_PLACEMENT_3D('',#9213,#9214,#9215);
#9213 = CARTESIAN_POINT('',(-120.,210.,500.));
#9214 = DIRECTION('',(0.,0.,1.));
#9215 = DIRECTION('',(1.,0.,-0.));
#9216 = DEFINITIONAL_REPRESENTATION('',(#9217),#9221);
#9217 = LINE('',#9218,#9219);
#9218 = CARTESIAN_POINT('',(0.,0.));
#9219 = VECTOR('',#9220,1.);
#9220 = DIRECTION('',(1.,0.));
#9221 = ( GEOMETRIC_REPRESENTATION_CONTEXT(2) 
PARAMETRIC_REPRESENTATION_CONTEXT() REPRESENTATION_CONTEXT('2D SPACE',''
  ) );
#9222 = ORIENTED_EDGE('',*,*,#9223,.T.);
#9223 = EDGE_CURVE('',#9196,#9140,#9224,.T.);
#9224 = SURFACE_CURVE('',#9225,(#9229,#9236),.PCURVE_S1.);
#9225 = LINE('',#9226,#9227);
#9226 = CARTESIAN_POINT('',(-90.,210.,500.));
#9227 = VECTOR('',#9228,1.);
#9228 = DIRECTION('',(0.,0.,1.));
#9229 = PCURVE('',#8923,#9230);
#9230 = DEFINITIONAL_REPRESENTATION('',(#9231),#9235);
#9231 = LINE('',#9232,#9233);
#9232 = CARTESIAN_POINT('',(200.,90.));
#9233 = VECTOR('',#9234,1.);
#9234 = DIRECTION('',(1.,0.));
#9235 = ( GEOMETRIC_REPRESENTATION_CONTEXT(2) 
PARAMETRIC_REPRESENTATION_CONTEXT() REPRESENTATION_CONTEXT('2D SPACE',''
  ) );
#9236 = PCURVE('',#9237,#9242);
#9237 = PLANE('',#9238);
#9238 = AXIS2_PLACEMENT_3D('',#9239,#9240,#9241);
#9239 = CARTESIAN_POINT('',(-90.,210.,500.));
#9240 = DIRECTION('',(1.,0.,-0.));
#9241 = DIRECTION('',(0.,0.,1.));
#9242 = DEFINITIONAL_REPRESENTATION('',(#9243),#9247);
#9243 = LINE('',#9244,#9245);
#9244 = CARTESIAN_POINT('',(0.,0.));
#9245 = VECTOR('',#9246,1.);
#9246 = DIRECTION('',(1.,0.));
#9247 = ( GEOMETRIC_REPRESENTATION_CONTEXT(2) 
PARAMETRIC_REPRESENTATION_CONTEXT() REPRESENTATION_CONTEXT('2D SPACE',''
  ) );
#9248 = ADVANCED_FACE('',(#9249),#8895,.F.);
#9249 = FACE_BOUND('',#9250,.F.);
#9250 = EDGE_LOOP('',(#9251,#9252,#9253,#9274));
#9251 = ORIENTED_EDGE('',*,*,#8879,.F.);
#9252 = ORIENTED_EDGE('',*,*,#8964,.T.);
#9253 = ORIENTED_EDGE('',*,*,#9254,.T.);
#9254 = EDGE_CURVE('',#8965,#9090,#9255,.T.);
#9255 = SURFACE_CURVE('',#9256,(#9260,#9267),.PCURVE_S1.);
#9256 = LINE('',#9257,#9258);
#9257 = CARTESIAN_POINT('',(180.,50.,300.));
#9258 = VECTOR('',#9259,1.);
#9259 = DIRECTION('',(-0.,1.,0.));
#9260 = PCURVE('',#8895,#9261);
#9261 = DEFINITIONAL_REPRESENTATION('',(#9262),#9266);
#9262 = LINE('',#9263,#9264);
#9263 = CARTESIAN_POINT('',(360.,0.));
#9264 = VECTOR('',#9265,1.);
#9265 = DIRECTION('',(0.,1.));
#9266 = ( GEOMETRIC_REPRESENTATION_CONTEXT(2) 
PARAMETRIC_REPRESENTATION_CONTEXT() REPRESENTATION_CONTEXT('2D SPACE',''
  ) );
#9267 = PCURVE('',#9025,#9268);
#9268 = DEFINITIONAL_REPRESENTATION('',(#9269),#9273);
#9269 = LINE('',#9270,#9271);
#9270 = CARTESIAN_POINT('',(0.,0.));
#9271 = VECTOR('',#9272,1.);
#9272 = DIRECTION('',(0.,-1.));
#9273 = ( GEOMETRIC_REPRESENTATION_CONTEXT(2) 
PARAMETRIC_REPRESENTATION_CONTEXT() REPRESENTATION_CONTEXT('2D SPACE',''
  ) );
#9274 = ORIENTED_EDGE('',*,*,#9089,.F.);
#9275 = ADVANCED_FACE('',(#9276),#9025,.T.);
#9276 = FACE_BOUND('',#9277,.T.);
#9277 = EDGE_LOOP('',(#9278,#9279,#9280,#9281));
#9278 = ORIENTED_EDGE('',*,*,#9011,.F.);
#9279 = ORIENTED_EDGE('',*,*,#9254,.T.);
#9280 = ORIENTED_EDGE('',*,*,#9114,.T.);
#9281 = ORIENTED_EDGE('',*,*,#9042,.F.);
#9282 = ADVANCED_FACE('',(#9283),#9155,.T.);
#9283 = FACE_BOUND('',#9284,.T.);
#9284 = EDGE_LOOP('',(#9285,#9308,#9309,#9332));
#9285 = ORIENTED_EDGE('',*,*,#9286,.F.);
#9286 = EDGE_CURVE('',#9138,#9287,#9289,.T.);
#9287 = VERTEX_POINT('',#9288);
#9288 = CARTESIAN_POINT('',(-120.,222.,560.));
#9289 = SURFACE_CURVE('',#9290,(#9294,#9301),.PCURVE_S1.);
#9290 = LINE('',#9291,#9292);
#9291 = CARTESIAN_POINT('',(-120.,210.,560.));
#9292 = VECTOR('',#9293,1.);
#9293 = DIRECTION('',(-0.,1.,0.));
#9294 = PCURVE('',#9155,#9295);
#9295 = DEFINITIONAL_REPRESENTATION('',(#9296),#9300);
#9296 = LINE('',#9297,#9298);
#9297 = CARTESIAN_POINT('',(0.,0.));
#9298 = VECTOR('',#9299,1.);
#9299 = DIRECTION('',(0.,1.));
#9300 = ( GEOMETRIC_REPRESENTATION_CONTEXT(2) 
PARAMETRIC_REPRESENTATION_CONTEXT() REPRESENTATION_CONTEXT('2D SPACE',''
  ) );
#9301 = PCURVE('',#9183,#9302);
#9302 = DEFINITIONAL_REPRESENTATION('',(#9303),#9307);
#9303 = LINE('',#9304,#9305);
#9304 = CARTESIAN_POINT('',(60.,0.));
#9305 = VECTOR('',#9306,1.);
#9306 = DIRECTION('',(0.,-1.));
#9307 = ( GEOMETRIC_REPRESENTATION_CONTEXT(2) 
PARAMETRIC_REPRESENTATION_CONTEXT() REPRESENTATION_CONTEXT('2D SPACE',''
  ) );
#9308 = ORIENTED_EDGE('',*,*,#9137,.T.);
#9309 = ORIENTED_EDGE('',*,*,#9310,.T.);
#9310 = EDGE_CURVE('',#9140,#9311,#9313,.T.);
#9311 = VERTEX_POINT('',#9312);
#9312 = CARTESIAN_POINT('',(-90.,222.,560.));
#9313 = SURFACE_CURVE('',#9314,(#9318,#9325),.PCURVE_S1.);
#9314 = LINE('',#9315,#9316);
#9315 = CARTESIAN_POINT('',(-90.,210.,560.));
#9316 = VECTOR('',#9317,1.);
#9317 = DIRECTION('',(-0.,1.,0.));
#9318 = PCURVE('',#9155,#9319);
#9319 = DEFINITIONAL_REPRESENTATION('',(#9320),#9324);
#9320 = LINE('',#9321,#9322);
#9321 = CARTESIAN_POINT('',(30.,0.));
#9322 = VECTOR('',#9323,1.);
#9323 = DIRECTION('',(0.,1.));
#9324 = ( GEOMETRIC_REPRESENTATION_CONTEXT(2) 
PARAMETRIC_REPRESENTATION_CONTEXT() REPRESENTATION_CONTEXT('2D SPACE',''
  ) );
#9325 = PCURVE('',#9237,#9326);
#9326 = DEFINITIONAL_REPRESENTATION('',(#9327),#9331);
#9327 = LINE('',#9328,#9329);
#9328 = CARTESIAN_POINT('',(60.,0.));
#9329 = VECTOR('',#9330,1.);
#9330 = DIRECTION('',(0.,-1.));
#9331 = ( GEOMETRIC_REPRESENTATION_CONTEXT(2) 
PARAMETRIC_REPRESENTATION_CONTEXT() REPRESENTATION_CONTEXT('2D SPACE',''
  ) );
#9332 = ORIENTED_EDGE('',*,*,#9333,.F.);
#9333 = EDGE_CURVE('',#9287,#9311,#9334,.T.);
#9334 = SURFACE_CURVE('',#9335,(#9339,#9346),.PCURVE_S1.);
#9335 = LINE('',#9336,#9337);
#9336 = CARTESIAN_POINT('',(-120.,222.,560.));
#9337 = VECTOR('',#9338,1.);
#9338 = DIRECTION('',(1.,0.,-0.));
#9339 = PCURVE('',#9155,#9340);
#9340 = DEFINITIONAL_REPRESENTATION('',(#9341),#9345);
#9341 = LINE('',#9342,#9343);
#9342 = CARTESIAN_POINT('',(0.,12.));
#9343 = VECTOR('',#9344,1.);
#9344 = DIRECTION('',(1.,0.));
#9345 = ( GEOMETRIC_REPRESENTATION_CONTEXT(2) 
PARAMETRIC_REPRESENTATION_CONTEXT() REPRESENTATION_CONTEXT('2D SPACE',''
  ) );
#9346 = PCURVE('',#9347,#9352);
#9347 = PLANE('',#9348);
#9348 = AXIS2_PLACEMENT_3D('',#9349,#9350,#9351);
#9349 = CARTESIAN_POINT('',(-120.,222.,500.));
#9350 = DIRECTION('',(-0.,1.,0.));
#9351 = DIRECTION('',(0.,0.,1.));
#9352 = DEFINITIONAL_REPRESENTATION('',(#9353),#9357);
#9353 = LINE('',#9354,#9355);
#9354 = CARTESIAN_POINT('',(60.,0.));
#9355 = VECTOR('',#9356,1.);
#9356 = DIRECTION('',(0.,1.));
#9357 = ( GEOMETRIC_REPRESENTATION_CONTEXT(2) 
PARAMETRIC_REPRESENTATION_CONTEXT() REPRESENTATION_CONTEXT('2D SPACE',''
  ) );
#9358 = ADVANCED_FACE('',(#9359),#9237,.T.);
#9359 = FACE_BOUND('',#9360,.T.);
#9360 = EDGE_LOOP('',(#9361,#9362,#9385,#9406));
#9361 = ORIENTED_EDGE('',*,*,#9223,.F.);
#9362 = ORIENTED_EDGE('',*,*,#9363,.T.);
#9363 = EDGE_CURVE('',#9196,#9364,#9366,.T.);
#9364 = VERTEX_POINT('',#9365);
#9365 = CARTESIAN_POINT('',(-90.,222.,500.));
#9366 = SURFACE_CURVE('',#9367,(#9371,#9378),.PCURVE_S1.);
#9367 = LINE('',#9368,#9369);
#9368 = CARTESIAN_POINT('',(-90.,210.,500.));
#9369 = VECTOR('',#9370,1.);
#9370 = DIRECTION('',(-0.,1.,0.));
#9371 = PCURVE('',#9237,#9372);
#9372 = DEFINITIONAL_REPRESENTATION('',(#9373),#9377);
#9373 = LINE('',#9374,#9375);
#9374 = CARTESIAN_POINT('',(0.,0.));
#9375 = VECTOR('',#9376,1.);
#9376 = DIRECTION('',(0.,-1.));
#9377 = ( GEOMETRIC_REPRESENTATION_CONTEXT(2) 
PARAMETRIC_REPRESENTATION_CONTEXT() REPRESENTATION_CONTEXT('2D SPACE',''
  ) );
#9378 = PCURVE('',#9211,#9379);
#9379 = DEFINITIONAL_REPRESENTATION('',(#9380),#9384);
#9380 = LINE('',#9381,#9382);
#9381 = CARTESIAN_POINT('',(30.,0.));
#9382 = VECTOR('',#9383,1.);
#9383 = DIRECTION('',(0.,1.));
#9384 = ( GEOMETRIC_REPRESENTATION_CONTEXT(2) 
PARAMETRIC_REPRESENTATION_CONTEXT() REPRESENTATION_CONTEXT('2D SPACE',''
  ) );
#9385 = ORIENTED_EDGE('',*,*,#9386,.T.);
#9386 = EDGE_CURVE('',#9364,#9311,#9387,.T.);
#9387 = SURFACE_CURVE('',#9388,(#9392,#9399),.PCURVE_S1.);
#9388 = LINE('',#9389,#9390);
#9389 = CARTESIAN_POINT('',(-90.,222.,500.));
#9390 = VECTOR('',#9391,1.);
#9391 = DIRECTION('',(0.,0.,1.));
#9392 = PCURVE('',#9237,#9393);
#9393 = DEFINITIONAL_REPRESENTATION('',(#9394),#9398);
#9394 = LINE('',#9395,#9396);
#9395 = CARTESIAN_POINT('',(0.,-12.));
#9396 = VECTOR('',#9397,1.);
#9397 = DIRECTION('',(1.,0.));
#9398 = ( GEOMETRIC_REPRESENTATION_CONTEXT(2) 
PARAMETRIC_REPRESENTATION_CONTEXT() REPRESENTATION_CONTEXT('2D SPACE',''
  ) );
#9399 = PCURVE('',#9347,#9400);
#9400 = DEFINITIONAL_REPRESENTATION('',(#9401),#9405);
#9401 = LINE('',#9402,#9403);
#9402 = CARTESIAN_POINT('',(0.,30.));
#9403 = VECTOR('',#9404,1.);
#9404 = DIRECTION('',(1.,0.));
#9405 = ( GEOMETRIC_REPRESENTATION_CONTEXT(2) 
PARAMETRIC_REPRESENTATION_CONTEXT() REPRESENTATION_CONTEXT('2D SPACE',''
  ) );
#9406 = ORIENTED_EDGE('',*,*,#9310,.F.);
#9407 = ADVANCED_FACE('',(#9408),#9211,.F.);
#9408 = FACE_BOUND('',#9409,.F.);
#9409 = EDGE_LOOP('',(#9410,#9433,#9434,#9435));
#9410 = ORIENTED_EDGE('',*,*,#9411,.F.);
#9411 = EDGE_CURVE('',#9168,#9412,#9414,.T.);
#9412 = VERTEX_POINT('',#9413);
#9413 = CARTESIAN_POINT('',(-120.,222.,500.));
#9414 = SURFACE_CURVE('',#9415,(#9419,#9426),.PCURVE_S1.);
#9415 = LINE('',#9416,#9417);
#9416 = CARTESIAN_POINT('',(-120.,210.,500.));
#9417 = VECTOR('',#9418,1.);
#9418 = DIRECTION('',(-0.,1.,0.));
#9419 = PCURVE('',#9211,#9420);
#9420 = DEFINITIONAL_REPRESENTATION('',(#9421),#9425);
#9421 = LINE('',#9422,#9423);
#9422 = CARTESIAN_POINT('',(0.,0.));
#9423 = VECTOR('',#9424,1.);
#9424 = DIRECTION('',(0.,1.));
#9425 = ( GEOMETRIC_REPRESENTATION_CONTEXT(2) 
PARAMETRIC_REPRESENTATION_CONTEXT() REPRESENTATION_CONTEXT('2D SPACE',''
  ) );
#9426 = PCURVE('',#9183,#9427);
#9427 = DEFINITIONAL_REPRESENTATION('',(#9428),#9432);
#9428 = LINE('',#9429,#9430);
#9429 = CARTESIAN_POINT('',(0.,0.));
#9430 = VECTOR('',#9431,1.);
#9431 = DIRECTION('',(0.,-1.));
#9432 = ( GEOMETRIC_REPRESENTATION_CONTEXT(2) 
PARAMETRIC_REPRESENTATION_CONTEXT() REPRESENTATION_CONTEXT('2D SPACE',''
  ) );
#9433 = ORIENTED_EDGE('',*,*,#9195,.T.);
#9434 = ORIENTED_EDGE('',*,*,#9363,.T.);
#9435 = ORIENTED_EDGE('',*,*,#9436,.F.);
#9436 = EDGE_CURVE('',#9412,#9364,#9437,.T.);
#9437 = SURFACE_CURVE('',#9438,(#9442,#9449),.PCURVE_S1.);
#9438 = LINE('',#9439,#9440);
#9439 = CARTESIAN_POINT('',(-120.,222.,500.));
#9440 = VECTOR('',#9441,1.);
#9441 = DIRECTION('',(1.,0.,-0.));
#9442 = PCURVE('',#9211,#9443);
#9443 = DEFINITIONAL_REPRESENTATION('',(#9444),#9448);
#9444 = LINE('',#9445,#9446);
#9445 = CARTESIAN_POINT('',(0.,12.));
#9446 = VECTOR('',#9447,1.);
#9447 = DIRECTION('',(1.,0.));
#9448 = ( GEOMETRIC_REPRESENTATION_CONTEXT(2) 
PARAMETRIC_REPRESENTATION_CONTEXT() REPRESENTATION_CONTEXT('2D SPACE',''
  ) );
#9449 = PCURVE('',#9347,#9450);
#9450 = DEFINITIONAL_REPRESENTATION('',(#9451),#9455);
#9451 = LINE('',#9452,#9453);
#9452 = CARTESIAN_POINT('',(0.,0.));
#9453 = VECTOR('',#9454,1.);
#9454 = DIRECTION('',(0.,1.));
#9455 = ( GEOMETRIC_REPRESENTATION_CONTEXT(2) 
PARAMETRIC_REPRESENTATION_CONTEXT() REPRESENTATION_CONTEXT('2D SPACE',''
  ) );
#9456 = ADVANCED_FACE('',(#9457),#9183,.F.);
#9457 = FACE_BOUND('',#9458,.F.);
#9458 = EDGE_LOOP('',(#9459,#9460,#9461,#9482));
#9459 = ORIENTED_EDGE('',*,*,#9167,.F.);
#9460 = ORIENTED_EDGE('',*,*,#9411,.T.);
#9461 = ORIENTED_EDGE('',*,*,#9462,.T.);
#9462 = EDGE_CURVE('',#9412,#9287,#9463,.T.);
#9463 = SURFACE_CURVE('',#9464,(#9468,#9475),.PCURVE_S1.);
#9464 = LINE('',#9465,#9466);
#9465 = CARTESIAN_POINT('',(-120.,222.,500.));
#9466 = VECTOR('',#9467,1.);
#9467 = DIRECTION('',(0.,0.,1.));
#9468 = PCURVE('',#9183,#9469);
#9469 = DEFINITIONAL_REPRESENTATION('',(#9470),#9474);
#9470 = LINE('',#9471,#9472);
#9471 = CARTESIAN_POINT('',(0.,-12.));
#9472 = VECTOR('',#9473,1.);
#9473 = DIRECTION('',(1.,0.));
#9474 = ( GEOMETRIC_REPRESENTATION_CONTEXT(2) 
PARAMETRIC_REPRESENTATION_CONTEXT() REPRESENTATION_CONTEXT('2D SPACE',''
  ) );
#9475 = PCURVE('',#9347,#9476);
#9476 = DEFINITIONAL_REPRESENTATION('',(#9477),#9481);
#9477 = LINE('',#9478,#9479);
#9478 = CARTESIAN_POINT('',(0.,0.));
#9479 = VECTOR('',#9480,1.);
#9480 = DIRECTION('',(1.,0.));
#9481 = ( GEOMETRIC_REPRESENTATION_CONTEXT(2) 
PARAMETRIC_REPRESENTATION_CONTEXT() REPRESENTATION_CONTEXT('2D SPACE',''
  ) );
#9482 = ORIENTED_EDGE('',*,*,#9286,.F.);
#9483 = ADVANCED_FACE('',(#9484),#9347,.T.);
#9484 = FACE_BOUND('',#9485,.T.);
#9485 = EDGE_LOOP('',(#9486,#9487,#9488,#9489));
#9486 = ORIENTED_EDGE('',*,*,#9436,.F.);
#9487 = ORIENTED_EDGE('',*,*,#9462,.T.);
#9488 = ORIENTED_EDGE('',*,*,#9333,.T.);
#9489 = ORIENTED_EDGE('',*,*,#9386,.F.);
#9490 = ORIENTED_CLOSED_SHELL('',*,#9491,.F.);
#9491 = CLOSED_SHELL('',(#9492,#9612,#9916,#9965,#10014,#10041,#10048,
    #10124,#10173,#10222,#10249,#10325,#10374,#10423,#10450,#10457));
#9492 = ADVANCED_FACE('',(#9493),#9507,.F.);
#9493 = FACE_BOUND('',#9494,.F.);
#9494 = EDGE_LOOP('',(#9495,#9530,#9558,#9586));
#9495 = ORIENTED_EDGE('',*,*,#9496,.F.);
#9496 = EDGE_CURVE('',#9497,#9499,#9501,.T.);
#9497 = VERTEX_POINT('',#9498);
#9498 = CARTESIAN_POINT('',(-178.,52.,302.));
#9499 = VERTEX_POINT('',#9500);
#9500 = CARTESIAN_POINT('',(-178.,52.,758.));
#9501 = SURFACE_CURVE('',#9502,(#9506,#9518),.PCURVE_S1.);
#9502 = LINE('',#9503,#9504);
#9503 = CARTESIAN_POINT('',(-178.,52.,302.));
#9504 = VECTOR('',#9505,1.);
#9505 = DIRECTION('',(0.,0.,1.));
#9506 = PCURVE('',#9507,#9512);
#9507 = PLANE('',#9508);
#9508 = AXIS2_PLACEMENT_3D('',#9509,#9510,#9511);
#9509 = CARTESIAN_POINT('',(-178.,52.,302.));
#9510 = DIRECTION('',(1.,0.,-0.));
#9511 = DIRECTION('',(0.,0.,1.));
#9512 = DEFINITIONAL_REPRESENTATION('',(#9513),#9517);
#9513 = LINE('',#9514,#9515);
#9514 = CARTESIAN_POINT('',(0.,0.));
#9515 = VECTOR('',#9516,1.);
#9516 = DIRECTION('',(1.,0.));
#9517 = ( GEOMETRIC_REPRESENTATION_CONTEXT(2) 
PARAMETRIC_REPRESENTATION_CONTEXT() REPRESENTATION_CONTEXT('2D SPACE',''
  ) );
#9518 = PCURVE('',#9519,#9524);
#9519 = PLANE('',#9520);
#9520 = AXIS2_PLACEMENT_3D('',#9521,#9522,#9523);
#9521 = CARTESIAN_POINT('',(-178.,52.,302.));
#9522 = DIRECTION('',(-0.,1.,0.));
#9523 = DIRECTION('',(0.,0.,1.));
#9524 = DEFINITIONAL_REPRESENTATION('',(#9525),#9529);
#9525 = LINE('',#9526,#9527);
#9526 = CARTESIAN_POINT('',(0.,0.));
#9527 = VECTOR('',#9528,1.);
#9528 = DIRECTION('',(1.,0.));
#9529 = ( GEOMETRIC_REPRESENTATION_CONTEXT(2) 
PARAMETRIC_REPRESENTATION_CONTEXT() REPRESENTATION_CONTEXT('2D SPACE',''
  ) );
#9530 = ORIENTED_EDGE('',*,*,#9531,.T.);
#9531 = EDGE_CURVE('',#9497,#9532,#9534,.T.);
#9532 = VERTEX_POINT('',#9533);
#9533 = CARTESIAN_POINT('',(-178.,208.,302.));
#9534 = SURFACE_CURVE('',#9535,(#9539,#9546),.PCURVE_S1.);
#9535 = LINE('',#9536,#9537);
#9536 = CARTESIAN_POINT('',(-178.,52.,302.));
#9537 = VECTOR('',#9538,1.);
#9538 = DIRECTION('',(-0.,1.,0.));
#9539 = PCURVE('',#9507,#9540);
#9540 = DEFINITIONAL_REPRESENTATION('',(#9541),#9545);
#9541 = LINE('',#9542,#9543);
#9542 = CARTESIAN_POINT('',(0.,0.));
#9543 = VECTOR('',#9544,1.);
#9544 = DIRECTION('',(0.,-1.));
#9545 = ( GEOMETRIC_REPRESENTATION_CONTEXT(2) 
PARAMETRIC_REPRESENTATION_CONTEXT() REPRESENTATION_CONTEXT('2D SPACE',''
  ) );
#9546 = PCURVE('',#9547,#9552);
#9547 = PLANE('',#9548);
#9548 = AXIS2_PLACEMENT_3D('',#9549,#9550,#9551);
#9549 = CARTESIAN_POINT('',(-178.,52.,302.));
#9550 = DIRECTION('',(0.,0.,1.));
#9551 = DIRECTION('',(1.,0.,-0.));
#9552 = DEFINITIONAL_REPRESENTATION('',(#9553),#9557);
#9553 = LINE('',#9554,#9555);
#9554 = CARTESIAN_POINT('',(0.,0.));
#9555 = VECTOR('',#9556,1.);
#9556 = DIRECTION('',(0.,1.));
#9557 = ( GEOMETRIC_REPRESENTATION_CONTEXT(2) 
PARAMETRIC_REPRESENTATION_CONTEXT() REPRESENTATION_CONTEXT('2D SPACE',''
  ) );
#9558 = ORIENTED_EDGE('',*,*,#9559,.T.);
#9559 = EDGE_CURVE('',#9532,#9560,#9562,.T.);
#9560 = VERTEX_POINT('',#9561);
#9561 = CARTESIAN_POINT('',(-178.,208.,758.));
#9562 = SURFACE_CURVE('',#9563,(#9567,#9574),.PCURVE_S1.);
#9563 = LINE('',#9564,#9565);
#9564 = CARTESIAN_POINT('',(-178.,208.,302.));
#9565 = VECTOR('',#9566,1.);
#9566 = DIRECTION('',(0.,0.,1.));
#9567 = PCURVE('',#9507,#9568);
#9568 = DEFINITIONAL_REPRESENTATION('',(#9569),#9573);
#9569 = LINE('',#9570,#9571);
#9570 = CARTESIAN_POINT('',(0.,-156.));
#9571 = VECTOR('',#9572,1.);
#9572 = DIRECTION('',(1.,0.));
#9573 = ( GEOMETRIC_REPRESENTATION_CONTEXT(2) 
PARAMETRIC_REPRESENTATION_CONTEXT() REPRESENTATION_CONTEXT('2D SPACE',''
  ) );
#9574 = PCURVE('',#9575,#9580);
#9575 = PLANE('',#9576);
#9576 = AXIS2_PLACEMENT_3D('',#9577,#9578,#9579);
#9577 = CARTESIAN_POINT('',(-178.,208.,302.));
#9578 = DIRECTION('',(-0.,1.,0.));
#9579 = DIRECTION('',(0.,0.,1.));
#9580 = DEFINITIONAL_REPRESENTATION('',(#9581),#9585);
#9581 = LINE('',#9582,#9583);
#9582 = CARTESIAN_POINT('',(0.,0.));
#9583 = VECTOR('',#9584,1.);
#9584 = DIRECTION('',(1.,0.));
#9585 = ( GEOMETRIC_REPRESENTATION_CONTEXT(2) 
PARAMETRIC_REPRESENTATION_CONTEXT() REPRESENTATION_CONTEXT('2D SPACE',''
  ) );
#9586 = ORIENTED_EDGE('',*,*,#9587,.F.);
#9587 = EDGE_CURVE('',#9499,#9560,#9588,.T.);
#9588 = SURFACE_CURVE('',#9589,(#9593,#9600),.PCURVE_S1.);
#9589 = LINE('',#9590,#9591);
#9590 = CARTESIAN_POINT('',(-178.,52.,758.));
#9591 = VECTOR('',#9592,1.);
#9592 = DIRECTION('',(-0.,1.,0.));
#9593 = PCURVE('',#9507,#9594);
#9594 = DEFINITIONAL_REPRESENTATION('',(#9595),#9599);
#9595 = LINE('',#9596,#9597);
#9596 = CARTESIAN_POINT('',(456.,0.));
#9597 = VECTOR('',#9598,1.);
#9598 = DIRECTION('',(0.,-1.));
#9599 = ( GEOMETRIC_REPRESENTATION_CONTEXT(2) 
PARAMETRIC_REPRESENTATION_CONTEXT() REPRESENTATION_CONTEXT('2D SPACE',''
  ) );
#9600 = PCURVE('',#9601,#9606);
#9601 = PLANE('',#9602);
#9602 = AXIS2_PLACEMENT_3D('',#9603,#9604,#9605);
#9603 = CARTESIAN_POINT('',(-178.,52.,758.));
#9604 = DIRECTION('',(0.,0.,1.));
#9605 = DIRECTION('',(1.,0.,-0.));
#9606 = DEFINITIONAL_REPRESENTATION('',(#9607),#9611);
#9607 = LINE('',#9608,#9609);
#9608 = CARTESIAN_POINT('',(0.,0.));
#9609 = VECTOR('',#9610,1.);
#9610 = DIRECTION('',(0.,1.));
#9611 = ( GEOMETRIC_REPRESENTATION_CONTEXT(2) 
PARAMETRIC_REPRESENTATION_CONTEXT() REPRESENTATION_CONTEXT('2D SPACE',''
  ) );
#9612 = ADVANCED_FACE('',(#9613,#9688,#9802),#9519,.F.);
#9613 = FACE_BOUND('',#9614,.F.);
#9614 = EDGE_LOOP('',(#9615,#9638,#9639,#9662));
#9615 = ORIENTED_EDGE('',*,*,#9616,.F.);
#9616 = EDGE_CURVE('',#9497,#9617,#9619,.T.);
#9617 = VERTEX_POINT('',#9618);
#9618 = CARTESIAN_POINT('',(178.,52.,302.));
#9619 = SURFACE_CURVE('',#9620,(#9624,#9631),.PCURVE_S1.);
#9620 = LINE('',#9621,#9622);
#9621 = CARTESIAN_POINT('',(-178.,52.,302.));
#9622 = VECTOR('',#9623,1.);
#9623 = DIRECTION('',(1.,0.,-0.));
#9624 = PCURVE('',#9519,#9625);
#9625 = DEFINITIONAL_REPRESENTATION('',(#9626),#9630);
#9626 = LINE('',#9627,#9628);
#9627 = CARTESIAN_POINT('',(0.,0.));
#9628 = VECTOR('',#9629,1.);
#9629 = DIRECTION('',(0.,1.));
#9630 = ( GEOMETRIC_REPRESENTATION_CONTEXT(2) 
PARAMETRIC_REPRESENTATION_CONTEXT() REPRESENTATION_CONTEXT('2D SPACE',''
  ) );
#9631 = PCURVE('',#9547,#9632);
#9632 = DEFINITIONAL_REPRESENTATION('',(#9633),#9637);
#9633 = LINE('',#9634,#9635);
#9634 = CARTESIAN_POINT('',(0.,0.));
#9635 = VECTOR('',#9636,1.);
#9636 = DIRECTION('',(1.,0.));
#9637 = ( GEOMETRIC_REPRESENTATION_CONTEXT(2) 
PARAMETRIC_REPRESENTATION_CONTEXT() REPRESENTATION_CONTEXT('2D SPACE',''
  ) );
#9638 = ORIENTED_EDGE('',*,*,#9496,.T.);
#9639 = ORIENTED_EDGE('',*,*,#9640,.T.);
#9640 = EDGE_CURVE('',#9499,#9641,#9643,.T.);
#9641 = VERTEX_POINT('',#9642);
#9642 = CARTESIAN_POINT('',(178.,52.,758.));
#9643 = SURFACE_CURVE('',#9644,(#9648,#9655),.PCURVE_S1.);
#9644 = LINE('',#9645,#9646);
#9645 = CARTESIAN_POINT('',(-178.,52.,758.));
#9646 = VECTOR('',#9647,1.);
#9647 = DIRECTION('',(1.,0.,-0.));
#9648 = PCURVE('',#9519,#9649);
#9649 = DEFINITIONAL_REPRESENTATION('',(#9650),#9654);
#9650 = LINE('',#9651,#9652);
#9651 = CARTESIAN_POINT('',(456.,0.));
#9652 = VECTOR('',#9653,1.);
#9653 = DIRECTION('',(0.,1.));
#9654 = ( GEOMETRIC_REPRESENTATION_CONTEXT(2) 
PARAMETRIC_REPRESENTATION_CONTEXT() REPRESENTATION_CONTEXT('2D SPACE',''
  ) );
#9655 = PCURVE('',#9601,#9656);
#9656 = DEFINITIONAL_REPRESENTATION('',(#9657),#9661);
#9657 = LINE('',#9658,#9659);
#9658 = CARTESIAN_POINT('',(0.,0.));
#9659 = VECTOR('',#9660,1.);
#9660 = DIRECTION('',(1.,0.));
#9661 = ( GEOMETRIC_REPRESENTATION_CONTEXT(2) 
PARAMETRIC_REPRESENTATION_CONTEXT() REPRESENTATION_CONTEXT('2D SPACE',''
  ) );
#9662 = ORIENTED_EDGE('',*,*,#9663,.F.);
#9663 = EDGE_CURVE('',#9617,#9641,#9664,.T.);
#9664 = SURFACE_CURVE('',#9665,(#9669,#9676),.PCURVE_S1.);
#9665 = LINE('',#9666,#9667);
#9666 = CARTESIAN_POINT('',(178.,52.,302.));
#9667 = VECTOR('',#9668,1.);
#9668 = DIRECTION('',(0.,0.,1.));
#9669 = PCURVE('',#9519,#9670);
#9670 = DEFINITIONAL_REPRESENTATION('',(#9671),#9675);
#9671 = LINE('',#9672,#9673);
#9672 = CARTESIAN_POINT('',(0.,356.));
#9673 = VECTOR('',#9674,1.);
#9674 = DIRECTION('',(1.,0.));
#9675 = ( GEOMETRIC_REPRESENTATION_CONTEXT(2) 
PARAMETRIC_REPRESENTATION_CONTEXT() REPRESENTATION_CONTEXT('2D SPACE',''
  ) );
#9676 = PCURVE('',#9677,#9682);
#9677 = PLANE('',#9678);
#9678 = AXIS2_PLACEMENT_3D('',#9679,#9680,#9681);
#9679 = CARTESIAN_POINT('',(178.,52.,302.));
#9680 = DIRECTION('',(1.,0.,-0.));
#9681 = DIRECTION('',(0.,0.,1.));
#9682 = DEFINITIONAL_REPRESENTATION('',(#9683),#9687);
#9683 = LINE('',#9684,#9685);
#9684 = CARTESIAN_POINT('',(0.,0.));
#9685 = VECTOR('',#9686,1.);
#9686 = DIRECTION('',(1.,0.));
#9687 = ( GEOMETRIC_REPRESENTATION_CONTEXT(2) 
PARAMETRIC_REPRESENTATION_CONTEXT() REPRESENTATION_CONTEXT('2D SPACE',''
  ) );
#9688 = FACE_BOUND('',#9689,.F.);
#9689 = EDGE_LOOP('',(#9690,#9720,#9748,#9776));
#9690 = ORIENTED_EDGE('',*,*,#9691,.F.);
#9691 = EDGE_CURVE('',#9692,#9694,#9696,.T.);
#9692 = VERTEX_POINT('',#9693);
#9693 = CARTESIAN_POINT('',(-160.,52.,437.5));
#9694 = VERTEX_POINT('',#9695);
#9695 = CARTESIAN_POINT('',(160.,52.,437.5));
#9696 = SURFACE_CURVE('',#9697,(#9701,#9708),.PCURVE_S1.);
#9697 = LINE('',#9698,#9699);
#9698 = CARTESIAN_POINT('',(-160.,52.,437.5));
#9699 = VECTOR('',#9700,1.);
#9700 = DIRECTION('',(1.,0.,-0.));
#9701 = PCURVE('',#9519,#9702);
#9702 = DEFINITIONAL_REPRESENTATION('',(#9703),#9707);
#9703 = LINE('',#9704,#9705);
#9704 = CARTESIAN_POINT('',(135.5,18.));
#9705 = VECTOR('',#9706,1.);
#9706 = DIRECTION('',(0.,1.));
#9707 = ( GEOMETRIC_REPRESENTATION_CONTEXT(2) 
PARAMETRIC_REPRESENTATION_CONTEXT() REPRESENTATION_CONTEXT('2D SPACE',''
  ) );
#9708 = PCURVE('',#9709,#9714);
#9709 = PLANE('',#9710);
#9710 = AXIS2_PLACEMENT_3D('',#9711,#9712,#9713);
#9711 = CARTESIAN_POINT('',(-160.,52.,437.5));
#9712 = DIRECTION('',(0.,0.,1.));
#9713 = DIRECTION('',(1.,0.,-0.));
#9714 = DEFINITIONAL_REPRESENTATION('',(#9715),#9719);
#9715 = LINE('',#9716,#9717);
#9716 = CARTESIAN_POINT('',(0.,0.));
#9717 = VECTOR('',#9718,1.);
#9718 = DIRECTION('',(1.,0.));
#9719 = ( GEOMETRIC_REPRESENTATION_CONTEXT(2) 
PARAMETRIC_REPRESENTATION_CONTEXT() REPRESENTATION_CONTEXT('2D SPACE',''
  ) );
#9720 = ORIENTED_EDGE('',*,*,#9721,.F.);
#9721 = EDGE_CURVE('',#9722,#9692,#9724,.T.);
#9722 = VERTEX_POINT('',#9723);
#9723 = CARTESIAN_POINT('',(-160.,52.,402.5));
#9724 = SURFACE_CURVE('',#9725,(#9729,#9736),.PCURVE_S1.);
#9725 = LINE('',#9726,#9727);
#9726 = CARTESIAN_POINT('',(-160.,52.,402.5));
#9727 = VECTOR('',#9728,1.);
#9728 = DIRECTION('',(0.,0.,1.));
#9729 = PCURVE('',#9519,#9730);
#9730 = DEFINITIONAL_REPRESENTATION('',(#9731),#9735);
#9731 = LINE('',#9732,#9733);
#9732 = CARTESIAN_POINT('',(100.5,18.));
#9733 = VECTOR('',#9734,1.);
#9734 = DIRECTION('',(1.,0.));
#9735 = ( GEOMETRIC_REPRESENTATION_CONTEXT(2) 
PARAMETRIC_REPRESENTATION_CONTEXT() REPRESENTATION_CONTEXT('2D SPACE',''
  ) );
#9736 = PCURVE('',#9737,#9742);
#9737 = PLANE('',#9738);
#9738 = AXIS2_PLACEMENT_3D('',#9739,#9740,#9741);
#9739 = CARTESIAN_POINT('',(-160.,52.,402.5));
#9740 = DIRECTION('',(1.,0.,-0.));
#9741 = DIRECTION('',(0.,0.,1.));
#9742 = DEFINITIONAL_REPRESENTATION('',(#9743),#9747);
#9743 = LINE('',#9744,#9745);
#9744 = CARTESIAN_POINT('',(0.,0.));
#9745 = VECTOR('',#9746,1.);
#9746 = DIRECTION('',(1.,0.));
#9747 = ( GEOMETRIC_REPRESENTATION_CONTEXT(2) 
PARAMETRIC_REPRESENTATION_CONTEXT() REPRESENTATION_CONTEXT('2D SPACE',''
  ) );
#9748 = ORIENTED_EDGE('',*,*,#9749,.T.);
#9749 = EDGE_CURVE('',#9722,#9750,#9752,.T.);
#9750 = VERTEX_POINT('',#9751);
#9751 = CARTESIAN_POINT('',(160.,52.,402.5));
#9752 = SURFACE_CURVE('',#9753,(#9757,#9764),.PCURVE_S1.);
#9753 = LINE('',#9754,#9755);
#9754 = CARTESIAN_POINT('',(-160.,52.,402.5));
#9755 = VECTOR('',#9756,1.);
#9756 = DIRECTION('',(1.,0.,-0.));
#9757 = PCURVE('',#9519,#9758);
#9758 = DEFINITIONAL_REPRESENTATION('',(#9759),#9763);
#9759 = LINE('',#9760,#9761);
#9760 = CARTESIAN_POINT('',(100.5,18.));
#9761 = VECTOR('',#9762,1.);
#9762 = DIRECTION('',(0.,1.));
#9763 = ( GEOMETRIC_REPRESENTATION_CONTEXT(2) 
PARAMETRIC_REPRESENTATION_CONTEXT() REPRESENTATION_CONTEXT('2D SPACE',''
  ) );
#9764 = PCURVE('',#9765,#9770);
#9765 = PLANE('',#9766);
#9766 = AXIS2_PLACEMENT_3D('',#9767,#9768,#9769);
#9767 = CARTESIAN_POINT('',(-160.,52.,402.5));
#9768 = DIRECTION('',(0.,0.,1.));
#9769 = DIRECTION('',(1.,0.,-0.));
#9770 = DEFINITIONAL_REPRESENTATION('',(#9771),#9775);
#9771 = LINE('',#9772,#9773);
#9772 = CARTESIAN_POINT('',(0.,0.));
#9773 = VECTOR('',#9774,1.);
#9774 = DIRECTION('',(1.,0.));
#9775 = ( GEOMETRIC_REPRESENTATION_CONTEXT(2) 
PARAMETRIC_REPRESENTATION_CONTEXT() REPRESENTATION_CONTEXT('2D SPACE',''
  ) );
#9776 = ORIENTED_EDGE('',*,*,#9777,.T.);
#9777 = EDGE_CURVE('',#9750,#9694,#9778,.T.);
#9778 = SURFACE_CURVE('',#9779,(#9783,#9790),.PCURVE_S1.);
#9779 = LINE('',#9780,#9781);
#9780 = CARTESIAN_POINT('',(160.,52.,402.5));
#9781 = VECTOR('',#9782,1.);
#9782 = DIRECTION('',(0.,0.,1.));
#9783 = PCURVE('',#9519,#9784);
#9784 = DEFINITIONAL_REPRESENTATION('',(#9785),#9789);
#9785 = LINE('',#9786,#9787);
#9786 = CARTESIAN_POINT('',(100.5,338.));
#9787 = VECTOR('',#9788,1.);
#9788 = DIRECTION('',(1.,0.));
#9789 = ( GEOMETRIC_REPRESENTATION_CONTEXT(2) 
PARAMETRIC_REPRESENTATION_CONTEXT() REPRESENTATION_CONTEXT('2D SPACE',''
  ) );
#9790 = PCURVE('',#9791,#9796);
#9791 = PLANE('',#9792);
#9792 = AXIS2_PLACEMENT_3D('',#9793,#9794,#9795);
#9793 = CARTESIAN_POINT('',(160.,52.,402.5));
#9794 = DIRECTION('',(1.,0.,-0.));
#9795 = DIRECTION('',(0.,0.,1.));
#9796 = DEFINITIONAL_REPRESENTATION('',(#9797),#9801);
#9797 = LINE('',#9798,#9799);
#9798 = CARTESIAN_POINT('',(0.,0.));
#9799 = VECTOR('',#9800,1.);
#9800 = DIRECTION('',(1.,0.));
#9801 = ( GEOMETRIC_REPRESENTATION_CONTEXT(2) 
PARAMETRIC_REPRESENTATION_CONTEXT() REPRESENTATION_CONTEXT('2D SPACE',''
  ) );
#9802 = FACE_BOUND('',#9803,.F.);
#9803 = EDGE_LOOP('',(#9804,#9834,#9862,#9890));
#9804 = ORIENTED_EDGE('',*,*,#9805,.F.);
#9805 = EDGE_CURVE('',#9806,#9808,#9810,.T.);
#9806 = VERTEX_POINT('',#9807);
#9807 = CARTESIAN_POINT('',(-160.,52.,637.5));
#9808 = VERTEX_POINT('',#9809);
#9809 = CARTESIAN_POINT('',(160.,52.,637.5));
#9810 = SURFACE_CURVE('',#9811,(#9815,#9822),.PCURVE_S1.);
#9811 = LINE('',#9812,#9813);
#9812 = CARTESIAN_POINT('',(-160.,52.,637.5));
#9813 = VECTOR('',#9814,1.);
#9814 = DIRECTION('',(1.,0.,-0.));
#9815 = PCURVE('',#9519,#9816);
#9816 = DEFINITIONAL_REPRESENTATION('',(#9817),#9821);
#9817 = LINE('',#9818,#9819);
#9818 = CARTESIAN_POINT('',(335.5,18.));
#9819 = VECTOR('',#9820,1.);
#9820 = DIRECTION('',(0.,1.));
#9821 = ( GEOMETRIC_REPRESENTATION_CONTEXT(2) 
PARAMETRIC_REPRESENTATION_CONTEXT() REPRESENTATION_CONTEXT('2D SPACE',''
  ) );
#9822 = PCURVE('',#9823,#9828);
#9823 = PLANE('',#9824);
#9824 = AXIS2_PLACEMENT_3D('',#9825,#9826,#9827);
#9825 = CARTESIAN_POINT('',(-160.,52.,637.5));
#9826 = DIRECTION('',(0.,0.,1.));
#9827 = DIRECTION('',(1.,0.,-0.));
#9828 = DEFINITIONAL_REPRESENTATION('',(#9829),#9833);
#9829 = LINE('',#9830,#9831);
#9830 = CARTESIAN_POINT('',(0.,0.));
#9831 = VECTOR('',#9832,1.);
#9832 = DIRECTION('',(1.,0.));
#9833 = ( GEOMETRIC_REPRESENTATION_CONTEXT(2) 
PARAMETRIC_REPRESENTATION_CONTEXT() REPRESENTATION_CONTEXT('2D SPACE',''
  ) );
#9834 = ORIENTED_EDGE('',*,*,#9835,.F.);
#9835 = EDGE_CURVE('',#9836,#9806,#9838,.T.);
#9836 = VERTEX_POINT('',#9837);
#9837 = CARTESIAN_POINT('',(-160.,52.,602.5));
#9838 = SURFACE_CURVE('',#9839,(#9843,#9850),.PCURVE_S1.);
#9839 = LINE('',#9840,#9841);
#9840 = CARTESIAN_POINT('',(-160.,52.,602.5));
#9841 = VECTOR('',#9842,1.);
#9842 = DIRECTION('',(0.,0.,1.));
#9843 = PCURVE('',#9519,#9844);
#9844 = DEFINITIONAL_REPRESENTATION('',(#9845),#9849);
#9845 = LINE('',#9846,#9847);
#9846 = CARTESIAN_POINT('',(300.5,18.));
#9847 = VECTOR('',#9848,1.);
#9848 = DIRECTION('',(1.,0.));
#9849 = ( GEOMETRIC_REPRESENTATION_CONTEXT(2) 
PARAMETRIC_REPRESENTATION_CONTEXT() REPRESENTATION_CONTEXT('2D SPACE',''
  ) );
#9850 = PCURVE('',#9851,#9856);
#9851 = PLANE('',#9852);
#9852 = AXIS2_PLACEMENT_3D('',#9853,#9854,#9855);
#9853 = CARTESIAN_POINT('',(-160.,52.,602.5));
#9854 = DIRECTION('',(1.,0.,-0.));
#9855 = DIRECTION('',(0.,0.,1.));
#9856 = DEFINITIONAL_REPRESENTATION('',(#9857),#9861);
#9857 = LINE('',#9858,#9859);
#9858 = CARTESIAN_POINT('',(0.,0.));
#9859 = VECTOR('',#9860,1.);
#9860 = DIRECTION('',(1.,0.));
#9861 = ( GEOMETRIC_REPRESENTATION_CONTEXT(2) 
PARAMETRIC_REPRESENTATION_CONTEXT() REPRESENTATION_CONTEXT('2D SPACE',''
  ) );
#9862 = ORIENTED_EDGE('',*,*,#9863,.T.);
#9863 = EDGE_CURVE('',#9836,#9864,#9866,.T.);
#9864 = VERTEX_POINT('',#9865);
#9865 = CARTESIAN_POINT('',(160.,52.,602.5));
#9866 = SURFACE_CURVE('',#9867,(#9871,#9878),.PCURVE_S1.);
#9867 = LINE('',#9868,#9869);
#9868 = CARTESIAN_POINT('',(-160.,52.,602.5));
#9869 = VECTOR('',#9870,1.);
#9870 = DIRECTION('',(1.,0.,-0.));
#9871 = PCURVE('',#9519,#9872);
#9872 = DEFINITIONAL_REPRESENTATION('',(#9873),#9877);
#9873 = LINE('',#9874,#9875);
#9874 = CARTESIAN_POINT('',(300.5,18.));
#9875 = VECTOR('',#9876,1.);
#9876 = DIRECTION('',(0.,1.));
#9877 = ( GEOMETRIC_REPRESENTATION_CONTEXT(2) 
PARAMETRIC_REPRESENTATION_CONTEXT() REPRESENTATION_CONTEXT('2D SPACE',''
  ) );
#9878 = PCURVE('',#9879,#9884);
#9879 = PLANE('',#9880);
#9880 = AXIS2_PLACEMENT_3D('',#9881,#9882,#9883);
#9881 = CARTESIAN_POINT('',(-160.,52.,602.5));
#9882 = DIRECTION('',(0.,0.,1.));
#9883 = DIRECTION('',(1.,0.,-0.));
#9884 = DEFINITIONAL_REPRESENTATION('',(#9885),#9889);
#9885 = LINE('',#9886,#9887);
#9886 = CARTESIAN_POINT('',(0.,0.));
#9887 = VECTOR('',#9888,1.);
#9888 = DIRECTION('',(1.,0.));
#9889 = ( GEOMETRIC_REPRESENTATION_CONTEXT(2) 
PARAMETRIC_REPRESENTATION_CONTEXT() REPRESENTATION_CONTEXT('2D SPACE',''
  ) );
#9890 = ORIENTED_EDGE('',*,*,#9891,.T.);
#9891 = EDGE_CURVE('',#9864,#9808,#9892,.T.);
#9892 = SURFACE_CURVE('',#9893,(#9897,#9904),.PCURVE_S1.);
#9893 = LINE('',#9894,#9895);
#9894 = CARTESIAN_POINT('',(160.,52.,602.5));
#9895 = VECTOR('',#9896,1.);
#9896 = DIRECTION('',(0.,0.,1.));
#9897 = PCURVE('',#9519,#9898);
#9898 = DEFINITIONAL_REPRESENTATION('',(#9899),#9903);
#9899 = LINE('',#9900,#9901);
#9900 = CARTESIAN_POINT('',(300.5,338.));
#9901 = VECTOR('',#9902,1.);
#9902 = DIRECTION('',(1.,0.));
#9903 = ( GEOMETRIC_REPRESENTATION_CONTEXT(2) 
PARAMETRIC_REPRESENTATION_CONTEXT() REPRESENTATION_CONTEXT('2D SPACE',''
  ) );
#9904 = PCURVE('',#9905,#9910);
#9905 = PLANE('',#9906);
#9906 = AXIS2_PLACEMENT_3D('',#9907,#9908,#9909);
#9907 = CARTESIAN_POINT('',(160.,52.,602.5));
#9908 = DIRECTION('',(1.,0.,-0.));
#9909 = DIRECTION('',(0.,0.,1.));
#9910 = DEFINITIONAL_REPRESENTATION('',(#9911),#9915);
#9911 = LINE('',#9912,#9913);
#9912 = CARTESIAN_POINT('',(0.,0.));
#9913 = VECTOR('',#9914,1.);
#9914 = DIRECTION('',(1.,0.));
#9915 = ( GEOMETRIC_REPRESENTATION_CONTEXT(2) 
PARAMETRIC_REPRESENTATION_CONTEXT() REPRESENTATION_CONTEXT('2D SPACE',''
  ) );
#9916 = ADVANCED_FACE('',(#9917),#9601,.T.);
#9917 = FACE_BOUND('',#9918,.T.);
#9918 = EDGE_LOOP('',(#9919,#9920,#9921,#9944));
#9919 = ORIENTED_EDGE('',*,*,#9587,.F.);
#9920 = ORIENTED_EDGE('',*,*,#9640,.T.);
#9921 = ORIENTED_EDGE('',*,*,#9922,.T.);
#9922 = EDGE_CURVE('',#9641,#9923,#9925,.T.);
#9923 = VERTEX_POINT('',#9924);
#9924 = CARTESIAN_POINT('',(178.,208.,758.));
#9925 = SURFACE_CURVE('',#9926,(#9930,#9937),.PCURVE_S1.);
#9926 = LINE('',#9927,#9928);
#9927 = CARTESIAN_POINT('',(178.,52.,758.));
#9928 = VECTOR('',#9929,1.);
#9929 = DIRECTION('',(-0.,1.,0.));
#9930 = PCURVE('',#9601,#9931);
#9931 = DEFINITIONAL_REPRESENTATION('',(#9932),#9936);
#9932 = LINE('',#9933,#9934);
#9933 = CARTESIAN_POINT('',(356.,0.));
#9934 = VECTOR('',#9935,1.);
#9935 = DIRECTION('',(0.,1.));
#9936 = ( GEOMETRIC_REPRESENTATION_CONTEXT(2) 
PARAMETRIC_REPRESENTATION_CONTEXT() REPRESENTATION_CONTEXT('2D SPACE',''
  ) );
#9937 = PCURVE('',#9677,#9938);
#9938 = DEFINITIONAL_REPRESENTATION('',(#9939),#9943);
#9939 = LINE('',#9940,#9941);
#9940 = CARTESIAN_POINT('',(456.,0.));
#9941 = VECTOR('',#9942,1.);
#9942 = DIRECTION('',(0.,-1.));
#9943 = ( GEOMETRIC_REPRESENTATION_CONTEXT(2) 
PARAMETRIC_REPRESENTATION_CONTEXT() REPRESENTATION_CONTEXT('2D SPACE',''
  ) );
#9944 = ORIENTED_EDGE('',*,*,#9945,.F.);
#9945 = EDGE_CURVE('',#9560,#9923,#9946,.T.);
#9946 = SURFACE_CURVE('',#9947,(#9951,#9958),.PCURVE_S1.);
#9947 = LINE('',#9948,#9949);
#9948 = CARTESIAN_POINT('',(-178.,208.,758.));
#9949 = VECTOR('',#9950,1.);
#9950 = DIRECTION('',(1.,0.,-0.));
#9951 = PCURVE('',#9601,#9952);
#9952 = DEFINITIONAL_REPRESENTATION('',(#9953),#9957);
#9953 = LINE('',#9954,#9955);
#9954 = CARTESIAN_POINT('',(0.,156.));
#9955 = VECTOR('',#9956,1.);
#9956 = DIRECTION('',(1.,0.));
#9957 = ( GEOMETRIC_REPRESENTATION_CONTEXT(2) 
PARAMETRIC_REPRESENTATION_CONTEXT() REPRESENTATION_CONTEXT('2D SPACE',''
  ) );
#9958 = PCURVE('',#9575,#9959);
#9959 = DEFINITIONAL_REPRESENTATION('',(#9960),#9964);
#9960 = LINE('',#9961,#9962);
#9961 = CARTESIAN_POINT('',(456.,0.));
#9962 = VECTOR('',#9963,1.);
#9963 = DIRECTION('',(0.,1.));
#9964 = ( GEOMETRIC_REPRESENTATION_CONTEXT(2) 
PARAMETRIC_REPRESENTATION_CONTEXT() REPRESENTATION_CONTEXT('2D SPACE',''
  ) );
#9965 = ADVANCED_FACE('',(#9966),#9575,.T.);
#9966 = FACE_BOUND('',#9967,.T.);
#9967 = EDGE_LOOP('',(#9968,#9991,#9992,#9993));
#9968 = ORIENTED_EDGE('',*,*,#9969,.F.);
#9969 = EDGE_CURVE('',#9532,#9970,#9972,.T.);
#9970 = VERTEX_POINT('',#9971);
#9971 = CARTESIAN_POINT('',(178.,208.,302.));
#9972 = SURFACE_CURVE('',#9973,(#9977,#9984),.PCURVE_S1.);
#9973 = LINE('',#9974,#9975);
#9974 = CARTESIAN_POINT('',(-178.,208.,302.));
#9975 = VECTOR('',#9976,1.);
#9976 = DIRECTION('',(1.,0.,-0.));
#9977 = PCURVE('',#9575,#9978);
#9978 = DEFINITIONAL_REPRESENTATION('',(#9979),#9983);
#9979 = LINE('',#9980,#9981);
#9980 = CARTESIAN_POINT('',(0.,0.));
#9981 = VECTOR('',#9982,1.);
#9982 = DIRECTION('',(0.,1.));
#9983 = ( GEOMETRIC_REPRESENTATION_CONTEXT(2) 
PARAMETRIC_REPRESENTATION_CONTEXT() REPRESENTATION_CONTEXT('2D SPACE',''
  ) );
#9984 = PCURVE('',#9547,#9985);
#9985 = DEFINITIONAL_REPRESENTATION('',(#9986),#9990);
#9986 = LINE('',#9987,#9988);
#9987 = CARTESIAN_POINT('',(0.,156.));
#9988 = VECTOR('',#9989,1.);
#9989 = DIRECTION('',(1.,0.));
#9990 = ( GEOMETRIC_REPRESENTATION_CONTEXT(2) 
PARAMETRIC_REPRESENTATION_CONTEXT() REPRESENTATION_CONTEXT('2D SPACE',''
  ) );
#9991 = ORIENTED_EDGE('',*,*,#9559,.T.);
#9992 = ORIENTED_EDGE('',*,*,#9945,.T.);
#9993 = ORIENTED_EDGE('',*,*,#9994,.F.);
#9994 = EDGE_CURVE('',#9970,#9923,#9995,.T.);
#9995 = SURFACE_CURVE('',#9996,(#10000,#10007),.PCURVE_S1.);
#9996 = LINE('',#9997,#9998);
#9997 = CARTESIAN_POINT('',(178.,208.,302.));
#9998 = VECTOR('',#9999,1.);
#9999 = DIRECTION('',(0.,0.,1.));
#10000 = PCURVE('',#9575,#10001);
#10001 = DEFINITIONAL_REPRESENTATION('',(#10002),#10006);
#10002 = LINE('',#10003,#10004);
#10003 = CARTESIAN_POINT('',(0.,356.));
#10004 = VECTOR('',#10005,1.);
#10005 = DIRECTION('',(1.,0.));
#10006 = ( GEOMETRIC_REPRESENTATION_CONTEXT(2) 
PARAMETRIC_REPRESENTATION_CONTEXT() REPRESENTATION_CONTEXT('2D SPACE',''
  ) );
#10007 = PCURVE('',#9677,#10008);
#10008 = DEFINITIONAL_REPRESENTATION('',(#10009),#10013);
#10009 = LINE('',#10010,#10011);
#10010 = CARTESIAN_POINT('',(0.,-156.));
#10011 = VECTOR('',#10012,1.);
#10012 = DIRECTION('',(1.,0.));
#10013 = ( GEOMETRIC_REPRESENTATION_CONTEXT(2) 
PARAMETRIC_REPRESENTATION_CONTEXT() REPRESENTATION_CONTEXT('2D SPACE',''
  ) );
#10014 = ADVANCED_FACE('',(#10015),#9547,.F.);
#10015 = FACE_BOUND('',#10016,.F.);
#10016 = EDGE_LOOP('',(#10017,#10018,#10019,#10040));
#10017 = ORIENTED_EDGE('',*,*,#9531,.F.);
#10018 = ORIENTED_EDGE('',*,*,#9616,.T.);
#10019 = ORIENTED_EDGE('',*,*,#10020,.T.);
#10020 = EDGE_CURVE('',#9617,#9970,#10021,.T.);
#10021 = SURFACE_CURVE('',#10022,(#10026,#10033),.PCURVE_S1.);
#10022 = LINE('',#10023,#10024);
#10023 = CARTESIAN_POINT('',(178.,52.,302.));
#10024 = VECTOR('',#10025,1.);
#10025 = DIRECTION('',(-0.,1.,0.));
#10026 = PCURVE('',#9547,#10027);
#10027 = DEFINITIONAL_REPRESENTATION('',(#10028),#10032);
#10028 = LINE('',#10029,#10030);
#10029 = CARTESIAN_POINT('',(356.,0.));
#10030 = VECTOR('',#10031,1.);
#10031 = DIRECTION('',(0.,1.));
#10032 = ( GEOMETRIC_REPRESENTATION_CONTEXT(2) 
PARAMETRIC_REPRESENTATION_CONTEXT() REPRESENTATION_CONTEXT('2D SPACE',''
  ) );
#10033 = PCURVE('',#9677,#10034);
#10034 = DEFINITIONAL_REPRESENTATION('',(#10035),#10039);
#10035 = LINE('',#10036,#10037);
#10036 = CARTESIAN_POINT('',(0.,0.));
#10037 = VECTOR('',#10038,1.);
#10038 = DIRECTION('',(0.,-1.));
#10039 = ( GEOMETRIC_REPRESENTATION_CONTEXT(2) 
PARAMETRIC_REPRESENTATION_CONTEXT() REPRESENTATION_CONTEXT('2D SPACE',''
  ) );
#10040 = ORIENTED_EDGE('',*,*,#9969,.F.);
#10041 = ADVANCED_FACE('',(#10042),#9677,.T.);
#10042 = FACE_BOUND('',#10043,.T.);
#10043 = EDGE_LOOP('',(#10044,#10045,#10046,#10047));
#10044 = ORIENTED_EDGE('',*,*,#9663,.F.);
#10045 = ORIENTED_EDGE('',*,*,#10020,.T.);
#10046 = ORIENTED_EDGE('',*,*,#9994,.T.);
#10047 = ORIENTED_EDGE('',*,*,#9922,.F.);
#10048 = ADVANCED_FACE('',(#10049),#9709,.F.);
#10049 = FACE_BOUND('',#10050,.F.);
#10050 = EDGE_LOOP('',(#10051,#10074,#10075,#10098));
#10051 = ORIENTED_EDGE('',*,*,#10052,.F.);
#10052 = EDGE_CURVE('',#9692,#10053,#10055,.T.);
#10053 = VERTEX_POINT('',#10054);
#10054 = CARTESIAN_POINT('',(-160.,59.5,437.5));
#10055 = SURFACE_CURVE('',#10056,(#10060,#10067),.PCURVE_S1.);
#10056 = LINE('',#10057,#10058);
#10057 = CARTESIAN_POINT('',(-160.,52.,437.5));
#10058 = VECTOR('',#10059,1.);
#10059 = DIRECTION('',(-0.,1.,0.));
#10060 = PCURVE('',#9709,#10061);
#10061 = DEFINITIONAL_REPRESENTATION('',(#10062),#10066);
#10062 = LINE('',#10063,#10064);
#10063 = CARTESIAN_POINT('',(0.,0.));
#10064 = VECTOR('',#10065,1.);
#10065 = DIRECTION('',(0.,1.));
#10066 = ( GEOMETRIC_REPRESENTATION_CONTEXT(2) 
PARAMETRIC_REPRESENTATION_CONTEXT() REPRESENTATION_CONTEXT('2D SPACE',''
  ) );
#10067 = PCURVE('',#9737,#10068);
#10068 = DEFINITIONAL_REPRESENTATION('',(#10069),#10073);
#10069 = LINE('',#10070,#10071);
#10070 = CARTESIAN_POINT('',(35.,0.));
#10071 = VECTOR('',#10072,1.);
#10072 = DIRECTION('',(0.,-1.));
#10073 = ( GEOMETRIC_REPRESENTATION_CONTEXT(2) 
PARAMETRIC_REPRESENTATION_CONTEXT() REPRESENTATION_CONTEXT('2D SPACE',''
  ) );
#10074 = ORIENTED_EDGE('',*,*,#9691,.T.);
#10075 = ORIENTED_EDGE('',*,*,#10076,.T.);
#10076 = EDGE_CURVE('',#9694,#10077,#10079,.T.);
#10077 = VERTEX_POINT('',#10078);
#10078 = CARTESIAN_POINT('',(160.,59.5,437.5));
#10079 = SURFACE_CURVE('',#10080,(#10084,#10091),.PCURVE_S1.);
#10080 = LINE('',#10081,#10082);
#10081 = CARTESIAN_POINT('',(160.,52.,437.5));
#10082 = VECTOR('',#10083,1.);
#10083 = DIRECTION('',(-0.,1.,0.));
#10084 = PCURVE('',#9709,#10085);
#10085 = DEFINITIONAL_REPRESENTATION('',(#10086),#10090);
#10086 = LINE('',#10087,#10088);
#10087 = CARTESIAN_POINT('',(320.,0.));
#10088 = VECTOR('',#10089,1.);
#10089 = DIRECTION('',(0.,1.));
#10090 = ( GEOMETRIC_REPRESENTATION_CONTEXT(2) 
PARAMETRIC_REPRESENTATION_CONTEXT() REPRESENTATION_CONTEXT('2D SPACE',''
  ) );
#10091 = PCURVE('',#9791,#10092);
#10092 = DEFINITIONAL_REPRESENTATION('',(#10093),#10097);
#10093 = LINE('',#10094,#10095);
#10094 = CARTESIAN_POINT('',(35.,0.));
#10095 = VECTOR('',#10096,1.);
#10096 = DIRECTION('',(0.,-1.));
#10097 = ( GEOMETRIC_REPRESENTATION_CONTEXT(2) 
PARAMETRIC_REPRESENTATION_CONTEXT() REPRESENTATION_CONTEXT('2D SPACE',''
  ) );
#10098 = ORIENTED_EDGE('',*,*,#10099,.F.);
#10099 = EDGE_CURVE('',#10053,#10077,#10100,.T.);
#10100 = SURFACE_CURVE('',#10101,(#10105,#10112),.PCURVE_S1.);
#10101 = LINE('',#10102,#10103);
#10102 = CARTESIAN_POINT('',(-160.,59.5,437.5));
#10103 = VECTOR('',#10104,1.);
#10104 = DIRECTION('',(1.,0.,-0.));
#10105 = PCURVE('',#9709,#10106);
#10106 = DEFINITIONAL_REPRESENTATION('',(#10107),#10111);
#10107 = LINE('',#10108,#10109);
#10108 = CARTESIAN_POINT('',(0.,7.5));
#10109 = VECTOR('',#10110,1.);
#10110 = DIRECTION('',(1.,0.));
#10111 = ( GEOMETRIC_REPRESENTATION_CONTEXT(2) 
PARAMETRIC_REPRESENTATION_CONTEXT() REPRESENTATION_CONTEXT('2D SPACE',''
  ) );
#10112 = PCURVE('',#10113,#10118);
#10113 = PLANE('',#10114);
#10114 = AXIS2_PLACEMENT_3D('',#10115,#10116,#10117);
#10115 = CARTESIAN_POINT('',(-160.,59.5,402.5));
#10116 = DIRECTION('',(-0.,1.,0.));
#10117 = DIRECTION('',(0.,0.,1.));
#10118 = DEFINITIONAL_REPRESENTATION('',(#10119),#10123);
#10119 = LINE('',#10120,#10121);
#10120 = CARTESIAN_POINT('',(35.,0.));
#10121 = VECTOR('',#10122,1.);
#10122 = DIRECTION('',(0.,1.));
#10123 = ( GEOMETRIC_REPRESENTATION_CONTEXT(2) 
PARAMETRIC_REPRESENTATION_CONTEXT() REPRESENTATION_CONTEXT('2D SPACE',''
  ) );
#10124 = ADVANCED_FACE('',(#10125),#9791,.F.);
#10125 = FACE_BOUND('',#10126,.F.);
#10126 = EDGE_LOOP('',(#10127,#10128,#10151,#10172));
#10127 = ORIENTED_EDGE('',*,*,#9777,.F.);
#10128 = ORIENTED_EDGE('',*,*,#10129,.T.);
#10129 = EDGE_CURVE('',#9750,#10130,#10132,.T.);
#10130 = VERTEX_POINT('',#10131);
#10131 = CARTESIAN_POINT('',(160.,59.5,402.5));
#10132 = SURFACE_CURVE('',#10133,(#10137,#10144),.PCURVE_S1.);
#10133 = LINE('',#10134,#10135);
#10134 = CARTESIAN_POINT('',(160.,52.,402.5));
#10135 = VECTOR('',#10136,1.);
#10136 = DIRECTION('',(-0.,1.,0.));
#10137 = PCURVE('',#9791,#10138);
#10138 = DEFINITIONAL_REPRESENTATION('',(#10139),#10143);
#10139 = LINE('',#10140,#10141);
#10140 = CARTESIAN_POINT('',(0.,0.));
#10141 = VECTOR('',#10142,1.);
#10142 = DIRECTION('',(0.,-1.));
#10143 = ( GEOMETRIC_REPRESENTATION_CONTEXT(2) 
PARAMETRIC_REPRESENTATION_CONTEXT() REPRESENTATION_CONTEXT('2D SPACE',''
  ) );
#10144 = PCURVE('',#9765,#10145);
#10145 = DEFINITIONAL_REPRESENTATION('',(#10146),#10150);
#10146 = LINE('',#10147,#10148);
#10147 = CARTESIAN_POINT('',(320.,0.));
#10148 = VECTOR('',#10149,1.);
#10149 = DIRECTION('',(0.,1.));
#10150 = ( GEOMETRIC_REPRESENTATION_CONTEXT(2) 
PARAMETRIC_REPRESENTATION_CONTEXT() REPRESENTATION_CONTEXT('2D SPACE',''
  ) );
#10151 = ORIENTED_EDGE('',*,*,#10152,.T.);
#10152 = EDGE_CURVE('',#10130,#10077,#10153,.T.);
#10153 = SURFACE_CURVE('',#10154,(#10158,#10165),.PCURVE_S1.);
#10154 = LINE('',#10155,#10156);
#10155 = CARTESIAN_POINT('',(160.,59.5,402.5));
#10156 = VECTOR('',#10157,1.);
#10157 = DIRECTION('',(0.,0.,1.));
#10158 = PCURVE('',#9791,#10159);
#10159 = DEFINITIONAL_REPRESENTATION('',(#10160),#10164);
#10160 = LINE('',#10161,#10162);
#10161 = CARTESIAN_POINT('',(0.,-7.5));
#10162 = VECTOR('',#10163,1.);
#10163 = DIRECTION('',(1.,0.));
#10164 = ( GEOMETRIC_REPRESENTATION_CONTEXT(2) 
PARAMETRIC_REPRESENTATION_CONTEXT() REPRESENTATION_CONTEXT('2D SPACE',''
  ) );
#10165 = PCURVE('',#10113,#10166);
#10166 = DEFINITIONAL_REPRESENTATION('',(#10167),#10171);
#10167 = LINE('',#10168,#10169);
#10168 = CARTESIAN_POINT('',(0.,320.));
#10169 = VECTOR('',#10170,1.);
#10170 = DIRECTION('',(1.,0.));
#10171 = ( GEOMETRIC_REPRESENTATION_CONTEXT(2) 
PARAMETRIC_REPRESENTATION_CONTEXT() REPRESENTATION_CONTEXT('2D SPACE',''
  ) );
#10172 = ORIENTED_EDGE('',*,*,#10076,.F.);
#10173 = ADVANCED_FACE('',(#10174),#9737,.T.);
#10174 = FACE_BOUND('',#10175,.T.);
#10175 = EDGE_LOOP('',(#10176,#10177,#10200,#10221));
#10176 = ORIENTED_EDGE('',*,*,#9721,.F.);
#10177 = ORIENTED_EDGE('',*,*,#10178,.T.);
#10178 = EDGE_CURVE('',#9722,#10179,#10181,.T.);
#10179 = VERTEX_POINT('',#10180);
#10180 = CARTESIAN_POINT('',(-160.,59.5,402.5));
#10181 = SURFACE_CURVE('',#10182,(#10186,#10193),.PCURVE_S1.);
#10182 = LINE('',#10183,#10184);
#10183 = CARTESIAN_POINT('',(-160.,52.,402.5));
#10184 = VECTOR('',#10185,1.);
#10185 = DIRECTION('',(-0.,1.,0.));
#10186 = PCURVE('',#9737,#10187);
#10187 = DEFINITIONAL_REPRESENTATION('',(#10188),#10192);
#10188 = LINE('',#10189,#10190);
#10189 = CARTESIAN_POINT('',(0.,0.));
#10190 = VECTOR('',#10191,1.);
#10191 = DIRECTION('',(0.,-1.));
#10192 = ( GEOMETRIC_REPRESENTATION_CONTEXT(2) 
PARAMETRIC_REPRESENTATION_CONTEXT() REPRESENTATION_CONTEXT('2D SPACE',''
  ) );
#10193 = PCURVE('',#9765,#10194);
#10194 = DEFINITIONAL_REPRESENTATION('',(#10195),#10199);
#10195 = LINE('',#10196,#10197);
#10196 = CARTESIAN_POINT('',(0.,0.));
#10197 = VECTOR('',#10198,1.);
#10198 = DIRECTION('',(0.,1.));
#10199 = ( GEOMETRIC_REPRESENTATION_CONTEXT(2) 
PARAMETRIC_REPRESENTATION_CONTEXT() REPRESENTATION_CONTEXT('2D SPACE',''
  ) );
#10200 = ORIENTED_EDGE('',*,*,#10201,.T.);
#10201 = EDGE_CURVE('',#10179,#10053,#10202,.T.);
#10202 = SURFACE_CURVE('',#10203,(#10207,#10214),.PCURVE_S1.);
#10203 = LINE('',#10204,#10205);
#10204 = CARTESIAN_POINT('',(-160.,59.5,402.5));
#10205 = VECTOR('',#10206,1.);
#10206 = DIRECTION('',(0.,0.,1.));
#10207 = PCURVE('',#9737,#10208);
#10208 = DEFINITIONAL_REPRESENTATION('',(#10209),#10213);
#10209 = LINE('',#10210,#10211);
#10210 = CARTESIAN_POINT('',(0.,-7.5));
#10211 = VECTOR('',#10212,1.);
#10212 = DIRECTION('',(1.,0.));
#10213 = ( GEOMETRIC_REPRESENTATION_CONTEXT(2) 
PARAMETRIC_REPRESENTATION_CONTEXT() REPRESENTATION_CONTEXT('2D SPACE',''
  ) );
#10214 = PCURVE('',#10113,#10215);
#10215 = DEFINITIONAL_REPRESENTATION('',(#10216),#10220);
#10216 = LINE('',#10217,#10218);
#10217 = CARTESIAN_POINT('',(0.,0.));
#10218 = VECTOR('',#10219,1.);
#10219 = DIRECTION('',(1.,0.));
#10220 = ( GEOMETRIC_REPRESENTATION_CONTEXT(2) 
PARAMETRIC_REPRESENTATION_CONTEXT() REPRESENTATION_CONTEXT('2D SPACE',''
  ) );
#10221 = ORIENTED_EDGE('',*,*,#10052,.F.);
#10222 = ADVANCED_FACE('',(#10223),#9765,.T.);
#10223 = FACE_BOUND('',#10224,.T.);
#10224 = EDGE_LOOP('',(#10225,#10226,#10227,#10228));
#10225 = ORIENTED_EDGE('',*,*,#10178,.F.);
#10226 = ORIENTED_EDGE('',*,*,#9749,.T.);
#10227 = ORIENTED_EDGE('',*,*,#10129,.T.);
#10228 = ORIENTED_EDGE('',*,*,#10229,.F.);
#10229 = EDGE_CURVE('',#10179,#10130,#10230,.T.);
#10230 = SURFACE_CURVE('',#10231,(#10235,#10242),.PCURVE_S1.);
#10231 = LINE('',#10232,#10233);
#10232 = CARTESIAN_POINT('',(-160.,59.5,402.5));
#10233 = VECTOR('',#10234,1.);
#10234 = DIRECTION('',(1.,0.,-0.));
#10235 = PCURVE('',#9765,#10236);
#10236 = DEFINITIONAL_REPRESENTATION('',(#10237),#10241);
#10237 = LINE('',#10238,#10239);
#10238 = CARTESIAN_POINT('',(0.,7.5));
#10239 = VECTOR('',#10240,1.);
#10240 = DIRECTION('',(1.,0.));
#10241 = ( GEOMETRIC_REPRESENTATION_CONTEXT(2) 
PARAMETRIC_REPRESENTATION_CONTEXT() REPRESENTATION_CONTEXT('2D SPACE',''
  ) );
#10242 = PCURVE('',#10113,#10243);
#10243 = DEFINITIONAL_REPRESENTATION('',(#10244),#10248);
#10244 = LINE('',#10245,#10246);
#10245 = CARTESIAN_POINT('',(0.,0.));
#10246 = VECTOR('',#10247,1.);
#10247 = DIRECTION('',(0.,1.));
#10248 = ( GEOMETRIC_REPRESENTATION_CONTEXT(2) 
PARAMETRIC_REPRESENTATION_CONTEXT() REPRESENTATION_CONTEXT('2D SPACE',''
  ) );
#10249 = ADVANCED_FACE('',(#10250),#9823,.F.);
#10250 = FACE_BOUND('',#10251,.F.);
#10251 = EDGE_LOOP('',(#10252,#10275,#10276,#10299));
#10252 = ORIENTED_EDGE('',*,*,#10253,.F.);
#10253 = EDGE_CURVE('',#9806,#10254,#10256,.T.);
#10254 = VERTEX_POINT('',#10255);
#10255 = CARTESIAN_POINT('',(-160.,59.5,637.5));
#10256 = SURFACE_CURVE('',#10257,(#10261,#10268),.PCURVE_S1.);
#10257 = LINE('',#10258,#10259);
#10258 = CARTESIAN_POINT('',(-160.,52.,637.5));
#10259 = VECTOR('',#10260,1.);
#10260 = DIRECTION('',(-0.,1.,0.));
#10261 = PCURVE('',#9823,#10262);
#10262 = DEFINITIONAL_REPRESENTATION('',(#10263),#10267);
#10263 = LINE('',#10264,#10265);
#10264 = CARTESIAN_POINT('',(0.,0.));
#10265 = VECTOR('',#10266,1.);
#10266 = DIRECTION('',(0.,1.));
#10267 = ( GEOMETRIC_REPRESENTATION_CONTEXT(2) 
PARAMETRIC_REPRESENTATION_CONTEXT() REPRESENTATION_CONTEXT('2D SPACE',''
  ) );
#10268 = PCURVE('',#9851,#10269);
#10269 = DEFINITIONAL_REPRESENTATION('',(#10270),#10274);
#10270 = LINE('',#10271,#10272);
#10271 = CARTESIAN_POINT('',(35.,0.));
#10272 = VECTOR('',#10273,1.);
#10273 = DIRECTION('',(0.,-1.));
#10274 = ( GEOMETRIC_REPRESENTATION_CONTEXT(2) 
PARAMETRIC_REPRESENTATION_CONTEXT() REPRESENTATION_CONTEXT('2D SPACE',''
  ) );
#10275 = ORIENTED_EDGE('',*,*,#9805,.T.);
#10276 = ORIENTED_EDGE('',*,*,#10277,.T.);
#10277 = EDGE_CURVE('',#9808,#10278,#10280,.T.);
#10278 = VERTEX_POINT('',#10279);
#10279 = CARTESIAN_POINT('',(160.,59.5,637.5));
#10280 = SURFACE_CURVE('',#10281,(#10285,#10292),.PCURVE_S1.);
#10281 = LINE('',#10282,#10283);
#10282 = CARTESIAN_POINT('',(160.,52.,637.5));
#10283 = VECTOR('',#10284,1.);
#10284 = DIRECTION('',(-0.,1.,0.));
#10285 = PCURVE('',#9823,#10286);
#10286 = DEFINITIONAL_REPRESENTATION('',(#10287),#10291);
#10287 = LINE('',#10288,#10289);
#10288 = CARTESIAN_POINT('',(320.,0.));
#10289 = VECTOR('',#10290,1.);
#10290 = DIRECTION('',(0.,1.));
#10291 = ( GEOMETRIC_REPRESENTATION_CONTEXT(2) 
PARAMETRIC_REPRESENTATION_CONTEXT() REPRESENTATION_CONTEXT('2D SPACE',''
  ) );
#10292 = PCURVE('',#9905,#10293);
#10293 = DEFINITIONAL_REPRESENTATION('',(#10294),#10298);
#10294 = LINE('',#10295,#10296);
#10295 = CARTESIAN_POINT('',(35.,0.));
#10296 = VECTOR('',#10297,1.);
#10297 = DIRECTION('',(0.,-1.));
#10298 = ( GEOMETRIC_REPRESENTATION_CONTEXT(2) 
PARAMETRIC_REPRESENTATION_CONTEXT() REPRESENTATION_CONTEXT('2D SPACE',''
  ) );
#10299 = ORIENTED_EDGE('',*,*,#10300,.F.);
#10300 = EDGE_CURVE('',#10254,#10278,#10301,.T.);
#10301 = SURFACE_CURVE('',#10302,(#10306,#10313),.PCURVE_S1.);
#10302 = LINE('',#10303,#10304);
#10303 = CARTESIAN_POINT('',(-160.,59.5,637.5));
#10304 = VECTOR('',#10305,1.);
#10305 = DIRECTION('',(1.,0.,-0.));
#10306 = PCURVE('',#9823,#10307);
#10307 = DEFINITIONAL_REPRESENTATION('',(#10308),#10312);
#10308 = LINE('',#10309,#10310);
#10309 = CARTESIAN_POINT('',(0.,7.5));
#10310 = VECTOR('',#10311,1.);
#10311 = DIRECTION('',(1.,0.));
#10312 = ( GEOMETRIC_REPRESENTATION_CONTEXT(2) 
PARAMETRIC_REPRESENTATION_CONTEXT() REPRESENTATION_CONTEXT('2D SPACE',''
  ) );
#10313 = PCURVE('',#10314,#10319);
#10314 = PLANE('',#10315);
#10315 = AXIS2_PLACEMENT_3D('',#10316,#10317,#10318);
#10316 = CARTESIAN_POINT('',(-160.,59.5,602.5));
#10317 = DIRECTION('',(-0.,1.,0.));
#10318 = DIRECTION('',(0.,0.,1.));
#10319 = DEFINITIONAL_REPRESENTATION('',(#10320),#10324);
#10320 = LINE('',#10321,#10322);
#10321 = CARTESIAN_POINT('',(35.,0.));
#10322 = VECTOR('',#10323,1.);
#10323 = DIRECTION('',(0.,1.));
#10324 = ( GEOMETRIC_REPRESENTATION_CONTEXT(2) 
PARAMETRIC_REPRESENTATION_CONTEXT() REPRESENTATION_CONTEXT('2D SPACE',''
  ) );
#10325 = ADVANCED_FACE('',(#10326),#9905,.F.);
#10326 = FACE_BOUND('',#10327,.F.);
#10327 = EDGE_LOOP('',(#10328,#10329,#10352,#10373));
#10328 = ORIENTED_EDGE('',*,*,#9891,.F.);
#10329 = ORIENTED_EDGE('',*,*,#10330,.T.);
#10330 = EDGE_CURVE('',#9864,#10331,#10333,.T.);
#10331 = VERTEX_POINT('',#10332);
#10332 = CARTESIAN_POINT('',(160.,59.5,602.5));
#10333 = SURFACE_CURVE('',#10334,(#10338,#10345),.PCURVE_S1.);
#10334 = LINE('',#10335,#10336);
#10335 = CARTESIAN_POINT('',(160.,52.,602.5));
#10336 = VECTOR('',#10337,1.);
#10337 = DIRECTION('',(-0.,1.,0.));
#10338 = PCURVE('',#9905,#10339);
#10339 = DEFINITIONAL_REPRESENTATION('',(#10340),#10344);
#10340 = LINE('',#10341,#10342);
#10341 = CARTESIAN_POINT('',(0.,0.));
#10342 = VECTOR('',#10343,1.);
#10343 = DIRECTION('',(0.,-1.));
#10344 = ( GEOMETRIC_REPRESENTATION_CONTEXT(2) 
PARAMETRIC_REPRESENTATION_CONTEXT() REPRESENTATION_CONTEXT('2D SPACE',''
  ) );
#10345 = PCURVE('',#9879,#10346);
#10346 = DEFINITIONAL_REPRESENTATION('',(#10347),#10351);
#10347 = LINE('',#10348,#10349);
#10348 = CARTESIAN_POINT('',(320.,0.));
#10349 = VECTOR('',#10350,1.);
#10350 = DIRECTION('',(0.,1.));
#10351 = ( GEOMETRIC_REPRESENTATION_CONTEXT(2) 
PARAMETRIC_REPRESENTATION_CONTEXT() REPRESENTATION_CONTEXT('2D SPACE',''
  ) );
#10352 = ORIENTED_EDGE('',*,*,#10353,.T.);
#10353 = EDGE_CURVE('',#10331,#10278,#10354,.T.);
#10354 = SURFACE_CURVE('',#10355,(#10359,#10366),.PCURVE_S1.);
#10355 = LINE('',#10356,#10357);
#10356 = CARTESIAN_POINT('',(160.,59.5,602.5));
#10357 = VECTOR('',#10358,1.);
#10358 = DIRECTION('',(0.,0.,1.));
#10359 = PCURVE('',#9905,#10360);
#10360 = DEFINITIONAL_REPRESENTATION('',(#10361),#10365);
#10361 = LINE('',#10362,#10363);
#10362 = CARTESIAN_POINT('',(0.,-7.5));
#10363 = VECTOR('',#10364,1.);
#10364 = DIRECTION('',(1.,0.));
#10365 = ( GEOMETRIC_REPRESENTATION_CONTEXT(2) 
PARAMETRIC_REPRESENTATION_CONTEXT() REPRESENTATION_CONTEXT('2D SPACE',''
  ) );
#10366 = PCURVE('',#10314,#10367);
#10367 = DEFINITIONAL_REPRESENTATION('',(#10368),#10372);
#10368 = LINE('',#10369,#10370);
#10369 = CARTESIAN_POINT('',(0.,320.));
#10370 = VECTOR('',#10371,1.);
#10371 = DIRECTION('',(1.,0.));
#10372 = ( GEOMETRIC_REPRESENTATION_CONTEXT(2) 
PARAMETRIC_REPRESENTATION_CONTEXT() REPRESENTATION_CONTEXT('2D SPACE',''
  ) );
#10373 = ORIENTED_EDGE('',*,*,#10277,.F.);
#10374 = ADVANCED_FACE('',(#10375),#9879,.T.);
#10375 = FACE_BOUND('',#10376,.T.);
#10376 = EDGE_LOOP('',(#10377,#10400,#10401,#10402));
#10377 = ORIENTED_EDGE('',*,*,#10378,.F.);
#10378 = EDGE_CURVE('',#9836,#10379,#10381,.T.);
#10379 = VERTEX_POINT('',#10380);
#10380 = CARTESIAN_POINT('',(-160.,59.5,602.5));
#10381 = SURFACE_CURVE('',#10382,(#10386,#10393),.PCURVE_S1.);
#10382 = LINE('',#10383,#10384);
#10383 = CARTESIAN_POINT('',(-160.,52.,602.5));
#10384 = VECTOR('',#10385,1.);
#10385 = DIRECTION('',(-0.,1.,0.));
#10386 = PCURVE('',#9879,#10387);
#10387 = DEFINITIONAL_REPRESENTATION('',(#10388),#10392);
#10388 = LINE('',#10389,#10390);
#10389 = CARTESIAN_POINT('',(0.,0.));
#10390 = VECTOR('',#10391,1.);
#10391 = DIRECTION('',(0.,1.));
#10392 = ( GEOMETRIC_REPRESENTATION_CONTEXT(2) 
PARAMETRIC_REPRESENTATION_CONTEXT() REPRESENTATION_CONTEXT('2D SPACE',''
  ) );
#10393 = PCURVE('',#9851,#10394);
#10394 = DEFINITIONAL_REPRESENTATION('',(#10395),#10399);
#10395 = LINE('',#10396,#10397);
#10396 = CARTESIAN_POINT('',(0.,0.));
#10397 = VECTOR('',#10398,1.);
#10398 = DIRECTION('',(0.,-1.));
#10399 = ( GEOMETRIC_REPRESENTATION_CONTEXT(2) 
PARAMETRIC_REPRESENTATION_CONTEXT() REPRESENTATION_CONTEXT('2D SPACE',''
  ) );
#10400 = ORIENTED_EDGE('',*,*,#9863,.T.);
#10401 = ORIENTED_EDGE('',*,*,#10330,.T.);
#10402 = ORIENTED_EDGE('',*,*,#10403,.F.);
#10403 = EDGE_CURVE('',#10379,#10331,#10404,.T.);
#10404 = SURFACE_CURVE('',#10405,(#10409,#10416),.PCURVE_S1.);
#10405 = LINE('',#10406,#10407);
#10406 = CARTESIAN_POINT('',(-160.,59.5,602.5));
#10407 = VECTOR('',#10408,1.);
#10408 = DIRECTION('',(1.,0.,-0.));
#10409 = PCURVE('',#9879,#10410);
#10410 = DEFINITIONAL_REPRESENTATION('',(#10411),#10415);
#10411 = LINE('',#10412,#10413);
#10412 = CARTESIAN_POINT('',(0.,7.5));
#10413 = VECTOR('',#10414,1.);
#10414 = DIRECTION('',(1.,0.));
#10415 = ( GEOMETRIC_REPRESENTATION_CONTEXT(2) 
PARAMETRIC_REPRESENTATION_CONTEXT() REPRESENTATION_CONTEXT('2D SPACE',''
  ) );
#10416 = PCURVE('',#10314,#10417);
#10417 = DEFINITIONAL_REPRESENTATION('',(#10418),#10422);
#10418 = LINE('',#10419,#10420);
#10419 = CARTESIAN_POINT('',(0.,0.));
#10420 = VECTOR('',#10421,1.);
#10421 = DIRECTION('',(0.,1.));
#10422 = ( GEOMETRIC_REPRESENTATION_CONTEXT(2) 
PARAMETRIC_REPRESENTATION_CONTEXT() REPRESENTATION_CONTEXT('2D SPACE',''
  ) );
#10423 = ADVANCED_FACE('',(#10424),#9851,.T.);
#10424 = FACE_BOUND('',#10425,.T.);
#10425 = EDGE_LOOP('',(#10426,#10427,#10428,#10449));
#10426 = ORIENTED_EDGE('',*,*,#9835,.F.);
#10427 = ORIENTED_EDGE('',*,*,#10378,.T.);
#10428 = ORIENTED_EDGE('',*,*,#10429,.T.);
#10429 = EDGE_CURVE('',#10379,#10254,#10430,.T.);
#10430 = SURFACE_CURVE('',#10431,(#10435,#10442),.PCURVE_S1.);
#10431 = LINE('',#10432,#10433);
#10432 = CARTESIAN_POINT('',(-160.,59.5,602.5));
#10433 = VECTOR('',#10434,1.);
#10434 = DIRECTION('',(0.,0.,1.));
#10435 = PCURVE('',#9851,#10436);
#10436 = DEFINITIONAL_REPRESENTATION('',(#10437),#10441);
#10437 = LINE('',#10438,#10439);
#10438 = CARTESIAN_POINT('',(0.,-7.5));
#10439 = VECTOR('',#10440,1.);
#10440 = DIRECTION('',(1.,0.));
#10441 = ( GEOMETRIC_REPRESENTATION_CONTEXT(2) 
PARAMETRIC_REPRESENTATION_CONTEXT() REPRESENTATION_CONTEXT('2D SPACE',''
  ) );
#10442 = PCURVE('',#10314,#10443);
#10443 = DEFINITIONAL_REPRESENTATION('',(#10444),#10448);
#10444 = LINE('',#10445,#10446);
#10445 = CARTESIAN_POINT('',(0.,0.));
#10446 = VECTOR('',#10447,1.);
#10447 = DIRECTION('',(1.,0.));
#10448 = ( GEOMETRIC_REPRESENTATION_CONTEXT(2) 
PARAMETRIC_REPRESENTATION_CONTEXT() REPRESENTATION_CONTEXT('2D SPACE',''
  ) );
#10449 = ORIENTED_EDGE('',*,*,#10253,.F.);
#10450 = ADVANCED_FACE('',(#10451),#10113,.F.);
#10451 = FACE_BOUND('',#10452,.F.);
#10452 = EDGE_LOOP('',(#10453,#10454,#10455,#10456));
#10453 = ORIENTED_EDGE('',*,*,#10229,.F.);
#10454 = ORIENTED_EDGE('',*,*,#10201,.T.);
#10455 = ORIENTED_EDGE('',*,*,#10099,.T.);
#10456 = ORIENTED_EDGE('',*,*,#10152,.F.);
#10457 = ADVANCED_FACE('',(#10458),#10314,.F.);
#10458 = FACE_BOUND('',#10459,.F.);
#10459 = EDGE_LOOP('',(#10460,#10461,#10462,#10463));
#10460 = ORIENTED_EDGE('',*,*,#10403,.F.);
#10461 = ORIENTED_EDGE('',*,*,#10429,.T.);
#10462 = ORIENTED_EDGE('',*,*,#10300,.T.);
#10463 = ORIENTED_EDGE('',*,*,#10353,.F.);
#10464 = ( GEOMETRIC_REPRESENTATION_CONTEXT(3) 
GLOBAL_UNCERTAINTY_ASSIGNED_CONTEXT((#10468)) 
GLOBAL_UNIT_ASSIGNED_CONTEXT((#10465,#10466,#10467)) 
REPRESENTATION_CONTEXT('Context #1',
  '3D Context with UNIT and UNCERTAINTY') );
#10465 = ( LENGTH_UNIT() NAMED_UNIT(*) SI_UNIT(.MILLI.,.METRE.) );
#10466 = ( NAMED_UNIT(*) PLANE_ANGLE_UNIT() SI_UNIT($,.RADIAN.) );
#10467 = ( NAMED_UNIT(*) SI_UNIT($,.STERADIAN.) SOLID_ANGLE_UNIT() );
#10468 = UNCERTAINTY_MEASURE_WITH_UNIT(LENGTH_MEASURE(1.E-07),#10465,
  'distance_accuracy_value','confusion accuracy');
#10469 = CONTEXT_DEPENDENT_SHAPE_REPRESENTATION(#10470,#10472);
#10470 = ( REPRESENTATION_RELATIONSHIP('','',#8837,#10) 
REPRESENTATION_RELATIONSHIP_WITH_TRANSFORMATION(#10471) 
SHAPE_REPRESENTATION_RELATIONSHIP() );
#10471 = ITEM_DEFINED_TRANSFORMATION('','',#11,#51);
#10472 = PRODUCT_DEFINITION_SHAPE('Placement','Placement of an item',
  #10473);
#10473 = NEXT_ASSEMBLY_USAGE_OCCURRENCE('10','=>[0:1:1:11]','',#5,#8832,
  $);
#10474 = PRODUCT_RELATED_PRODUCT_CATEGORY('part',$,(#8834));
#10475 = SHAPE_DEFINITION_REPRESENTATION(#10476,#10482);
#10476 = PRODUCT_DEFINITION_SHAPE('','',#10477);
#10477 = PRODUCT_DEFINITION('design','',#10478,#10481);
#10478 = PRODUCT_DEFINITION_FORMATION('','',#10479);
#10479 = PRODUCT('COMPOUND','COMPOUND','',(#10480));
#10480 = PRODUCT_CONTEXT('',#2,'mechanical');
#10481 = PRODUCT_DEFINITION_CONTEXT('part definition',#2,'design');
#10482 = SHAPE_REPRESENTATION('',(#11,#10483,#10813),#11143);
#10483 = MANIFOLD_SOLID_BREP('',#10484);
#10484 = CLOSED_SHELL('',(#10485,#10605,#10705,#10752,#10799,#10806));
#10485 = ADVANCED_FACE('',(#10486),#10500,.F.);
#10486 = FACE_BOUND('',#10487,.F.);
#10487 = EDGE_LOOP('',(#10488,#10523,#10551,#10579));
#10488 = ORIENTED_EDGE('',*,*,#10489,.F.);
#10489 = EDGE_CURVE('',#10490,#10492,#10494,.T.);
#10490 = VERTEX_POINT('',#10491);
#10491 = CARTESIAN_POINT('',(-154.,59.5,375.));
#10492 = VERTEX_POINT('',#10493);
#10493 = CARTESIAN_POINT('',(-154.,59.5,465.));
#10494 = SURFACE_CURVE('',#10495,(#10499,#10511),.PCURVE_S1.);
#10495 = LINE('',#10496,#10497);
#10496 = CARTESIAN_POINT('',(-154.,59.5,375.));
#10497 = VECTOR('',#10498,1.);
#10498 = DIRECTION('',(0.,0.,1.));
#10499 = PCURVE('',#10500,#10505);
#10500 = PLANE('',#10501);
#10501 = AXIS2_PLACEMENT_3D('',#10502,#10503,#10504);
#10502 = CARTESIAN_POINT('',(-154.,59.5,375.));
#10503 = DIRECTION('',(1.,0.,-0.));
#10504 = DIRECTION('',(0.,0.,1.));
#10505 = DEFINITIONAL_REPRESENTATION('',(#10506),#10510);
#10506 = LINE('',#10507,#10508);
#10507 = CARTESIAN_POINT('',(0.,0.));
#10508 = VECTOR('',#10509,1.);
#10509 = DIRECTION('',(1.,0.));
#10510 = ( GEOMETRIC_REPRESENTATION_CONTEXT(2) 
PARAMETRIC_REPRESENTATION_CONTEXT() REPRESENTATION_CONTEXT('2D SPACE',''
  ) );
#10511 = PCURVE('',#10512,#10517);
#10512 = PLANE('',#10513);
#10513 = AXIS2_PLACEMENT_3D('',#10514,#10515,#10516);
#10514 = CARTESIAN_POINT('',(-154.,59.5,375.));
#10515 = DIRECTION('',(-0.,1.,0.));
#10516 = DIRECTION('',(0.,0.,1.));
#10517 = DEFINITIONAL_REPRESENTATION('',(#10518),#10522);
#10518 = LINE('',#10519,#10520);
#10519 = CARTESIAN_POINT('',(0.,0.));
#10520 = VECTOR('',#10521,1.);
#10521 = DIRECTION('',(1.,0.));
#10522 = ( GEOMETRIC_REPRESENTATION_CONTEXT(2) 
PARAMETRIC_REPRESENTATION_CONTEXT() REPRESENTATION_CONTEXT('2D SPACE',''
  ) );
#10523 = ORIENTED_EDGE('',*,*,#10524,.T.);
#10524 = EDGE_CURVE('',#10490,#10525,#10527,.T.);
#10525 = VERTEX_POINT('',#10526);
#10526 = CARTESIAN_POINT('',(-154.,119.5,375.));
#10527 = SURFACE_CURVE('',#10528,(#10532,#10539),.PCURVE_S1.);
#10528 = LINE('',#10529,#10530);
#10529 = CARTESIAN_POINT('',(-154.,59.5,375.));
#10530 = VECTOR('',#10531,1.);
#10531 = DIRECTION('',(-0.,1.,0.));
#10532 = PCURVE('',#10500,#10533);
#10533 = DEFINITIONAL_REPRESENTATION('',(#10534),#10538);
#10534 = LINE('',#10535,#10536);
#10535 = CARTESIAN_POINT('',(0.,0.));
#10536 = VECTOR('',#10537,1.);
#10537 = DIRECTION('',(0.,-1.));
#10538 = ( GEOMETRIC_REPRESENTATION_CONTEXT(2) 
PARAMETRIC_REPRESENTATION_CONTEXT() REPRESENTATION_CONTEXT('2D SPACE',''
  ) );
#10539 = PCURVE('',#10540,#10545);
#10540 = PLANE('',#10541);
#10541 = AXIS2_PLACEMENT_3D('',#10542,#10543,#10544);
#10542 = CARTESIAN_POINT('',(-154.,59.5,375.));
#10543 = DIRECTION('',(0.,0.,1.));
#10544 = DIRECTION('',(1.,0.,-0.));
#10545 = DEFINITIONAL_REPRESENTATION('',(#10546),#10550);
#10546 = LINE('',#10547,#10548);
#10547 = CARTESIAN_POINT('',(0.,0.));
#10548 = VECTOR('',#10549,1.);
#10549 = DIRECTION('',(0.,1.));
#10550 = ( GEOMETRIC_REPRESENTATION_CONTEXT(2) 
PARAMETRIC_REPRESENTATION_CONTEXT() REPRESENTATION_CONTEXT('2D SPACE',''
  ) );
#10551 = ORIENTED_EDGE('',*,*,#10552,.T.);
#10552 = EDGE_CURVE('',#10525,#10553,#10555,.T.);
#10553 = VERTEX_POINT('',#10554);
#10554 = CARTESIAN_POINT('',(-154.,119.5,465.));
#10555 = SURFACE_CURVE('',#10556,(#10560,#10567),.PCURVE_S1.);
#10556 = LINE('',#10557,#10558);
#10557 = CARTESIAN_POINT('',(-154.,119.5,375.));
#10558 = VECTOR('',#10559,1.);
#10559 = DIRECTION('',(0.,0.,1.));
#10560 = PCURVE('',#10500,#10561);
#10561 = DEFINITIONAL_REPRESENTATION('',(#10562),#10566);
#10562 = LINE('',#10563,#10564);
#10563 = CARTESIAN_POINT('',(0.,-60.));
#10564 = VECTOR('',#10565,1.);
#10565 = DIRECTION('',(1.,0.));
#10566 = ( GEOMETRIC_REPRESENTATION_CONTEXT(2) 
PARAMETRIC_REPRESENTATION_CONTEXT() REPRESENTATION_CONTEXT('2D SPACE',''
  ) );
#10567 = PCURVE('',#10568,#10573);
#10568 = PLANE('',#10569);
#10569 = AXIS2_PLACEMENT_3D('',#10570,#10571,#10572);
#10570 = CARTESIAN_POINT('',(-154.,119.5,375.));
#10571 = DIRECTION('',(-0.,1.,0.));
#10572 = DIRECTION('',(0.,0.,1.));
#10573 = DEFINITIONAL_REPRESENTATION('',(#10574),#10578);
#10574 = LINE('',#10575,#10576);
#10575 = CARTESIAN_POINT('',(0.,0.));
#10576 = VECTOR('',#10577,1.);
#10577 = DIRECTION('',(1.,0.));
#10578 = ( GEOMETRIC_REPRESENTATION_CONTEXT(2) 
PARAMETRIC_REPRESENTATION_CONTEXT() REPRESENTATION_CONTEXT('2D SPACE',''
  ) );
#10579 = ORIENTED_EDGE('',*,*,#10580,.F.);
#10580 = EDGE_CURVE('',#10492,#10553,#10581,.T.);
#10581 = SURFACE_CURVE('',#10582,(#10586,#10593),.PCURVE_S1.);
#10582 = LINE('',#10583,#10584);
#10583 = CARTESIAN_POINT('',(-154.,59.5,465.));
#10584 = VECTOR('',#10585,1.);
#10585 = DIRECTION('',(-0.,1.,0.));
#10586 = PCURVE('',#10500,#10587);
#10587 = DEFINITIONAL_REPRESENTATION('',(#10588),#10592);
#10588 = LINE('',#10589,#10590);
#10589 = CARTESIAN_POINT('',(90.,0.));
#10590 = VECTOR('',#10591,1.);
#10591 = DIRECTION('',(0.,-1.));
#10592 = ( GEOMETRIC_REPRESENTATION_CONTEXT(2) 
PARAMETRIC_REPRESENTATION_CONTEXT() REPRESENTATION_CONTEXT('2D SPACE',''
  ) );
#10593 = PCURVE('',#10594,#10599);
#10594 = PLANE('',#10595);
#10595 = AXIS2_PLACEMENT_3D('',#10596,#10597,#10598);
#10596 = CARTESIAN_POINT('',(-154.,59.5,465.));
#10597 = DIRECTION('',(0.,0.,1.));
#10598 = DIRECTION('',(1.,0.,-0.));
#10599 = DEFINITIONAL_REPRESENTATION('',(#10600),#10604);
#10600 = LINE('',#10601,#10602);
#10601 = CARTESIAN_POINT('',(0.,0.));
#10602 = VECTOR('',#10603,1.);
#10603 = DIRECTION('',(0.,1.));
#10604 = ( GEOMETRIC_REPRESENTATION_CONTEXT(2) 
PARAMETRIC_REPRESENTATION_CONTEXT() REPRESENTATION_CONTEXT('2D SPACE',''
  ) );
#10605 = ADVANCED_FACE('',(#10606),#10620,.T.);
#10606 = FACE_BOUND('',#10607,.T.);
#10607 = EDGE_LOOP('',(#10608,#10638,#10661,#10684));
#10608 = ORIENTED_EDGE('',*,*,#10609,.F.);
#10609 = EDGE_CURVE('',#10610,#10612,#10614,.T.);
#10610 = VERTEX_POINT('',#10611);
#10611 = CARTESIAN_POINT('',(-119.,59.5,375.));
#10612 = VERTEX_POINT('',#10613);
#10613 = CARTESIAN_POINT('',(-119.,59.5,465.));
#10614 = SURFACE_CURVE('',#10615,(#10619,#10631),.PCURVE_S1.);
#10615 = LINE('',#10616,#10617);
#10616 = CARTESIAN_POINT('',(-119.,59.5,375.));
#10617 = VECTOR('',#10618,1.);
#10618 = DIRECTION('',(0.,0.,1.));
#10619 = PCURVE('',#10620,#10625);
#10620 = PLANE('',#10621);
#10621 = AXIS2_PLACEMENT_3D('',#10622,#10623,#10624);
#10622 = CARTESIAN_POINT('',(-119.,59.5,375.));
#10623 = DIRECTION('',(1.,0.,-0.));
#10624 = DIRECTION('',(0.,0.,1.));
#10625 = DEFINITIONAL_REPRESENTATION('',(#10626),#10630);
#10626 = LINE('',#10627,#10628);
#10627 = CARTESIAN_POINT('',(0.,0.));
#10628 = VECTOR('',#10629,1.);
#10629 = DIRECTION('',(1.,0.));
#10630 = ( GEOMETRIC_REPRESENTATION_CONTEXT(2) 
PARAMETRIC_REPRESENTATION_CONTEXT() REPRESENTATION_CONTEXT('2D SPACE',''
  ) );
#10631 = PCURVE('',#10512,#10632);
#10632 = DEFINITIONAL_REPRESENTATION('',(#10633),#10637);
#10633 = LINE('',#10634,#10635);
#10634 = CARTESIAN_POINT('',(0.,35.));
#10635 = VECTOR('',#10636,1.);
#10636 = DIRECTION('',(1.,0.));
#10637 = ( GEOMETRIC_REPRESENTATION_CONTEXT(2) 
PARAMETRIC_REPRESENTATION_CONTEXT() REPRESENTATION_CONTEXT('2D SPACE',''
  ) );
#10638 = ORIENTED_EDGE('',*,*,#10639,.T.);
#10639 = EDGE_CURVE('',#10610,#10640,#10642,.T.);
#10640 = VERTEX_POINT('',#10641);
#10641 = CARTESIAN_POINT('',(-119.,119.5,375.));
#10642 = SURFACE_CURVE('',#10643,(#10647,#10654),.PCURVE_S1.);
#10643 = LINE('',#10644,#10645);
#10644 = CARTESIAN_POINT('',(-119.,59.5,375.));
#10645 = VECTOR('',#10646,1.);
#10646 = DIRECTION('',(-0.,1.,0.));
#10647 = PCURVE('',#10620,#10648);
#10648 = DEFINITIONAL_REPRESENTATION('',(#10649),#10653);
#10649 = LINE('',#10650,#10651);
#10650 = CARTESIAN_POINT('',(0.,0.));
#10651 = VECTOR('',#10652,1.);
#10652 = DIRECTION('',(0.,-1.));
#10653 = ( GEOMETRIC_REPRESENTATION_CONTEXT(2) 
PARAMETRIC_REPRESENTATION_CONTEXT() REPRESENTATION_CONTEXT('2D SPACE',''
  ) );
#10654 = PCURVE('',#10540,#10655);
#10655 = DEFINITIONAL_REPRESENTATION('',(#10656),#10660);
#10656 = LINE('',#10657,#10658);
#10657 = CARTESIAN_POINT('',(35.,0.));
#10658 = VECTOR('',#10659,1.);
#10659 = DIRECTION('',(0.,1.));
#10660 = ( GEOMETRIC_REPRESENTATION_CONTEXT(2) 
PARAMETRIC_REPRESENTATION_CONTEXT() REPRESENTATION_CONTEXT('2D SPACE',''
  ) );
#10661 = ORIENTED_EDGE('',*,*,#10662,.T.);
#10662 = EDGE_CURVE('',#10640,#10663,#10665,.T.);
#10663 = VERTEX_POINT('',#10664);
#10664 = CARTESIAN_POINT('',(-119.,119.5,465.));
#10665 = SURFACE_CURVE('',#10666,(#10670,#10677),.PCURVE_S1.);
#10666 = LINE('',#10667,#10668);
#10667 = CARTESIAN_POINT('',(-119.,119.5,375.));
#10668 = VECTOR('',#10669,1.);
#10669 = DIRECTION('',(0.,0.,1.));
#10670 = PCURVE('',#10620,#10671);
#10671 = DEFINITIONAL_REPRESENTATION('',(#10672),#10676);
#10672 = LINE('',#10673,#10674);
#10673 = CARTESIAN_POINT('',(0.,-60.));
#10674 = VECTOR('',#10675,1.);
#10675 = DIRECTION('',(1.,0.));
#10676 = ( GEOMETRIC_REPRESENTATION_CONTEXT(2) 
PARAMETRIC_REPRESENTATION_CONTEXT() REPRESENTATION_CONTEXT('2D SPACE',''
  ) );
#10677 = PCURVE('',#10568,#10678);
#10678 = DEFINITIONAL_REPRESENTATION('',(#10679),#10683);
#10679 = LINE('',#10680,#10681);
#10680 = CARTESIAN_POINT('',(0.,35.));
#10681 = VECTOR('',#10682,1.);
#10682 = DIRECTION('',(1.,0.));
#10683 = ( GEOMETRIC_REPRESENTATION_CONTEXT(2) 
PARAMETRIC_REPRESENTATION_CONTEXT() REPRESENTATION_CONTEXT('2D SPACE',''
  ) );
#10684 = ORIENTED_EDGE('',*,*,#10685,.F.);
#10685 = EDGE_CURVE('',#10612,#10663,#10686,.T.);
#10686 = SURFACE_CURVE('',#10687,(#10691,#10698),.PCURVE_S1.);
#10687 = LINE('',#10688,#10689);
#10688 = CARTESIAN_POINT('',(-119.,59.5,465.));
#10689 = VECTOR('',#10690,1.);
#10690 = DIRECTION('',(-0.,1.,0.));
#10691 = PCURVE('',#10620,#10692);
#10692 = DEFINITIONAL_REPRESENTATION('',(#10693),#10697);
#10693 = LINE('',#10694,#10695);
#10694 = CARTESIAN_POINT('',(90.,0.));
#10695 = VECTOR('',#10696,1.);
#10696 = DIRECTION('',(0.,-1.));
#10697 = ( GEOMETRIC_REPRESENTATION_CONTEXT(2) 
PARAMETRIC_REPRESENTATION_CONTEXT() REPRESENTATION_CONTEXT('2D SPACE',''
  ) );
#10698 = PCURVE('',#10594,#10699);
#10699 = DEFINITIONAL_REPRESENTATION('',(#10700),#10704);
#10700 = LINE('',#10701,#10702);
#10701 = CARTESIAN_POINT('',(35.,0.));
#10702 = VECTOR('',#10703,1.);
#10703 = DIRECTION('',(0.,1.));
#10704 = ( GEOMETRIC_REPRESENTATION_CONTEXT(2) 
PARAMETRIC_REPRESENTATION_CONTEXT() REPRESENTATION_CONTEXT('2D SPACE',''
  ) );
#10705 = ADVANCED_FACE('',(#10706),#10512,.F.);
#10706 = FACE_BOUND('',#10707,.F.);
#10707 = EDGE_LOOP('',(#10708,#10729,#10730,#10751));
#10708 = ORIENTED_EDGE('',*,*,#10709,.F.);
#10709 = EDGE_CURVE('',#10490,#10610,#10710,.T.);
#10710 = SURFACE_CURVE('',#10711,(#10715,#10722),.PCURVE_S1.);
#10711 = LINE('',#10712,#10713);
#10712 = CARTESIAN_POINT('',(-154.,59.5,375.));
#10713 = VECTOR('',#10714,1.);
#10714 = DIRECTION('',(1.,0.,-0.));
#10715 = PCURVE('',#10512,#10716);
#10716 = DEFINITIONAL_REPRESENTATION('',(#10717),#10721);
#10717 = LINE('',#10718,#10719);
#10718 = CARTESIAN_POINT('',(0.,0.));
#10719 = VECTOR('',#10720,1.);
#10720 = DIRECTION('',(0.,1.));
#10721 = ( GEOMETRIC_REPRESENTATION_CONTEXT(2) 
PARAMETRIC_REPRESENTATION_CONTEXT() REPRESENTATION_CONTEXT('2D SPACE',''
  ) );
#10722 = PCURVE('',#10540,#10723);
#10723 = DEFINITIONAL_REPRESENTATION('',(#10724),#10728);
#10724 = LINE('',#10725,#10726);
#10725 = CARTESIAN_POINT('',(0.,0.));
#10726 = VECTOR('',#10727,1.);
#10727 = DIRECTION('',(1.,0.));
#10728 = ( GEOMETRIC_REPRESENTATION_CONTEXT(2) 
PARAMETRIC_REPRESENTATION_CONTEXT() REPRESENTATION_CONTEXT('2D SPACE',''
  ) );
#10729 = ORIENTED_EDGE('',*,*,#10489,.T.);
#10730 = ORIENTED_EDGE('',*,*,#10731,.T.);
#10731 = EDGE_CURVE('',#10492,#10612,#10732,.T.);
#10732 = SURFACE_CURVE('',#10733,(#10737,#10744),.PCURVE_S1.);
#10733 = LINE('',#10734,#10735);
#10734 = CARTESIAN_POINT('',(-154.,59.5,465.));
#10735 = VECTOR('',#10736,1.);
#10736 = DIRECTION('',(1.,0.,-0.));
#10737 = PCURVE('',#10512,#10738);
#10738 = DEFINITIONAL_REPRESENTATION('',(#10739),#10743);
#10739 = LINE('',#10740,#10741);
#10740 = CARTESIAN_POINT('',(90.,0.));
#10741 = VECTOR('',#10742,1.);
#10742 = DIRECTION('',(0.,1.));
#10743 = ( GEOMETRIC_REPRESENTATION_CONTEXT(2) 
PARAMETRIC_REPRESENTATION_CONTEXT() REPRESENTATION_CONTEXT('2D SPACE',''
  ) );
#10744 = PCURVE('',#10594,#10745);
#10745 = DEFINITIONAL_REPRESENTATION('',(#10746),#10750);
#10746 = LINE('',#10747,#10748);
#10747 = CARTESIAN_POINT('',(0.,0.));
#10748 = VECTOR('',#10749,1.);
#10749 = DIRECTION('',(1.,0.));
#10750 = ( GEOMETRIC_REPRESENTATION_CONTEXT(2) 
PARAMETRIC_REPRESENTATION_CONTEXT() REPRESENTATION_CONTEXT('2D SPACE',''
  ) );
#10751 = ORIENTED_EDGE('',*,*,#10609,.F.);
#10752 = ADVANCED_FACE('',(#10753),#10568,.T.);
#10753 = FACE_BOUND('',#10754,.T.);
#10754 = EDGE_LOOP('',(#10755,#10776,#10777,#10798));
#10755 = ORIENTED_EDGE('',*,*,#10756,.F.);
#10756 = EDGE_CURVE('',#10525,#10640,#10757,.T.);
#10757 = SURFACE_CURVE('',#10758,(#10762,#10769),.PCURVE_S1.);
#10758 = LINE('',#10759,#10760);
#10759 = CARTESIAN_POINT('',(-154.,119.5,375.));
#10760 = VECTOR('',#10761,1.);
#10761 = DIRECTION('',(1.,0.,-0.));
#10762 = PCURVE('',#10568,#10763);
#10763 = DEFINITIONAL_REPRESENTATION('',(#10764),#10768);
#10764 = LINE('',#10765,#10766);
#10765 = CARTESIAN_POINT('',(0.,0.));
#10766 = VECTOR('',#10767,1.);
#10767 = DIRECTION('',(0.,1.));
#10768 = ( GEOMETRIC_REPRESENTATION_CONTEXT(2) 
PARAMETRIC_REPRESENTATION_CONTEXT() REPRESENTATION_CONTEXT('2D SPACE',''
  ) );
#10769 = PCURVE('',#10540,#10770);
#10770 = DEFINITIONAL_REPRESENTATION('',(#10771),#10775);
#10771 = LINE('',#10772,#10773);
#10772 = CARTESIAN_POINT('',(0.,60.));
#10773 = VECTOR('',#10774,1.);
#10774 = DIRECTION('',(1.,0.));
#10775 = ( GEOMETRIC_REPRESENTATION_CONTEXT(2) 
PARAMETRIC_REPRESENTATION_CONTEXT() REPRESENTATION_CONTEXT('2D SPACE',''
  ) );
#10776 = ORIENTED_EDGE('',*,*,#10552,.T.);
#10777 = ORIENTED_EDGE('',*,*,#10778,.T.);
#10778 = EDGE_CURVE('',#10553,#10663,#10779,.T.);
#10779 = SURFACE_CURVE('',#10780,(#10784,#10791),.PCURVE_S1.);
#10780 = LINE('',#10781,#10782);
#10781 = CARTESIAN_POINT('',(-154.,119.5,465.));
#10782 = VECTOR('',#10783,1.);
#10783 = DIRECTION('',(1.,0.,-0.));
#10784 = PCURVE('',#10568,#10785);
#10785 = DEFINITIONAL_REPRESENTATION('',(#10786),#10790);
#10786 = LINE('',#10787,#10788);
#10787 = CARTESIAN_POINT('',(90.,0.));
#10788 = VECTOR('',#10789,1.);
#10789 = DIRECTION('',(0.,1.));
#10790 = ( GEOMETRIC_REPRESENTATION_CONTEXT(2) 
PARAMETRIC_REPRESENTATION_CONTEXT() REPRESENTATION_CONTEXT('2D SPACE',''
  ) );
#10791 = PCURVE('',#10594,#10792);
#10792 = DEFINITIONAL_REPRESENTATION('',(#10793),#10797);
#10793 = LINE('',#10794,#10795);
#10794 = CARTESIAN_POINT('',(0.,60.));
#10795 = VECTOR('',#10796,1.);
#10796 = DIRECTION('',(1.,0.));
#10797 = ( GEOMETRIC_REPRESENTATION_CONTEXT(2) 
PARAMETRIC_REPRESENTATION_CONTEXT() REPRESENTATION_CONTEXT('2D SPACE',''
  ) );
#10798 = ORIENTED_EDGE('',*,*,#10662,.F.);
#10799 = ADVANCED_FACE('',(#10800),#10540,.F.);
#10800 = FACE_BOUND('',#10801,.F.);
#10801 = EDGE_LOOP('',(#10802,#10803,#10804,#10805));
#10802 = ORIENTED_EDGE('',*,*,#10524,.F.);
#10803 = ORIENTED_EDGE('',*,*,#10709,.T.);
#10804 = ORIENTED_EDGE('',*,*,#10639,.T.);
#10805 = ORIENTED_EDGE('',*,*,#10756,.F.);
#10806 = ADVANCED_FACE('',(#10807),#10594,.T.);
#10807 = FACE_BOUND('',#10808,.T.);
#10808 = EDGE_LOOP('',(#10809,#10810,#10811,#10812));
#10809 = ORIENTED_EDGE('',*,*,#10580,.F.);
#10810 = ORIENTED_EDGE('',*,*,#10731,.T.);
#10811 = ORIENTED_EDGE('',*,*,#10685,.T.);
#10812 = ORIENTED_EDGE('',*,*,#10778,.F.);
#10813 = MANIFOLD_SOLID_BREP('',#10814);
#10814 = CLOSED_SHELL('',(#10815,#10935,#11035,#11082,#11129,#11136));
#10815 = ADVANCED_FACE('',(#10816),#10830,.F.);
#10816 = FACE_BOUND('',#10817,.F.);
#10817 = EDGE_LOOP('',(#10818,#10853,#10881,#10909));
#10818 = ORIENTED_EDGE('',*,*,#10819,.F.);
#10819 = EDGE_CURVE('',#10820,#10822,#10824,.T.);
#10820 = VERTEX_POINT('',#10821);
#10821 = CARTESIAN_POINT('',(-117.,59.5,375.));
#10822 = VERTEX_POINT('',#10823);
#10823 = CARTESIAN_POINT('',(-117.,59.5,465.));
#10824 = SURFACE_CURVE('',#10825,(#10829,#10841),.PCURVE_S1.);
#10825 = LINE('',#10826,#10827);
#10826 = CARTESIAN_POINT('',(-117.,59.5,375.));
#10827 = VECTOR('',#10828,1.);
#10828 = DIRECTION('',(0.,0.,1.));
#10829 = PCURVE('',#10830,#10835);
#10830 = PLANE('',#10831);
#10831 = AXIS2_PLACEMENT_3D('',#10832,#10833,#10834);
#10832 = CARTESIAN_POINT('',(-117.,59.5,375.));
#10833 = DIRECTION('',(1.,0.,-0.));
#10834 = DIRECTION('',(0.,0.,1.));
#10835 = DEFINITIONAL_REPRESENTATION('',(#10836),#10840);
#10836 = LINE('',#10837,#10838);
#10837 = CARTESIAN_POINT('',(0.,0.));
#10838 = VECTOR('',#10839,1.);
#10839 = DIRECTION('',(1.,0.));
#10840 = ( GEOMETRIC_REPRESENTATION_CONTEXT(2) 
PARAMETRIC_REPRESENTATION_CONTEXT() REPRESENTATION_CONTEXT('2D SPACE',''
  ) );
#10841 = PCURVE('',#10842,#10847);
#10842 = PLANE('',#10843);
#10843 = AXIS2_PLACEMENT_3D('',#10844,#10845,#10846);
#10844 = CARTESIAN_POINT('',(-117.,59.5,375.));
#10845 = DIRECTION('',(-0.,1.,0.));
#10846 = DIRECTION('',(0.,0.,1.));
#10847 = DEFINITIONAL_REPRESENTATION('',(#10848),#10852);
#10848 = LINE('',#10849,#10850);
#10849 = CARTESIAN_POINT('',(0.,0.));
#10850 = VECTOR('',#10851,1.);
#10851 = DIRECTION('',(1.,0.));
#10852 = ( GEOMETRIC_REPRESENTATION_CONTEXT(2) 
PARAMETRIC_REPRESENTATION_CONTEXT() REPRESENTATION_CONTEXT('2D SPACE',''
  ) );
#10853 = ORIENTED_EDGE('',*,*,#10854,.T.);
#10854 = EDGE_CURVE('',#10820,#10855,#10857,.T.);
#10855 = VERTEX_POINT('',#10856);
#10856 = CARTESIAN_POINT('',(-117.,119.5,375.));
#10857 = SURFACE_CURVE('',#10858,(#10862,#10869),.PCURVE_S1.);
#10858 = LINE('',#10859,#10860);
#10859 = CARTESIAN_POINT('',(-117.,59.5,375.));
#10860 = VECTOR('',#10861,1.);
#10861 = DIRECTION('',(-0.,1.,0.));
#10862 = PCURVE('',#10830,#10863);
#10863 = DEFINITIONAL_REPRESENTATION('',(#10864),#10868);
#10864 = LINE('',#10865,#10866);
#10865 = CARTESIAN_POINT('',(0.,0.));
#10866 = VECTOR('',#10867,1.);
#10867 = DIRECTION('',(0.,-1.));
#10868 = ( GEOMETRIC_REPRESENTATION_CONTEXT(2) 
PARAMETRIC_REPRESENTATION_CONTEXT() REPRESENTATION_CONTEXT('2D SPACE',''
  ) );
#10869 = PCURVE('',#10870,#10875);
#10870 = PLANE('',#10871);
#10871 = AXIS2_PLACEMENT_3D('',#10872,#10873,#10874);
#10872 = CARTESIAN_POINT('',(-117.,59.5,375.));
#10873 = DIRECTION('',(0.,0.,1.));
#10874 = DIRECTION('',(1.,0.,-0.));
#10875 = DEFINITIONAL_REPRESENTATION('',(#10876),#10880);
#10876 = LINE('',#10877,#10878);
#10877 = CARTESIAN_POINT('',(0.,0.));
#10878 = VECTOR('',#10879,1.);
#10879 = DIRECTION('',(0.,1.));
#10880 = ( GEOMETRIC_REPRESENTATION_CONTEXT(2) 
PARAMETRIC_REPRESENTATION_CONTEXT() REPRESENTATION_CONTEXT('2D SPACE',''
  ) );
#10881 = ORIENTED_EDGE('',*,*,#10882,.T.);
#10882 = EDGE_CURVE('',#10855,#10883,#10885,.T.);
#10883 = VERTEX_POINT('',#10884);
#10884 = CARTESIAN_POINT('',(-117.,119.5,465.));
#10885 = SURFACE_CURVE('',#10886,(#10890,#10897),.PCURVE_S1.);
#10886 = LINE('',#10887,#10888);
#10887 = CARTESIAN_POINT('',(-117.,119.5,375.));
#10888 = VECTOR('',#10889,1.);
#10889 = DIRECTION('',(0.,0.,1.));
#10890 = PCURVE('',#10830,#10891);
#10891 = DEFINITIONAL_REPRESENTATION('',(#10892),#10896);
#10892 = LINE('',#10893,#10894);
#10893 = CARTESIAN_POINT('',(0.,-60.));
#10894 = VECTOR('',#10895,1.);
#10895 = DIRECTION('',(1.,0.));
#10896 = ( GEOMETRIC_REPRESENTATION_CONTEXT(2) 
PARAMETRIC_REPRESENTATION_CONTEXT() REPRESENTATION_CONTEXT('2D SPACE',''
  ) );
#10897 = PCURVE('',#10898,#10903);
#10898 = PLANE('',#10899);
#10899 = AXIS2_PLACEMENT_3D('',#10900,#10901,#10902);
#10900 = CARTESIAN_POINT('',(-117.,119.5,375.));
#10901 = DIRECTION('',(-0.,1.,0.));
#10902 = DIRECTION('',(0.,0.,1.));
#10903 = DEFINITIONAL_REPRESENTATION('',(#10904),#10908);
#10904 = LINE('',#10905,#10906);
#10905 = CARTESIAN_POINT('',(0.,0.));
#10906 = VECTOR('',#10907,1.);
#10907 = DIRECTION('',(1.,0.));
#10908 = ( GEOMETRIC_REPRESENTATION_CONTEXT(2) 
PARAMETRIC_REPRESENTATION_CONTEXT() REPRESENTATION_CONTEXT('2D SPACE',''
  ) );
#10909 = ORIENTED_EDGE('',*,*,#10910,.F.);
#10910 = EDGE_CURVE('',#10822,#10883,#10911,.T.);
#10911 = SURFACE_CURVE('',#10912,(#10916,#10923),.PCURVE_S1.);
#10912 = LINE('',#10913,#10914);
#10913 = CARTESIAN_POINT('',(-117.,59.5,465.));
#10914 = VECTOR('',#10915,1.);
#10915 = DIRECTION('',(-0.,1.,0.));
#10916 = PCURVE('',#10830,#10917);
#10917 = DEFINITIONAL_REPRESENTATION('',(#10918),#10922);
#10918 = LINE('',#10919,#10920);
#10919 = CARTESIAN_POINT('',(90.,0.));
#10920 = VECTOR('',#10921,1.);
#10921 = DIRECTION('',(0.,-1.));
#10922 = ( GEOMETRIC_REPRESENTATION_CONTEXT(2) 
PARAMETRIC_REPRESENTATION_CONTEXT() REPRESENTATION_CONTEXT('2D SPACE',''
  ) );
#10923 = PCURVE('',#10924,#10929);
#10924 = PLANE('',#10925);
#10925 = AXIS2_PLACEMENT_3D('',#10926,#10927,#10928);
#10926 = CARTESIAN_POINT('',(-117.,59.5,465.));
#10927 = DIRECTION('',(0.,0.,1.));
#10928 = DIRECTION('',(1.,0.,-0.));
#10929 = DEFINITIONAL_REPRESENTATION('',(#10930),#10934);
#10930 = LINE('',#10931,#10932);
#10931 = CARTESIAN_POINT('',(0.,0.));
#10932 = VECTOR('',#10933,1.);
#10933 = DIRECTION('',(0.,1.));
#10934 = ( GEOMETRIC_REPRESENTATION_CONTEXT(2) 
PARAMETRIC_REPRESENTATION_CONTEXT() REPRESENTATION_CONTEXT('2D SPACE',''
  ) );
#10935 = ADVANCED_FACE('',(#10936),#10950,.T.);
#10936 = FACE_BOUND('',#10937,.T.);
#10937 = EDGE_LOOP('',(#10938,#10968,#10991,#11014));
#10938 = ORIENTED_EDGE('',*,*,#10939,.F.);
#10939 = EDGE_CURVE('',#10940,#10942,#10944,.T.);
#10940 = VERTEX_POINT('',#10941);
#10941 = CARTESIAN_POINT('',(-82.,59.5,375.));
#10942 = VERTEX_POINT('',#10943);
#10943 = CARTESIAN_POINT('',(-82.,59.5,465.));
#10944 = SURFACE_CURVE('',#10945,(#10949,#10961),.PCURVE_S1.);
#10945 = LINE('',#10946,#10947);
#10946 = CARTESIAN_POINT('',(-82.,59.5,375.));
#10947 = VECTOR('',#10948,1.);
#10948 = DIRECTION('',(0.,0.,1.));
#10949 = PCURVE('',#10950,#10955);
#10950 = PLANE('',#10951);
#10951 = AXIS2_PLACEMENT_3D('',#10952,#10953,#10954);
#10952 = CARTESIAN_POINT('',(-82.,59.5,375.));
#10953 = DIRECTION('',(1.,0.,-0.));
#10954 = DIRECTION('',(0.,0.,1.));
#10955 = DEFINITIONAL_REPRESENTATION('',(#10956),#10960);
#10956 = LINE('',#10957,#10958);
#10957 = CARTESIAN_POINT('',(0.,0.));
#10958 = VECTOR('',#10959,1.);
#10959 = DIRECTION('',(1.,0.));
#10960 = ( GEOMETRIC_REPRESENTATION_CONTEXT(2) 
PARAMETRIC_REPRESENTATION_CONTEXT() REPRESENTATION_CONTEXT('2D SPACE',''
  ) );
#10961 = PCURVE('',#10842,#10962);
#10962 = DEFINITIONAL_REPRESENTATION('',(#10963),#10967);
#10963 = LINE('',#10964,#10965);
#10964 = CARTESIAN_POINT('',(0.,35.));
#10965 = VECTOR('',#10966,1.);
#10966 = DIRECTION('',(1.,0.));
#10967 = ( GEOMETRIC_REPRESENTATION_CONTEXT(2) 
PARAMETRIC_REPRESENTATION_CONTEXT() REPRESENTATION_CONTEXT('2D SPACE',''
  ) );
#10968 = ORIENTED_EDGE('',*,*,#10969,.T.);
#10969 = EDGE_CURVE('',#10940,#10970,#10972,.T.);
#10970 = VERTEX_POINT('',#10971);
#10971 = CARTESIAN_POINT('',(-82.,119.5,375.));
#10972 = SURFACE_CURVE('',#10973,(#10977,#10984),.PCURVE_S1.);
#10973 = LINE('',#10974,#10975);
#10974 = CARTESIAN_POINT('',(-82.,59.5,375.));
#10975 = VECTOR('',#10976,1.);
#10976 = DIRECTION('',(-0.,1.,0.));
#10977 = PCURVE('',#10950,#10978);
#10978 = DEFINITIONAL_REPRESENTATION('',(#10979),#10983);
#10979 = LINE('',#10980,#10981);
#10980 = CARTESIAN_POINT('',(0.,0.));
#10981 = VECTOR('',#10982,1.);
#10982 = DIRECTION('',(0.,-1.));
#10983 = ( GEOMETRIC_REPRESENTATION_CONTEXT(2) 
PARAMETRIC_REPRESENTATION_CONTEXT() REPRESENTATION_CONTEXT('2D SPACE',''
  ) );
#10984 = PCURVE('',#10870,#10985);
#10985 = DEFINITIONAL_REPRESENTATION('',(#10986),#10990);
#10986 = LINE('',#10987,#10988);
#10987 = CARTESIAN_POINT('',(35.,0.));
#10988 = VECTOR('',#10989,1.);
#10989 = DIRECTION('',(0.,1.));
#10990 = ( GEOMETRIC_REPRESENTATION_CONTEXT(2) 
PARAMETRIC_REPRESENTATION_CONTEXT() REPRESENTATION_CONTEXT('2D SPACE',''
  ) );
#10991 = ORIENTED_EDGE('',*,*,#10992,.T.);
#10992 = EDGE_CURVE('',#10970,#10993,#10995,.T.);
#10993 = VERTEX_POINT('',#10994);
#10994 = CARTESIAN_POINT('',(-82.,119.5,465.));
#10995 = SURFACE_CURVE('',#10996,(#11000,#11007),.PCURVE_S1.);
#10996 = LINE('',#10997,#10998);
#10997 = CARTESIAN_POINT('',(-82.,119.5,375.));
#10998 = VECTOR('',#10999,1.);
#10999 = DIRECTION('',(0.,0.,1.));
#11000 = PCURVE('',#10950,#11001);
#11001 = DEFINITIONAL_REPRESENTATION('',(#11002),#11006);
#11002 = LINE('',#11003,#11004);
#11003 = CARTESIAN_POINT('',(0.,-60.));
#11004 = VECTOR('',#11005,1.);
#11005 = DIRECTION('',(1.,0.));
#11006 = ( GEOMETRIC_REPRESENTATION_CONTEXT(2) 
PARAMETRIC_REPRESENTATION_CONTEXT() REPRESENTATION_CONTEXT('2D SPACE',''
  ) );
#11007 = PCURVE('',#10898,#11008);
#11008 = DEFINITIONAL_REPRESENTATION('',(#11009),#11013);
#11009 = LINE('',#11010,#11011);
#11010 = CARTESIAN_POINT('',(0.,35.));
#11011 = VECTOR('',#11012,1.);
#11012 = DIRECTION('',(1.,0.));
#11013 = ( GEOMETRIC_REPRESENTATION_CONTEXT(2) 
PARAMETRIC_REPRESENTATION_CONTEXT() REPRESENTATION_CONTEXT('2D SPACE',''
  ) );
#11014 = ORIENTED_EDGE('',*,*,#11015,.F.);
#11015 = EDGE_CURVE('',#10942,#10993,#11016,.T.);
#11016 = SURFACE_CURVE('',#11017,(#11021,#11028),.PCURVE_S1.);
#11017 = LINE('',#11018,#11019);
#11018 = CARTESIAN_POINT('',(-82.,59.5,465.));
#11019 = VECTOR('',#11020,1.);
#11020 = DIRECTION('',(-0.,1.,0.));
#11021 = PCURVE('',#10950,#11022);
#11022 = DEFINITIONAL_REPRESENTATION('',(#11023),#11027);
#11023 = LINE('',#11024,#11025);
#11024 = CARTESIAN_POINT('',(90.,0.));
#11025 = VECTOR('',#11026,1.);
#11026 = DIRECTION('',(0.,-1.));
#11027 = ( GEOMETRIC_REPRESENTATION_CONTEXT(2) 
PARAMETRIC_REPRESENTATION_CONTEXT() REPRESENTATION_CONTEXT('2D SPACE',''
  ) );
#11028 = PCURVE('',#10924,#11029);
#11029 = DEFINITIONAL_REPRESENTATION('',(#11030),#11034);
#11030 = LINE('',#11031,#11032);
#11031 = CARTESIAN_POINT('',(35.,0.));
#11032 = VECTOR('',#11033,1.);
#11033 = DIRECTION('',(0.,1.));
#11034 = ( GEOMETRIC_REPRESENTATION_CONTEXT(2) 
PARAMETRIC_REPRESENTATION_CONTEXT() REPRESENTATION_CONTEXT('2D SPACE',''
  ) );
#11035 = ADVANCED_FACE('',(#11036),#10842,.F.);
#11036 = FACE_BOUND('',#11037,.F.);
#11037 = EDGE_LOOP('',(#11038,#11059,#11060,#11081));
#11038 = ORIENTED_EDGE('',*,*,#11039,.F.);
#11039 = EDGE_CURVE('',#10820,#10940,#11040,.T.);
#11040 = SURFACE_CURVE('',#11041,(#11045,#11052),.PCURVE_S1.);
#11041 = LINE('',#11042,#11043);
#11042 = CARTESIAN_POINT('',(-117.,59.5,375.));
#11043 = VECTOR('',#11044,1.);
#11044 = DIRECTION('',(1.,0.,-0.));
#11045 = PCURVE('',#10842,#11046);
#11046 = DEFINITIONAL_REPRESENTATION('',(#11047),#11051);
#11047 = LINE('',#11048,#11049);
#11048 = CARTESIAN_POINT('',(0.,0.));
#11049 = VECTOR('',#11050,1.);
#11050 = DIRECTION('',(0.,1.));
#11051 = ( GEOMETRIC_REPRESENTATION_CONTEXT(2) 
PARAMETRIC_REPRESENTATION_CONTEXT() REPRESENTATION_CONTEXT('2D SPACE',''
  ) );
#11052 = PCURVE('',#10870,#11053);
#11053 = DEFINITIONAL_REPRESENTATION('',(#11054),#11058);
#11054 = LINE('',#11055,#11056);
#11055 = CARTESIAN_POINT('',(0.,0.));
#11056 = VECTOR('',#11057,1.);
#11057 = DIRECTION('',(1.,0.));
#11058 = ( GEOMETRIC_REPRESENTATION_CONTEXT(2) 
PARAMETRIC_REPRESENTATION_CONTEXT() REPRESENTATION_CONTEXT('2D SPACE',''
  ) );
#11059 = ORIENTED_EDGE('',*,*,#10819,.T.);
#11060 = ORIENTED_EDGE('',*,*,#11061,.T.);
#11061 = EDGE_CURVE('',#10822,#10942,#11062,.T.);
#11062 = SURFACE_CURVE('',#11063,(#11067,#11074),.PCURVE_S1.);
#11063 = LINE('',#11064,#11065);
#11064 = CARTESIAN_POINT('',(-117.,59.5,465.));
#11065 = VECTOR('',#11066,1.);
#11066 = DIRECTION('',(1.,0.,-0.));
#11067 = PCURVE('',#10842,#11068);
#11068 = DEFINITIONAL_REPRESENTATION('',(#11069),#11073);
#11069 = LINE('',#11070,#11071);
#11070 = CARTESIAN_POINT('',(90.,0.));
#11071 = VECTOR('',#11072,1.);
#11072 = DIRECTION('',(0.,1.));
#11073 = ( GEOMETRIC_REPRESENTATION_CONTEXT(2) 
PARAMETRIC_REPRESENTATION_CONTEXT() REPRESENTATION_CONTEXT('2D SPACE',''
  ) );
#11074 = PCURVE('',#10924,#11075);
#11075 = DEFINITIONAL_REPRESENTATION('',(#11076),#11080);
#11076 = LINE('',#11077,#11078);
#11077 = CARTESIAN_POINT('',(0.,0.));
#11078 = VECTOR('',#11079,1.);
#11079 = DIRECTION('',(1.,0.));
#11080 = ( GEOMETRIC_REPRESENTATION_CONTEXT(2) 
PARAMETRIC_REPRESENTATION_CONTEXT() REPRESENTATION_CONTEXT('2D SPACE',''
  ) );
#11081 = ORIENTED_EDGE('',*,*,#10939,.F.);
#11082 = ADVANCED_FACE('',(#11083),#10898,.T.);
#11083 = FACE_BOUND('',#11084,.T.);
#11084 = EDGE_LOOP('',(#11085,#11106,#11107,#11128));
#11085 = ORIENTED_EDGE('',*,*,#11086,.F.);
#11086 = EDGE_CURVE('',#10855,#10970,#11087,.T.);
#11087 = SURFACE_CURVE('',#11088,(#11092,#11099),.PCURVE_S1.);
#11088 = LINE('',#11089,#11090);
#11089 = CARTESIAN_POINT('',(-117.,119.5,375.));
#11090 = VECTOR('',#11091,1.);
#11091 = DIRECTION('',(1.,0.,-0.));
#11092 = PCURVE('',#10898,#11093);
#11093 = DEFINITIONAL_REPRESENTATION('',(#11094),#11098);
#11094 = LINE('',#11095,#11096);
#11095 = CARTESIAN_POINT('',(0.,0.));
#11096 = VECTOR('',#11097,1.);
#11097 = DIRECTION('',(0.,1.));
#11098 = ( GEOMETRIC_REPRESENTATION_CONTEXT(2) 
PARAMETRIC_REPRESENTATION_CONTEXT() REPRESENTATION_CONTEXT('2D SPACE',''
  ) );
#11099 = PCURVE('',#10870,#11100);
#11100 = DEFINITIONAL_REPRESENTATION('',(#11101),#11105);
#11101 = LINE('',#11102,#11103);
#11102 = CARTESIAN_POINT('',(0.,60.));
#11103 = VECTOR('',#11104,1.);
#11104 = DIRECTION('',(1.,0.));
#11105 = ( GEOMETRIC_REPRESENTATION_CONTEXT(2) 
PARAMETRIC_REPRESENTATION_CONTEXT() REPRESENTATION_CONTEXT('2D SPACE',''
  ) );
#11106 = ORIENTED_EDGE('',*,*,#10882,.T.);
#11107 = ORIENTED_EDGE('',*,*,#11108,.T.);
#11108 = EDGE_CURVE('',#10883,#10993,#11109,.T.);
#11109 = SURFACE_CURVE('',#11110,(#11114,#11121),.PCURVE_S1.);
#11110 = LINE('',#11111,#11112);
#11111 = CARTESIAN_POINT('',(-117.,119.5,465.));
#11112 = VECTOR('',#11113,1.);
#11113 = DIRECTION('',(1.,0.,-0.));
#11114 = PCURVE('',#10898,#11115);
#11115 = DEFINITIONAL_REPRESENTATION('',(#11116),#11120);
#11116 = LINE('',#11117,#11118);
#11117 = CARTESIAN_POINT('',(90.,0.));
#11118 = VECTOR('',#11119,1.);
#11119 = DIRECTION('',(0.,1.));
#11120 = ( GEOMETRIC_REPRESENTATION_CONTEXT(2) 
PARAMETRIC_REPRESENTATION_CONTEXT() REPRESENTATION_CONTEXT('2D SPACE',''
  ) );
#11121 = PCURVE('',#10924,#11122);
#11122 = DEFINITIONAL_REPRESENTATION('',(#11123),#11127);
#11123 = LINE('',#11124,#11125);
#11124 = CARTESIAN_POINT('',(0.,60.));
#11125 = VECTOR('',#11126,1.);
#11126 = DIRECTION('',(1.,0.));
#11127 = ( GEOMETRIC_REPRESENTATION_CONTEXT(2) 
PARAMETRIC_REPRESENTATION_CONTEXT() REPRESENTATION_CONTEXT('2D SPACE',''
  ) );
#11128 = ORIENTED_EDGE('',*,*,#10992,.F.);
#11129 = ADVANCED_FACE('',(#11130),#10870,.F.);
#11130 = FACE_BOUND('',#11131,.F.);
#11131 = EDGE_LOOP('',(#11132,#11133,#11134,#11135));
#11132 = ORIENTED_EDGE('',*,*,#10854,.F.);
#11133 = ORIENTED_EDGE('',*,*,#11039,.T.);
#11134 = ORIENTED_EDGE('',*,*,#10969,.T.);
#11135 = ORIENTED_EDGE('',*,*,#11086,.F.);
#11136 = ADVANCED_FACE('',(#11137),#10924,.T.);
#11137 = FACE_BOUND('',#11138,.T.);
#11138 = EDGE_LOOP('',(#11139,#11140,#11141,#11142));
#11139 = ORIENTED_EDGE('',*,*,#10910,.F.);
#11140 = ORIENTED_EDGE('',*,*,#11061,.T.);
#11141 = ORIENTED_EDGE('',*,*,#11015,.T.);
#11142 = ORIENTED_EDGE('',*,*,#11108,.F.);
#11143 = ( GEOMETRIC_REPRESENTATION_CONTEXT(3) 
GLOBAL_UNCERTAINTY_ASSIGNED_CONTEXT((#11147)) 
GLOBAL_UNIT_ASSIGNED_CONTEXT((#11144,#11145,#11146)) 
REPRESENTATION_CONTEXT('Context #1',
  '3D Context with UNIT and UNCERTAINTY') );
#11144 = ( LENGTH_UNIT() NAMED_UNIT(*) SI_UNIT(.MILLI.,.METRE.) );
#11145 = ( NAMED_UNIT(*) PLANE_ANGLE_UNIT() SI_UNIT($,.RADIAN.) );
#11146 = ( NAMED_UNIT(*) SI_UNIT($,.STERADIAN.) SOLID_ANGLE_UNIT() );
#11147 = UNCERTAINTY_MEASURE_WITH_UNIT(LENGTH_MEASURE(1.E-07),#11144,
  'distance_accuracy_value','confusion accuracy');
#11148 = CONTEXT_DEPENDENT_SHAPE_REPRESENTATION(#11149,#11151);
#11149 = ( REPRESENTATION_RELATIONSHIP('','',#10482,#10) 
REPRESENTATION_RELATIONSHIP_WITH_TRANSFORMATION(#11150) 
SHAPE_REPRESENTATION_RELATIONSHIP() );
#11150 = ITEM_DEFINED_TRANSFORMATION('','',#11,#55);
#11151 = PRODUCT_DEFINITION_SHAPE('Placement','Placement of an item',
  #11152);
#11152 = NEXT_ASSEMBLY_USAGE_OCCURRENCE('11','=>[0:1:1:12]','',#5,#10477
  ,$);
#11153 = PRODUCT_RELATED_PRODUCT_CATEGORY('part',$,(#10479));
#11154 = SHAPE_DEFINITION_REPRESENTATION(#11155,#11161);
#11155 = PRODUCT_DEFINITION_SHAPE('','',#11156);
#11156 = PRODUCT_DEFINITION('design','',#11157,#11160);
#11157 = PRODUCT_DEFINITION_FORMATION('','',#11158);
#11158 = PRODUCT('COMPOUND','COMPOUND','',(#11159));
#11159 = PRODUCT_CONTEXT('',#2,'mechanical');
#11160 = PRODUCT_DEFINITION_CONTEXT('part definition',#2,'design');
#11161 = SHAPE_REPRESENTATION('',(#11,#11162,#11492),#11822);
#11162 = MANIFOLD_SOLID_BREP('',#11163);
#11163 = CLOSED_SHELL('',(#11164,#11284,#11384,#11431,#11478,#11485));
#11164 = ADVANCED_FACE('',(#11165),#11179,.F.);
#11165 = FACE_BOUND('',#11166,.F.);
#11166 = EDGE_LOOP('',(#11167,#11202,#11230,#11258));
#11167 = ORIENTED_EDGE('',*,*,#11168,.F.);
#11168 = EDGE_CURVE('',#11169,#11171,#11173,.T.);
#11169 = VERTEX_POINT('',#11170);
#11170 = CARTESIAN_POINT('',(-78.,59.5,375.));
#11171 = VERTEX_POINT('',#11172);
#11172 = CARTESIAN_POINT('',(-78.,59.5,465.));
#11173 = SURFACE_CURVE('',#11174,(#11178,#11190),.PCURVE_S1.);
#11174 = LINE('',#11175,#11176);
#11175 = CARTESIAN_POINT('',(-78.,59.5,375.));
#11176 = VECTOR('',#11177,1.);
#11177 = DIRECTION('',(0.,0.,1.));
#11178 = PCURVE('',#11179,#11184);
#11179 = PLANE('',#11180);
#11180 = AXIS2_PLACEMENT_3D('',#11181,#11182,#11183);
#11181 = CARTESIAN_POINT('',(-78.,59.5,375.));
#11182 = DIRECTION('',(1.,0.,-0.));
#11183 = DIRECTION('',(0.,0.,1.));
#11184 = DEFINITIONAL_REPRESENTATION('',(#11185),#11189);
#11185 = LINE('',#11186,#11187);
#11186 = CARTESIAN_POINT('',(0.,0.));
#11187 = VECTOR('',#11188,1.);
#11188 = DIRECTION('',(1.,0.));
#11189 = ( GEOMETRIC_REPRESENTATION_CONTEXT(2) 
PARAMETRIC_REPRESENTATION_CONTEXT() REPRESENTATION_CONTEXT('2D SPACE',''
  ) );
#11190 = PCURVE('',#11191,#11196);
#11191 = PLANE('',#11192);
#11192 = AXIS2_PLACEMENT_3D('',#11193,#11194,#11195);
#11193 = CARTESIAN_POINT('',(-78.,59.5,375.));
#11194 = DIRECTION('',(-0.,1.,0.));
#11195 = DIRECTION('',(0.,0.,1.));
#11196 = DEFINITIONAL_REPRESENTATION('',(#11197),#11201);
#11197 = LINE('',#11198,#11199);
#11198 = CARTESIAN_POINT('',(0.,0.));
#11199 = VECTOR('',#11200,1.);
#11200 = DIRECTION('',(1.,0.));
#11201 = ( GEOMETRIC_REPRESENTATION_CONTEXT(2) 
PARAMETRIC_REPRESENTATION_CONTEXT() REPRESENTATION_CONTEXT('2D SPACE',''
  ) );
#11202 = ORIENTED_EDGE('',*,*,#11203,.T.);
#11203 = EDGE_CURVE('',#11169,#11204,#11206,.T.);
#11204 = VERTEX_POINT('',#11205);
#11205 = CARTESIAN_POINT('',(-78.,149.5,375.));
#11206 = SURFACE_CURVE('',#11207,(#11211,#11218),.PCURVE_S1.);
#11207 = LINE('',#11208,#11209);
#11208 = CARTESIAN_POINT('',(-78.,59.5,375.));
#11209 = VECTOR('',#11210,1.);
#11210 = DIRECTION('',(-0.,1.,0.));
#11211 = PCURVE('',#11179,#11212);
#11212 = DEFINITIONAL_REPRESENTATION('',(#11213),#11217);
#11213 = LINE('',#11214,#11215);
#11214 = CARTESIAN_POINT('',(0.,0.));
#11215 = VECTOR('',#11216,1.);
#11216 = DIRECTION('',(0.,-1.));
#11217 = ( GEOMETRIC_REPRESENTATION_CONTEXT(2) 
PARAMETRIC_REPRESENTATION_CONTEXT() REPRESENTATION_CONTEXT('2D SPACE',''
  ) );
#11218 = PCURVE('',#11219,#11224);
#11219 = PLANE('',#11220);
#11220 = AXIS2_PLACEMENT_3D('',#11221,#11222,#11223);
#11221 = CARTESIAN_POINT('',(-78.,59.5,375.));
#11222 = DIRECTION('',(0.,0.,1.));
#11223 = DIRECTION('',(1.,0.,-0.));
#11224 = DEFINITIONAL_REPRESENTATION('',(#11225),#11229);
#11225 = LINE('',#11226,#11227);
#11226 = CARTESIAN_POINT('',(0.,0.));
#11227 = VECTOR('',#11228,1.);
#11228 = DIRECTION('',(0.,1.));
#11229 = ( GEOMETRIC_REPRESENTATION_CONTEXT(2) 
PARAMETRIC_REPRESENTATION_CONTEXT() REPRESENTATION_CONTEXT('2D SPACE',''
  ) );
#11230 = ORIENTED_EDGE('',*,*,#11231,.T.);
#11231 = EDGE_CURVE('',#11204,#11232,#11234,.T.);
#11232 = VERTEX_POINT('',#11233);
#11233 = CARTESIAN_POINT('',(-78.,149.5,465.));
#11234 = SURFACE_CURVE('',#11235,(#11239,#11246),.PCURVE_S1.);
#11235 = LINE('',#11236,#11237);
#11236 = CARTESIAN_POINT('',(-78.,149.5,375.));
#11237 = VECTOR('',#11238,1.);
#11238 = DIRECTION('',(0.,0.,1.));
#11239 = PCURVE('',#11179,#11240);
#11240 = DEFINITIONAL_REPRESENTATION('',(#11241),#11245);
#11241 = LINE('',#11242,#11243);
#11242 = CARTESIAN_POINT('',(0.,-90.));
#11243 = VECTOR('',#11244,1.);
#11244 = DIRECTION('',(1.,0.));
#11245 = ( GEOMETRIC_REPRESENTATION_CONTEXT(2) 
PARAMETRIC_REPRESENTATION_CONTEXT() REPRESENTATION_CONTEXT('2D SPACE',''
  ) );
#11246 = PCURVE('',#11247,#11252);
#11247 = PLANE('',#11248);
#11248 = AXIS2_PLACEMENT_3D('',#11249,#11250,#11251);
#11249 = CARTESIAN_POINT('',(-78.,149.5,375.));
#11250 = DIRECTION('',(-0.,1.,0.));
#11251 = DIRECTION('',(0.,0.,1.));
#11252 = DEFINITIONAL_REPRESENTATION('',(#11253),#11257);
#11253 = LINE('',#11254,#11255);
#11254 = CARTESIAN_POINT('',(0.,0.));
#11255 = VECTOR('',#11256,1.);
#11256 = DIRECTION('',(1.,0.));
#11257 = ( GEOMETRIC_REPRESENTATION_CONTEXT(2) 
PARAMETRIC_REPRESENTATION_CONTEXT() REPRESENTATION_CONTEXT('2D SPACE',''
  ) );
#11258 = ORIENTED_EDGE('',*,*,#11259,.F.);
#11259 = EDGE_CURVE('',#11171,#11232,#11260,.T.);
#11260 = SURFACE_CURVE('',#11261,(#11265,#11272),.PCURVE_S1.);
#11261 = LINE('',#11262,#11263);
#11262 = CARTESIAN_POINT('',(-78.,59.5,465.));
#11263 = VECTOR('',#11264,1.);
#11264 = DIRECTION('',(-0.,1.,0.));
#11265 = PCURVE('',#11179,#11266);
#11266 = DEFINITIONAL_REPRESENTATION('',(#11267),#11271);
#11267 = LINE('',#11268,#11269);
#11268 = CARTESIAN_POINT('',(90.,0.));
#11269 = VECTOR('',#11270,1.);
#11270 = DIRECTION('',(0.,-1.));
#11271 = ( GEOMETRIC_REPRESENTATION_CONTEXT(2) 
PARAMETRIC_REPRESENTATION_CONTEXT() REPRESENTATION_CONTEXT('2D SPACE',''
  ) );
#11272 = PCURVE('',#11273,#11278);
#11273 = PLANE('',#11274);
#11274 = AXIS2_PLACEMENT_3D('',#11275,#11276,#11277);
#11275 = CARTESIAN_POINT('',(-78.,59.5,465.));
#11276 = DIRECTION('',(0.,0.,1.));
#11277 = DIRECTION('',(1.,0.,-0.));
#11278 = DEFINITIONAL_REPRESENTATION('',(#11279),#11283);
#11279 = LINE('',#11280,#11281);
#11280 = CARTESIAN_POINT('',(0.,0.));
#11281 = VECTOR('',#11282,1.);
#11282 = DIRECTION('',(0.,1.));
#11283 = ( GEOMETRIC_REPRESENTATION_CONTEXT(2) 
PARAMETRIC_REPRESENTATION_CONTEXT() REPRESENTATION_CONTEXT('2D SPACE',''
  ) );
#11284 = ADVANCED_FACE('',(#11285),#11299,.T.);
#11285 = FACE_BOUND('',#11286,.T.);
#11286 = EDGE_LOOP('',(#11287,#11317,#11340,#11363));
#11287 = ORIENTED_EDGE('',*,*,#11288,.F.);
#11288 = EDGE_CURVE('',#11289,#11291,#11293,.T.);
#11289 = VERTEX_POINT('',#11290);
#11290 = CARTESIAN_POINT('',(-25.5,59.5,375.));
#11291 = VERTEX_POINT('',#11292);
#11292 = CARTESIAN_POINT('',(-25.5,59.5,465.));
#11293 = SURFACE_CURVE('',#11294,(#11298,#11310),.PCURVE_S1.);
#11294 = LINE('',#11295,#11296);
#11295 = CARTESIAN_POINT('',(-25.5,59.5,375.));
#11296 = VECTOR('',#11297,1.);
#11297 = DIRECTION('',(0.,0.,1.));
#11298 = PCURVE('',#11299,#11304);
#11299 = PLANE('',#11300);
#11300 = AXIS2_PLACEMENT_3D('',#11301,#11302,#11303);
#11301 = CARTESIAN_POINT('',(-25.5,59.5,375.));
#11302 = DIRECTION('',(1.,0.,-0.));
#11303 = DIRECTION('',(0.,0.,1.));
#11304 = DEFINITIONAL_REPRESENTATION('',(#11305),#11309);
#11305 = LINE('',#11306,#11307);
#11306 = CARTESIAN_POINT('',(0.,0.));
#11307 = VECTOR('',#11308,1.);
#11308 = DIRECTION('',(1.,0.));
#11309 = ( GEOMETRIC_REPRESENTATION_CONTEXT(2) 
PARAMETRIC_REPRESENTATION_CONTEXT() REPRESENTATION_CONTEXT('2D SPACE',''
  ) );
#11310 = PCURVE('',#11191,#11311);
#11311 = DEFINITIONAL_REPRESENTATION('',(#11312),#11316);
#11312 = LINE('',#11313,#11314);
#11313 = CARTESIAN_POINT('',(0.,52.5));
#11314 = VECTOR('',#11315,1.);
#11315 = DIRECTION('',(1.,0.));
#11316 = ( GEOMETRIC_REPRESENTATION_CONTEXT(2) 
PARAMETRIC_REPRESENTATION_CONTEXT() REPRESENTATION_CONTEXT('2D SPACE',''
  ) );
#11317 = ORIENTED_EDGE('',*,*,#11318,.T.);
#11318 = EDGE_CURVE('',#11289,#11319,#11321,.T.);
#11319 = VERTEX_POINT('',#11320);
#11320 = CARTESIAN_POINT('',(-25.5,149.5,375.));
#11321 = SURFACE_CURVE('',#11322,(#11326,#11333),.PCURVE_S1.);
#11322 = LINE('',#11323,#11324);
#11323 = CARTESIAN_POINT('',(-25.5,59.5,375.));
#11324 = VECTOR('',#11325,1.);
#11325 = DIRECTION('',(-0.,1.,0.));
#11326 = PCURVE('',#11299,#11327);
#11327 = DEFINITIONAL_REPRESENTATION('',(#11328),#11332);
#11328 = LINE('',#11329,#11330);
#11329 = CARTESIAN_POINT('',(0.,0.));
#11330 = VECTOR('',#11331,1.);
#11331 = DIRECTION('',(0.,-1.));
#11332 = ( GEOMETRIC_REPRESENTATION_CONTEXT(2) 
PARAMETRIC_REPRESENTATION_CONTEXT() REPRESENTATION_CONTEXT('2D SPACE',''
  ) );
#11333 = PCURVE('',#11219,#11334);
#11334 = DEFINITIONAL_REPRESENTATION('',(#11335),#11339);
#11335 = LINE('',#11336,#11337);
#11336 = CARTESIAN_POINT('',(52.5,0.));
#11337 = VECTOR('',#11338,1.);
#11338 = DIRECTION('',(0.,1.));
#11339 = ( GEOMETRIC_REPRESENTATION_CONTEXT(2) 
PARAMETRIC_REPRESENTATION_CONTEXT() REPRESENTATION_CONTEXT('2D SPACE',''
  ) );
#11340 = ORIENTED_EDGE('',*,*,#11341,.T.);
#11341 = EDGE_CURVE('',#11319,#11342,#11344,.T.);
#11342 = VERTEX_POINT('',#11343);
#11343 = CARTESIAN_POINT('',(-25.5,149.5,465.));
#11344 = SURFACE_CURVE('',#11345,(#11349,#11356),.PCURVE_S1.);
#11345 = LINE('',#11346,#11347);
#11346 = CARTESIAN_POINT('',(-25.5,149.5,375.));
#11347 = VECTOR('',#11348,1.);
#11348 = DIRECTION('',(0.,0.,1.));
#11349 = PCURVE('',#11299,#11350);
#11350 = DEFINITIONAL_REPRESENTATION('',(#11351),#11355);
#11351 = LINE('',#11352,#11353);
#11352 = CARTESIAN_POINT('',(0.,-90.));
#11353 = VECTOR('',#11354,1.);
#11354 = DIRECTION('',(1.,0.));
#11355 = ( GEOMETRIC_REPRESENTATION_CONTEXT(2) 
PARAMETRIC_REPRESENTATION_CONTEXT() REPRESENTATION_CONTEXT('2D SPACE',''
  ) );
#11356 = PCURVE('',#11247,#11357);
#11357 = DEFINITIONAL_REPRESENTATION('',(#11358),#11362);
#11358 = LINE('',#11359,#11360);
#11359 = CARTESIAN_POINT('',(0.,52.5));
#11360 = VECTOR('',#11361,1.);
#11361 = DIRECTION('',(1.,0.));
#11362 = ( GEOMETRIC_REPRESENTATION_CONTEXT(2) 
PARAMETRIC_REPRESENTATION_CONTEXT() REPRESENTATION_CONTEXT('2D SPACE',''
  ) );
#11363 = ORIENTED_EDGE('',*,*,#11364,.F.);
#11364 = EDGE_CURVE('',#11291,#11342,#11365,.T.);
#11365 = SURFACE_CURVE('',#11366,(#11370,#11377),.PCURVE_S1.);
#11366 = LINE('',#11367,#11368);
#11367 = CARTESIAN_POINT('',(-25.5,59.5,465.));
#11368 = VECTOR('',#11369,1.);
#11369 = DIRECTION('',(-0.,1.,0.));
#11370 = PCURVE('',#11299,#11371);
#11371 = DEFINITIONAL_REPRESENTATION('',(#11372),#11376);
#11372 = LINE('',#11373,#11374);
#11373 = CARTESIAN_POINT('',(90.,0.));
#11374 = VECTOR('',#11375,1.);
#11375 = DIRECTION('',(0.,-1.));
#11376 = ( GEOMETRIC_REPRESENTATION_CONTEXT(2) 
PARAMETRIC_REPRESENTATION_CONTEXT() REPRESENTATION_CONTEXT('2D SPACE',''
  ) );
#11377 = PCURVE('',#11273,#11378);
#11378 = DEFINITIONAL_REPRESENTATION('',(#11379),#11383);
#11379 = LINE('',#11380,#11381);
#11380 = CARTESIAN_POINT('',(52.5,0.));
#11381 = VECTOR('',#11382,1.);
#11382 = DIRECTION('',(0.,1.));
#11383 = ( GEOMETRIC_REPRESENTATION_CONTEXT(2) 
PARAMETRIC_REPRESENTATION_CONTEXT() REPRESENTATION_CONTEXT('2D SPACE',''
  ) );
#11384 = ADVANCED_FACE('',(#11385),#11191,.F.);
#11385 = FACE_BOUND('',#11386,.F.);
#11386 = EDGE_LOOP('',(#11387,#11408,#11409,#11430));
#11387 = ORIENTED_EDGE('',*,*,#11388,.F.);
#11388 = EDGE_CURVE('',#11169,#11289,#11389,.T.);
#11389 = SURFACE_CURVE('',#11390,(#11394,#11401),.PCURVE_S1.);
#11390 = LINE('',#11391,#11392);
#11391 = CARTESIAN_POINT('',(-78.,59.5,375.));
#11392 = VECTOR('',#11393,1.);
#11393 = DIRECTION('',(1.,0.,-0.));
#11394 = PCURVE('',#11191,#11395);
#11395 = DEFINITIONAL_REPRESENTATION('',(#11396),#11400);
#11396 = LINE('',#11397,#11398);
#11397 = CARTESIAN_POINT('',(0.,0.));
#11398 = VECTOR('',#11399,1.);
#11399 = DIRECTION('',(0.,1.));
#11400 = ( GEOMETRIC_REPRESENTATION_CONTEXT(2) 
PARAMETRIC_REPRESENTATION_CONTEXT() REPRESENTATION_CONTEXT('2D SPACE',''
  ) );
#11401 = PCURVE('',#11219,#11402);
#11402 = DEFINITIONAL_REPRESENTATION('',(#11403),#11407);
#11403 = LINE('',#11404,#11405);
#11404 = CARTESIAN_POINT('',(0.,0.));
#11405 = VECTOR('',#11406,1.);
#11406 = DIRECTION('',(1.,0.));
#11407 = ( GEOMETRIC_REPRESENTATION_CONTEXT(2) 
PARAMETRIC_REPRESENTATION_CONTEXT() REPRESENTATION_CONTEXT('2D SPACE',''
  ) );
#11408 = ORIENTED_EDGE('',*,*,#11168,.T.);
#11409 = ORIENTED_EDGE('',*,*,#11410,.T.);
#11410 = EDGE_CURVE('',#11171,#11291,#11411,.T.);
#11411 = SURFACE_CURVE('',#11412,(#11416,#11423),.PCURVE_S1.);
#11412 = LINE('',#11413,#11414);
#11413 = CARTESIAN_POINT('',(-78.,59.5,465.));
#11414 = VECTOR('',#11415,1.);
#11415 = DIRECTION('',(1.,0.,-0.));
#11416 = PCURVE('',#11191,#11417);
#11417 = DEFINITIONAL_REPRESENTATION('',(#11418),#11422);
#11418 = LINE('',#11419,#11420);
#11419 = CARTESIAN_POINT('',(90.,0.));
#11420 = VECTOR('',#11421,1.);
#11421 = DIRECTION('',(0.,1.));
#11422 = ( GEOMETRIC_REPRESENTATION_CONTEXT(2) 
PARAMETRIC_REPRESENTATION_CONTEXT() REPRESENTATION_CONTEXT('2D SPACE',''
  ) );
#11423 = PCURVE('',#11273,#11424);
#11424 = DEFINITIONAL_REPRESENTATION('',(#11425),#11429);
#11425 = LINE('',#11426,#11427);
#11426 = CARTESIAN_POINT('',(0.,0.));
#11427 = VECTOR('',#11428,1.);
#11428 = DIRECTION('',(1.,0.));
#11429 = ( GEOMETRIC_REPRESENTATION_CONTEXT(2) 
PARAMETRIC_REPRESENTATION_CONTEXT() REPRESENTATION_CONTEXT('2D SPACE',''
  ) );
#11430 = ORIENTED_EDGE('',*,*,#11288,.F.);
#11431 = ADVANCED_FACE('',(#11432),#11247,.T.);
#11432 = FACE_BOUND('',#11433,.T.);
#11433 = EDGE_LOOP('',(#11434,#11455,#11456,#11477));
#11434 = ORIENTED_EDGE('',*,*,#11435,.F.);
#11435 = EDGE_CURVE('',#11204,#11319,#11436,.T.);
#11436 = SURFACE_CURVE('',#11437,(#11441,#11448),.PCURVE_S1.);
#11437 = LINE('',#11438,#11439);
#11438 = CARTESIAN_POINT('',(-78.,149.5,375.));
#11439 = VECTOR('',#11440,1.);
#11440 = DIRECTION('',(1.,0.,-0.));
#11441 = PCURVE('',#11247,#11442);
#11442 = DEFINITIONAL_REPRESENTATION('',(#11443),#11447);
#11443 = LINE('',#11444,#11445);
#11444 = CARTESIAN_POINT('',(0.,0.));
#11445 = VECTOR('',#11446,1.);
#11446 = DIRECTION('',(0.,1.));
#11447 = ( GEOMETRIC_REPRESENTATION_CONTEXT(2) 
PARAMETRIC_REPRESENTATION_CONTEXT() REPRESENTATION_CONTEXT('2D SPACE',''
  ) );
#11448 = PCURVE('',#11219,#11449);
#11449 = DEFINITIONAL_REPRESENTATION('',(#11450),#11454);
#11450 = LINE('',#11451,#11452);
#11451 = CARTESIAN_POINT('',(0.,90.));
#11452 = VECTOR('',#11453,1.);
#11453 = DIRECTION('',(1.,0.));
#11454 = ( GEOMETRIC_REPRESENTATION_CONTEXT(2) 
PARAMETRIC_REPRESENTATION_CONTEXT() REPRESENTATION_CONTEXT('2D SPACE',''
  ) );
#11455 = ORIENTED_EDGE('',*,*,#11231,.T.);
#11456 = ORIENTED_EDGE('',*,*,#11457,.T.);
#11457 = EDGE_CURVE('',#11232,#11342,#11458,.T.);
#11458 = SURFACE_CURVE('',#11459,(#11463,#11470),.PCURVE_S1.);
#11459 = LINE('',#11460,#11461);
#11460 = CARTESIAN_POINT('',(-78.,149.5,465.));
#11461 = VECTOR('',#11462,1.);
#11462 = DIRECTION('',(1.,0.,-0.));
#11463 = PCURVE('',#11247,#11464);
#11464 = DEFINITIONAL_REPRESENTATION('',(#11465),#11469);
#11465 = LINE('',#11466,#11467);
#11466 = CARTESIAN_POINT('',(90.,0.));
#11467 = VECTOR('',#11468,1.);
#11468 = DIRECTION('',(0.,1.));
#11469 = ( GEOMETRIC_REPRESENTATION_CONTEXT(2) 
PARAMETRIC_REPRESENTATION_CONTEXT() REPRESENTATION_CONTEXT('2D SPACE',''
  ) );
#11470 = PCURVE('',#11273,#11471);
#11471 = DEFINITIONAL_REPRESENTATION('',(#11472),#11476);
#11472 = LINE('',#11473,#11474);
#11473 = CARTESIAN_POINT('',(0.,90.));
#11474 = VECTOR('',#11475,1.);
#11475 = DIRECTION('',(1.,0.));
#11476 = ( GEOMETRIC_REPRESENTATION_CONTEXT(2) 
PARAMETRIC_REPRESENTATION_CONTEXT() REPRESENTATION_CONTEXT('2D SPACE',''
  ) );
#11477 = ORIENTED_EDGE('',*,*,#11341,.F.);
#11478 = ADVANCED_FACE('',(#11479),#11219,.F.);
#11479 = FACE_BOUND('',#11480,.F.);
#11480 = EDGE_LOOP('',(#11481,#11482,#11483,#11484));
#11481 = ORIENTED_EDGE('',*,*,#11203,.F.);
#11482 = ORIENTED_EDGE('',*,*,#11388,.T.);
#11483 = ORIENTED_EDGE('',*,*,#11318,.T.);
#11484 = ORIENTED_EDGE('',*,*,#11435,.F.);
#11485 = ADVANCED_FACE('',(#11486),#11273,.T.);
#11486 = FACE_BOUND('',#11487,.T.);
#11487 = EDGE_LOOP('',(#11488,#11489,#11490,#11491));
#11488 = ORIENTED_EDGE('',*,*,#11259,.F.);
#11489 = ORIENTED_EDGE('',*,*,#11410,.T.);
#11490 = ORIENTED_EDGE('',*,*,#11364,.T.);
#11491 = ORIENTED_EDGE('',*,*,#11457,.F.);
#11492 = MANIFOLD_SOLID_BREP('',#11493);
#11493 = CLOSED_SHELL('',(#11494,#11614,#11714,#11761,#11808,#11815));
#11494 = ADVANCED_FACE('',(#11495),#11509,.F.);
#11495 = FACE_BOUND('',#11496,.F.);
#11496 = EDGE_LOOP('',(#11497,#11532,#11560,#11588));
#11497 = ORIENTED_EDGE('',*,*,#11498,.F.);
#11498 = EDGE_CURVE('',#11499,#11501,#11503,.T.);
#11499 = VERTEX_POINT('',#11500);
#11500 = CARTESIAN_POINT('',(-21.5,59.5,395.));
#11501 = VERTEX_POINT('',#11502);
#11502 = CARTESIAN_POINT('',(-21.5,59.5,445.));
#11503 = SURFACE_CURVE('',#11504,(#11508,#11520),.PCURVE_S1.);
#11504 = LINE('',#11505,#11506);
#11505 = CARTESIAN_POINT('',(-21.5,59.5,395.));
#11506 = VECTOR('',#11507,1.);
#11507 = DIRECTION('',(0.,0.,1.));
#11508 = PCURVE('',#11509,#11514);
#11509 = PLANE('',#11510);
#11510 = AXIS2_PLACEMENT_3D('',#11511,#11512,#11513);
#11511 = CARTESIAN_POINT('',(-21.5,59.5,395.));
#11512 = DIRECTION('',(1.,0.,-0.));
#11513 = DIRECTION('',(0.,0.,1.));
#11514 = DEFINITIONAL_REPRESENTATION('',(#11515),#11519);
#11515 = LINE('',#11516,#11517);
#11516 = CARTESIAN_POINT('',(0.,0.));
#11517 = VECTOR('',#11518,1.);
#11518 = DIRECTION('',(1.,0.));
#11519 = ( GEOMETRIC_REPRESENTATION_CONTEXT(2) 
PARAMETRIC_REPRESENTATION_CONTEXT() REPRESENTATION_CONTEXT('2D SPACE',''
  ) );
#11520 = PCURVE('',#11521,#11526);
#11521 = PLANE('',#11522);
#11522 = AXIS2_PLACEMENT_3D('',#11523,#11524,#11525);
#11523 = CARTESIAN_POINT('',(-21.5,59.5,395.));
#11524 = DIRECTION('',(-0.,1.,0.));
#11525 = DIRECTION('',(0.,0.,1.));
#11526 = DEFINITIONAL_REPRESENTATION('',(#11527),#11531);
#11527 = LINE('',#11528,#11529);
#11528 = CARTESIAN_POINT('',(0.,0.));
#11529 = VECTOR('',#11530,1.);
#11530 = DIRECTION('',(1.,0.));
#11531 = ( GEOMETRIC_REPRESENTATION_CONTEXT(2) 
PARAMETRIC_REPRESENTATION_CONTEXT() REPRESENTATION_CONTEXT('2D SPACE',''
  ) );
#11532 = ORIENTED_EDGE('',*,*,#11533,.T.);
#11533 = EDGE_CURVE('',#11499,#11534,#11536,.T.);
#11534 = VERTEX_POINT('',#11535);
#11535 = CARTESIAN_POINT('',(-21.5,104.5,395.));
#11536 = SURFACE_CURVE('',#11537,(#11541,#11548),.PCURVE_S1.);
#11537 = LINE('',#11538,#11539);
#11538 = CARTESIAN_POINT('',(-21.5,59.5,395.));
#11539 = VECTOR('',#11540,1.);
#11540 = DIRECTION('',(-0.,1.,0.));
#11541 = PCURVE('',#11509,#11542);
#11542 = DEFINITIONAL_REPRESENTATION('',(#11543),#11547);
#11543 = LINE('',#11544,#11545);
#11544 = CARTESIAN_POINT('',(0.,0.));
#11545 = VECTOR('',#11546,1.);
#11546 = DIRECTION('',(0.,-1.));
#11547 = ( GEOMETRIC_REPRESENTATION_CONTEXT(2) 
PARAMETRIC_REPRESENTATION_CONTEXT() REPRESENTATION_CONTEXT('2D SPACE',''
  ) );
#11548 = PCURVE('',#11549,#11554);
#11549 = PLANE('',#11550);
#11550 = AXIS2_PLACEMENT_3D('',#11551,#11552,#11553);
#11551 = CARTESIAN_POINT('',(-21.5,59.5,395.));
#11552 = DIRECTION('',(0.,0.,1.));
#11553 = DIRECTION('',(1.,0.,-0.));
#11554 = DEFINITIONAL_REPRESENTATION('',(#11555),#11559);
#11555 = LINE('',#11556,#11557);
#11556 = CARTESIAN_POINT('',(0.,0.));
#11557 = VECTOR('',#11558,1.);
#11558 = DIRECTION('',(0.,1.));
#11559 = ( GEOMETRIC_REPRESENTATION_CONTEXT(2) 
PARAMETRIC_REPRESENTATION_CONTEXT() REPRESENTATION_CONTEXT('2D SPACE',''
  ) );
#11560 = ORIENTED_EDGE('',*,*,#11561,.T.);
#11561 = EDGE_CURVE('',#11534,#11562,#11564,.T.);
#11562 = VERTEX_POINT('',#11563);
#11563 = CARTESIAN_POINT('',(-21.5,104.5,445.));
#11564 = SURFACE_CURVE('',#11565,(#11569,#11576),.PCURVE_S1.);
#11565 = LINE('',#11566,#11567);
#11566 = CARTESIAN_POINT('',(-21.5,104.5,395.));
#11567 = VECTOR('',#11568,1.);
#11568 = DIRECTION('',(0.,0.,1.));
#11569 = PCURVE('',#11509,#11570);
#11570 = DEFINITIONAL_REPRESENTATION('',(#11571),#11575);
#11571 = LINE('',#11572,#11573);
#11572 = CARTESIAN_POINT('',(0.,-45.));
#11573 = VECTOR('',#11574,1.);
#11574 = DIRECTION('',(1.,0.));
#11575 = ( GEOMETRIC_REPRESENTATION_CONTEXT(2) 
PARAMETRIC_REPRESENTATION_CONTEXT() REPRESENTATION_CONTEXT('2D SPACE',''
  ) );
#11576 = PCURVE('',#11577,#11582);
#11577 = PLANE('',#11578);
#11578 = AXIS2_PLACEMENT_3D('',#11579,#11580,#11581);
#11579 = CARTESIAN_POINT('',(-21.5,104.5,395.));
#11580 = DIRECTION('',(-0.,1.,0.));
#11581 = DIRECTION('',(0.,0.,1.));
#11582 = DEFINITIONAL_REPRESENTATION('',(#11583),#11587);
#11583 = LINE('',#11584,#11585);
#11584 = CARTESIAN_POINT('',(0.,0.));
#11585 = VECTOR('',#11586,1.);
#11586 = DIRECTION('',(1.,0.));
#11587 = ( GEOMETRIC_REPRESENTATION_CONTEXT(2) 
PARAMETRIC_REPRESENTATION_CONTEXT() REPRESENTATION_CONTEXT('2D SPACE',''
  ) );
#11588 = ORIENTED_EDGE('',*,*,#11589,.F.);
#11589 = EDGE_CURVE('',#11501,#11562,#11590,.T.);
#11590 = SURFACE_CURVE('',#11591,(#11595,#11602),.PCURVE_S1.);
#11591 = LINE('',#11592,#11593);
#11592 = CARTESIAN_POINT('',(-21.5,59.5,445.));
#11593 = VECTOR('',#11594,1.);
#11594 = DIRECTION('',(-0.,1.,0.));
#11595 = PCURVE('',#11509,#11596);
#11596 = DEFINITIONAL_REPRESENTATION('',(#11597),#11601);
#11597 = LINE('',#11598,#11599);
#11598 = CARTESIAN_POINT('',(50.,0.));
#11599 = VECTOR('',#11600,1.);
#11600 = DIRECTION('',(0.,-1.));
#11601 = ( GEOMETRIC_REPRESENTATION_CONTEXT(2) 
PARAMETRIC_REPRESENTATION_CONTEXT() REPRESENTATION_CONTEXT('2D SPACE',''
  ) );
#11602 = PCURVE('',#11603,#11608);
#11603 = PLANE('',#11604);
#11604 = AXIS2_PLACEMENT_3D('',#11605,#11606,#11607);
#11605 = CARTESIAN_POINT('',(-21.5,59.5,445.));
#11606 = DIRECTION('',(0.,0.,1.));
#11607 = DIRECTION('',(1.,0.,-0.));
#11608 = DEFINITIONAL_REPRESENTATION('',(#11609),#11613);
#11609 = LINE('',#11610,#11611);
#11610 = CARTESIAN_POINT('',(0.,0.));
#11611 = VECTOR('',#11612,1.);
#11612 = DIRECTION('',(0.,1.));
#11613 = ( GEOMETRIC_REPRESENTATION_CONTEXT(2) 
PARAMETRIC_REPRESENTATION_CONTEXT() REPRESENTATION_CONTEXT('2D SPACE',''
  ) );
#11614 = ADVANCED_FACE('',(#11615),#11629,.T.);
#11615 = FACE_BOUND('',#11616,.T.);
#11616 = EDGE_LOOP('',(#11617,#11647,#11670,#11693));
#11617 = ORIENTED_EDGE('',*,*,#11618,.F.);
#11618 = EDGE_CURVE('',#11619,#11621,#11623,.T.);
#11619 = VERTEX_POINT('',#11620);
#11620 = CARTESIAN_POINT('',(-9.1,59.5,395.));
#11621 = VERTEX_POINT('',#11622);
#11622 = CARTESIAN_POINT('',(-9.1,59.5,445.));
#11623 = SURFACE_CURVE('',#11624,(#11628,#11640),.PCURVE_S1.);
#11624 = LINE('',#11625,#11626);
#11625 = CARTESIAN_POINT('',(-9.1,59.5,395.));
#11626 = VECTOR('',#11627,1.);
#11627 = DIRECTION('',(0.,0.,1.));
#11628 = PCURVE('',#11629,#11634);
#11629 = PLANE('',#11630);
#11630 = AXIS2_PLACEMENT_3D('',#11631,#11632,#11633);
#11631 = CARTESIAN_POINT('',(-9.1,59.5,395.));
#11632 = DIRECTION('',(1.,0.,-0.));
#11633 = DIRECTION('',(0.,0.,1.));
#11634 = DEFINITIONAL_REPRESENTATION('',(#11635),#11639);
#11635 = LINE('',#11636,#11637);
#11636 = CARTESIAN_POINT('',(0.,0.));
#11637 = VECTOR('',#11638,1.);
#11638 = DIRECTION('',(1.,0.));
#11639 = ( GEOMETRIC_REPRESENTATION_CONTEXT(2) 
PARAMETRIC_REPRESENTATION_CONTEXT() REPRESENTATION_CONTEXT('2D SPACE',''
  ) );
#11640 = PCURVE('',#11521,#11641);
#11641 = DEFINITIONAL_REPRESENTATION('',(#11642),#11646);
#11642 = LINE('',#11643,#11644);
#11643 = CARTESIAN_POINT('',(0.,12.4));
#11644 = VECTOR('',#11645,1.);
#11645 = DIRECTION('',(1.,0.));
#11646 = ( GEOMETRIC_REPRESENTATION_CONTEXT(2) 
PARAMETRIC_REPRESENTATION_CONTEXT() REPRESENTATION_CONTEXT('2D SPACE',''
  ) );
#11647 = ORIENTED_EDGE('',*,*,#11648,.T.);
#11648 = EDGE_CURVE('',#11619,#11649,#11651,.T.);
#11649 = VERTEX_POINT('',#11650);
#11650 = CARTESIAN_POINT('',(-9.1,104.5,395.));
#11651 = SURFACE_CURVE('',#11652,(#11656,#11663),.PCURVE_S1.);
#11652 = LINE('',#11653,#11654);
#11653 = CARTESIAN_POINT('',(-9.1,59.5,395.));
#11654 = VECTOR('',#11655,1.);
#11655 = DIRECTION('',(-0.,1.,0.));
#11656 = PCURVE('',#11629,#11657);
#11657 = DEFINITIONAL_REPRESENTATION('',(#11658),#11662);
#11658 = LINE('',#11659,#11660);
#11659 = CARTESIAN_POINT('',(0.,0.));
#11660 = VECTOR('',#11661,1.);
#11661 = DIRECTION('',(0.,-1.));
#11662 = ( GEOMETRIC_REPRESENTATION_CONTEXT(2) 
PARAMETRIC_REPRESENTATION_CONTEXT() REPRESENTATION_CONTEXT('2D SPACE',''
  ) );
#11663 = PCURVE('',#11549,#11664);
#11664 = DEFINITIONAL_REPRESENTATION('',(#11665),#11669);
#11665 = LINE('',#11666,#11667);
#11666 = CARTESIAN_POINT('',(12.4,0.));
#11667 = VECTOR('',#11668,1.);
#11668 = DIRECTION('',(0.,1.));
#11669 = ( GEOMETRIC_REPRESENTATION_CONTEXT(2) 
PARAMETRIC_REPRESENTATION_CONTEXT() REPRESENTATION_CONTEXT('2D SPACE',''
  ) );
#11670 = ORIENTED_EDGE('',*,*,#11671,.T.);
#11671 = EDGE_CURVE('',#11649,#11672,#11674,.T.);
#11672 = VERTEX_POINT('',#11673);
#11673 = CARTESIAN_POINT('',(-9.1,104.5,445.));
#11674 = SURFACE_CURVE('',#11675,(#11679,#11686),.PCURVE_S1.);
#11675 = LINE('',#11676,#11677);
#11676 = CARTESIAN_POINT('',(-9.1,104.5,395.));
#11677 = VECTOR('',#11678,1.);
#11678 = DIRECTION('',(0.,0.,1.));
#11679 = PCURVE('',#11629,#11680);
#11680 = DEFINITIONAL_REPRESENTATION('',(#11681),#11685);
#11681 = LINE('',#11682,#11683);
#11682 = CARTESIAN_POINT('',(0.,-45.));
#11683 = VECTOR('',#11684,1.);
#11684 = DIRECTION('',(1.,0.));
#11685 = ( GEOMETRIC_REPRESENTATION_CONTEXT(2) 
PARAMETRIC_REPRESENTATION_CONTEXT() REPRESENTATION_CONTEXT('2D SPACE',''
  ) );
#11686 = PCURVE('',#11577,#11687);
#11687 = DEFINITIONAL_REPRESENTATION('',(#11688),#11692);
#11688 = LINE('',#11689,#11690);
#11689 = CARTESIAN_POINT('',(0.,12.4));
#11690 = VECTOR('',#11691,1.);
#11691 = DIRECTION('',(1.,0.));
#11692 = ( GEOMETRIC_REPRESENTATION_CONTEXT(2) 
PARAMETRIC_REPRESENTATION_CONTEXT() REPRESENTATION_CONTEXT('2D SPACE',''
  ) );
#11693 = ORIENTED_EDGE('',*,*,#11694,.F.);
#11694 = EDGE_CURVE('',#11621,#11672,#11695,.T.);
#11695 = SURFACE_CURVE('',#11696,(#11700,#11707),.PCURVE_S1.);
#11696 = LINE('',#11697,#11698);
#11697 = CARTESIAN_POINT('',(-9.1,59.5,445.));
#11698 = VECTOR('',#11699,1.);
#11699 = DIRECTION('',(-0.,1.,0.));
#11700 = PCURVE('',#11629,#11701);
#11701 = DEFINITIONAL_REPRESENTATION('',(#11702),#11706);
#11702 = LINE('',#11703,#11704);
#11703 = CARTESIAN_POINT('',(50.,0.));
#11704 = VECTOR('',#11705,1.);
#11705 = DIRECTION('',(0.,-1.));
#11706 = ( GEOMETRIC_REPRESENTATION_CONTEXT(2) 
PARAMETRIC_REPRESENTATION_CONTEXT() REPRESENTATION_CONTEXT('2D SPACE',''
  ) );
#11707 = PCURVE('',#11603,#11708);
#11708 = DEFINITIONAL_REPRESENTATION('',(#11709),#11713);
#11709 = LINE('',#11710,#11711);
#11710 = CARTESIAN_POINT('',(12.4,0.));
#11711 = VECTOR('',#11712,1.);
#11712 = DIRECTION('',(0.,1.));
#11713 = ( GEOMETRIC_REPRESENTATION_CONTEXT(2) 
PARAMETRIC_REPRESENTATION_CONTEXT() REPRESENTATION_CONTEXT('2D SPACE',''
  ) );
#11714 = ADVANCED_FACE('',(#11715),#11521,.F.);
#11715 = FACE_BOUND('',#11716,.F.);
#11716 = EDGE_LOOP('',(#11717,#11738,#11739,#11760));
#11717 = ORIENTED_EDGE('',*,*,#11718,.F.);
#11718 = EDGE_CURVE('',#11499,#11619,#11719,.T.);
#11719 = SURFACE_CURVE('',#11720,(#11724,#11731),.PCURVE_S1.);
#11720 = LINE('',#11721,#11722);
#11721 = CARTESIAN_POINT('',(-21.5,59.5,395.));
#11722 = VECTOR('',#11723,1.);
#11723 = DIRECTION('',(1.,0.,-0.));
#11724 = PCURVE('',#11521,#11725);
#11725 = DEFINITIONAL_REPRESENTATION('',(#11726),#11730);
#11726 = LINE('',#11727,#11728);
#11727 = CARTESIAN_POINT('',(0.,0.));
#11728 = VECTOR('',#11729,1.);
#11729 = DIRECTION('',(0.,1.));
#11730 = ( GEOMETRIC_REPRESENTATION_CONTEXT(2) 
PARAMETRIC_REPRESENTATION_CONTEXT() REPRESENTATION_CONTEXT('2D SPACE',''
  ) );
#11731 = PCURVE('',#11549,#11732);
#11732 = DEFINITIONAL_REPRESENTATION('',(#11733),#11737);
#11733 = LINE('',#11734,#11735);
#11734 = CARTESIAN_POINT('',(0.,0.));
#11735 = VECTOR('',#11736,1.);
#11736 = DIRECTION('',(1.,0.));
#11737 = ( GEOMETRIC_REPRESENTATION_CONTEXT(2) 
PARAMETRIC_REPRESENTATION_CONTEXT() REPRESENTATION_CONTEXT('2D SPACE',''
  ) );
#11738 = ORIENTED_EDGE('',*,*,#11498,.T.);
#11739 = ORIENTED_EDGE('',*,*,#11740,.T.);
#11740 = EDGE_CURVE('',#11501,#11621,#11741,.T.);
#11741 = SURFACE_CURVE('',#11742,(#11746,#11753),.PCURVE_S1.);
#11742 = LINE('',#11743,#11744);
#11743 = CARTESIAN_POINT('',(-21.5,59.5,445.));
#11744 = VECTOR('',#11745,1.);
#11745 = DIRECTION('',(1.,0.,-0.));
#11746 = PCURVE('',#11521,#11747);
#11747 = DEFINITIONAL_REPRESENTATION('',(#11748),#11752);
#11748 = LINE('',#11749,#11750);
#11749 = CARTESIAN_POINT('',(50.,0.));
#11750 = VECTOR('',#11751,1.);
#11751 = DIRECTION('',(0.,1.));
#11752 = ( GEOMETRIC_REPRESENTATION_CONTEXT(2) 
PARAMETRIC_REPRESENTATION_CONTEXT() REPRESENTATION_CONTEXT('2D SPACE',''
  ) );
#11753 = PCURVE('',#11603,#11754);
#11754 = DEFINITIONAL_REPRESENTATION('',(#11755),#11759);
#11755 = LINE('',#11756,#11757);
#11756 = CARTESIAN_POINT('',(0.,0.));
#11757 = VECTOR('',#11758,1.);
#11758 = DIRECTION('',(1.,0.));
#11759 = ( GEOMETRIC_REPRESENTATION_CONTEXT(2) 
PARAMETRIC_REPRESENTATION_CONTEXT() REPRESENTATION_CONTEXT('2D SPACE',''
  ) );
#11760 = ORIENTED_EDGE('',*,*,#11618,.F.);
#11761 = ADVANCED_FACE('',(#11762),#11577,.T.);
#11762 = FACE_BOUND('',#11763,.T.);
#11763 = EDGE_LOOP('',(#11764,#11785,#11786,#11807));
#11764 = ORIENTED_EDGE('',*,*,#11765,.F.);
#11765 = EDGE_CURVE('',#11534,#11649,#11766,.T.);
#11766 = SURFACE_CURVE('',#11767,(#11771,#11778),.PCURVE_S1.);
#11767 = LINE('',#11768,#11769);
#11768 = CARTESIAN_POINT('',(-21.5,104.5,395.));
#11769 = VECTOR('',#11770,1.);
#11770 = DIRECTION('',(1.,0.,-0.));
#11771 = PCURVE('',#11577,#11772);
#11772 = DEFINITIONAL_REPRESENTATION('',(#11773),#11777);
#11773 = LINE('',#11774,#11775);
#11774 = CARTESIAN_POINT('',(0.,0.));
#11775 = VECTOR('',#11776,1.);
#11776 = DIRECTION('',(0.,1.));
#11777 = ( GEOMETRIC_REPRESENTATION_CONTEXT(2) 
PARAMETRIC_REPRESENTATION_CONTEXT() REPRESENTATION_CONTEXT('2D SPACE',''
  ) );
#11778 = PCURVE('',#11549,#11779);
#11779 = DEFINITIONAL_REPRESENTATION('',(#11780),#11784);
#11780 = LINE('',#11781,#11782);
#11781 = CARTESIAN_POINT('',(0.,45.));
#11782 = VECTOR('',#11783,1.);
#11783 = DIRECTION('',(1.,0.));
#11784 = ( GEOMETRIC_REPRESENTATION_CONTEXT(2) 
PARAMETRIC_REPRESENTATION_CONTEXT() REPRESENTATION_CONTEXT('2D SPACE',''
  ) );
#11785 = ORIENTED_EDGE('',*,*,#11561,.T.);
#11786 = ORIENTED_EDGE('',*,*,#11787,.T.);
#11787 = EDGE_CURVE('',#11562,#11672,#11788,.T.);
#11788 = SURFACE_CURVE('',#11789,(#11793,#11800),.PCURVE_S1.);
#11789 = LINE('',#11790,#11791);
#11790 = CARTESIAN_POINT('',(-21.5,104.5,445.));
#11791 = VECTOR('',#11792,1.);
#11792 = DIRECTION('',(1.,0.,-0.));
#11793 = PCURVE('',#11577,#11794);
#11794 = DEFINITIONAL_REPRESENTATION('',(#11795),#11799);
#11795 = LINE('',#11796,#11797);
#11796 = CARTESIAN_POINT('',(50.,0.));
#11797 = VECTOR('',#11798,1.);
#11798 = DIRECTION('',(0.,1.));
#11799 = ( GEOMETRIC_REPRESENTATION_CONTEXT(2) 
PARAMETRIC_REPRESENTATION_CONTEXT() REPRESENTATION_CONTEXT('2D SPACE',''
  ) );
#11800 = PCURVE('',#11603,#11801);
#11801 = DEFINITIONAL_REPRESENTATION('',(#11802),#11806);
#11802 = LINE('',#11803,#11804);
#11803 = CARTESIAN_POINT('',(0.,45.));
#11804 = VECTOR('',#11805,1.);
#11805 = DIRECTION('',(1.,0.));
#11806 = ( GEOMETRIC_REPRESENTATION_CONTEXT(2) 
PARAMETRIC_REPRESENTATION_CONTEXT() REPRESENTATION_CONTEXT('2D SPACE',''
  ) );
#11807 = ORIENTED_EDGE('',*,*,#11671,.F.);
#11808 = ADVANCED_FACE('',(#11809),#11549,.F.);
#11809 = FACE_BOUND('',#11810,.F.);
#11810 = EDGE_LOOP('',(#11811,#11812,#11813,#11814));
#11811 = ORIENTED_EDGE('',*,*,#11533,.F.);
#11812 = ORIENTED_EDGE('',*,*,#11718,.T.);
#11813 = ORIENTED_EDGE('',*,*,#11648,.T.);
#11814 = ORIENTED_EDGE('',*,*,#11765,.F.);
#11815 = ADVANCED_FACE('',(#11816),#11603,.T.);
#11816 = FACE_BOUND('',#11817,.T.);
#11817 = EDGE_LOOP('',(#11818,#11819,#11820,#11821));
#11818 = ORIENTED_EDGE('',*,*,#11589,.F.);
#11819 = ORIENTED_EDGE('',*,*,#11740,.T.);
#11820 = ORIENTED_EDGE('',*,*,#11694,.T.);
#11821 = ORIENTED_EDGE('',*,*,#11787,.F.);
#11822 = ( GEOMETRIC_REPRESENTATION_CONTEXT(3) 
GLOBAL_UNCERTAINTY_ASSIGNED_CONTEXT((#11826)) 
GLOBAL_UNIT_ASSIGNED_CONTEXT((#11823,#11824,#11825)) 
REPRESENTATION_CONTEXT('Context #1',
  '3D Context with UNIT and UNCERTAINTY') );
#11823 = ( LENGTH_UNIT() NAMED_UNIT(*) SI_UNIT(.MILLI.,.METRE.) );
#11824 = ( NAMED_UNIT(*) PLANE_ANGLE_UNIT() SI_UNIT($,.RADIAN.) );
#11825 = ( NAMED_UNIT(*) SI_UNIT($,.STERADIAN.) SOLID_ANGLE_UNIT() );
#11826 = UNCERTAINTY_MEASURE_WITH_UNIT(LENGTH_MEASURE(1.E-07),#11823,
  'distance_accuracy_value','confusion accuracy');
#11827 = CONTEXT_DEPENDENT_SHAPE_REPRESENTATION(#11828,#11830);
#11828 = ( REPRESENTATION_RELATIONSHIP('','',#11161,#10) 
REPRESENTATION_RELATIONSHIP_WITH_TRANSFORMATION(#11829) 
SHAPE_REPRESENTATION_RELATIONSHIP() );
#11829 = ITEM_DEFINED_TRANSFORMATION('','',#11,#59);
#11830 = PRODUCT_DEFINITION_SHAPE('Placement','Placement of an item',
  #11831);
#11831 = NEXT_ASSEMBLY_USAGE_OCCURRENCE('12','=>[0:1:1:13]','',#5,#11156
  ,$);
#11832 = PRODUCT_RELATED_PRODUCT_CATEGORY('part',$,(#11158));
#11833 = SHAPE_DEFINITION_REPRESENTATION(#11834,#11840);
#11834 = PRODUCT_DEFINITION_SHAPE('','',#11835);
#11835 = PRODUCT_DEFINITION('design','',#11836,#11839);
#11836 = PRODUCT_DEFINITION_FORMATION('','',#11837);
#11837 = PRODUCT('COMPOUND','COMPOUND','',(#11838));
#11838 = PRODUCT_CONTEXT('',#2,'mechanical');
#11839 = PRODUCT_DEFINITION_CONTEXT('part definition',#2,'design');
#11840 = SHAPE_REPRESENTATION('',(#11,#11841,#12171,#12501,#12831),
  #13161);
#11841 = MANIFOLD_SOLID_BREP('',#11842);
#11842 = CLOSED_SHELL('',(#11843,#11963,#12063,#12110,#12157,#12164));
#11843 = ADVANCED_FACE('',(#11844),#11858,.F.);
#11844 = FACE_BOUND('',#11845,.F.);
#11845 = EDGE_LOOP('',(#11846,#11881,#11909,#11937));
#11846 = ORIENTED_EDGE('',*,*,#11847,.F.);
#11847 = EDGE_CURVE('',#11848,#11850,#11852,.T.);
#11848 = VERTEX_POINT('',#11849);
#11849 = CARTESIAN_POINT('',(-156.,59.5,595.));
#11850 = VERTEX_POINT('',#11851);
#11851 = CARTESIAN_POINT('',(-156.,59.5,645.));
#11852 = SURFACE_CURVE('',#11853,(#11857,#11869),.PCURVE_S1.);
#11853 = LINE('',#11854,#11855);
#11854 = CARTESIAN_POINT('',(-156.,59.5,595.));
#11855 = VECTOR('',#11856,1.);
#11856 = DIRECTION('',(0.,0.,1.));
#11857 = PCURVE('',#11858,#11863);
#11858 = PLANE('',#11859);
#11859 = AXIS2_PLACEMENT_3D('',#11860,#11861,#11862);
#11860 = CARTESIAN_POINT('',(-156.,59.5,595.));
#11861 = DIRECTION('',(1.,0.,-0.));
#11862 = DIRECTION('',(0.,0.,1.));
#11863 = DEFINITIONAL_REPRESENTATION('',(#11864),#11868);
#11864 = LINE('',#11865,#11866);
#11865 = CARTESIAN_POINT('',(0.,0.));
#11866 = VECTOR('',#11867,1.);
#11867 = DIRECTION('',(1.,0.));
#11868 = ( GEOMETRIC_REPRESENTATION_CONTEXT(2) 
PARAMETRIC_REPRESENTATION_CONTEXT() REPRESENTATION_CONTEXT('2D SPACE',''
  ) );
#11869 = PCURVE('',#11870,#11875);
#11870 = PLANE('',#11871);
#11871 = AXIS2_PLACEMENT_3D('',#11872,#11873,#11874);
#11872 = CARTESIAN_POINT('',(-156.,59.5,595.));
#11873 = DIRECTION('',(-0.,1.,0.));
#11874 = DIRECTION('',(0.,0.,1.));
#11875 = DEFINITIONAL_REPRESENTATION('',(#11876),#11880);
#11876 = LINE('',#11877,#11878);
#11877 = CARTESIAN_POINT('',(0.,0.));
#11878 = VECTOR('',#11879,1.);
#11879 = DIRECTION('',(1.,0.));
#11880 = ( GEOMETRIC_REPRESENTATION_CONTEXT(2) 
PARAMETRIC_REPRESENTATION_CONTEXT() REPRESENTATION_CONTEXT('2D SPACE',''
  ) );
#11881 = ORIENTED_EDGE('',*,*,#11882,.T.);
#11882 = EDGE_CURVE('',#11848,#11883,#11885,.T.);
#11883 = VERTEX_POINT('',#11884);
#11884 = CARTESIAN_POINT('',(-156.,104.5,595.));
#11885 = SURFACE_CURVE('',#11886,(#11890,#11897),.PCURVE_S1.);
#11886 = LINE('',#11887,#11888);
#11887 = CARTESIAN_POINT('',(-156.,59.5,595.));
#11888 = VECTOR('',#11889,1.);
#11889 = DIRECTION('',(-0.,1.,0.));
#11890 = PCURVE('',#11858,#11891);
#11891 = DEFINITIONAL_REPRESENTATION('',(#11892),#11896);
#11892 = LINE('',#11893,#11894);
#11893 = CARTESIAN_POINT('',(0.,0.));
#11894 = VECTOR('',#11895,1.);
#11895 = DIRECTION('',(0.,-1.));
#11896 = ( GEOMETRIC_REPRESENTATION_CONTEXT(2) 
PARAMETRIC_REPRESENTATION_CONTEXT() REPRESENTATION_CONTEXT('2D SPACE',''
  ) );
#11897 = PCURVE('',#11898,#11903);
#11898 = PLANE('',#11899);
#11899 = AXIS2_PLACEMENT_3D('',#11900,#11901,#11902);
#11900 = CARTESIAN_POINT('',(-156.,59.5,595.));
#11901 = DIRECTION('',(0.,0.,1.));
#11902 = DIRECTION('',(1.,0.,-0.));
#11903 = DEFINITIONAL_REPRESENTATION('',(#11904),#11908);
#11904 = LINE('',#11905,#11906);
#11905 = CARTESIAN_POINT('',(0.,0.));
#11906 = VECTOR('',#11907,1.);
#11907 = DIRECTION('',(0.,1.));
#11908 = ( GEOMETRIC_REPRESENTATION_CONTEXT(2) 
PARAMETRIC_REPRESENTATION_CONTEXT() REPRESENTATION_CONTEXT('2D SPACE',''
  ) );
#11909 = ORIENTED_EDGE('',*,*,#11910,.T.);
#11910 = EDGE_CURVE('',#11883,#11911,#11913,.T.);
#11911 = VERTEX_POINT('',#11912);
#11912 = CARTESIAN_POINT('',(-156.,104.5,645.));
#11913 = SURFACE_CURVE('',#11914,(#11918,#11925),.PCURVE_S1.);
#11914 = LINE('',#11915,#11916);
#11915 = CARTESIAN_POINT('',(-156.,104.5,595.));
#11916 = VECTOR('',#11917,1.);
#11917 = DIRECTION('',(0.,0.,1.));
#11918 = PCURVE('',#11858,#11919);
#11919 = DEFINITIONAL_REPRESENTATION('',(#11920),#11924);
#11920 = LINE('',#11921,#11922);
#11921 = CARTESIAN_POINT('',(0.,-45.));
#11922 = VECTOR('',#11923,1.);
#11923 = DIRECTION('',(1.,0.));
#11924 = ( GEOMETRIC_REPRESENTATION_CONTEXT(2) 
PARAMETRIC_REPRESENTATION_CONTEXT() REPRESENTATION_CONTEXT('2D SPACE',''
  ) );
#11925 = PCURVE('',#11926,#11931);
#11926 = PLANE('',#11927);
#11927 = AXIS2_PLACEMENT_3D('',#11928,#11929,#11930);
#11928 = CARTESIAN_POINT('',(-156.,104.5,595.));
#11929 = DIRECTION('',(-0.,1.,0.));
#11930 = DIRECTION('',(0.,0.,1.));
#11931 = DEFINITIONAL_REPRESENTATION('',(#11932),#11936);
#11932 = LINE('',#11933,#11934);
#11933 = CARTESIAN_POINT('',(0.,0.));
#11934 = VECTOR('',#11935,1.);
#11935 = DIRECTION('',(1.,0.));
#11936 = ( GEOMETRIC_REPRESENTATION_CONTEXT(2) 
PARAMETRIC_REPRESENTATION_CONTEXT() REPRESENTATION_CONTEXT('2D SPACE',''
  ) );
#11937 = ORIENTED_EDGE('',*,*,#11938,.F.);
#11938 = EDGE_CURVE('',#11850,#11911,#11939,.T.);
#11939 = SURFACE_CURVE('',#11940,(#11944,#11951),.PCURVE_S1.);
#11940 = LINE('',#11941,#11942);
#11941 = CARTESIAN_POINT('',(-156.,59.5,645.));
#11942 = VECTOR('',#11943,1.);
#11943 = DIRECTION('',(-0.,1.,0.));
#11944 = PCURVE('',#11858,#11945);
#11945 = DEFINITIONAL_REPRESENTATION('',(#11946),#11950);
#11946 = LINE('',#11947,#11948);
#11947 = CARTESIAN_POINT('',(50.,0.));
#11948 = VECTOR('',#11949,1.);
#11949 = DIRECTION('',(0.,-1.));
#11950 = ( GEOMETRIC_REPRESENTATION_CONTEXT(2) 
PARAMETRIC_REPRESENTATION_CONTEXT() REPRESENTATION_CONTEXT('2D SPACE',''
  ) );
#11951 = PCURVE('',#11952,#11957);
#11952 = PLANE('',#11953);
#11953 = AXIS2_PLACEMENT_3D('',#11954,#11955,#11956);
#11954 = CARTESIAN_POINT('',(-156.,59.5,645.));
#11955 = DIRECTION('',(0.,0.,1.));
#11956 = DIRECTION('',(1.,0.,-0.));
#11957 = DEFINITIONAL_REPRESENTATION('',(#11958),#11962);
#11958 = LINE('',#11959,#11960);
#11959 = CARTESIAN_POINT('',(0.,0.));
#11960 = VECTOR('',#11961,1.);
#11961 = DIRECTION('',(0.,1.));
#11962 = ( GEOMETRIC_REPRESENTATION_CONTEXT(2) 
PARAMETRIC_REPRESENTATION_CONTEXT() REPRESENTATION_CONTEXT('2D SPACE',''
  ) );
#11963 = ADVANCED_FACE('',(#11964),#11978,.T.);
#11964 = FACE_BOUND('',#11965,.T.);
#11965 = EDGE_LOOP('',(#11966,#11996,#12019,#12042));
#11966 = ORIENTED_EDGE('',*,*,#11967,.F.);
#11967 = EDGE_CURVE('',#11968,#11970,#11972,.T.);
#11968 = VERTEX_POINT('',#11969);
#11969 = CARTESIAN_POINT('',(-130.6,59.5,595.));
#11970 = VERTEX_POINT('',#11971);
#11971 = CARTESIAN_POINT('',(-130.6,59.5,645.));
#11972 = SURFACE_CURVE('',#11973,(#11977,#11989),.PCURVE_S1.);
#11973 = LINE('',#11974,#11975);
#11974 = CARTESIAN_POINT('',(-130.6,59.5,595.));
#11975 = VECTOR('',#11976,1.);
#11976 = DIRECTION('',(0.,0.,1.));
#11977 = PCURVE('',#11978,#11983);
#11978 = PLANE('',#11979);
#11979 = AXIS2_PLACEMENT_3D('',#11980,#11981,#11982);
#11980 = CARTESIAN_POINT('',(-130.6,59.5,595.));
#11981 = DIRECTION('',(1.,0.,-0.));
#11982 = DIRECTION('',(0.,0.,1.));
#11983 = DEFINITIONAL_REPRESENTATION('',(#11984),#11988);
#11984 = LINE('',#11985,#11986);
#11985 = CARTESIAN_POINT('',(0.,0.));
#11986 = VECTOR('',#11987,1.);
#11987 = DIRECTION('',(1.,0.));
#11988 = ( GEOMETRIC_REPRESENTATION_CONTEXT(2) 
PARAMETRIC_REPRESENTATION_CONTEXT() REPRESENTATION_CONTEXT('2D SPACE',''
  ) );
#11989 = PCURVE('',#11870,#11990);
#11990 = DEFINITIONAL_REPRESENTATION('',(#11991),#11995);
#11991 = LINE('',#11992,#11993);
#11992 = CARTESIAN_POINT('',(0.,25.4));
#11993 = VECTOR('',#11994,1.);
#11994 = DIRECTION('',(1.,0.));
#11995 = ( GEOMETRIC_REPRESENTATION_CONTEXT(2) 
PARAMETRIC_REPRESENTATION_CONTEXT() REPRESENTATION_CONTEXT('2D SPACE',''
  ) );
#11996 = ORIENTED_EDGE('',*,*,#11997,.T.);
#11997 = EDGE_CURVE('',#11968,#11998,#12000,.T.);
#11998 = VERTEX_POINT('',#11999);
#11999 = CARTESIAN_POINT('',(-130.6,104.5,595.));
#12000 = SURFACE_CURVE('',#12001,(#12005,#12012),.PCURVE_S1.);
#12001 = LINE('',#12002,#12003);
#12002 = CARTESIAN_POINT('',(-130.6,59.5,595.));
#12003 = VECTOR('',#12004,1.);
#12004 = DIRECTION('',(-0.,1.,0.));
#12005 = PCURVE('',#11978,#12006);
#12006 = DEFINITIONAL_REPRESENTATION('',(#12007),#12011);
#12007 = LINE('',#12008,#12009);
#12008 = CARTESIAN_POINT('',(0.,0.));
#12009 = VECTOR('',#12010,1.);
#12010 = DIRECTION('',(0.,-1.));
#12011 = ( GEOMETRIC_REPRESENTATION_CONTEXT(2) 
PARAMETRIC_REPRESENTATION_CONTEXT() REPRESENTATION_CONTEXT('2D SPACE',''
  ) );
#12012 = PCURVE('',#11898,#12013);
#12013 = DEFINITIONAL_REPRESENTATION('',(#12014),#12018);
#12014 = LINE('',#12015,#12016);
#12015 = CARTESIAN_POINT('',(25.4,0.));
#12016 = VECTOR('',#12017,1.);
#12017 = DIRECTION('',(0.,1.));
#12018 = ( GEOMETRIC_REPRESENTATION_CONTEXT(2) 
PARAMETRIC_REPRESENTATION_CONTEXT() REPRESENTATION_CONTEXT('2D SPACE',''
  ) );
#12019 = ORIENTED_EDGE('',*,*,#12020,.T.);
#12020 = EDGE_CURVE('',#11998,#12021,#12023,.T.);
#12021 = VERTEX_POINT('',#12022);
#12022 = CARTESIAN_POINT('',(-130.6,104.5,645.));
#12023 = SURFACE_CURVE('',#12024,(#12028,#12035),.PCURVE_S1.);
#12024 = LINE('',#12025,#12026);
#12025 = CARTESIAN_POINT('',(-130.6,104.5,595.));
#12026 = VECTOR('',#12027,1.);
#12027 = DIRECTION('',(0.,0.,1.));
#12028 = PCURVE('',#11978,#12029);
#12029 = DEFINITIONAL_REPRESENTATION('',(#12030),#12034);
#12030 = LINE('',#12031,#12032);
#12031 = CARTESIAN_POINT('',(0.,-45.));
#12032 = VECTOR('',#12033,1.);
#12033 = DIRECTION('',(1.,0.));
#12034 = ( GEOMETRIC_REPRESENTATION_CONTEXT(2) 
PARAMETRIC_REPRESENTATION_CONTEXT() REPRESENTATION_CONTEXT('2D SPACE',''
  ) );
#12035 = PCURVE('',#11926,#12036);
#12036 = DEFINITIONAL_REPRESENTATION('',(#12037),#12041);
#12037 = LINE('',#12038,#12039);
#12038 = CARTESIAN_POINT('',(0.,25.4));
#12039 = VECTOR('',#12040,1.);
#12040 = DIRECTION('',(1.,0.));
#12041 = ( GEOMETRIC_REPRESENTATION_CONTEXT(2) 
PARAMETRIC_REPRESENTATION_CONTEXT() REPRESENTATION_CONTEXT('2D SPACE',''
  ) );
#12042 = ORIENTED_EDGE('',*,*,#12043,.F.);
#12043 = EDGE_CURVE('',#11970,#12021,#12044,.T.);
#12044 = SURFACE_CURVE('',#12045,(#12049,#12056),.PCURVE_S1.);
#12045 = LINE('',#12046,#12047);
#12046 = CARTESIAN_POINT('',(-130.6,59.5,645.));
#12047 = VECTOR('',#12048,1.);
#12048 = DIRECTION('',(-0.,1.,0.));
#12049 = PCURVE('',#11978,#12050);
#12050 = DEFINITIONAL_REPRESENTATION('',(#12051),#12055);
#12051 = LINE('',#12052,#12053);
#12052 = CARTESIAN_POINT('',(50.,0.));
#12053 = VECTOR('',#12054,1.);
#12054 = DIRECTION('',(0.,-1.));
#12055 = ( GEOMETRIC_REPRESENTATION_CONTEXT(2) 
PARAMETRIC_REPRESENTATION_CONTEXT() REPRESENTATION_CONTEXT('2D SPACE',''
  ) );
#12056 = PCURVE('',#11952,#12057);
#12057 = DEFINITIONAL_REPRESENTATION('',(#12058),#12062);
#12058 = LINE('',#12059,#12060);
#12059 = CARTESIAN_POINT('',(25.4,0.));
#12060 = VECTOR('',#12061,1.);
#12061 = DIRECTION('',(0.,1.));
#12062 = ( GEOMETRIC_REPRESENTATION_CONTEXT(2) 
PARAMETRIC_REPRESENTATION_CONTEXT() REPRESENTATION_CONTEXT('2D SPACE',''
  ) );
#12063 = ADVANCED_FACE('',(#12064),#11870,.F.);
#12064 = FACE_BOUND('',#12065,.F.);
#12065 = EDGE_LOOP('',(#12066,#12087,#12088,#12109));
#12066 = ORIENTED_EDGE('',*,*,#12067,.F.);
#12067 = EDGE_CURVE('',#11848,#11968,#12068,.T.);
#12068 = SURFACE_CURVE('',#12069,(#12073,#12080),.PCURVE_S1.);
#12069 = LINE('',#12070,#12071);
#12070 = CARTESIAN_POINT('',(-156.,59.5,595.));
#12071 = VECTOR('',#12072,1.);
#12072 = DIRECTION('',(1.,0.,-0.));
#12073 = PCURVE('',#11870,#12074);
#12074 = DEFINITIONAL_REPRESENTATION('',(#12075),#12079);
#12075 = LINE('',#12076,#12077);
#12076 = CARTESIAN_POINT('',(0.,0.));
#12077 = VECTOR('',#12078,1.);
#12078 = DIRECTION('',(0.,1.));
#12079 = ( GEOMETRIC_REPRESENTATION_CONTEXT(2) 
PARAMETRIC_REPRESENTATION_CONTEXT() REPRESENTATION_CONTEXT('2D SPACE',''
  ) );
#12080 = PCURVE('',#11898,#12081);
#12081 = DEFINITIONAL_REPRESENTATION('',(#12082),#12086);
#12082 = LINE('',#12083,#12084);
#12083 = CARTESIAN_POINT('',(0.,0.));
#12084 = VECTOR('',#12085,1.);
#12085 = DIRECTION('',(1.,0.));
#12086 = ( GEOMETRIC_REPRESENTATION_CONTEXT(2) 
PARAMETRIC_REPRESENTATION_CONTEXT() REPRESENTATION_CONTEXT('2D SPACE',''
  ) );
#12087 = ORIENTED_EDGE('',*,*,#11847,.T.);
#12088 = ORIENTED_EDGE('',*,*,#12089,.T.);
#12089 = EDGE_CURVE('',#11850,#11970,#12090,.T.);
#12090 = SURFACE_CURVE('',#12091,(#12095,#12102),.PCURVE_S1.);
#12091 = LINE('',#12092,#12093);
#12092 = CARTESIAN_POINT('',(-156.,59.5,645.));
#12093 = VECTOR('',#12094,1.);
#12094 = DIRECTION('',(1.,0.,-0.));
#12095 = PCURVE('',#11870,#12096);
#12096 = DEFINITIONAL_REPRESENTATION('',(#12097),#12101);
#12097 = LINE('',#12098,#12099);
#12098 = CARTESIAN_POINT('',(50.,0.));
#12099 = VECTOR('',#12100,1.);
#12100 = DIRECTION('',(0.,1.));
#12101 = ( GEOMETRIC_REPRESENTATION_CONTEXT(2) 
PARAMETRIC_REPRESENTATION_CONTEXT() REPRESENTATION_CONTEXT('2D SPACE',''
  ) );
#12102 = PCURVE('',#11952,#12103);
#12103 = DEFINITIONAL_REPRESENTATION('',(#12104),#12108);
#12104 = LINE('',#12105,#12106);
#12105 = CARTESIAN_POINT('',(0.,0.));
#12106 = VECTOR('',#12107,1.);
#12107 = DIRECTION('',(1.,0.));
#12108 = ( GEOMETRIC_REPRESENTATION_CONTEXT(2) 
PARAMETRIC_REPRESENTATION_CONTEXT() REPRESENTATION_CONTEXT('2D SPACE',''
  ) );
#12109 = ORIENTED_EDGE('',*,*,#11967,.F.);
#12110 = ADVANCED_FACE('',(#12111),#11926,.T.);
#12111 = FACE_BOUND('',#12112,.T.);
#12112 = EDGE_LOOP('',(#12113,#12134,#12135,#12156));
#12113 = ORIENTED_EDGE('',*,*,#12114,.F.);
#12114 = EDGE_CURVE('',#11883,#11998,#12115,.T.);
#12115 = SURFACE_CURVE('',#12116,(#12120,#12127),.PCURVE_S1.);
#12116 = LINE('',#12117,#12118);
#12117 = CARTESIAN_POINT('',(-156.,104.5,595.));
#12118 = VECTOR('',#12119,1.);
#12119 = DIRECTION('',(1.,0.,-0.));
#12120 = PCURVE('',#11926,#12121);
#12121 = DEFINITIONAL_REPRESENTATION('',(#12122),#12126);
#12122 = LINE('',#12123,#12124);
#12123 = CARTESIAN_POINT('',(0.,0.));
#12124 = VECTOR('',#12125,1.);
#12125 = DIRECTION('',(0.,1.));
#12126 = ( GEOMETRIC_REPRESENTATION_CONTEXT(2) 
PARAMETRIC_REPRESENTATION_CONTEXT() REPRESENTATION_CONTEXT('2D SPACE',''
  ) );
#12127 = PCURVE('',#11898,#12128);
#12128 = DEFINITIONAL_REPRESENTATION('',(#12129),#12133);
#12129 = LINE('',#12130,#12131);
#12130 = CARTESIAN_POINT('',(0.,45.));
#12131 = VECTOR('',#12132,1.);
#12132 = DIRECTION('',(1.,0.));
#12133 = ( GEOMETRIC_REPRESENTATION_CONTEXT(2) 
PARAMETRIC_REPRESENTATION_CONTEXT() REPRESENTATION_CONTEXT('2D SPACE',''
  ) );
#12134 = ORIENTED_EDGE('',*,*,#11910,.T.);
#12135 = ORIENTED_EDGE('',*,*,#12136,.T.);
#12136 = EDGE_CURVE('',#11911,#12021,#12137,.T.);
#12137 = SURFACE_CURVE('',#12138,(#12142,#12149),.PCURVE_S1.);
#12138 = LINE('',#12139,#12140);
#12139 = CARTESIAN_POINT('',(-156.,104.5,645.));
#12140 = VECTOR('',#12141,1.);
#12141 = DIRECTION('',(1.,0.,-0.));
#12142 = PCURVE('',#11926,#12143);
#12143 = DEFINITIONAL_REPRESENTATION('',(#12144),#12148);
#12144 = LINE('',#12145,#12146);
#12145 = CARTESIAN_POINT('',(50.,0.));
#12146 = VECTOR('',#12147,1.);
#12147 = DIRECTION('',(0.,1.));
#12148 = ( GEOMETRIC_REPRESENTATION_CONTEXT(2) 
PARAMETRIC_REPRESENTATION_CONTEXT() REPRESENTATION_CONTEXT('2D SPACE',''
  ) );
#12149 = PCURVE('',#11952,#12150);
#12150 = DEFINITIONAL_REPRESENTATION('',(#12151),#12155);
#12151 = LINE('',#12152,#12153);
#12152 = CARTESIAN_POINT('',(0.,45.));
#12153 = VECTOR('',#12154,1.);
#12154 = DIRECTION('',(1.,0.));
#12155 = ( GEOMETRIC_REPRESENTATION_CONTEXT(2) 
PARAMETRIC_REPRESENTATION_CONTEXT() REPRESENTATION_CONTEXT('2D SPACE',''
  ) );
#12156 = ORIENTED_EDGE('',*,*,#12020,.F.);
#12157 = ADVANCED_FACE('',(#12158),#11898,.F.);
#12158 = FACE_BOUND('',#12159,.F.);
#12159 = EDGE_LOOP('',(#12160,#12161,#12162,#12163));
#12160 = ORIENTED_EDGE('',*,*,#11882,.F.);
#12161 = ORIENTED_EDGE('',*,*,#12067,.T.);
#12162 = ORIENTED_EDGE('',*,*,#11997,.T.);
#12163 = ORIENTED_EDGE('',*,*,#12114,.F.);
#12164 = ADVANCED_FACE('',(#12165),#11952,.T.);
#12165 = FACE_BOUND('',#12166,.T.);
#12166 = EDGE_LOOP('',(#12167,#12168,#12169,#12170));
#12167 = ORIENTED_EDGE('',*,*,#11938,.F.);
#12168 = ORIENTED_EDGE('',*,*,#12089,.T.);
#12169 = ORIENTED_EDGE('',*,*,#12043,.T.);
#12170 = ORIENTED_EDGE('',*,*,#12136,.F.);
#12171 = MANIFOLD_SOLID_BREP('',#12172);
#12172 = CLOSED_SHELL('',(#12173,#12293,#12393,#12440,#12487,#12494));
#12173 = ADVANCED_FACE('',(#12174),#12188,.F.);
#12174 = FACE_BOUND('',#12175,.F.);
#12175 = EDGE_LOOP('',(#12176,#12211,#12239,#12267));
#12176 = ORIENTED_EDGE('',*,*,#12177,.F.);
#12177 = EDGE_CURVE('',#12178,#12180,#12182,.T.);
#12178 = VERTEX_POINT('',#12179);
#12179 = CARTESIAN_POINT('',(-128.6,59.5,575.));
#12180 = VERTEX_POINT('',#12181);
#12181 = CARTESIAN_POINT('',(-128.6,59.5,665.));
#12182 = SURFACE_CURVE('',#12183,(#12187,#12199),.PCURVE_S1.);
#12183 = LINE('',#12184,#12185);
#12184 = CARTESIAN_POINT('',(-128.6,59.5,575.));
#12185 = VECTOR('',#12186,1.);
#12186 = DIRECTION('',(0.,0.,1.));
#12187 = PCURVE('',#12188,#12193);
#12188 = PLANE('',#12189);
#12189 = AXIS2_PLACEMENT_3D('',#12190,#12191,#12192);
#12190 = CARTESIAN_POINT('',(-128.6,59.5,575.));
#12191 = DIRECTION('',(1.,0.,-0.));
#12192 = DIRECTION('',(0.,0.,1.));
#12193 = DEFINITIONAL_REPRESENTATION('',(#12194),#12198);
#12194 = LINE('',#12195,#12196);
#12195 = CARTESIAN_POINT('',(0.,0.));
#12196 = VECTOR('',#12197,1.);
#12197 = DIRECTION('',(1.,0.));
#12198 = ( GEOMETRIC_REPRESENTATION_CONTEXT(2) 
PARAMETRIC_REPRESENTATION_CONTEXT() REPRESENTATION_CONTEXT('2D SPACE',''
  ) );
#12199 = PCURVE('',#12200,#12205);
#12200 = PLANE('',#12201);
#12201 = AXIS2_PLACEMENT_3D('',#12202,#12203,#12204);
#12202 = CARTESIAN_POINT('',(-128.6,59.5,575.));
#12203 = DIRECTION('',(-0.,1.,0.));
#12204 = DIRECTION('',(0.,0.,1.));
#12205 = DEFINITIONAL_REPRESENTATION('',(#12206),#12210);
#12206 = LINE('',#12207,#12208);
#12207 = CARTESIAN_POINT('',(0.,0.));
#12208 = VECTOR('',#12209,1.);
#12209 = DIRECTION('',(1.,0.));
#12210 = ( GEOMETRIC_REPRESENTATION_CONTEXT(2) 
PARAMETRIC_REPRESENTATION_CONTEXT() REPRESENTATION_CONTEXT('2D SPACE',''
  ) );
#12211 = ORIENTED_EDGE('',*,*,#12212,.T.);
#12212 = EDGE_CURVE('',#12178,#12213,#12215,.T.);
#12213 = VERTEX_POINT('',#12214);
#12214 = CARTESIAN_POINT('',(-128.6,119.5,575.));
#12215 = SURFACE_CURVE('',#12216,(#12220,#12227),.PCURVE_S1.);
#12216 = LINE('',#12217,#12218);
#12217 = CARTESIAN_POINT('',(-128.6,59.5,575.));
#12218 = VECTOR('',#12219,1.);
#12219 = DIRECTION('',(-0.,1.,0.));
#12220 = PCURVE('',#12188,#12221);
#12221 = DEFINITIONAL_REPRESENTATION('',(#12222),#12226);
#12222 = LINE('',#12223,#12224);
#12223 = CARTESIAN_POINT('',(0.,0.));
#12224 = VECTOR('',#12225,1.);
#12225 = DIRECTION('',(0.,-1.));
#12226 = ( GEOMETRIC_REPRESENTATION_CONTEXT(2) 
PARAMETRIC_REPRESENTATION_CONTEXT() REPRESENTATION_CONTEXT('2D SPACE',''
  ) );
#12227 = PCURVE('',#12228,#12233);
#12228 = PLANE('',#12229);
#12229 = AXIS2_PLACEMENT_3D('',#12230,#12231,#12232);
#12230 = CARTESIAN_POINT('',(-128.6,59.5,575.));
#12231 = DIRECTION('',(0.,0.,1.));
#12232 = DIRECTION('',(1.,0.,-0.));
#12233 = DEFINITIONAL_REPRESENTATION('',(#12234),#12238);
#12234 = LINE('',#12235,#12236);
#12235 = CARTESIAN_POINT('',(0.,0.));
#12236 = VECTOR('',#12237,1.);
#12237 = DIRECTION('',(0.,1.));
#12238 = ( GEOMETRIC_REPRESENTATION_CONTEXT(2) 
PARAMETRIC_REPRESENTATION_CONTEXT() REPRESENTATION_CONTEXT('2D SPACE',''
  ) );
#12239 = ORIENTED_EDGE('',*,*,#12240,.T.);
#12240 = EDGE_CURVE('',#12213,#12241,#12243,.T.);
#12241 = VERTEX_POINT('',#12242);
#12242 = CARTESIAN_POINT('',(-128.6,119.5,665.));
#12243 = SURFACE_CURVE('',#12244,(#12248,#12255),.PCURVE_S1.);
#12244 = LINE('',#12245,#12246);
#12245 = CARTESIAN_POINT('',(-128.6,119.5,575.));
#12246 = VECTOR('',#12247,1.);
#12247 = DIRECTION('',(0.,0.,1.));
#12248 = PCURVE('',#12188,#12249);
#12249 = DEFINITIONAL_REPRESENTATION('',(#12250),#12254);
#12250 = LINE('',#12251,#12252);
#12251 = CARTESIAN_POINT('',(0.,-60.));
#12252 = VECTOR('',#12253,1.);
#12253 = DIRECTION('',(1.,0.));
#12254 = ( GEOMETRIC_REPRESENTATION_CONTEXT(2) 
PARAMETRIC_REPRESENTATION_CONTEXT() REPRESENTATION_CONTEXT('2D SPACE',''
  ) );
#12255 = PCURVE('',#12256,#12261);
#12256 = PLANE('',#12257);
#12257 = AXIS2_PLACEMENT_3D('',#12258,#12259,#12260);
#12258 = CARTESIAN_POINT('',(-128.6,119.5,575.));
#12259 = DIRECTION('',(-0.,1.,0.));
#12260 = DIRECTION('',(0.,0.,1.));
#12261 = DEFINITIONAL_REPRESENTATION('',(#12262),#12266);
#12262 = LINE('',#12263,#12264);
#12263 = CARTESIAN_POINT('',(0.,0.));
#12264 = VECTOR('',#12265,1.);
#12265 = DIRECTION('',(1.,0.));
#12266 = ( GEOMETRIC_REPRESENTATION_CONTEXT(2) 
PARAMETRIC_REPRESENTATION_CONTEXT() REPRESENTATION_CONTEXT('2D SPACE',''
  ) );
#12267 = ORIENTED_EDGE('',*,*,#12268,.F.);
#12268 = EDGE_CURVE('',#12180,#12241,#12269,.T.);
#12269 = SURFACE_CURVE('',#12270,(#12274,#12281),.PCURVE_S1.);
#12270 = LINE('',#12271,#12272);
#12271 = CARTESIAN_POINT('',(-128.6,59.5,665.));
#12272 = VECTOR('',#12273,1.);
#12273 = DIRECTION('',(-0.,1.,0.));
#12274 = PCURVE('',#12188,#12275);
#12275 = DEFINITIONAL_REPRESENTATION('',(#12276),#12280);
#12276 = LINE('',#12277,#12278);
#12277 = CARTESIAN_POINT('',(90.,0.));
#12278 = VECTOR('',#12279,1.);
#12279 = DIRECTION('',(0.,-1.));
#12280 = ( GEOMETRIC_REPRESENTATION_CONTEXT(2) 
PARAMETRIC_REPRESENTATION_CONTEXT() REPRESENTATION_CONTEXT('2D SPACE',''
  ) );
#12281 = PCURVE('',#12282,#12287);
#12282 = PLANE('',#12283);
#12283 = AXIS2_PLACEMENT_3D('',#12284,#12285,#12286);
#12284 = CARTESIAN_POINT('',(-128.6,59.5,665.));
#12285 = DIRECTION('',(0.,0.,1.));
#12286 = DIRECTION('',(1.,0.,-0.));
#12287 = DEFINITIONAL_REPRESENTATION('',(#12288),#12292);
#12288 = LINE('',#12289,#12290);
#12289 = CARTESIAN_POINT('',(0.,0.));
#12290 = VECTOR('',#12291,1.);
#12291 = DIRECTION('',(0.,1.));
#12292 = ( GEOMETRIC_REPRESENTATION_CONTEXT(2) 
PARAMETRIC_REPRESENTATION_CONTEXT() REPRESENTATION_CONTEXT('2D SPACE',''
  ) );
#12293 = ADVANCED_FACE('',(#12294),#12308,.T.);
#12294 = FACE_BOUND('',#12295,.T.);
#12295 = EDGE_LOOP('',(#12296,#12326,#12349,#12372));
#12296 = ORIENTED_EDGE('',*,*,#12297,.F.);
#12297 = EDGE_CURVE('',#12298,#12300,#12302,.T.);
#12298 = VERTEX_POINT('',#12299);
#12299 = CARTESIAN_POINT('',(28.9,59.5,575.));
#12300 = VERTEX_POINT('',#12301);
#12301 = CARTESIAN_POINT('',(28.9,59.5,665.));
#12302 = SURFACE_CURVE('',#12303,(#12307,#12319),.PCURVE_S1.);
#12303 = LINE('',#12304,#12305);
#12304 = CARTESIAN_POINT('',(28.9,59.5,575.));
#12305 = VECTOR('',#12306,1.);
#12306 = DIRECTION('',(0.,0.,1.));
#12307 = PCURVE('',#12308,#12313);
#12308 = PLANE('',#12309);
#12309 = AXIS2_PLACEMENT_3D('',#12310,#12311,#12312);
#12310 = CARTESIAN_POINT('',(28.9,59.5,575.));
#12311 = DIRECTION('',(1.,0.,-0.));
#12312 = DIRECTION('',(0.,0.,1.));
#12313 = DEFINITIONAL_REPRESENTATION('',(#12314),#12318);
#12314 = LINE('',#12315,#12316);
#12315 = CARTESIAN_POINT('',(0.,0.));
#12316 = VECTOR('',#12317,1.);
#12317 = DIRECTION('',(1.,0.));
#12318 = ( GEOMETRIC_REPRESENTATION_CONTEXT(2) 
PARAMETRIC_REPRESENTATION_CONTEXT() REPRESENTATION_CONTEXT('2D SPACE',''
  ) );
#12319 = PCURVE('',#12200,#12320);
#12320 = DEFINITIONAL_REPRESENTATION('',(#12321),#12325);
#12321 = LINE('',#12322,#12323);
#12322 = CARTESIAN_POINT('',(0.,157.5));
#12323 = VECTOR('',#12324,1.);
#12324 = DIRECTION('',(1.,0.));
#12325 = ( GEOMETRIC_REPRESENTATION_CONTEXT(2) 
PARAMETRIC_REPRESENTATION_CONTEXT() REPRESENTATION_CONTEXT('2D SPACE',''
  ) );
#12326 = ORIENTED_EDGE('',*,*,#12327,.T.);
#12327 = EDGE_CURVE('',#12298,#12328,#12330,.T.);
#12328 = VERTEX_POINT('',#12329);
#12329 = CARTESIAN_POINT('',(28.9,119.5,575.));
#12330 = SURFACE_CURVE('',#12331,(#12335,#12342),.PCURVE_S1.);
#12331 = LINE('',#12332,#12333);
#12332 = CARTESIAN_POINT('',(28.9,59.5,575.));
#12333 = VECTOR('',#12334,1.);
#12334 = DIRECTION('',(-0.,1.,0.));
#12335 = PCURVE('',#12308,#12336);
#12336 = DEFINITIONAL_REPRESENTATION('',(#12337),#12341);
#12337 = LINE('',#12338,#12339);
#12338 = CARTESIAN_POINT('',(0.,0.));
#12339 = VECTOR('',#12340,1.);
#12340 = DIRECTION('',(0.,-1.));
#12341 = ( GEOMETRIC_REPRESENTATION_CONTEXT(2) 
PARAMETRIC_REPRESENTATION_CONTEXT() REPRESENTATION_CONTEXT('2D SPACE',''
  ) );
#12342 = PCURVE('',#12228,#12343);
#12343 = DEFINITIONAL_REPRESENTATION('',(#12344),#12348);
#12344 = LINE('',#12345,#12346);
#12345 = CARTESIAN_POINT('',(157.5,0.));
#12346 = VECTOR('',#12347,1.);
#12347 = DIRECTION('',(0.,1.));
#12348 = ( GEOMETRIC_REPRESENTATION_CONTEXT(2) 
PARAMETRIC_REPRESENTATION_CONTEXT() REPRESENTATION_CONTEXT('2D SPACE',''
  ) );
#12349 = ORIENTED_EDGE('',*,*,#12350,.T.);
#12350 = EDGE_CURVE('',#12328,#12351,#12353,.T.);
#12351 = VERTEX_POINT('',#12352);
#12352 = CARTESIAN_POINT('',(28.9,119.5,665.));
#12353 = SURFACE_CURVE('',#12354,(#12358,#12365),.PCURVE_S1.);
#12354 = LINE('',#12355,#12356);
#12355 = CARTESIAN_POINT('',(28.9,119.5,575.));
#12356 = VECTOR('',#12357,1.);
#12357 = DIRECTION('',(0.,0.,1.));
#12358 = PCURVE('',#12308,#12359);
#12359 = DEFINITIONAL_REPRESENTATION('',(#12360),#12364);
#12360 = LINE('',#12361,#12362);
#12361 = CARTESIAN_POINT('',(0.,-60.));
#12362 = VECTOR('',#12363,1.);
#12363 = DIRECTION('',(1.,0.));
#12364 = ( GEOMETRIC_REPRESENTATION_CONTEXT(2) 
PARAMETRIC_REPRESENTATION_CONTEXT() REPRESENTATION_CONTEXT('2D SPACE',''
  ) );
#12365 = PCURVE('',#12256,#12366);
#12366 = DEFINITIONAL_REPRESENTATION('',(#12367),#12371);
#12367 = LINE('',#12368,#12369);
#12368 = CARTESIAN_POINT('',(0.,157.5));
#12369 = VECTOR('',#12370,1.);
#12370 = DIRECTION('',(1.,0.));
#12371 = ( GEOMETRIC_REPRESENTATION_CONTEXT(2) 
PARAMETRIC_REPRESENTATION_CONTEXT() REPRESENTATION_CONTEXT('2D SPACE',''
  ) );
#12372 = ORIENTED_EDGE('',*,*,#12373,.F.);
#12373 = EDGE_CURVE('',#12300,#12351,#12374,.T.);
#12374 = SURFACE_CURVE('',#12375,(#12379,#12386),.PCURVE_S1.);
#12375 = LINE('',#12376,#12377);
#12376 = CARTESIAN_POINT('',(28.9,59.5,665.));
#12377 = VECTOR('',#12378,1.);
#12378 = DIRECTION('',(-0.,1.,0.));
#12379 = PCURVE('',#12308,#12380);
#12380 = DEFINITIONAL_REPRESENTATION('',(#12381),#12385);
#12381 = LINE('',#12382,#12383);
#12382 = CARTESIAN_POINT('',(90.,0.));
#12383 = VECTOR('',#12384,1.);
#12384 = DIRECTION('',(0.,-1.));
#12385 = ( GEOMETRIC_REPRESENTATION_CONTEXT(2) 
PARAMETRIC_REPRESENTATION_CONTEXT() REPRESENTATION_CONTEXT('2D SPACE',''
  ) );
#12386 = PCURVE('',#12282,#12387);
#12387 = DEFINITIONAL_REPRESENTATION('',(#12388),#12392);
#12388 = LINE('',#12389,#12390);
#12389 = CARTESIAN_POINT('',(157.5,0.));
#12390 = VECTOR('',#12391,1.);
#12391 = DIRECTION('',(0.,1.));
#12392 = ( GEOMETRIC_REPRESENTATION_CONTEXT(2) 
PARAMETRIC_REPRESENTATION_CONTEXT() REPRESENTATION_CONTEXT('2D SPACE',''
  ) );
#12393 = ADVANCED_FACE('',(#12394),#12200,.F.);
#12394 = FACE_BOUND('',#12395,.F.);
#12395 = EDGE_LOOP('',(#12396,#12417,#12418,#12439));
#12396 = ORIENTED_EDGE('',*,*,#12397,.F.);
#12397 = EDGE_CURVE('',#12178,#12298,#12398,.T.);
#12398 = SURFACE_CURVE('',#12399,(#12403,#12410),.PCURVE_S1.);
#12399 = LINE('',#12400,#12401);
#12400 = CARTESIAN_POINT('',(-128.6,59.5,575.));
#12401 = VECTOR('',#12402,1.);
#12402 = DIRECTION('',(1.,0.,-0.));
#12403 = PCURVE('',#12200,#12404);
#12404 = DEFINITIONAL_REPRESENTATION('',(#12405),#12409);
#12405 = LINE('',#12406,#12407);
#12406 = CARTESIAN_POINT('',(0.,0.));
#12407 = VECTOR('',#12408,1.);
#12408 = DIRECTION('',(0.,1.));
#12409 = ( GEOMETRIC_REPRESENTATION_CONTEXT(2) 
PARAMETRIC_REPRESENTATION_CONTEXT() REPRESENTATION_CONTEXT('2D SPACE',''
  ) );
#12410 = PCURVE('',#12228,#12411);
#12411 = DEFINITIONAL_REPRESENTATION('',(#12412),#12416);
#12412 = LINE('',#12413,#12414);
#12413 = CARTESIAN_POINT('',(0.,0.));
#12414 = VECTOR('',#12415,1.);
#12415 = DIRECTION('',(1.,0.));
#12416 = ( GEOMETRIC_REPRESENTATION_CONTEXT(2) 
PARAMETRIC_REPRESENTATION_CONTEXT() REPRESENTATION_CONTEXT('2D SPACE',''
  ) );
#12417 = ORIENTED_EDGE('',*,*,#12177,.T.);
#12418 = ORIENTED_EDGE('',*,*,#12419,.T.);
#12419 = EDGE_CURVE('',#12180,#12300,#12420,.T.);
#12420 = SURFACE_CURVE('',#12421,(#12425,#12432),.PCURVE_S1.);
#12421 = LINE('',#12422,#12423);
#12422 = CARTESIAN_POINT('',(-128.6,59.5,665.));
#12423 = VECTOR('',#12424,1.);
#12424 = DIRECTION('',(1.,0.,-0.));
#12425 = PCURVE('',#12200,#12426);
#12426 = DEFINITIONAL_REPRESENTATION('',(#12427),#12431);
#12427 = LINE('',#12428,#12429);
#12428 = CARTESIAN_POINT('',(90.,0.));
#12429 = VECTOR('',#12430,1.);
#12430 = DIRECTION('',(0.,1.));
#12431 = ( GEOMETRIC_REPRESENTATION_CONTEXT(2) 
PARAMETRIC_REPRESENTATION_CONTEXT() REPRESENTATION_CONTEXT('2D SPACE',''
  ) );
#12432 = PCURVE('',#12282,#12433);
#12433 = DEFINITIONAL_REPRESENTATION('',(#12434),#12438);
#12434 = LINE('',#12435,#12436);
#12435 = CARTESIAN_POINT('',(0.,0.));
#12436 = VECTOR('',#12437,1.);
#12437 = DIRECTION('',(1.,0.));
#12438 = ( GEOMETRIC_REPRESENTATION_CONTEXT(2) 
PARAMETRIC_REPRESENTATION_CONTEXT() REPRESENTATION_CONTEXT('2D SPACE',''
  ) );
#12439 = ORIENTED_EDGE('',*,*,#12297,.F.);
#12440 = ADVANCED_FACE('',(#12441),#12256,.T.);
#12441 = FACE_BOUND('',#12442,.T.);
#12442 = EDGE_LOOP('',(#12443,#12464,#12465,#12486));
#12443 = ORIENTED_EDGE('',*,*,#12444,.F.);
#12444 = EDGE_CURVE('',#12213,#12328,#12445,.T.);
#12445 = SURFACE_CURVE('',#12446,(#12450,#12457),.PCURVE_S1.);
#12446 = LINE('',#12447,#12448);
#12447 = CARTESIAN_POINT('',(-128.6,119.5,575.));
#12448 = VECTOR('',#12449,1.);
#12449 = DIRECTION('',(1.,0.,-0.));
#12450 = PCURVE('',#12256,#12451);
#12451 = DEFINITIONAL_REPRESENTATION('',(#12452),#12456);
#12452 = LINE('',#12453,#12454);
#12453 = CARTESIAN_POINT('',(0.,0.));
#12454 = VECTOR('',#12455,1.);
#12455 = DIRECTION('',(0.,1.));
#12456 = ( GEOMETRIC_REPRESENTATION_CONTEXT(2) 
PARAMETRIC_REPRESENTATION_CONTEXT() REPRESENTATION_CONTEXT('2D SPACE',''
  ) );
#12457 = PCURVE('',#12228,#12458);
#12458 = DEFINITIONAL_REPRESENTATION('',(#12459),#12463);
#12459 = LINE('',#12460,#12461);
#12460 = CARTESIAN_POINT('',(0.,60.));
#12461 = VECTOR('',#12462,1.);
#12462 = DIRECTION('',(1.,0.));
#12463 = ( GEOMETRIC_REPRESENTATION_CONTEXT(2) 
PARAMETRIC_REPRESENTATION_CONTEXT() REPRESENTATION_CONTEXT('2D SPACE',''
  ) );
#12464 = ORIENTED_EDGE('',*,*,#12240,.T.);
#12465 = ORIENTED_EDGE('',*,*,#12466,.T.);
#12466 = EDGE_CURVE('',#12241,#12351,#12467,.T.);
#12467 = SURFACE_CURVE('',#12468,(#12472,#12479),.PCURVE_S1.);
#12468 = LINE('',#12469,#12470);
#12469 = CARTESIAN_POINT('',(-128.6,119.5,665.));
#12470 = VECTOR('',#12471,1.);
#12471 = DIRECTION('',(1.,0.,-0.));
#12472 = PCURVE('',#12256,#12473);
#12473 = DEFINITIONAL_REPRESENTATION('',(#12474),#12478);
#12474 = LINE('',#12475,#12476);
#12475 = CARTESIAN_POINT('',(90.,0.));
#12476 = VECTOR('',#12477,1.);
#12477 = DIRECTION('',(0.,1.));
#12478 = ( GEOMETRIC_REPRESENTATION_CONTEXT(2) 
PARAMETRIC_REPRESENTATION_CONTEXT() REPRESENTATION_CONTEXT('2D SPACE',''
  ) );
#12479 = PCURVE('',#12282,#12480);
#12480 = DEFINITIONAL_REPRESENTATION('',(#12481),#12485);
#12481 = LINE('',#12482,#12483);
#12482 = CARTESIAN_POINT('',(0.,60.));
#12483 = VECTOR('',#12484,1.);
#12484 = DIRECTION('',(1.,0.));
#12485 = ( GEOMETRIC_REPRESENTATION_CONTEXT(2) 
PARAMETRIC_REPRESENTATION_CONTEXT() REPRESENTATION_CONTEXT('2D SPACE',''
  ) );
#12486 = ORIENTED_EDGE('',*,*,#12350,.F.);
#12487 = ADVANCED_FACE('',(#12488),#12228,.F.);
#12488 = FACE_BOUND('',#12489,.F.);
#12489 = EDGE_LOOP('',(#12490,#12491,#12492,#12493));
#12490 = ORIENTED_EDGE('',*,*,#12212,.F.);
#12491 = ORIENTED_EDGE('',*,*,#12397,.T.);
#12492 = ORIENTED_EDGE('',*,*,#12327,.T.);
#12493 = ORIENTED_EDGE('',*,*,#12444,.F.);
#12494 = ADVANCED_FACE('',(#12495),#12282,.T.);
#12495 = FACE_BOUND('',#12496,.T.);
#12496 = EDGE_LOOP('',(#12497,#12498,#12499,#12500));
#12497 = ORIENTED_EDGE('',*,*,#12268,.F.);
#12498 = ORIENTED_EDGE('',*,*,#12419,.T.);
#12499 = ORIENTED_EDGE('',*,*,#12373,.T.);
#12500 = ORIENTED_EDGE('',*,*,#12466,.F.);
#12501 = MANIFOLD_SOLID_BREP('',#12502);
#12502 = CLOSED_SHELL('',(#12503,#12623,#12723,#12770,#12817,#12824));
#12503 = ADVANCED_FACE('',(#12504),#12518,.F.);
#12504 = FACE_BOUND('',#12505,.F.);
#12505 = EDGE_LOOP('',(#12506,#12541,#12569,#12597));
#12506 = ORIENTED_EDGE('',*,*,#12507,.F.);
#12507 = EDGE_CURVE('',#12508,#12510,#12512,.T.);
#12508 = VERTEX_POINT('',#12509);
#12509 = CARTESIAN_POINT('',(30.9,59.5,575.));
#12510 = VERTEX_POINT('',#12511);
#12511 = CARTESIAN_POINT('',(30.9,59.5,665.));
#12512 = SURFACE_CURVE('',#12513,(#12517,#12529),.PCURVE_S1.);
#12513 = LINE('',#12514,#12515);
#12514 = CARTESIAN_POINT('',(30.9,59.5,575.));
#12515 = VECTOR('',#12516,1.);
#12516 = DIRECTION('',(0.,0.,1.));
#12517 = PCURVE('',#12518,#12523);
#12518 = PLANE('',#12519);
#12519 = AXIS2_PLACEMENT_3D('',#12520,#12521,#12522);
#12520 = CARTESIAN_POINT('',(30.9,59.5,575.));
#12521 = DIRECTION('',(1.,0.,-0.));
#12522 = DIRECTION('',(0.,0.,1.));
#12523 = DEFINITIONAL_REPRESENTATION('',(#12524),#12528);
#12524 = LINE('',#12525,#12526);
#12525 = CARTESIAN_POINT('',(0.,0.));
#12526 = VECTOR('',#12527,1.);
#12527 = DIRECTION('',(1.,0.));
#12528 = ( GEOMETRIC_REPRESENTATION_CONTEXT(2) 
PARAMETRIC_REPRESENTATION_CONTEXT() REPRESENTATION_CONTEXT('2D SPACE',''
  ) );
#12529 = PCURVE('',#12530,#12535);
#12530 = PLANE('',#12531);
#12531 = AXIS2_PLACEMENT_3D('',#12532,#12533,#12534);
#12532 = CARTESIAN_POINT('',(30.9,59.5,575.));
#12533 = DIRECTION('',(-0.,1.,0.));
#12534 = DIRECTION('',(0.,0.,1.));
#12535 = DEFINITIONAL_REPRESENTATION('',(#12536),#12540);
#12536 = LINE('',#12537,#12538);
#12537 = CARTESIAN_POINT('',(0.,0.));
#12538 = VECTOR('',#12539,1.);
#12539 = DIRECTION('',(1.,0.));
#12540 = ( GEOMETRIC_REPRESENTATION_CONTEXT(2) 
PARAMETRIC_REPRESENTATION_CONTEXT() REPRESENTATION_CONTEXT('2D SPACE',''
  ) );
#12541 = ORIENTED_EDGE('',*,*,#12542,.T.);
#12542 = EDGE_CURVE('',#12508,#12543,#12545,.T.);
#12543 = VERTEX_POINT('',#12544);
#12544 = CARTESIAN_POINT('',(30.9,114.5,575.));
#12545 = SURFACE_CURVE('',#12546,(#12550,#12557),.PCURVE_S1.);
#12546 = LINE('',#12547,#12548);
#12547 = CARTESIAN_POINT('',(30.9,59.5,575.));
#12548 = VECTOR('',#12549,1.);
#12549 = DIRECTION('',(-0.,1.,0.));
#12550 = PCURVE('',#12518,#12551);
#12551 = DEFINITIONAL_REPRESENTATION('',(#12552),#12556);
#12552 = LINE('',#12553,#12554);
#12553 = CARTESIAN_POINT('',(0.,0.));
#12554 = VECTOR('',#12555,1.);
#12555 = DIRECTION('',(0.,-1.));
#12556 = ( GEOMETRIC_REPRESENTATION_CONTEXT(2) 
PARAMETRIC_REPRESENTATION_CONTEXT() REPRESENTATION_CONTEXT('2D SPACE',''
  ) );
#12557 = PCURVE('',#12558,#12563);
#12558 = PLANE('',#12559);
#12559 = AXIS2_PLACEMENT_3D('',#12560,#12561,#12562);
#12560 = CARTESIAN_POINT('',(30.9,59.5,575.));
#12561 = DIRECTION('',(0.,0.,1.));
#12562 = DIRECTION('',(1.,0.,-0.));
#12563 = DEFINITIONAL_REPRESENTATION('',(#12564),#12568);
#12564 = LINE('',#12565,#12566);
#12565 = CARTESIAN_POINT('',(0.,0.));
#12566 = VECTOR('',#12567,1.);
#12567 = DIRECTION('',(0.,1.));
#12568 = ( GEOMETRIC_REPRESENTATION_CONTEXT(2) 
PARAMETRIC_REPRESENTATION_CONTEXT() REPRESENTATION_CONTEXT('2D SPACE',''
  ) );
#12569 = ORIENTED_EDGE('',*,*,#12570,.T.);
#12570 = EDGE_CURVE('',#12543,#12571,#12573,.T.);
#12571 = VERTEX_POINT('',#12572);
#12572 = CARTESIAN_POINT('',(30.9,114.5,665.));
#12573 = SURFACE_CURVE('',#12574,(#12578,#12585),.PCURVE_S1.);
#12574 = LINE('',#12575,#12576);
#12575 = CARTESIAN_POINT('',(30.9,114.5,575.));
#12576 = VECTOR('',#12577,1.);
#12577 = DIRECTION('',(0.,0.,1.));
#12578 = PCURVE('',#12518,#12579);
#12579 = DEFINITIONAL_REPRESENTATION('',(#12580),#12584);
#12580 = LINE('',#12581,#12582);
#12581 = CARTESIAN_POINT('',(0.,-55.));
#12582 = VECTOR('',#12583,1.);
#12583 = DIRECTION('',(1.,0.));
#12584 = ( GEOMETRIC_REPRESENTATION_CONTEXT(2) 
PARAMETRIC_REPRESENTATION_CONTEXT() REPRESENTATION_CONTEXT('2D SPACE',''
  ) );
#12585 = PCURVE('',#12586,#12591);
#12586 = PLANE('',#12587);
#12587 = AXIS2_PLACEMENT_3D('',#12588,#12589,#12590);
#12588 = CARTESIAN_POINT('',(30.9,114.5,575.));
#12589 = DIRECTION('',(-0.,1.,0.));
#12590 = DIRECTION('',(0.,0.,1.));
#12591 = DEFINITIONAL_REPRESENTATION('',(#12592),#12596);
#12592 = LINE('',#12593,#12594);
#12593 = CARTESIAN_POINT('',(0.,0.));
#12594 = VECTOR('',#12595,1.);
#12595 = DIRECTION('',(1.,0.));
#12596 = ( GEOMETRIC_REPRESENTATION_CONTEXT(2) 
PARAMETRIC_REPRESENTATION_CONTEXT() REPRESENTATION_CONTEXT('2D SPACE',''
  ) );
#12597 = ORIENTED_EDGE('',*,*,#12598,.F.);
#12598 = EDGE_CURVE('',#12510,#12571,#12599,.T.);
#12599 = SURFACE_CURVE('',#12600,(#12604,#12611),.PCURVE_S1.);
#12600 = LINE('',#12601,#12602);
#12601 = CARTESIAN_POINT('',(30.9,59.5,665.));
#12602 = VECTOR('',#12603,1.);
#12603 = DIRECTION('',(-0.,1.,0.));
#12604 = PCURVE('',#12518,#12605);
#12605 = DEFINITIONAL_REPRESENTATION('',(#12606),#12610);
#12606 = LINE('',#12607,#12608);
#12607 = CARTESIAN_POINT('',(90.,0.));
#12608 = VECTOR('',#12609,1.);
#12609 = DIRECTION('',(0.,-1.));
#12610 = ( GEOMETRIC_REPRESENTATION_CONTEXT(2) 
PARAMETRIC_REPRESENTATION_CONTEXT() REPRESENTATION_CONTEXT('2D SPACE',''
  ) );
#12611 = PCURVE('',#12612,#12617);
#12612 = PLANE('',#12613);
#12613 = AXIS2_PLACEMENT_3D('',#12614,#12615,#12616);
#12614 = CARTESIAN_POINT('',(30.9,59.5,665.));
#12615 = DIRECTION('',(0.,0.,1.));
#12616 = DIRECTION('',(1.,0.,-0.));
#12617 = DEFINITIONAL_REPRESENTATION('',(#12618),#12622);
#12618 = LINE('',#12619,#12620);
#12619 = CARTESIAN_POINT('',(0.,0.));
#12620 = VECTOR('',#12621,1.);
#12621 = DIRECTION('',(0.,1.));
#12622 = ( GEOMETRIC_REPRESENTATION_CONTEXT(2) 
PARAMETRIC_REPRESENTATION_CONTEXT() REPRESENTATION_CONTEXT('2D SPACE',''
  ) );
#12623 = ADVANCED_FACE('',(#12624),#12638,.T.);
#12624 = FACE_BOUND('',#12625,.T.);
#12625 = EDGE_LOOP('',(#12626,#12656,#12679,#12702));
#12626 = ORIENTED_EDGE('',*,*,#12627,.F.);
#12627 = EDGE_CURVE('',#12628,#12630,#12632,.T.);
#12628 = VERTEX_POINT('',#12629);
#12629 = CARTESIAN_POINT('',(65.9,59.5,575.));
#12630 = VERTEX_POINT('',#12631);
#12631 = CARTESIAN_POINT('',(65.9,59.5,665.));
#12632 = SURFACE_CURVE('',#12633,(#12637,#12649),.PCURVE_S1.);
#12633 = LINE('',#12634,#12635);
#12634 = CARTESIAN_POINT('',(65.9,59.5,575.));
#12635 = VECTOR('',#12636,1.);
#12636 = DIRECTION('',(0.,0.,1.));
#12637 = PCURVE('',#12638,#12643);
#12638 = PLANE('',#12639);
#12639 = AXIS2_PLACEMENT_3D('',#12640,#12641,#12642);
#12640 = CARTESIAN_POINT('',(65.9,59.5,575.));
#12641 = DIRECTION('',(1.,0.,-0.));
#12642 = DIRECTION('',(0.,0.,1.));
#12643 = DEFINITIONAL_REPRESENTATION('',(#12644),#12648);
#12644 = LINE('',#12645,#12646);
#12645 = CARTESIAN_POINT('',(0.,0.));
#12646 = VECTOR('',#12647,1.);
#12647 = DIRECTION('',(1.,0.));
#12648 = ( GEOMETRIC_REPRESENTATION_CONTEXT(2) 
PARAMETRIC_REPRESENTATION_CONTEXT() REPRESENTATION_CONTEXT('2D SPACE',''
  ) );
#12649 = PCURVE('',#12530,#12650);
#12650 = DEFINITIONAL_REPRESENTATION('',(#12651),#12655);
#12651 = LINE('',#12652,#12653);
#12652 = CARTESIAN_POINT('',(0.,35.));
#12653 = VECTOR('',#12654,1.);
#12654 = DIRECTION('',(1.,0.));
#12655 = ( GEOMETRIC_REPRESENTATION_CONTEXT(2) 
PARAMETRIC_REPRESENTATION_CONTEXT() REPRESENTATION_CONTEXT('2D SPACE',''
  ) );
#12656 = ORIENTED_EDGE('',*,*,#12657,.T.);
#12657 = EDGE_CURVE('',#12628,#12658,#12660,.T.);
#12658 = VERTEX_POINT('',#12659);
#12659 = CARTESIAN_POINT('',(65.9,114.5,575.));
#12660 = SURFACE_CURVE('',#12661,(#12665,#12672),.PCURVE_S1.);
#12661 = LINE('',#12662,#12663);
#12662 = CARTESIAN_POINT('',(65.9,59.5,575.));
#12663 = VECTOR('',#12664,1.);
#12664 = DIRECTION('',(-0.,1.,0.));
#12665 = PCURVE('',#12638,#12666);
#12666 = DEFINITIONAL_REPRESENTATION('',(#12667),#12671);
#12667 = LINE('',#12668,#12669);
#12668 = CARTESIAN_POINT('',(0.,0.));
#12669 = VECTOR('',#12670,1.);
#12670 = DIRECTION('',(0.,-1.));
#12671 = ( GEOMETRIC_REPRESENTATION_CONTEXT(2) 
PARAMETRIC_REPRESENTATION_CONTEXT() REPRESENTATION_CONTEXT('2D SPACE',''
  ) );
#12672 = PCURVE('',#12558,#12673);
#12673 = DEFINITIONAL_REPRESENTATION('',(#12674),#12678);
#12674 = LINE('',#12675,#12676);
#12675 = CARTESIAN_POINT('',(35.,0.));
#12676 = VECTOR('',#12677,1.);
#12677 = DIRECTION('',(0.,1.));
#12678 = ( GEOMETRIC_REPRESENTATION_CONTEXT(2) 
PARAMETRIC_REPRESENTATION_CONTEXT() REPRESENTATION_CONTEXT('2D SPACE',''
  ) );
#12679 = ORIENTED_EDGE('',*,*,#12680,.T.);
#12680 = EDGE_CURVE('',#12658,#12681,#12683,.T.);
#12681 = VERTEX_POINT('',#12682);
#12682 = CARTESIAN_POINT('',(65.9,114.5,665.));
#12683 = SURFACE_CURVE('',#12684,(#12688,#12695),.PCURVE_S1.);
#12684 = LINE('',#12685,#12686);
#12685 = CARTESIAN_POINT('',(65.9,114.5,575.));
#12686 = VECTOR('',#12687,1.);
#12687 = DIRECTION('',(0.,0.,1.));
#12688 = PCURVE('',#12638,#12689);
#12689 = DEFINITIONAL_REPRESENTATION('',(#12690),#12694);
#12690 = LINE('',#12691,#12692);
#12691 = CARTESIAN_POINT('',(0.,-55.));
#12692 = VECTOR('',#12693,1.);
#12693 = DIRECTION('',(1.,0.));
#12694 = ( GEOMETRIC_REPRESENTATION_CONTEXT(2) 
PARAMETRIC_REPRESENTATION_CONTEXT() REPRESENTATION_CONTEXT('2D SPACE',''
  ) );
#12695 = PCURVE('',#12586,#12696);
#12696 = DEFINITIONAL_REPRESENTATION('',(#12697),#12701);
#12697 = LINE('',#12698,#12699);
#12698 = CARTESIAN_POINT('',(0.,35.));
#12699 = VECTOR('',#12700,1.);
#12700 = DIRECTION('',(1.,0.));
#12701 = ( GEOMETRIC_REPRESENTATION_CONTEXT(2) 
PARAMETRIC_REPRESENTATION_CONTEXT() REPRESENTATION_CONTEXT('2D SPACE',''
  ) );
#12702 = ORIENTED_EDGE('',*,*,#12703,.F.);
#12703 = EDGE_CURVE('',#12630,#12681,#12704,.T.);
#12704 = SURFACE_CURVE('',#12705,(#12709,#12716),.PCURVE_S1.);
#12705 = LINE('',#12706,#12707);
#12706 = CARTESIAN_POINT('',(65.9,59.5,665.));
#12707 = VECTOR('',#12708,1.);
#12708 = DIRECTION('',(-0.,1.,0.));
#12709 = PCURVE('',#12638,#12710);
#12710 = DEFINITIONAL_REPRESENTATION('',(#12711),#12715);
#12711 = LINE('',#12712,#12713);
#12712 = CARTESIAN_POINT('',(90.,0.));
#12713 = VECTOR('',#12714,1.);
#12714 = DIRECTION('',(0.,-1.));
#12715 = ( GEOMETRIC_REPRESENTATION_CONTEXT(2) 
PARAMETRIC_REPRESENTATION_CONTEXT() REPRESENTATION_CONTEXT('2D SPACE',''
  ) );
#12716 = PCURVE('',#12612,#12717);
#12717 = DEFINITIONAL_REPRESENTATION('',(#12718),#12722);
#12718 = LINE('',#12719,#12720);
#12719 = CARTESIAN_POINT('',(35.,0.));
#12720 = VECTOR('',#12721,1.);
#12721 = DIRECTION('',(0.,1.));
#12722 = ( GEOMETRIC_REPRESENTATION_CONTEXT(2) 
PARAMETRIC_REPRESENTATION_CONTEXT() REPRESENTATION_CONTEXT('2D SPACE',''
  ) );
#12723 = ADVANCED_FACE('',(#12724),#12530,.F.);
#12724 = FACE_BOUND('',#12725,.F.);
#12725 = EDGE_LOOP('',(#12726,#12747,#12748,#12769));
#12726 = ORIENTED_EDGE('',*,*,#12727,.F.);
#12727 = EDGE_CURVE('',#12508,#12628,#12728,.T.);
#12728 = SURFACE_CURVE('',#12729,(#12733,#12740),.PCURVE_S1.);
#12729 = LINE('',#12730,#12731);
#12730 = CARTESIAN_POINT('',(30.9,59.5,575.));
#12731 = VECTOR('',#12732,1.);
#12732 = DIRECTION('',(1.,0.,-0.));
#12733 = PCURVE('',#12530,#12734);
#12734 = DEFINITIONAL_REPRESENTATION('',(#12735),#12739);
#12735 = LINE('',#12736,#12737);
#12736 = CARTESIAN_POINT('',(0.,0.));
#12737 = VECTOR('',#12738,1.);
#12738 = DIRECTION('',(0.,1.));
#12739 = ( GEOMETRIC_REPRESENTATION_CONTEXT(2) 
PARAMETRIC_REPRESENTATION_CONTEXT() REPRESENTATION_CONTEXT('2D SPACE',''
  ) );
#12740 = PCURVE('',#12558,#12741);
#12741 = DEFINITIONAL_REPRESENTATION('',(#12742),#12746);
#12742 = LINE('',#12743,#12744);
#12743 = CARTESIAN_POINT('',(0.,0.));
#12744 = VECTOR('',#12745,1.);
#12745 = DIRECTION('',(1.,0.));
#12746 = ( GEOMETRIC_REPRESENTATION_CONTEXT(2) 
PARAMETRIC_REPRESENTATION_CONTEXT() REPRESENTATION_CONTEXT('2D SPACE',''
  ) );
#12747 = ORIENTED_EDGE('',*,*,#12507,.T.);
#12748 = ORIENTED_EDGE('',*,*,#12749,.T.);
#12749 = EDGE_CURVE('',#12510,#12630,#12750,.T.);
#12750 = SURFACE_CURVE('',#12751,(#12755,#12762),.PCURVE_S1.);
#12751 = LINE('',#12752,#12753);
#12752 = CARTESIAN_POINT('',(30.9,59.5,665.));
#12753 = VECTOR('',#12754,1.);
#12754 = DIRECTION('',(1.,0.,-0.));
#12755 = PCURVE('',#12530,#12756);
#12756 = DEFINITIONAL_REPRESENTATION('',(#12757),#12761);
#12757 = LINE('',#12758,#12759);
#12758 = CARTESIAN_POINT('',(90.,0.));
#12759 = VECTOR('',#12760,1.);
#12760 = DIRECTION('',(0.,1.));
#12761 = ( GEOMETRIC_REPRESENTATION_CONTEXT(2) 
PARAMETRIC_REPRESENTATION_CONTEXT() REPRESENTATION_CONTEXT('2D SPACE',''
  ) );
#12762 = PCURVE('',#12612,#12763);
#12763 = DEFINITIONAL_REPRESENTATION('',(#12764),#12768);
#12764 = LINE('',#12765,#12766);
#12765 = CARTESIAN_POINT('',(0.,0.));
#12766 = VECTOR('',#12767,1.);
#12767 = DIRECTION('',(1.,0.));
#12768 = ( GEOMETRIC_REPRESENTATION_CONTEXT(2) 
PARAMETRIC_REPRESENTATION_CONTEXT() REPRESENTATION_CONTEXT('2D SPACE',''
  ) );
#12769 = ORIENTED_EDGE('',*,*,#12627,.F.);
#12770 = ADVANCED_FACE('',(#12771),#12586,.T.);
#12771 = FACE_BOUND('',#12772,.T.);
#12772 = EDGE_LOOP('',(#12773,#12794,#12795,#12816));
#12773 = ORIENTED_EDGE('',*,*,#12774,.F.);
#12774 = EDGE_CURVE('',#12543,#12658,#12775,.T.);
#12775 = SURFACE_CURVE('',#12776,(#12780,#12787),.PCURVE_S1.);
#12776 = LINE('',#12777,#12778);
#12777 = CARTESIAN_POINT('',(30.9,114.5,575.));
#12778 = VECTOR('',#12779,1.);
#12779 = DIRECTION('',(1.,0.,-0.));
#12780 = PCURVE('',#12586,#12781);
#12781 = DEFINITIONAL_REPRESENTATION('',(#12782),#12786);
#12782 = LINE('',#12783,#12784);
#12783 = CARTESIAN_POINT('',(0.,0.));
#12784 = VECTOR('',#12785,1.);
#12785 = DIRECTION('',(0.,1.));
#12786 = ( GEOMETRIC_REPRESENTATION_CONTEXT(2) 
PARAMETRIC_REPRESENTATION_CONTEXT() REPRESENTATION_CONTEXT('2D SPACE',''
  ) );
#12787 = PCURVE('',#12558,#12788);
#12788 = DEFINITIONAL_REPRESENTATION('',(#12789),#12793);
#12789 = LINE('',#12790,#12791);
#12790 = CARTESIAN_POINT('',(0.,55.));
#12791 = VECTOR('',#12792,1.);
#12792 = DIRECTION('',(1.,0.));
#12793 = ( GEOMETRIC_REPRESENTATION_CONTEXT(2) 
PARAMETRIC_REPRESENTATION_CONTEXT() REPRESENTATION_CONTEXT('2D SPACE',''
  ) );
#12794 = ORIENTED_EDGE('',*,*,#12570,.T.);
#12795 = ORIENTED_EDGE('',*,*,#12796,.T.);
#12796 = EDGE_CURVE('',#12571,#12681,#12797,.T.);
#12797 = SURFACE_CURVE('',#12798,(#12802,#12809),.PCURVE_S1.);
#12798 = LINE('',#12799,#12800);
#12799 = CARTESIAN_POINT('',(30.9,114.5,665.));
#12800 = VECTOR('',#12801,1.);
#12801 = DIRECTION('',(1.,0.,-0.));
#12802 = PCURVE('',#12586,#12803);
#12803 = DEFINITIONAL_REPRESENTATION('',(#12804),#12808);
#12804 = LINE('',#12805,#12806);
#12805 = CARTESIAN_POINT('',(90.,0.));
#12806 = VECTOR('',#12807,1.);
#12807 = DIRECTION('',(0.,1.));
#12808 = ( GEOMETRIC_REPRESENTATION_CONTEXT(2) 
PARAMETRIC_REPRESENTATION_CONTEXT() REPRESENTATION_CONTEXT('2D SPACE',''
  ) );
#12809 = PCURVE('',#12612,#12810);
#12810 = DEFINITIONAL_REPRESENTATION('',(#12811),#12815);
#12811 = LINE('',#12812,#12813);
#12812 = CARTESIAN_POINT('',(0.,55.));
#12813 = VECTOR('',#12814,1.);
#12814 = DIRECTION('',(1.,0.));
#12815 = ( GEOMETRIC_REPRESENTATION_CONTEXT(2) 
PARAMETRIC_REPRESENTATION_CONTEXT() REPRESENTATION_CONTEXT('2D SPACE',''
  ) );
#12816 = ORIENTED_EDGE('',*,*,#12680,.F.);
#12817 = ADVANCED_FACE('',(#12818),#12558,.F.);
#12818 = FACE_BOUND('',#12819,.F.);
#12819 = EDGE_LOOP('',(#12820,#12821,#12822,#12823));
#12820 = ORIENTED_EDGE('',*,*,#12542,.F.);
#12821 = ORIENTED_EDGE('',*,*,#12727,.T.);
#12822 = ORIENTED_EDGE('',*,*,#12657,.T.);
#12823 = ORIENTED_EDGE('',*,*,#12774,.F.);
#12824 = ADVANCED_FACE('',(#12825),#12612,.T.);
#12825 = FACE_BOUND('',#12826,.T.);
#12826 = EDGE_LOOP('',(#12827,#12828,#12829,#12830));
#12827 = ORIENTED_EDGE('',*,*,#12598,.F.);
#12828 = ORIENTED_EDGE('',*,*,#12749,.T.);
#12829 = ORIENTED_EDGE('',*,*,#12703,.T.);
#12830 = ORIENTED_EDGE('',*,*,#12796,.F.);
#12831 = MANIFOLD_SOLID_BREP('',#12832);
#12832 = CLOSED_SHELL('',(#12833,#12953,#13053,#13100,#13147,#13154));
#12833 = ADVANCED_FACE('',(#12834),#12848,.F.);
#12834 = FACE_BOUND('',#12835,.F.);
#12835 = EDGE_LOOP('',(#12836,#12871,#12899,#12927));
#12836 = ORIENTED_EDGE('',*,*,#12837,.F.);
#12837 = EDGE_CURVE('',#12838,#12840,#12842,.T.);
#12838 = VERTEX_POINT('',#12839);
#12839 = CARTESIAN_POINT('',(67.9,59.5,575.));
#12840 = VERTEX_POINT('',#12841);
#12841 = CARTESIAN_POINT('',(67.9,59.5,665.));
#12842 = SURFACE_CURVE('',#12843,(#12847,#12859),.PCURVE_S1.);
#12843 = LINE('',#12844,#12845);
#12844 = CARTESIAN_POINT('',(67.9,59.5,575.));
#12845 = VECTOR('',#12846,1.);
#12846 = DIRECTION('',(0.,0.,1.));
#12847 = PCURVE('',#12848,#12853);
#12848 = PLANE('',#12849);
#12849 = AXIS2_PLACEMENT_3D('',#12850,#12851,#12852);
#12850 = CARTESIAN_POINT('',(67.9,59.5,575.));
#12851 = DIRECTION('',(1.,0.,-0.));
#12852 = DIRECTION('',(0.,0.,1.));
#12853 = DEFINITIONAL_REPRESENTATION('',(#12854),#12858);
#12854 = LINE('',#12855,#12856);
#12855 = CARTESIAN_POINT('',(0.,0.));
#12856 = VECTOR('',#12857,1.);
#12857 = DIRECTION('',(1.,0.));
#12858 = ( GEOMETRIC_REPRESENTATION_CONTEXT(2) 
PARAMETRIC_REPRESENTATION_CONTEXT() REPRESENTATION_CONTEXT('2D SPACE',''
  ) );
#12859 = PCURVE('',#12860,#12865);
#12860 = PLANE('',#12861);
#12861 = AXIS2_PLACEMENT_3D('',#12862,#12863,#12864);
#12862 = CARTESIAN_POINT('',(67.9,59.5,575.));
#12863 = DIRECTION('',(-0.,1.,0.));
#12864 = DIRECTION('',(0.,0.,1.));
#12865 = DEFINITIONAL_REPRESENTATION('',(#12866),#12870);
#12866 = LINE('',#12867,#12868);
#12867 = CARTESIAN_POINT('',(0.,0.));
#12868 = VECTOR('',#12869,1.);
#12869 = DIRECTION('',(1.,0.));
#12870 = ( GEOMETRIC_REPRESENTATION_CONTEXT(2) 
PARAMETRIC_REPRESENTATION_CONTEXT() REPRESENTATION_CONTEXT('2D SPACE',''
  ) );
#12871 = ORIENTED_EDGE('',*,*,#12872,.T.);
#12872 = EDGE_CURVE('',#12838,#12873,#12875,.T.);
#12873 = VERTEX_POINT('',#12874);
#12874 = CARTESIAN_POINT('',(67.9,124.5,575.));
#12875 = SURFACE_CURVE('',#12876,(#12880,#12887),.PCURVE_S1.);
#12876 = LINE('',#12877,#12878);
#12877 = CARTESIAN_POINT('',(67.9,59.5,575.));
#12878 = VECTOR('',#12879,1.);
#12879 = DIRECTION('',(-0.,1.,0.));
#12880 = PCURVE('',#12848,#12881);
#12881 = DEFINITIONAL_REPRESENTATION('',(#12882),#12886);
#12882 = LINE('',#12883,#12884);
#12883 = CARTESIAN_POINT('',(0.,0.));
#12884 = VECTOR('',#12885,1.);
#12885 = DIRECTION('',(0.,-1.));
#12886 = ( GEOMETRIC_REPRESENTATION_CONTEXT(2) 
PARAMETRIC_REPRESENTATION_CONTEXT() REPRESENTATION_CONTEXT('2D SPACE',''
  ) );
#12887 = PCURVE('',#12888,#12893);
#12888 = PLANE('',#12889);
#12889 = AXIS2_PLACEMENT_3D('',#12890,#12891,#12892);
#12890 = CARTESIAN_POINT('',(67.9,59.5,575.));
#12891 = DIRECTION('',(0.,0.,1.));
#12892 = DIRECTION('',(1.,0.,-0.));
#12893 = DEFINITIONAL_REPRESENTATION('',(#12894),#12898);
#12894 = LINE('',#12895,#12896);
#12895 = CARTESIAN_POINT('',(0.,0.));
#12896 = VECTOR('',#12897,1.);
#12897 = DIRECTION('',(0.,1.));
#12898 = ( GEOMETRIC_REPRESENTATION_CONTEXT(2) 
PARAMETRIC_REPRESENTATION_CONTEXT() REPRESENTATION_CONTEXT('2D SPACE',''
  ) );
#12899 = ORIENTED_EDGE('',*,*,#12900,.T.);
#12900 = EDGE_CURVE('',#12873,#12901,#12903,.T.);
#12901 = VERTEX_POINT('',#12902);
#12902 = CARTESIAN_POINT('',(67.9,124.5,665.));
#12903 = SURFACE_CURVE('',#12904,(#12908,#12915),.PCURVE_S1.);
#12904 = LINE('',#12905,#12906);
#12905 = CARTESIAN_POINT('',(67.9,124.5,575.));
#12906 = VECTOR('',#12907,1.);
#12907 = DIRECTION('',(0.,0.,1.));
#12908 = PCURVE('',#12848,#12909);
#12909 = DEFINITIONAL_REPRESENTATION('',(#12910),#12914);
#12910 = LINE('',#12911,#12912);
#12911 = CARTESIAN_POINT('',(0.,-65.));
#12912 = VECTOR('',#12913,1.);
#12913 = DIRECTION('',(1.,0.));
#12914 = ( GEOMETRIC_REPRESENTATION_CONTEXT(2) 
PARAMETRIC_REPRESENTATION_CONTEXT() REPRESENTATION_CONTEXT('2D SPACE',''
  ) );
#12915 = PCURVE('',#12916,#12921);
#12916 = PLANE('',#12917);
#12917 = AXIS2_PLACEMENT_3D('',#12918,#12919,#12920);
#12918 = CARTESIAN_POINT('',(67.9,124.5,575.));
#12919 = DIRECTION('',(-0.,1.,0.));
#12920 = DIRECTION('',(0.,0.,1.));
#12921 = DEFINITIONAL_REPRESENTATION('',(#12922),#12926);
#12922 = LINE('',#12923,#12924);
#12923 = CARTESIAN_POINT('',(0.,0.));
#12924 = VECTOR('',#12925,1.);
#12925 = DIRECTION('',(1.,0.));
#12926 = ( GEOMETRIC_REPRESENTATION_CONTEXT(2) 
PARAMETRIC_REPRESENTATION_CONTEXT() REPRESENTATION_CONTEXT('2D SPACE',''
  ) );
#12927 = ORIENTED_EDGE('',*,*,#12928,.F.);
#12928 = EDGE_CURVE('',#12840,#12901,#12929,.T.);
#12929 = SURFACE_CURVE('',#12930,(#12934,#12941),.PCURVE_S1.);
#12930 = LINE('',#12931,#12932);
#12931 = CARTESIAN_POINT('',(67.9,59.5,665.));
#12932 = VECTOR('',#12933,1.);
#12933 = DIRECTION('',(-0.,1.,0.));
#12934 = PCURVE('',#12848,#12935);
#12935 = DEFINITIONAL_REPRESENTATION('',(#12936),#12940);
#12936 = LINE('',#12937,#12938);
#12937 = CARTESIAN_POINT('',(90.,0.));
#12938 = VECTOR('',#12939,1.);
#12939 = DIRECTION('',(0.,-1.));
#12940 = ( GEOMETRIC_REPRESENTATION_CONTEXT(2) 
PARAMETRIC_REPRESENTATION_CONTEXT() REPRESENTATION_CONTEXT('2D SPACE',''
  ) );
#12941 = PCURVE('',#12942,#12947);
#12942 = PLANE('',#12943);
#12943 = AXIS2_PLACEMENT_3D('',#12944,#12945,#12946);
#12944 = CARTESIAN_POINT('',(67.9,59.5,665.));
#12945 = DIRECTION('',(0.,0.,1.));
#12946 = DIRECTION('',(1.,0.,-0.));
#12947 = DEFINITIONAL_REPRESENTATION('',(#12948),#12952);
#12948 = LINE('',#12949,#12950);
#12949 = CARTESIAN_POINT('',(0.,0.));
#12950 = VECTOR('',#12951,1.);
#12951 = DIRECTION('',(0.,1.));
#12952 = ( GEOMETRIC_REPRESENTATION_CONTEXT(2) 
PARAMETRIC_REPRESENTATION_CONTEXT() REPRESENTATION_CONTEXT('2D SPACE',''
  ) );
#12953 = ADVANCED_FACE('',(#12954),#12968,.T.);
#12954 = FACE_BOUND('',#12955,.T.);
#12955 = EDGE_LOOP('',(#12956,#12986,#13009,#13032));
#12956 = ORIENTED_EDGE('',*,*,#12957,.F.);
#12957 = EDGE_CURVE('',#12958,#12960,#12962,.T.);
#12958 = VERTEX_POINT('',#12959);
#12959 = CARTESIAN_POINT('',(137.9,59.5,575.));
#12960 = VERTEX_POINT('',#12961);
#12961 = CARTESIAN_POINT('',(137.9,59.5,665.));
#12962 = SURFACE_CURVE('',#12963,(#12967,#12979),.PCURVE_S1.);
#12963 = LINE('',#12964,#12965);
#12964 = CARTESIAN_POINT('',(137.9,59.5,575.));
#12965 = VECTOR('',#12966,1.);
#12966 = DIRECTION('',(0.,0.,1.));
#12967 = PCURVE('',#12968,#12973);
#12968 = PLANE('',#12969);
#12969 = AXIS2_PLACEMENT_3D('',#12970,#12971,#12972);
#12970 = CARTESIAN_POINT('',(137.9,59.5,575.));
#12971 = DIRECTION('',(1.,0.,-0.));
#12972 = DIRECTION('',(0.,0.,1.));
#12973 = DEFINITIONAL_REPRESENTATION('',(#12974),#12978);
#12974 = LINE('',#12975,#12976);
#12975 = CARTESIAN_POINT('',(0.,0.));
#12976 = VECTOR('',#12977,1.);
#12977 = DIRECTION('',(1.,0.));
#12978 = ( GEOMETRIC_REPRESENTATION_CONTEXT(2) 
PARAMETRIC_REPRESENTATION_CONTEXT() REPRESENTATION_CONTEXT('2D SPACE',''
  ) );
#12979 = PCURVE('',#12860,#12980);
#12980 = DEFINITIONAL_REPRESENTATION('',(#12981),#12985);
#12981 = LINE('',#12982,#12983);
#12982 = CARTESIAN_POINT('',(0.,70.));
#12983 = VECTOR('',#12984,1.);
#12984 = DIRECTION('',(1.,0.));
#12985 = ( GEOMETRIC_REPRESENTATION_CONTEXT(2) 
PARAMETRIC_REPRESENTATION_CONTEXT() REPRESENTATION_CONTEXT('2D SPACE',''
  ) );
#12986 = ORIENTED_EDGE('',*,*,#12987,.T.);
#12987 = EDGE_CURVE('',#12958,#12988,#12990,.T.);
#12988 = VERTEX_POINT('',#12989);
#12989 = CARTESIAN_POINT('',(137.9,124.5,575.));
#12990 = SURFACE_CURVE('',#12991,(#12995,#13002),.PCURVE_S1.);
#12991 = LINE('',#12992,#12993);
#12992 = CARTESIAN_POINT('',(137.9,59.5,575.));
#12993 = VECTOR('',#12994,1.);
#12994 = DIRECTION('',(-0.,1.,0.));
#12995 = PCURVE('',#12968,#12996);
#12996 = DEFINITIONAL_REPRESENTATION('',(#12997),#13001);
#12997 = LINE('',#12998,#12999);
#12998 = CARTESIAN_POINT('',(0.,0.));
#12999 = VECTOR('',#13000,1.);
#13000 = DIRECTION('',(0.,-1.));
#13001 = ( GEOMETRIC_REPRESENTATION_CONTEXT(2) 
PARAMETRIC_REPRESENTATION_CONTEXT() REPRESENTATION_CONTEXT('2D SPACE',''
  ) );
#13002 = PCURVE('',#12888,#13003);
#13003 = DEFINITIONAL_REPRESENTATION('',(#13004),#13008);
#13004 = LINE('',#13005,#13006);
#13005 = CARTESIAN_POINT('',(70.,0.));
#13006 = VECTOR('',#13007,1.);
#13007 = DIRECTION('',(0.,1.));
#13008 = ( GEOMETRIC_REPRESENTATION_CONTEXT(2) 
PARAMETRIC_REPRESENTATION_CONTEXT() REPRESENTATION_CONTEXT('2D SPACE',''
  ) );
#13009 = ORIENTED_EDGE('',*,*,#13010,.T.);
#13010 = EDGE_CURVE('',#12988,#13011,#13013,.T.);
#13011 = VERTEX_POINT('',#13012);
#13012 = CARTESIAN_POINT('',(137.9,124.5,665.));
#13013 = SURFACE_CURVE('',#13014,(#13018,#13025),.PCURVE_S1.);
#13014 = LINE('',#13015,#13016);
#13015 = CARTESIAN_POINT('',(137.9,124.5,575.));
#13016 = VECTOR('',#13017,1.);
#13017 = DIRECTION('',(0.,0.,1.));
#13018 = PCURVE('',#12968,#13019);
#13019 = DEFINITIONAL_REPRESENTATION('',(#13020),#13024);
#13020 = LINE('',#13021,#13022);
#13021 = CARTESIAN_POINT('',(0.,-65.));
#13022 = VECTOR('',#13023,1.);
#13023 = DIRECTION('',(1.,0.));
#13024 = ( GEOMETRIC_REPRESENTATION_CONTEXT(2) 
PARAMETRIC_REPRESENTATION_CONTEXT() REPRESENTATION_CONTEXT('2D SPACE',''
  ) );
#13025 = PCURVE('',#12916,#13026);
#13026 = DEFINITIONAL_REPRESENTATION('',(#13027),#13031);
#13027 = LINE('',#13028,#13029);
#13028 = CARTESIAN_POINT('',(0.,70.));
#13029 = VECTOR('',#13030,1.);
#13030 = DIRECTION('',(1.,0.));
#13031 = ( GEOMETRIC_REPRESENTATION_CONTEXT(2) 
PARAMETRIC_REPRESENTATION_CONTEXT() REPRESENTATION_CONTEXT('2D SPACE',''
  ) );
#13032 = ORIENTED_EDGE('',*,*,#13033,.F.);
#13033 = EDGE_CURVE('',#12960,#13011,#13034,.T.);
#13034 = SURFACE_CURVE('',#13035,(#13039,#13046),.PCURVE_S1.);
#13035 = LINE('',#13036,#13037);
#13036 = CARTESIAN_POINT('',(137.9,59.5,665.));
#13037 = VECTOR('',#13038,1.);
#13038 = DIRECTION('',(-0.,1.,0.));
#13039 = PCURVE('',#12968,#13040);
#13040 = DEFINITIONAL_REPRESENTATION('',(#13041),#13045);
#13041 = LINE('',#13042,#13043);
#13042 = CARTESIAN_POINT('',(90.,0.));
#13043 = VECTOR('',#13044,1.);
#13044 = DIRECTION('',(0.,-1.));
#13045 = ( GEOMETRIC_REPRESENTATION_CONTEXT(2) 
PARAMETRIC_REPRESENTATION_CONTEXT() REPRESENTATION_CONTEXT('2D SPACE',''
  ) );
#13046 = PCURVE('',#12942,#13047);
#13047 = DEFINITIONAL_REPRESENTATION('',(#13048),#13052);
#13048 = LINE('',#13049,#13050);
#13049 = CARTESIAN_POINT('',(70.,0.));
#13050 = VECTOR('',#13051,1.);
#13051 = DIRECTION('',(0.,1.));
#13052 = ( GEOMETRIC_REPRESENTATION_CONTEXT(2) 
PARAMETRIC_REPRESENTATION_CONTEXT() REPRESENTATION_CONTEXT('2D SPACE',''
  ) );
#13053 = ADVANCED_FACE('',(#13054),#12860,.F.);
#13054 = FACE_BOUND('',#13055,.F.);
#13055 = EDGE_LOOP('',(#13056,#13077,#13078,#13099));
#13056 = ORIENTED_EDGE('',*,*,#13057,.F.);
#13057 = EDGE_CURVE('',#12838,#12958,#13058,.T.);
#13058 = SURFACE_CURVE('',#13059,(#13063,#13070),.PCURVE_S1.);
#13059 = LINE('',#13060,#13061);
#13060 = CARTESIAN_POINT('',(67.9,59.5,575.));
#13061 = VECTOR('',#13062,1.);
#13062 = DIRECTION('',(1.,0.,-0.));
#13063 = PCURVE('',#12860,#13064);
#13064 = DEFINITIONAL_REPRESENTATION('',(#13065),#13069);
#13065 = LINE('',#13066,#13067);
#13066 = CARTESIAN_POINT('',(0.,0.));
#13067 = VECTOR('',#13068,1.);
#13068 = DIRECTION('',(0.,1.));
#13069 = ( GEOMETRIC_REPRESENTATION_CONTEXT(2) 
PARAMETRIC_REPRESENTATION_CONTEXT() REPRESENTATION_CONTEXT('2D SPACE',''
  ) );
#13070 = PCURVE('',#12888,#13071);
#13071 = DEFINITIONAL_REPRESENTATION('',(#13072),#13076);
#13072 = LINE('',#13073,#13074);
#13073 = CARTESIAN_POINT('',(0.,0.));
#13074 = VECTOR('',#13075,1.);
#13075 = DIRECTION('',(1.,0.));
#13076 = ( GEOMETRIC_REPRESENTATION_CONTEXT(2) 
PARAMETRIC_REPRESENTATION_CONTEXT() REPRESENTATION_CONTEXT('2D SPACE',''
  ) );
#13077 = ORIENTED_EDGE('',*,*,#12837,.T.);
#13078 = ORIENTED_EDGE('',*,*,#13079,.T.);
#13079 = EDGE_CURVE('',#12840,#12960,#13080,.T.);
#13080 = SURFACE_CURVE('',#13081,(#13085,#13092),.PCURVE_S1.);
#13081 = LINE('',#13082,#13083);
#13082 = CARTESIAN_POINT('',(67.9,59.5,665.));
#13083 = VECTOR('',#13084,1.);
#13084 = DIRECTION('',(1.,0.,-0.));
#13085 = PCURVE('',#12860,#13086);
#13086 = DEFINITIONAL_REPRESENTATION('',(#13087),#13091);
#13087 = LINE('',#13088,#13089);
#13088 = CARTESIAN_POINT('',(90.,0.));
#13089 = VECTOR('',#13090,1.);
#13090 = DIRECTION('',(0.,1.));
#13091 = ( GEOMETRIC_REPRESENTATION_CONTEXT(2) 
PARAMETRIC_REPRESENTATION_CONTEXT() REPRESENTATION_CONTEXT('2D SPACE',''
  ) );
#13092 = PCURVE('',#12942,#13093);
#13093 = DEFINITIONAL_REPRESENTATION('',(#13094),#13098);
#13094 = LINE('',#13095,#13096);
#13095 = CARTESIAN_POINT('',(0.,0.));
#13096 = VECTOR('',#13097,1.);
#13097 = DIRECTION('',(1.,0.));
#13098 = ( GEOMETRIC_REPRESENTATION_CONTEXT(2) 
PARAMETRIC_REPRESENTATION_CONTEXT() REPRESENTATION_CONTEXT('2D SPACE',''
  ) );
#13099 = ORIENTED_EDGE('',*,*,#12957,.F.);
#13100 = ADVANCED_FACE('',(#13101),#12916,.T.);
#13101 = FACE_BOUND('',#13102,.T.);
#13102 = EDGE_LOOP('',(#13103,#13124,#13125,#13146));
#13103 = ORIENTED_EDGE('',*,*,#13104,.F.);
#13104 = EDGE_CURVE('',#12873,#12988,#13105,.T.);
#13105 = SURFACE_CURVE('',#13106,(#13110,#13117),.PCURVE_S1.);
#13106 = LINE('',#13107,#13108);
#13107 = CARTESIAN_POINT('',(67.9,124.5,575.));
#13108 = VECTOR('',#13109,1.);
#13109 = DIRECTION('',(1.,0.,-0.));
#13110 = PCURVE('',#12916,#13111);
#13111 = DEFINITIONAL_REPRESENTATION('',(#13112),#13116);
#13112 = LINE('',#13113,#13114);
#13113 = CARTESIAN_POINT('',(0.,0.));
#13114 = VECTOR('',#13115,1.);
#13115 = DIRECTION('',(0.,1.));
#13116 = ( GEOMETRIC_REPRESENTATION_CONTEXT(2) 
PARAMETRIC_REPRESENTATION_CONTEXT() REPRESENTATION_CONTEXT('2D SPACE',''
  ) );
#13117 = PCURVE('',#12888,#13118);
#13118 = DEFINITIONAL_REPRESENTATION('',(#13119),#13123);
#13119 = LINE('',#13120,#13121);
#13120 = CARTESIAN_POINT('',(0.,65.));
#13121 = VECTOR('',#13122,1.);
#13122 = DIRECTION('',(1.,0.));
#13123 = ( GEOMETRIC_REPRESENTATION_CONTEXT(2) 
PARAMETRIC_REPRESENTATION_CONTEXT() REPRESENTATION_CONTEXT('2D SPACE',''
  ) );
#13124 = ORIENTED_EDGE('',*,*,#12900,.T.);
#13125 = ORIENTED_EDGE('',*,*,#13126,.T.);
#13126 = EDGE_CURVE('',#12901,#13011,#13127,.T.);
#13127 = SURFACE_CURVE('',#13128,(#13132,#13139),.PCURVE_S1.);
#13128 = LINE('',#13129,#13130);
#13129 = CARTESIAN_POINT('',(67.9,124.5,665.));
#13130 = VECTOR('',#13131,1.);
#13131 = DIRECTION('',(1.,0.,-0.));
#13132 = PCURVE('',#12916,#13133);
#13133 = DEFINITIONAL_REPRESENTATION('',(#13134),#13138);
#13134 = LINE('',#13135,#13136);
#13135 = CARTESIAN_POINT('',(90.,0.));
#13136 = VECTOR('',#13137,1.);
#13137 = DIRECTION('',(0.,1.));
#13138 = ( GEOMETRIC_REPRESENTATION_CONTEXT(2) 
PARAMETRIC_REPRESENTATION_CONTEXT() REPRESENTATION_CONTEXT('2D SPACE',''
  ) );
#13139 = PCURVE('',#12942,#13140);
#13140 = DEFINITIONAL_REPRESENTATION('',(#13141),#13145);
#13141 = LINE('',#13142,#13143);
#13142 = CARTESIAN_POINT('',(0.,65.));
#13143 = VECTOR('',#13144,1.);
#13144 = DIRECTION('',(1.,0.));
#13145 = ( GEOMETRIC_REPRESENTATION_CONTEXT(2) 
PARAMETRIC_REPRESENTATION_CONTEXT() REPRESENTATION_CONTEXT('2D SPACE',''
  ) );
#13146 = ORIENTED_EDGE('',*,*,#13010,.F.);
#13147 = ADVANCED_FACE('',(#13148),#12888,.F.);
#13148 = FACE_BOUND('',#13149,.F.);
#13149 = EDGE_LOOP('',(#13150,#13151,#13152,#13153));
#13150 = ORIENTED_EDGE('',*,*,#12872,.F.);
#13151 = ORIENTED_EDGE('',*,*,#13057,.T.);
#13152 = ORIENTED_EDGE('',*,*,#12987,.T.);
#13153 = ORIENTED_EDGE('',*,*,#13104,.F.);
#13154 = ADVANCED_FACE('',(#13155),#12942,.T.);
#13155 = FACE_BOUND('',#13156,.T.);
#13156 = EDGE_LOOP('',(#13157,#13158,#13159,#13160));
#13157 = ORIENTED_EDGE('',*,*,#12928,.F.);
#13158 = ORIENTED_EDGE('',*,*,#13079,.T.);
#13159 = ORIENTED_EDGE('',*,*,#13033,.T.);
#13160 = ORIENTED_EDGE('',*,*,#13126,.F.);
#13161 = ( GEOMETRIC_REPRESENTATION_CONTEXT(3) 
GLOBAL_UNCERTAINTY_ASSIGNED_CONTEXT((#13165)) 
GLOBAL_UNIT_ASSIGNED_CONTEXT((#13162,#13163,#13164)) 
REPRESENTATION_CONTEXT('Context #1',
  '3D Context with UNIT and UNCERTAINTY') );
#13162 = ( LENGTH_UNIT() NAMED_UNIT(*) SI_UNIT(.MILLI.,.METRE.) );
#13163 = ( NAMED_UNIT(*) PLANE_ANGLE_UNIT() SI_UNIT($,.RADIAN.) );
#13164 = ( NAMED_UNIT(*) SI_UNIT($,.STERADIAN.) SOLID_ANGLE_UNIT() );
#13165 = UNCERTAINTY_MEASURE_WITH_UNIT(LENGTH_MEASURE(1.E-07),#13162,
  'distance_accuracy_value','confusion accuracy');
#13166 = CONTEXT_DEPENDENT_SHAPE_REPRESENTATION(#13167,#13169);
#13167 = ( REPRESENTATION_RELATIONSHIP('','',#11840,#10) 
REPRESENTATION_RELATIONSHIP_WITH_TRANSFORMATION(#13168) 
SHAPE_REPRESENTATION_RELATIONSHIP() );
#13168 = ITEM_DEFINED_TRANSFORMATION('','',#11,#63);
#13169 = PRODUCT_DEFINITION_SHAPE('Placement','Placement of an item',
  #13170);
#13170 = NEXT_ASSEMBLY_USAGE_OCCURRENCE('13','=>[0:1:1:14]','',#5,#11835
  ,$);
#13171 = PRODUCT_RELATED_PRODUCT_CATEGORY('part',$,(#11837));
#13172 = SHAPE_DEFINITION_REPRESENTATION(#13173,#13179);
#13173 = PRODUCT_DEFINITION_SHAPE('','',#13174);
#13174 = PRODUCT_DEFINITION('design','',#13175,#13178);
#13175 = PRODUCT_DEFINITION_FORMATION('','',#13176);
#13176 = PRODUCT('COMPOUND','COMPOUND','',(#13177));
#13177 = PRODUCT_CONTEXT('',#2,'mechanical');
#13178 = PRODUCT_DEFINITION_CONTEXT('part definition',#2,'design');
#13179 = ADVANCED_BREP_SHAPE_REPRESENTATION('',(#11,#13180),#13600);
#13180 = MANIFOLD_SOLID_BREP('',#13181);
#13181 = CLOSED_SHELL('',(#13182,#13302,#13378,#13458,#13507,#13534,
    #13541,#13596));
#13182 = ADVANCED_FACE('',(#13183),#13197,.F.);
#13183 = FACE_BOUND('',#13184,.F.);
#13184 = EDGE_LOOP('',(#13185,#13220,#13248,#13276));
#13185 = ORIENTED_EDGE('',*,*,#13186,.F.);
#13186 = EDGE_CURVE('',#13187,#13189,#13191,.T.);
#13187 = VERTEX_POINT('',#13188);
#13188 = CARTESIAN_POINT('',(-30.,-30.,1.76E+03));
#13189 = VERTEX_POINT('',#13190);
#13190 = CARTESIAN_POINT('',(-30.,-30.,1.78E+03));
#13191 = SURFACE_CURVE('',#13192,(#13196,#13208),.PCURVE_S1.);
#13192 = LINE('',#13193,#13194);
#13193 = CARTESIAN_POINT('',(-30.,-30.,1.76E+03));
#13194 = VECTOR('',#13195,1.);
#13195 = DIRECTION('',(0.,0.,1.));
#13196 = PCURVE('',#13197,#13202);
#13197 = PLANE('',#13198);
#13198 = AXIS2_PLACEMENT_3D('',#13199,#13200,#13201);
#13199 = CARTESIAN_POINT('',(-30.,-30.,1.76E+03));
#13200 = DIRECTION('',(1.,0.,-0.));
#13201 = DIRECTION('',(0.,0.,1.));
#13202 = DEFINITIONAL_REPRESENTATION('',(#13203),#13207);
#13203 = LINE('',#13204,#13205);
#13204 = CARTESIAN_POINT('',(0.,0.));
#13205 = VECTOR('',#13206,1.);
#13206 = DIRECTION('',(1.,0.));
#13207 = ( GEOMETRIC_REPRESENTATION_CONTEXT(2) 
PARAMETRIC_REPRESENTATION_CONTEXT() REPRESENTATION_CONTEXT('2D SPACE',''
  ) );
#13208 = PCURVE('',#13209,#13214);
#13209 = PLANE('',#13210);
#13210 = AXIS2_PLACEMENT_3D('',#13211,#13212,#13213);
#13211 = CARTESIAN_POINT('',(-30.,-30.,1.76E+03));
#13212 = DIRECTION('',(-0.,1.,0.));
#13213 = DIRECTION('',(0.,0.,1.));
#13214 = DEFINITIONAL_REPRESENTATION('',(#13215),#13219);
#13215 = LINE('',#13216,#13217);
#13216 = CARTESIAN_POINT('',(0.,0.));
#13217 = VECTOR('',#13218,1.);
#13218 = DIRECTION('',(1.,0.));
#13219 = ( GEOMETRIC_REPRESENTATION_CONTEXT(2) 
PARAMETRIC_REPRESENTATION_CONTEXT() REPRESENTATION_CONTEXT('2D SPACE',''
  ) );
#13220 = ORIENTED_EDGE('',*,*,#13221,.T.);
#13221 = EDGE_CURVE('',#13187,#13222,#13224,.T.);
#13222 = VERTEX_POINT('',#13223);
#13223 = CARTESIAN_POINT('',(-30.,30.,1.76E+03));
#13224 = SURFACE_CURVE('',#13225,(#13229,#13236),.PCURVE_S1.);
#13225 = LINE('',#13226,#13227);
#13226 = CARTESIAN_POINT('',(-30.,-30.,1.76E+03));
#13227 = VECTOR('',#13228,1.);
#13228 = DIRECTION('',(-0.,1.,0.));
#13229 = PCURVE('',#13197,#13230);
#13230 = DEFINITIONAL_REPRESENTATION('',(#13231),#13235);
#13231 = LINE('',#13232,#13233);
#13232 = CARTESIAN_POINT('',(0.,0.));
#13233 = VECTOR('',#13234,1.);
#13234 = DIRECTION('',(0.,-1.));
#13235 = ( GEOMETRIC_REPRESENTATION_CONTEXT(2) 
PARAMETRIC_REPRESENTATION_CONTEXT() REPRESENTATION_CONTEXT('2D SPACE',''
  ) );
#13236 = PCURVE('',#13237,#13242);
#13237 = PLANE('',#13238);
#13238 = AXIS2_PLACEMENT_3D('',#13239,#13240,#13241);
#13239 = CARTESIAN_POINT('',(-30.,-30.,1.76E+03));
#13240 = DIRECTION('',(0.,0.,1.));
#13241 = DIRECTION('',(1.,0.,-0.));
#13242 = DEFINITIONAL_REPRESENTATION('',(#13243),#13247);
#13243 = LINE('',#13244,#13245);
#13244 = CARTESIAN_POINT('',(0.,0.));
#13245 = VECTOR('',#13246,1.);
#13246 = DIRECTION('',(0.,1.));
#13247 = ( GEOMETRIC_REPRESENTATION_CONTEXT(2) 
PARAMETRIC_REPRESENTATION_CONTEXT() REPRESENTATION_CONTEXT('2D SPACE',''
  ) );
#13248 = ORIENTED_EDGE('',*,*,#13249,.T.);
#13249 = EDGE_CURVE('',#13222,#13250,#13252,.T.);
#13250 = VERTEX_POINT('',#13251);
#13251 = CARTESIAN_POINT('',(-30.,30.,1.78E+03));
#13252 = SURFACE_CURVE('',#13253,(#13257,#13264),.PCURVE_S1.);
#13253 = LINE('',#13254,#13255);
#13254 = CARTESIAN_POINT('',(-30.,30.,1.76E+03));
#13255 = VECTOR('',#13256,1.);
#13256 = DIRECTION('',(0.,0.,1.));
#13257 = PCURVE('',#13197,#13258);
#13258 = DEFINITIONAL_REPRESENTATION('',(#13259),#13263);
#13259 = LINE('',#13260,#13261);
#13260 = CARTESIAN_POINT('',(0.,-60.));
#13261 = VECTOR('',#13262,1.);
#13262 = DIRECTION('',(1.,0.));
#13263 = ( GEOMETRIC_REPRESENTATION_CONTEXT(2) 
PARAMETRIC_REPRESENTATION_CONTEXT() REPRESENTATION_CONTEXT('2D SPACE',''
  ) );
#13264 = PCURVE('',#13265,#13270);
#13265 = PLANE('',#13266);
#13266 = AXIS2_PLACEMENT_3D('',#13267,#13268,#13269);
#13267 = CARTESIAN_POINT('',(-30.,30.,1.76E+03));
#13268 = DIRECTION('',(-0.,1.,0.));
#13269 = DIRECTION('',(0.,0.,1.));
#13270 = DEFINITIONAL_REPRESENTATION('',(#13271),#13275);
#13271 = LINE('',#13272,#13273);
#13272 = CARTESIAN_POINT('',(0.,0.));
#13273 = VECTOR('',#13274,1.);
#13274 = DIRECTION('',(1.,0.));
#13275 = ( GEOMETRIC_REPRESENTATION_CONTEXT(2) 
PARAMETRIC_REPRESENTATION_CONTEXT() REPRESENTATION_CONTEXT('2D SPACE',''
  ) );
#13276 = ORIENTED_EDGE('',*,*,#13277,.F.);
#13277 = EDGE_CURVE('',#13189,#13250,#13278,.T.);
#13278 = SURFACE_CURVE('',#13279,(#13283,#13290),.PCURVE_S1.);
#13279 = LINE('',#13280,#13281);
#13280 = CARTESIAN_POINT('',(-30.,-30.,1.78E+03));
#13281 = VECTOR('',#13282,1.);
#13282 = DIRECTION('',(-0.,1.,0.));
#13283 = PCURVE('',#13197,#13284);
#13284 = DEFINITIONAL_REPRESENTATION('',(#13285),#13289);
#13285 = LINE('',#13286,#13287);
#13286 = CARTESIAN_POINT('',(20.,0.));
#13287 = VECTOR('',#13288,1.);
#13288 = DIRECTION('',(0.,-1.));
#13289 = ( GEOMETRIC_REPRESENTATION_CONTEXT(2) 
PARAMETRIC_REPRESENTATION_CONTEXT() REPRESENTATION_CONTEXT('2D SPACE',''
  ) );
#13290 = PCURVE('',#13291,#13296);
#13291 = PLANE('',#13292);
#13292 = AXIS2_PLACEMENT_3D('',#13293,#13294,#13295);
#13293 = CARTESIAN_POINT('',(-30.,-30.,1.78E+03));
#13294 = DIRECTION('',(0.,0.,1.));
#13295 = DIRECTION('',(1.,0.,-0.));
#13296 = DEFINITIONAL_REPRESENTATION('',(#13297),#13301);
#13297 = LINE('',#13298,#13299);
#13298 = CARTESIAN_POINT('',(0.,0.));
#13299 = VECTOR('',#13300,1.);
#13300 = DIRECTION('',(0.,1.));
#13301 = ( GEOMETRIC_REPRESENTATION_CONTEXT(2) 
PARAMETRIC_REPRESENTATION_CONTEXT() REPRESENTATION_CONTEXT('2D SPACE',''
  ) );
#13302 = ADVANCED_FACE('',(#13303),#13209,.F.);
#13303 = FACE_BOUND('',#13304,.F.);
#13304 = EDGE_LOOP('',(#13305,#13328,#13329,#13352));
#13305 = ORIENTED_EDGE('',*,*,#13306,.F.);
#13306 = EDGE_CURVE('',#13187,#13307,#13309,.T.);
#13307 = VERTEX_POINT('',#13308);
#13308 = CARTESIAN_POINT('',(30.,-30.,1.76E+03));
#13309 = SURFACE_CURVE('',#13310,(#13314,#13321),.PCURVE_S1.);
#13310 = LINE('',#13311,#13312);
#13311 = CARTESIAN_POINT('',(-30.,-30.,1.76E+03));
#13312 = VECTOR('',#13313,1.);
#13313 = DIRECTION('',(1.,0.,-0.));
#13314 = PCURVE('',#13209,#13315);
#13315 = DEFINITIONAL_REPRESENTATION('',(#13316),#13320);
#13316 = LINE('',#13317,#13318);
#13317 = CARTESIAN_POINT('',(0.,0.));
#13318 = VECTOR('',#13319,1.);
#13319 = DIRECTION('',(0.,1.));
#13320 = ( GEOMETRIC_REPRESENTATION_CONTEXT(2) 
PARAMETRIC_REPRESENTATION_CONTEXT() REPRESENTATION_CONTEXT('2D SPACE',''
  ) );
#13321 = PCURVE('',#13237,#13322);
#13322 = DEFINITIONAL_REPRESENTATION('',(#13323),#13327);
#13323 = LINE('',#13324,#13325);
#13324 = CARTESIAN_POINT('',(0.,0.));
#13325 = VECTOR('',#13326,1.);
#13326 = DIRECTION('',(1.,0.));
#13327 = ( GEOMETRIC_REPRESENTATION_CONTEXT(2) 
PARAMETRIC_REPRESENTATION_CONTEXT() REPRESENTATION_CONTEXT('2D SPACE',''
  ) );
#13328 = ORIENTED_EDGE('',*,*,#13186,.T.);
#13329 = ORIENTED_EDGE('',*,*,#13330,.T.);
#13330 = EDGE_CURVE('',#13189,#13331,#13333,.T.);
#13331 = VERTEX_POINT('',#13332);
#13332 = CARTESIAN_POINT('',(30.,-30.,1.78E+03));
#13333 = SURFACE_CURVE('',#13334,(#13338,#13345),.PCURVE_S1.);
#13334 = LINE('',#13335,#13336);
#13335 = CARTESIAN_POINT('',(-30.,-30.,1.78E+03));
#13336 = VECTOR('',#13337,1.);
#13337 = DIRECTION('',(1.,0.,-0.));
#13338 = PCURVE('',#13209,#13339);
#13339 = DEFINITIONAL_REPRESENTATION('',(#13340),#13344);
#13340 = LINE('',#13341,#13342);
#13341 = CARTESIAN_POINT('',(20.,0.));
#13342 = VECTOR('',#13343,1.);
#13343 = DIRECTION('',(0.,1.));
#13344 = ( GEOMETRIC_REPRESENTATION_CONTEXT(2) 
PARAMETRIC_REPRESENTATION_CONTEXT() REPRESENTATION_CONTEXT('2D SPACE',''
  ) );
#13345 = PCURVE('',#13291,#13346);
#13346 = DEFINITIONAL_REPRESENTATION('',(#13347),#13351);
#13347 = LINE('',#13348,#13349);
#13348 = CARTESIAN_POINT('',(0.,0.));
#13349 = VECTOR('',#13350,1.);
#13350 = DIRECTION('',(1.,0.));
#13351 = ( GEOMETRIC_REPRESENTATION_CONTEXT(2) 
PARAMETRIC_REPRESENTATION_CONTEXT() REPRESENTATION_CONTEXT('2D SPACE',''
  ) );
#13352 = ORIENTED_EDGE('',*,*,#13353,.F.);
#13353 = EDGE_CURVE('',#13307,#13331,#13354,.T.);
#13354 = SURFACE_CURVE('',#13355,(#13359,#13366),.PCURVE_S1.);
#13355 = LINE('',#13356,#13357);
#13356 = CARTESIAN_POINT('',(30.,-30.,1.76E+03));
#13357 = VECTOR('',#13358,1.);
#13358 = DIRECTION('',(0.,0.,1.));
#13359 = PCURVE('',#13209,#13360);
#13360 = DEFINITIONAL_REPRESENTATION('',(#13361),#13365);
#13361 = LINE('',#13362,#13363);
#13362 = CARTESIAN_POINT('',(0.,60.));
#13363 = VECTOR('',#13364,1.);
#13364 = DIRECTION('',(1.,0.));
#13365 = ( GEOMETRIC_REPRESENTATION_CONTEXT(2) 
PARAMETRIC_REPRESENTATION_CONTEXT() REPRESENTATION_CONTEXT('2D SPACE',''
  ) );
#13366 = PCURVE('',#13367,#13372);
#13367 = PLANE('',#13368);
#13368 = AXIS2_PLACEMENT_3D('',#13369,#13370,#13371);
#13369 = CARTESIAN_POINT('',(30.,-30.,1.76E+03));
#13370 = DIRECTION('',(1.,0.,-0.));
#13371 = DIRECTION('',(0.,0.,1.));
#13372 = DEFINITIONAL_REPRESENTATION('',(#13373),#13377);
#13373 = LINE('',#13374,#13375);
#13374 = CARTESIAN_POINT('',(0.,0.));
#13375 = VECTOR('',#13376,1.);
#13376 = DIRECTION('',(1.,0.));
#13377 = ( GEOMETRIC_REPRESENTATION_CONTEXT(2) 
PARAMETRIC_REPRESENTATION_CONTEXT() REPRESENTATION_CONTEXT('2D SPACE',''
  ) );
#13378 = ADVANCED_FACE('',(#13379,#13427),#13291,.T.);
#13379 = FACE_BOUND('',#13380,.T.);
#13380 = EDGE_LOOP('',(#13381,#13382,#13383,#13406));
#13381 = ORIENTED_EDGE('',*,*,#13277,.F.);
#13382 = ORIENTED_EDGE('',*,*,#13330,.T.);
#13383 = ORIENTED_EDGE('',*,*,#13384,.T.);
#13384 = EDGE_CURVE('',#13331,#13385,#13387,.T.);
#13385 = VERTEX_POINT('',#13386);
#13386 = CARTESIAN_POINT('',(30.,30.,1.78E+03));
#13387 = SURFACE_CURVE('',#13388,(#13392,#13399),.PCURVE_S1.);
#13388 = LINE('',#13389,#13390);
#13389 = CARTESIAN_POINT('',(30.,-30.,1.78E+03));
#13390 = VECTOR('',#13391,1.);
#13391 = DIRECTION('',(-0.,1.,0.));
#13392 = PCURVE('',#13291,#13393);
#13393 = DEFINITIONAL_REPRESENTATION('',(#13394),#13398);
#13394 = LINE('',#13395,#13396);
#13395 = CARTESIAN_POINT('',(60.,0.));
#13396 = VECTOR('',#13397,1.);
#13397 = DIRECTION('',(0.,1.));
#13398 = ( GEOMETRIC_REPRESENTATION_CONTEXT(2) 
PARAMETRIC_REPRESENTATION_CONTEXT() REPRESENTATION_CONTEXT('2D SPACE',''
  ) );
#13399 = PCURVE('',#13367,#13400);
#13400 = DEFINITIONAL_REPRESENTATION('',(#13401),#13405);
#13401 = LINE('',#13402,#13403);
#13402 = CARTESIAN_POINT('',(20.,0.));
#13403 = VECTOR('',#13404,1.);
#13404 = DIRECTION('',(0.,-1.));
#13405 = ( GEOMETRIC_REPRESENTATION_CONTEXT(2) 
PARAMETRIC_REPRESENTATION_CONTEXT() REPRESENTATION_CONTEXT('2D SPACE',''
  ) );
#13406 = ORIENTED_EDGE('',*,*,#13407,.F.);
#13407 = EDGE_CURVE('',#13250,#13385,#13408,.T.);
#13408 = SURFACE_CURVE('',#13409,(#13413,#13420),.PCURVE_S1.);
#13409 = LINE('',#13410,#13411);
#13410 = CARTESIAN_POINT('',(-30.,30.,1.78E+03));
#13411 = VECTOR('',#13412,1.);
#13412 = DIRECTION('',(1.,0.,-0.));
#13413 = PCURVE('',#13291,#13414);
#13414 = DEFINITIONAL_REPRESENTATION('',(#13415),#13419);
#13415 = LINE('',#13416,#13417);
#13416 = CARTESIAN_POINT('',(0.,60.));
#13417 = VECTOR('',#13418,1.);
#13418 = DIRECTION('',(1.,0.));
#13419 = ( GEOMETRIC_REPRESENTATION_CONTEXT(2) 
PARAMETRIC_REPRESENTATION_CONTEXT() REPRESENTATION_CONTEXT('2D SPACE',''
  ) );
#13420 = PCURVE('',#13265,#13421);
#13421 = DEFINITIONAL_REPRESENTATION('',(#13422),#13426);
#13422 = LINE('',#13423,#13424);
#13423 = CARTESIAN_POINT('',(20.,0.));
#13424 = VECTOR('',#13425,1.);
#13425 = DIRECTION('',(0.,1.));
#13426 = ( GEOMETRIC_REPRESENTATION_CONTEXT(2) 
PARAMETRIC_REPRESENTATION_CONTEXT() REPRESENTATION_CONTEXT('2D SPACE',''
  ) );
#13427 = FACE_BOUND('',#13428,.T.);
#13428 = EDGE_LOOP('',(#13429));
#13429 = ORIENTED_EDGE('',*,*,#13430,.F.);
#13430 = EDGE_CURVE('',#13431,#13431,#13433,.T.);
#13431 = VERTEX_POINT('',#13432);
#13432 = CARTESIAN_POINT('',(10.,-2.449293598295E-15,1.78E+03));
#13433 = SURFACE_CURVE('',#13434,(#13439,#13446),.PCURVE_S1.);
#13434 = CIRCLE('',#13435,10.);
#13435 = AXIS2_PLACEMENT_3D('',#13436,#13437,#13438);
#13436 = CARTESIAN_POINT('',(0.,0.,1.78E+03));
#13437 = DIRECTION('',(0.,0.,1.));
#13438 = DIRECTION('',(1.,0.,-0.));
#13439 = PCURVE('',#13291,#13440);
#13440 = DEFINITIONAL_REPRESENTATION('',(#13441),#13445);
#13441 = CIRCLE('',#13442,10.);
#13442 = AXIS2_PLACEMENT_2D('',#13443,#13444);
#13443 = CARTESIAN_POINT('',(30.,30.));
#13444 = DIRECTION('',(1.,0.));
#13445 = ( GEOMETRIC_REPRESENTATION_CONTEXT(2) 
PARAMETRIC_REPRESENTATION_CONTEXT() REPRESENTATION_CONTEXT('2D SPACE',''
  ) );
#13446 = PCURVE('',#13447,#13452);
#13447 = CYLINDRICAL_SURFACE('',#13448,10.);
#13448 = AXIS2_PLACEMENT_3D('',#13449,#13450,#13451);
#13449 = CARTESIAN_POINT('',(0.,0.,1.78E+03));
#13450 = DIRECTION('',(0.,0.,1.));
#13451 = DIRECTION('',(1.,0.,-0.));
#13452 = DEFINITIONAL_REPRESENTATION('',(#13453),#13457);
#13453 = LINE('',#13454,#13455);
#13454 = CARTESIAN_POINT('',(0.,0.));
#13455 = VECTOR('',#13456,1.);
#13456 = DIRECTION('',(1.,0.));
#13457 = ( GEOMETRIC_REPRESENTATION_CONTEXT(2) 
PARAMETRIC_REPRESENTATION_CONTEXT() REPRESENTATION_CONTEXT('2D SPACE',''
  ) );
#13458 = ADVANCED_FACE('',(#13459),#13265,.T.);
#13459 = FACE_BOUND('',#13460,.T.);
#13460 = EDGE_LOOP('',(#13461,#13484,#13485,#13486));
#13461 = ORIENTED_EDGE('',*,*,#13462,.F.);
#13462 = EDGE_CURVE('',#13222,#13463,#13465,.T.);
#13463 = VERTEX_POINT('',#13464);
#13464 = CARTESIAN_POINT('',(30.,30.,1.76E+03));
#13465 = SURFACE_CURVE('',#13466,(#13470,#13477),.PCURVE_S1.);
#13466 = LINE('',#13467,#13468);
#13467 = CARTESIAN_POINT('',(-30.,30.,1.76E+03));
#13468 = VECTOR('',#13469,1.);
#13469 = DIRECTION('',(1.,0.,-0.));
#13470 = PCURVE('',#13265,#13471);
#13471 = DEFINITIONAL_REPRESENTATION('',(#13472),#13476);
#13472 = LINE('',#13473,#13474);
#13473 = CARTESIAN_POINT('',(0.,0.));
#13474 = VECTOR('',#13475,1.);
#13475 = DIRECTION('',(0.,1.));
#13476 = ( GEOMETRIC_REPRESENTATION_CONTEXT(2) 
PARAMETRIC_REPRESENTATION_CONTEXT() REPRESENTATION_CONTEXT('2D SPACE',''
  ) );
#13477 = PCURVE('',#13237,#13478);
#13478 = DEFINITIONAL_REPRESENTATION('',(#13479),#13483);
#13479 = LINE('',#13480,#13481);
#13480 = CARTESIAN_POINT('',(0.,60.));
#13481 = VECTOR('',#13482,1.);
#13482 = DIRECTION('',(1.,0.));
#13483 = ( GEOMETRIC_REPRESENTATION_CONTEXT(2) 
PARAMETRIC_REPRESENTATION_CONTEXT() REPRESENTATION_CONTEXT('2D SPACE',''
  ) );
#13484 = ORIENTED_EDGE('',*,*,#13249,.T.);
#13485 = ORIENTED_EDGE('',*,*,#13407,.T.);
#13486 = ORIENTED_EDGE('',*,*,#13487,.F.);
#13487 = EDGE_CURVE('',#13463,#13385,#13488,.T.);
#13488 = SURFACE_CURVE('',#13489,(#13493,#13500),.PCURVE_S1.);
#13489 = LINE('',#13490,#13491);
#13490 = CARTESIAN_POINT('',(30.,30.,1.76E+03));
#13491 = VECTOR('',#13492,1.);
#13492 = DIRECTION('',(0.,0.,1.));
#13493 = PCURVE('',#13265,#13494);
#13494 = DEFINITIONAL_REPRESENTATION('',(#13495),#13499);
#13495 = LINE('',#13496,#13497);
#13496 = CARTESIAN_POINT('',(0.,60.));
#13497 = VECTOR('',#13498,1.);
#13498 = DIRECTION('',(1.,0.));
#13499 = ( GEOMETRIC_REPRESENTATION_CONTEXT(2) 
PARAMETRIC_REPRESENTATION_CONTEXT() REPRESENTATION_CONTEXT('2D SPACE',''
  ) );
#13500 = PCURVE('',#13367,#13501);
#13501 = DEFINITIONAL_REPRESENTATION('',(#13502),#13506);
#13502 = LINE('',#13503,#13504);
#13503 = CARTESIAN_POINT('',(0.,-60.));
#13504 = VECTOR('',#13505,1.);
#13505 = DIRECTION('',(1.,0.));
#13506 = ( GEOMETRIC_REPRESENTATION_CONTEXT(2) 
PARAMETRIC_REPRESENTATION_CONTEXT() REPRESENTATION_CONTEXT('2D SPACE',''
  ) );
#13507 = ADVANCED_FACE('',(#13508),#13237,.F.);
#13508 = FACE_BOUND('',#13509,.F.);
#13509 = EDGE_LOOP('',(#13510,#13511,#13512,#13533));
#13510 = ORIENTED_EDGE('',*,*,#13221,.F.);
#13511 = ORIENTED_EDGE('',*,*,#13306,.T.);
#13512 = ORIENTED_EDGE('',*,*,#13513,.T.);
#13513 = EDGE_CURVE('',#13307,#13463,#13514,.T.);
#13514 = SURFACE_CURVE('',#13515,(#13519,#13526),.PCURVE_S1.);
#13515 = LINE('',#13516,#13517);
#13516 = CARTESIAN_POINT('',(30.,-30.,1.76E+03));
#13517 = VECTOR('',#13518,1.);
#13518 = DIRECTION('',(-0.,1.,0.));
#13519 = PCURVE('',#13237,#13520);
#13520 = DEFINITIONAL_REPRESENTATION('',(#13521),#13525);
#13521 = LINE('',#13522,#13523);
#13522 = CARTESIAN_POINT('',(60.,0.));
#13523 = VECTOR('',#13524,1.);
#13524 = DIRECTION('',(0.,1.));
#13525 = ( GEOMETRIC_REPRESENTATION_CONTEXT(2) 
PARAMETRIC_REPRESENTATION_CONTEXT() REPRESENTATION_CONTEXT('2D SPACE',''
  ) );
#13526 = PCURVE('',#13367,#13527);
#13527 = DEFINITIONAL_REPRESENTATION('',(#13528),#13532);
#13528 = LINE('',#13529,#13530);
#13529 = CARTESIAN_POINT('',(0.,0.));
#13530 = VECTOR('',#13531,1.);
#13531 = DIRECTION('',(0.,-1.));
#13532 = ( GEOMETRIC_REPRESENTATION_CONTEXT(2) 
PARAMETRIC_REPRESENTATION_CONTEXT() REPRESENTATION_CONTEXT('2D SPACE',''
  ) );
#13533 = ORIENTED_EDGE('',*,*,#13462,.F.);
#13534 = ADVANCED_FACE('',(#13535),#13367,.T.);
#13535 = FACE_BOUND('',#13536,.T.);
#13536 = EDGE_LOOP('',(#13537,#13538,#13539,#13540));
#13537 = ORIENTED_EDGE('',*,*,#13353,.F.);
#13538 = ORIENTED_EDGE('',*,*,#13513,.T.);
#13539 = ORIENTED_EDGE('',*,*,#13487,.T.);
#13540 = ORIENTED_EDGE('',*,*,#13384,.F.);
#13541 = ADVANCED_FACE('',(#13542),#13447,.T.);
#13542 = FACE_BOUND('',#13543,.T.);
#13543 = EDGE_LOOP('',(#13544,#13573,#13594,#13595));
#13544 = ORIENTED_EDGE('',*,*,#13545,.F.);
#13545 = EDGE_CURVE('',#13546,#13546,#13548,.T.);
#13546 = VERTEX_POINT('',#13547);
#13547 = CARTESIAN_POINT('',(10.,-2.449293598295E-15,2.38E+03));
#13548 = SURFACE_CURVE('',#13549,(#13554,#13561),.PCURVE_S1.);
#13549 = CIRCLE('',#13550,10.);
#13550 = AXIS2_PLACEMENT_3D('',#13551,#13552,#13553);
#13551 = CARTESIAN_POINT('',(0.,0.,2.38E+03));
#13552 = DIRECTION('',(0.,0.,1.));
#13553 = DIRECTION('',(1.,0.,-0.));
#13554 = PCURVE('',#13447,#13555);
#13555 = DEFINITIONAL_REPRESENTATION('',(#13556),#13560);
#13556 = LINE('',#13557,#13558);
#13557 = CARTESIAN_POINT('',(0.,600.));
#13558 = VECTOR('',#13559,1.);
#13559 = DIRECTION('',(1.,0.));
#13560 = ( GEOMETRIC_REPRESENTATION_CONTEXT(2) 
PARAMETRIC_REPRESENTATION_CONTEXT() REPRESENTATION_CONTEXT('2D SPACE',''
  ) );
#13561 = PCURVE('',#13562,#13567);
#13562 = PLANE('',#13563);
#13563 = AXIS2_PLACEMENT_3D('',#13564,#13565,#13566);
#13564 = CARTESIAN_POINT('',(0.,0.,2.38E+03));
#13565 = DIRECTION('',(0.,0.,1.));
#13566 = DIRECTION('',(1.,0.,-0.));
#13567 = DEFINITIONAL_REPRESENTATION('',(#13568),#13572);
#13568 = CIRCLE('',#13569,10.);
#13569 = AXIS2_PLACEMENT_2D('',#13570,#13571);
#13570 = CARTESIAN_POINT('',(0.,0.));
#13571 = DIRECTION('',(1.,0.));
#13572 = ( GEOMETRIC_REPRESENTATION_CONTEXT(2) 
PARAMETRIC_REPRESENTATION_CONTEXT() REPRESENTATION_CONTEXT('2D SPACE',''
  ) );
#13573 = ORIENTED_EDGE('',*,*,#13574,.F.);
#13574 = EDGE_CURVE('',#13431,#13546,#13575,.T.);
#13575 = SEAM_CURVE('',#13576,(#13580,#13587),.PCURVE_S1.);
#13576 = LINE('',#13577,#13578);
#13577 = CARTESIAN_POINT('',(10.,-2.449293598295E-15,1.78E+03));
#13578 = VECTOR('',#13579,1.);
#13579 = DIRECTION('',(0.,0.,1.));
#13580 = PCURVE('',#13447,#13581);
#13581 = DEFINITIONAL_REPRESENTATION('',(#13582),#13586);
#13582 = LINE('',#13583,#13584);
#13583 = CARTESIAN_POINT('',(6.28318530718,-0.));
#13584 = VECTOR('',#13585,1.);
#13585 = DIRECTION('',(0.,1.));
#13586 = ( GEOMETRIC_REPRESENTATION_CONTEXT(2) 
PARAMETRIC_REPRESENTATION_CONTEXT() REPRESENTATION_CONTEXT('2D SPACE',''
  ) );
#13587 = PCURVE('',#13447,#13588);
#13588 = DEFINITIONAL_REPRESENTATION('',(#13589),#13593);
#13589 = LINE('',#13590,#13591);
#13590 = CARTESIAN_POINT('',(0.,-0.));
#13591 = VECTOR('',#13592,1.);
#13592 = DIRECTION('',(0.,1.));
#13593 = ( GEOMETRIC_REPRESENTATION_CONTEXT(2) 
PARAMETRIC_REPRESENTATION_CONTEXT() REPRESENTATION_CONTEXT('2D SPACE',''
  ) );
#13594 = ORIENTED_EDGE('',*,*,#13430,.T.);
#13595 = ORIENTED_EDGE('',*,*,#13574,.T.);
#13596 = ADVANCED_FACE('',(#13597),#13562,.T.);
#13597 = FACE_BOUND('',#13598,.T.);
#13598 = EDGE_LOOP('',(#13599));
#13599 = ORIENTED_EDGE('',*,*,#13545,.T.);
#13600 = ( GEOMETRIC_REPRESENTATION_CONTEXT(3) 
GLOBAL_UNCERTAINTY_ASSIGNED_CONTEXT((#13604)) 
GLOBAL_UNIT_ASSIGNED_CONTEXT((#13601,#13602,#13603)) 
REPRESENTATION_CONTEXT('Context #1',
  '3D Context with UNIT and UNCERTAINTY') );
#13601 = ( LENGTH_UNIT() NAMED_UNIT(*) SI_UNIT(.MILLI.,.METRE.) );
#13602 = ( NAMED_UNIT(*) PLANE_ANGLE_UNIT() SI_UNIT($,.RADIAN.) );
#13603 = ( NAMED_UNIT(*) SI_UNIT($,.STERADIAN.) SOLID_ANGLE_UNIT() );
#13604 = UNCERTAINTY_MEASURE_WITH_UNIT(LENGTH_MEASURE(1.E-07),#13601,
  'distance_accuracy_value','confusion accuracy');
#13605 = CONTEXT_DEPENDENT_SHAPE_REPRESENTATION(#13606,#13608);
#13606 = ( REPRESENTATION_RELATIONSHIP('','',#13179,#10) 
REPRESENTATION_RELATIONSHIP_WITH_TRANSFORMATION(#13607) 
SHAPE_REPRESENTATION_RELATIONSHIP() );
#13607 = ITEM_DEFINED_TRANSFORMATION('','',#11,#67);
#13608 = PRODUCT_DEFINITION_SHAPE('Placement','Placement of an item',
  #13609);
#13609 = NEXT_ASSEMBLY_USAGE_OCCURRENCE('14','=>[0:1:1:15]','',#5,#13174
  ,$);
#13610 = PRODUCT_RELATED_PRODUCT_CATEGORY('part',$,(#13176));
#13611 = SHAPE_DEFINITION_REPRESENTATION(#13612,#13618);
#13612 = PRODUCT_DEFINITION_SHAPE('','',#13613);
#13613 = PRODUCT_DEFINITION('design','',#13614,#13617);
#13614 = PRODUCT_DEFINITION_FORMATION('','',#13615);
#13615 = PRODUCT('COMPOUND','COMPOUND','',(#13616));
#13616 = PRODUCT_CONTEXT('',#2,'mechanical');
#13617 = PRODUCT_DEFINITION_CONTEXT('part definition',#2,'design');
#13618 = SHAPE_REPRESENTATION('',(#11,#13619,#13717),#14047);
#13619 = MANIFOLD_SOLID_BREP('',#13620);
#13620 = CLOSED_SHELL('',(#13621,#13709,#13713));
#13621 = ADVANCED_FACE('',(#13622),#13635,.T.);
#13622 = FACE_BOUND('',#13623,.T.);
#13623 = EDGE_LOOP('',(#13624,#13658,#13681,#13708));
#13624 = ORIENTED_EDGE('',*,*,#13625,.F.);
#13625 = EDGE_CURVE('',#13626,#13626,#13628,.T.);
#13626 = VERTEX_POINT('',#13627);
#13627 = CARTESIAN_POINT('',(16.,130.,302.));
#13628 = SURFACE_CURVE('',#13629,(#13634,#13646),.PCURVE_S1.);
#13629 = CIRCLE('',#13630,16.);
#13630 = AXIS2_PLACEMENT_3D('',#13631,#13632,#13633);
#13631 = CARTESIAN_POINT('',(0.,130.,302.));
#13632 = DIRECTION('',(0.,0.,1.));
#13633 = DIRECTION('',(1.,0.,-0.));
#13634 = PCURVE('',#13635,#13640);
#13635 = CYLINDRICAL_SURFACE('',#13636,16.);
#13636 = AXIS2_PLACEMENT_3D('',#13637,#13638,#13639);
#13637 = CARTESIAN_POINT('',(0.,130.,12.));
#13638 = DIRECTION('',(0.,0.,1.));
#13639 = DIRECTION('',(1.,0.,-0.));
#13640 = DEFINITIONAL_REPRESENTATION('',(#13641),#13645);
#13641 = LINE('',#13642,#13643);
#13642 = CARTESIAN_POINT('',(0.,290.));
#13643 = VECTOR('',#13644,1.);
#13644 = DIRECTION('',(1.,0.));
#13645 = ( GEOMETRIC_REPRESENTATION_CONTEXT(2) 
PARAMETRIC_REPRESENTATION_CONTEXT() REPRESENTATION_CONTEXT('2D SPACE',''
  ) );
#13646 = PCURVE('',#13647,#13652);
#13647 = PLANE('',#13648);
#13648 = AXIS2_PLACEMENT_3D('',#13649,#13650,#13651);
#13649 = CARTESIAN_POINT('',(0.,130.,302.));
#13650 = DIRECTION('',(0.,0.,1.));
#13651 = DIRECTION('',(1.,0.,-0.));
#13652 = DEFINITIONAL_REPRESENTATION('',(#13653),#13657);
#13653 = CIRCLE('',#13654,16.);
#13654 = AXIS2_PLACEMENT_2D('',#13655,#13656);
#13655 = CARTESIAN_POINT('',(0.,0.));
#13656 = DIRECTION('',(1.,0.));
#13657 = ( GEOMETRIC_REPRESENTATION_CONTEXT(2) 
PARAMETRIC_REPRESENTATION_CONTEXT() REPRESENTATION_CONTEXT('2D SPACE',''
  ) );
#13658 = ORIENTED_EDGE('',*,*,#13659,.F.);
#13659 = EDGE_CURVE('',#13660,#13626,#13662,.T.);
#13660 = VERTEX_POINT('',#13661);
#13661 = CARTESIAN_POINT('',(16.,130.,12.));
#13662 = SEAM_CURVE('',#13663,(#13667,#13674),.PCURVE_S1.);
#13663 = LINE('',#13664,#13665);
#13664 = CARTESIAN_POINT('',(16.,130.,12.));
#13665 = VECTOR('',#13666,1.);
#13666 = DIRECTION('',(0.,0.,1.));
#13667 = PCURVE('',#13635,#13668);
#13668 = DEFINITIONAL_REPRESENTATION('',(#13669),#13673);
#13669 = LINE('',#13670,#13671);
#13670 = CARTESIAN_POINT('',(6.28318530718,-0.));
#13671 = VECTOR('',#13672,1.);
#13672 = DIRECTION('',(0.,1.));
#13673 = ( GEOMETRIC_REPRESENTATION_CONTEXT(2) 
PARAMETRIC_REPRESENTATION_CONTEXT() REPRESENTATION_CONTEXT('2D SPACE',''
  ) );
#13674 = PCURVE('',#13635,#13675);
#13675 = DEFINITIONAL_REPRESENTATION('',(#13676),#13680);
#13676 = LINE('',#13677,#13678);
#13677 = CARTESIAN_POINT('',(0.,-0.));
#13678 = VECTOR('',#13679,1.);
#13679 = DIRECTION('',(0.,1.));
#13680 = ( GEOMETRIC_REPRESENTATION_CONTEXT(2) 
PARAMETRIC_REPRESENTATION_CONTEXT() REPRESENTATION_CONTEXT('2D SPACE',''
  ) );
#13681 = ORIENTED_EDGE('',*,*,#13682,.T.);
#13682 = EDGE_CURVE('',#13660,#13660,#13683,.T.);
#13683 = SURFACE_CURVE('',#13684,(#13689,#13696),.PCURVE_S1.);
#13684 = CIRCLE('',#13685,16.);
#13685 = AXIS2_PLACEMENT_3D('',#13686,#13687,#13688);
#13686 = CARTESIAN_POINT('',(0.,130.,12.));
#13687 = DIRECTION('',(0.,0.,1.));
#13688 = DIRECTION('',(1.,0.,-0.));
#13689 = PCURVE('',#13635,#13690);
#13690 = DEFINITIONAL_REPRESENTATION('',(#13691),#13695);
#13691 = LINE('',#13692,#13693);
#13692 = CARTESIAN_POINT('',(0.,0.));
#13693 = VECTOR('',#13694,1.);
#13694 = DIRECTION('',(1.,0.));
#13695 = ( GEOMETRIC_REPRESENTATION_CONTEXT(2) 
PARAMETRIC_REPRESENTATION_CONTEXT() REPRESENTATION_CONTEXT('2D SPACE',''
  ) );
#13696 = PCURVE('',#13697,#13702);
#13697 = PLANE('',#13698);
#13698 = AXIS2_PLACEMENT_3D('',#13699,#13700,#13701);
#13699 = CARTESIAN_POINT('',(0.,130.,12.));
#13700 = DIRECTION('',(0.,0.,1.));
#13701 = DIRECTION('',(1.,0.,-0.));
#13702 = DEFINITIONAL_REPRESENTATION('',(#13703),#13707);
#13703 = CIRCLE('',#13704,16.);
#13704 = AXIS2_PLACEMENT_2D('',#13705,#13706);
#13705 = CARTESIAN_POINT('',(0.,0.));
#13706 = DIRECTION('',(1.,0.));
#13707 = ( GEOMETRIC_REPRESENTATION_CONTEXT(2) 
PARAMETRIC_REPRESENTATION_CONTEXT() REPRESENTATION_CONTEXT('2D SPACE',''
  ) );
#13708 = ORIENTED_EDGE('',*,*,#13659,.T.);
#13709 = ADVANCED_FACE('',(#13710),#13647,.T.);
#13710 = FACE_BOUND('',#13711,.T.);
#13711 = EDGE_LOOP('',(#13712));
#13712 = ORIENTED_EDGE('',*,*,#13625,.T.);
#13713 = ADVANCED_FACE('',(#13714),#13697,.F.);
#13714 = FACE_BOUND('',#13715,.T.);
#13715 = EDGE_LOOP('',(#13716));
#13716 = ORIENTED_EDGE('',*,*,#13682,.F.);
#13717 = MANIFOLD_SOLID_BREP('',#13718);
#13718 = CLOSED_SHELL('',(#13719,#13839,#13939,#13986,#14033,#14040));
#13719 = ADVANCED_FACE('',(#13720),#13734,.F.);
#13720 = FACE_BOUND('',#13721,.F.);
#13721 = EDGE_LOOP('',(#13722,#13757,#13785,#13813));
#13722 = ORIENTED_EDGE('',*,*,#13723,.F.);
#13723 = EDGE_CURVE('',#13724,#13726,#13728,.T.);
#13724 = VERTEX_POINT('',#13725);
#13725 = CARTESIAN_POINT('',(-8.,46.,640.));
#13726 = VERTEX_POINT('',#13727);
#13727 = CARTESIAN_POINT('',(-8.,46.,700.));
#13728 = SURFACE_CURVE('',#13729,(#13733,#13745),.PCURVE_S1.);
#13729 = LINE('',#13730,#13731);
#13730 = CARTESIAN_POINT('',(-8.,46.,640.));
#13731 = VECTOR('',#13732,1.);
#13732 = DIRECTION('',(0.,0.,1.));
#13733 = PCURVE('',#13734,#13739);
#13734 = PLANE('',#13735);
#13735 = AXIS2_PLACEMENT_3D('',#13736,#13737,#13738);
#13736 = CARTESIAN_POINT('',(-8.,46.,640.));
#13737 = DIRECTION('',(1.,0.,-0.));
#13738 = DIRECTION('',(0.,0.,1.));
#13739 = DEFINITIONAL_REPRESENTATION('',(#13740),#13744);
#13740 = LINE('',#13741,#13742);
#13741 = CARTESIAN_POINT('',(0.,0.));
#13742 = VECTOR('',#13743,1.);
#13743 = DIRECTION('',(1.,0.));
#13744 = ( GEOMETRIC_REPRESENTATION_CONTEXT(2) 
PARAMETRIC_REPRESENTATION_CONTEXT() REPRESENTATION_CONTEXT('2D SPACE',''
  ) );
#13745 = PCURVE('',#13746,#13751);
#13746 = PLANE('',#13747);
#13747 = AXIS2_PLACEMENT_3D('',#13748,#13749,#13750);
#13748 = CARTESIAN_POINT('',(-8.,46.,640.));
#13749 = DIRECTION('',(-0.,1.,0.));
#13750 = DIRECTION('',(0.,0.,1.));
#13751 = DEFINITIONAL_REPRESENTATION('',(#13752),#13756);
#13752 = LINE('',#13753,#13754);
#13753 = CARTESIAN_POINT('',(0.,0.));
#13754 = VECTOR('',#13755,1.);
#13755 = DIRECTION('',(1.,0.));
#13756 = ( GEOMETRIC_REPRESENTATION_CONTEXT(2) 
PARAMETRIC_REPRESENTATION_CONTEXT() REPRESENTATION_CONTEXT('2D SPACE',''
  ) );
#13757 = ORIENTED_EDGE('',*,*,#13758,.T.);
#13758 = EDGE_CURVE('',#13724,#13759,#13761,.T.);
#13759 = VERTEX_POINT('',#13760);
#13760 = CARTESIAN_POINT('',(-8.,52.,640.));
#13761 = SURFACE_CURVE('',#13762,(#13766,#13773),.PCURVE_S1.);
#13762 = LINE('',#13763,#13764);
#13763 = CARTESIAN_POINT('',(-8.,46.,640.));
#13764 = VECTOR('',#13765,1.);
#13765 = DIRECTION('',(-0.,1.,0.));
#13766 = PCURVE('',#13734,#13767);
#13767 = DEFINITIONAL_REPRESENTATION('',(#13768),#13772);
#13768 = LINE('',#13769,#13770);
#13769 = CARTESIAN_POINT('',(0.,0.));
#13770 = VECTOR('',#13771,1.);
#13771 = DIRECTION('',(0.,-1.));
#13772 = ( GEOMETRIC_REPRESENTATION_CONTEXT(2) 
PARAMETRIC_REPRESENTATION_CONTEXT() REPRESENTATION_CONTEXT('2D SPACE',''
  ) );
#13773 = PCURVE('',#13774,#13779);
#13774 = PLANE('',#13775);
#13775 = AXIS2_PLACEMENT_3D('',#13776,#13777,#13778);
#13776 = CARTESIAN_POINT('',(-8.,46.,640.));
#13777 = DIRECTION('',(0.,0.,1.));
#13778 = DIRECTION('',(1.,0.,-0.));
#13779 = DEFINITIONAL_REPRESENTATION('',(#13780),#13784);
#13780 = LINE('',#13781,#13782);
#13781 = CARTESIAN_POINT('',(0.,0.));
#13782 = VECTOR('',#13783,1.);
#13783 = DIRECTION('',(0.,1.));
#13784 = ( GEOMETRIC_REPRESENTATION_CONTEXT(2) 
PARAMETRIC_REPRESENTATION_CONTEXT() REPRESENTATION_CONTEXT('2D SPACE',''
  ) );
#13785 = ORIENTED_EDGE('',*,*,#13786,.T.);
#13786 = EDGE_CURVE('',#13759,#13787,#13789,.T.);
#13787 = VERTEX_POINT('',#13788);
#13788 = CARTESIAN_POINT('',(-8.,52.,700.));
#13789 = SURFACE_CURVE('',#13790,(#13794,#13801),.PCURVE_S1.);
#13790 = LINE('',#13791,#13792);
#13791 = CARTESIAN_POINT('',(-8.,52.,640.));
#13792 = VECTOR('',#13793,1.);
#13793 = DIRECTION('',(0.,0.,1.));
#13794 = PCURVE('',#13734,#13795);
#13795 = DEFINITIONAL_REPRESENTATION('',(#13796),#13800);
#13796 = LINE('',#13797,#13798);
#13797 = CARTESIAN_POINT('',(0.,-6.));
#13798 = VECTOR('',#13799,1.);
#13799 = DIRECTION('',(1.,0.));
#13800 = ( GEOMETRIC_REPRESENTATION_CONTEXT(2) 
PARAMETRIC_REPRESENTATION_CONTEXT() REPRESENTATION_CONTEXT('2D SPACE',''
  ) );
#13801 = PCURVE('',#13802,#13807);
#13802 = PLANE('',#13803);
#13803 = AXIS2_PLACEMENT_3D('',#13804,#13805,#13806);
#13804 = CARTESIAN_POINT('',(-8.,52.,640.));
#13805 = DIRECTION('',(-0.,1.,0.));
#13806 = DIRECTION('',(0.,0.,1.));
#13807 = DEFINITIONAL_REPRESENTATION('',(#13808),#13812);
#13808 = LINE('',#13809,#13810);
#13809 = CARTESIAN_POINT('',(0.,0.));
#13810 = VECTOR('',#13811,1.);
#13811 = DIRECTION('',(1.,0.));
#13812 = ( GEOMETRIC_REPRESENTATION_CONTEXT(2) 
PARAMETRIC_REPRESENTATION_CONTEXT() REPRESENTATION_CONTEXT('2D SPACE',''
  ) );
#13813 = ORIENTED_EDGE('',*,*,#13814,.F.);
#13814 = EDGE_CURVE('',#13726,#13787,#13815,.T.);
#13815 = SURFACE_CURVE('',#13816,(#13820,#13827),.PCURVE_S1.);
#13816 = LINE('',#13817,#13818);
#13817 = CARTESIAN_POINT('',(-8.,46.,700.));
#13818 = VECTOR('',#13819,1.);
#13819 = DIRECTION('',(-0.,1.,0.));
#13820 = PCURVE('',#13734,#13821);
#13821 = DEFINITIONAL_REPRESENTATION('',(#13822),#13826);
#13822 = LINE('',#13823,#13824);
#13823 = CARTESIAN_POINT('',(60.,0.));
#13824 = VECTOR('',#13825,1.);
#13825 = DIRECTION('',(0.,-1.));
#13826 = ( GEOMETRIC_REPRESENTATION_CONTEXT(2) 
PARAMETRIC_REPRESENTATION_CONTEXT() REPRESENTATION_CONTEXT('2D SPACE',''
  ) );
#13827 = PCURVE('',#13828,#13833);
#13828 = PLANE('',#13829);
#13829 = AXIS2_PLACEMENT_3D('',#13830,#13831,#13832);
#13830 = CARTESIAN_POINT('',(-8.,46.,700.));
#13831 = DIRECTION('',(0.,0.,1.));
#13832 = DIRECTION('',(1.,0.,-0.));
#13833 = DEFINITIONAL_REPRESENTATION('',(#13834),#13838);
#13834 = LINE('',#13835,#13836);
#13835 = CARTESIAN_POINT('',(0.,0.));
#13836 = VECTOR('',#13837,1.);
#13837 = DIRECTION('',(0.,1.));
#13838 = ( GEOMETRIC_REPRESENTATION_CONTEXT(2) 
PARAMETRIC_REPRESENTATION_CONTEXT() REPRESENTATION_CONTEXT('2D SPACE',''
  ) );
#13839 = ADVANCED_FACE('',(#13840),#13854,.T.);
#13840 = FACE_BOUND('',#13841,.T.);
#13841 = EDGE_LOOP('',(#13842,#13872,#13895,#13918));
#13842 = ORIENTED_EDGE('',*,*,#13843,.F.);
#13843 = EDGE_CURVE('',#13844,#13846,#13848,.T.);
#13844 = VERTEX_POINT('',#13845);
#13845 = CARTESIAN_POINT('',(8.,46.,640.));
#13846 = VERTEX_POINT('',#13847);
#13847 = CARTESIAN_POINT('',(8.,46.,700.));
#13848 = SURFACE_CURVE('',#13849,(#13853,#13865),.PCURVE_S1.);
#13849 = LINE('',#13850,#13851);
#13850 = CARTESIAN_POINT('',(8.,46.,640.));
#13851 = VECTOR('',#13852,1.);
#13852 = DIRECTION('',(0.,0.,1.));
#13853 = PCURVE('',#13854,#13859);
#13854 = PLANE('',#13855);
#13855 = AXIS2_PLACEMENT_3D('',#13856,#13857,#13858);
#13856 = CARTESIAN_POINT('',(8.,46.,640.));
#13857 = DIRECTION('',(1.,0.,-0.));
#13858 = DIRECTION('',(0.,0.,1.));
#13859 = DEFINITIONAL_REPRESENTATION('',(#13860),#13864);
#13860 = LINE('',#13861,#13862);
#13861 = CARTESIAN_POINT('',(0.,0.));
#13862 = VECTOR('',#13863,1.);
#13863 = DIRECTION('',(1.,0.));
#13864 = ( GEOMETRIC_REPRESENTATION_CONTEXT(2) 
PARAMETRIC_REPRESENTATION_CONTEXT() REPRESENTATION_CONTEXT('2D SPACE',''
  ) );
#13865 = PCURVE('',#13746,#13866);
#13866 = DEFINITIONAL_REPRESENTATION('',(#13867),#13871);
#13867 = LINE('',#13868,#13869);
#13868 = CARTESIAN_POINT('',(0.,16.));
#13869 = VECTOR('',#13870,1.);
#13870 = DIRECTION('',(1.,0.));
#13871 = ( GEOMETRIC_REPRESENTATION_CONTEXT(2) 
PARAMETRIC_REPRESENTATION_CONTEXT() REPRESENTATION_CONTEXT('2D SPACE',''
  ) );
#13872 = ORIENTED_EDGE('',*,*,#13873,.T.);
#13873 = EDGE_CURVE('',#13844,#13874,#13876,.T.);
#13874 = VERTEX_POINT('',#13875);
#13875 = CARTESIAN_POINT('',(8.,52.,640.));
#13876 = SURFACE_CURVE('',#13877,(#13881,#13888),.PCURVE_S1.);
#13877 = LINE('',#13878,#13879);
#13878 = CARTESIAN_POINT('',(8.,46.,640.));
#13879 = VECTOR('',#13880,1.);
#13880 = DIRECTION('',(-0.,1.,0.));
#13881 = PCURVE('',#13854,#13882);
#13882 = DEFINITIONAL_REPRESENTATION('',(#13883),#13887);
#13883 = LINE('',#13884,#13885);
#13884 = CARTESIAN_POINT('',(0.,0.));
#13885 = VECTOR('',#13886,1.);
#13886 = DIRECTION('',(0.,-1.));
#13887 = ( GEOMETRIC_REPRESENTATION_CONTEXT(2) 
PARAMETRIC_REPRESENTATION_CONTEXT() REPRESENTATION_CONTEXT('2D SPACE',''
  ) );
#13888 = PCURVE('',#13774,#13889);
#13889 = DEFINITIONAL_REPRESENTATION('',(#13890),#13894);
#13890 = LINE('',#13891,#13892);
#13891 = CARTESIAN_POINT('',(16.,0.));
#13892 = VECTOR('',#13893,1.);
#13893 = DIRECTION('',(0.,1.));
#13894 = ( GEOMETRIC_REPRESENTATION_CONTEXT(2) 
PARAMETRIC_REPRESENTATION_CONTEXT() REPRESENTATION_CONTEXT('2D SPACE',''
  ) );
#13895 = ORIENTED_EDGE('',*,*,#13896,.T.);
#13896 = EDGE_CURVE('',#13874,#13897,#13899,.T.);
#13897 = VERTEX_POINT('',#13898);
#13898 = CARTESIAN_POINT('',(8.,52.,700.));
#13899 = SURFACE_CURVE('',#13900,(#13904,#13911),.PCURVE_S1.);
#13900 = LINE('',#13901,#13902);
#13901 = CARTESIAN_POINT('',(8.,52.,640.));
#13902 = VECTOR('',#13903,1.);
#13903 = DIRECTION('',(0.,0.,1.));
#13904 = PCURVE('',#13854,#13905);
#13905 = DEFINITIONAL_REPRESENTATION('',(#13906),#13910);
#13906 = LINE('',#13907,#13908);
#13907 = CARTESIAN_POINT('',(0.,-6.));
#13908 = VECTOR('',#13909,1.);
#13909 = DIRECTION('',(1.,0.));
#13910 = ( GEOMETRIC_REPRESENTATION_CONTEXT(2) 
PARAMETRIC_REPRESENTATION_CONTEXT() REPRESENTATION_CONTEXT('2D SPACE',''
  ) );
#13911 = PCURVE('',#13802,#13912);
#13912 = DEFINITIONAL_REPRESENTATION('',(#13913),#13917);
#13913 = LINE('',#13914,#13915);
#13914 = CARTESIAN_POINT('',(0.,16.));
#13915 = VECTOR('',#13916,1.);
#13916 = DIRECTION('',(1.,0.));
#13917 = ( GEOMETRIC_REPRESENTATION_CONTEXT(2) 
PARAMETRIC_REPRESENTATION_CONTEXT() REPRESENTATION_CONTEXT('2D SPACE',''
  ) );
#13918 = ORIENTED_EDGE('',*,*,#13919,.F.);
#13919 = EDGE_CURVE('',#13846,#13897,#13920,.T.);
#13920 = SURFACE_CURVE('',#13921,(#13925,#13932),.PCURVE_S1.);
#13921 = LINE('',#13922,#13923);
#13922 = CARTESIAN_POINT('',(8.,46.,700.));
#13923 = VECTOR('',#13924,1.);
#13924 = DIRECTION('',(-0.,1.,0.));
#13925 = PCURVE('',#13854,#13926);
#13926 = DEFINITIONAL_REPRESENTATION('',(#13927),#13931);
#13927 = LINE('',#13928,#13929);
#13928 = CARTESIAN_POINT('',(60.,0.));
#13929 = VECTOR('',#13930,1.);
#13930 = DIRECTION('',(0.,-1.));
#13931 = ( GEOMETRIC_REPRESENTATION_CONTEXT(2) 
PARAMETRIC_REPRESENTATION_CONTEXT() REPRESENTATION_CONTEXT('2D SPACE',''
  ) );
#13932 = PCURVE('',#13828,#13933);
#13933 = DEFINITIONAL_REPRESENTATION('',(#13934),#13938);
#13934 = LINE('',#13935,#13936);
#13935 = CARTESIAN_POINT('',(16.,0.));
#13936 = VECTOR('',#13937,1.);
#13937 = DIRECTION('',(0.,1.));
#13938 = ( GEOMETRIC_REPRESENTATION_CONTEXT(2) 
PARAMETRIC_REPRESENTATION_CONTEXT() REPRESENTATION_CONTEXT('2D SPACE',''
  ) );
#13939 = ADVANCED_FACE('',(#13940),#13746,.F.);
#13940 = FACE_BOUND('',#13941,.F.);
#13941 = EDGE_LOOP('',(#13942,#13963,#13964,#13985));
#13942 = ORIENTED_EDGE('',*,*,#13943,.F.);
#13943 = EDGE_CURVE('',#13724,#13844,#13944,.T.);
#13944 = SURFACE_CURVE('',#13945,(#13949,#13956),.PCURVE_S1.);
#13945 = LINE('',#13946,#13947);
#13946 = CARTESIAN_POINT('',(-8.,46.,640.));
#13947 = VECTOR('',#13948,1.);
#13948 = DIRECTION('',(1.,0.,-0.));
#13949 = PCURVE('',#13746,#13950);
#13950 = DEFINITIONAL_REPRESENTATION('',(#13951),#13955);
#13951 = LINE('',#13952,#13953);
#13952 = CARTESIAN_POINT('',(0.,0.));
#13953 = VECTOR('',#13954,1.);
#13954 = DIRECTION('',(0.,1.));
#13955 = ( GEOMETRIC_REPRESENTATION_CONTEXT(2) 
PARAMETRIC_REPRESENTATION_CONTEXT() REPRESENTATION_CONTEXT('2D SPACE',''
  ) );
#13956 = PCURVE('',#13774,#13957);
#13957 = DEFINITIONAL_REPRESENTATION('',(#13958),#13962);
#13958 = LINE('',#13959,#13960);
#13959 = CARTESIAN_POINT('',(0.,0.));
#13960 = VECTOR('',#13961,1.);
#13961 = DIRECTION('',(1.,0.));
#13962 = ( GEOMETRIC_REPRESENTATION_CONTEXT(2) 
PARAMETRIC_REPRESENTATION_CONTEXT() REPRESENTATION_CONTEXT('2D SPACE',''
  ) );
#13963 = ORIENTED_EDGE('',*,*,#13723,.T.);
#13964 = ORIENTED_EDGE('',*,*,#13965,.T.);
#13965 = EDGE_CURVE('',#13726,#13846,#13966,.T.);
#13966 = SURFACE_CURVE('',#13967,(#13971,#13978),.PCURVE_S1.);
#13967 = LINE('',#13968,#13969);
#13968 = CARTESIAN_POINT('',(-8.,46.,700.));
#13969 = VECTOR('',#13970,1.);
#13970 = DIRECTION('',(1.,0.,-0.));
#13971 = PCURVE('',#13746,#13972);
#13972 = DEFINITIONAL_REPRESENTATION('',(#13973),#13977);
#13973 = LINE('',#13974,#13975);
#13974 = CARTESIAN_POINT('',(60.,0.));
#13975 = VECTOR('',#13976,1.);
#13976 = DIRECTION('',(0.,1.));
#13977 = ( GEOMETRIC_REPRESENTATION_CONTEXT(2) 
PARAMETRIC_REPRESENTATION_CONTEXT() REPRESENTATION_CONTEXT('2D SPACE',''
  ) );
#13978 = PCURVE('',#13828,#13979);
#13979 = DEFINITIONAL_REPRESENTATION('',(#13980),#13984);
#13980 = LINE('',#13981,#13982);
#13981 = CARTESIAN_POINT('',(0.,0.));
#13982 = VECTOR('',#13983,1.);
#13983 = DIRECTION('',(1.,0.));
#13984 = ( GEOMETRIC_REPRESENTATION_CONTEXT(2) 
PARAMETRIC_REPRESENTATION_CONTEXT() REPRESENTATION_CONTEXT('2D SPACE',''
  ) );
#13985 = ORIENTED_EDGE('',*,*,#13843,.F.);
#13986 = ADVANCED_FACE('',(#13987),#13802,.T.);
#13987 = FACE_BOUND('',#13988,.T.);
#13988 = EDGE_LOOP('',(#13989,#14010,#14011,#14032));
#13989 = ORIENTED_EDGE('',*,*,#13990,.F.);
#13990 = EDGE_CURVE('',#13759,#13874,#13991,.T.);
#13991 = SURFACE_CURVE('',#13992,(#13996,#14003),.PCURVE_S1.);
#13992 = LINE('',#13993,#13994);
#13993 = CARTESIAN_POINT('',(-8.,52.,640.));
#13994 = VECTOR('',#13995,1.);
#13995 = DIRECTION('',(1.,0.,-0.));
#13996 = PCURVE('',#13802,#13997);
#13997 = DEFINITIONAL_REPRESENTATION('',(#13998),#14002);
#13998 = LINE('',#13999,#14000);
#13999 = CARTESIAN_POINT('',(0.,0.));
#14000 = VECTOR('',#14001,1.);
#14001 = DIRECTION('',(0.,1.));
#14002 = ( GEOMETRIC_REPRESENTATION_CONTEXT(2) 
PARAMETRIC_REPRESENTATION_CONTEXT() REPRESENTATION_CONTEXT('2D SPACE',''
  ) );
#14003 = PCURVE('',#13774,#14004);
#14004 = DEFINITIONAL_REPRESENTATION('',(#14005),#14009);
#14005 = LINE('',#14006,#14007);
#14006 = CARTESIAN_POINT('',(0.,6.));
#14007 = VECTOR('',#14008,1.);
#14008 = DIRECTION('',(1.,0.));
#14009 = ( GEOMETRIC_REPRESENTATION_CONTEXT(2) 
PARAMETRIC_REPRESENTATION_CONTEXT() REPRESENTATION_CONTEXT('2D SPACE',''
  ) );
#14010 = ORIENTED_EDGE('',*,*,#13786,.T.);
#14011 = ORIENTED_EDGE('',*,*,#14012,.T.);
#14012 = EDGE_CURVE('',#13787,#13897,#14013,.T.);
#14013 = SURFACE_CURVE('',#14014,(#14018,#14025),.PCURVE_S1.);
#14014 = LINE('',#14015,#14016);
#14015 = CARTESIAN_POINT('',(-8.,52.,700.));
#14016 = VECTOR('',#14017,1.);
#14017 = DIRECTION('',(1.,0.,-0.));
#14018 = PCURVE('',#13802,#14019);
#14019 = DEFINITIONAL_REPRESENTATION('',(#14020),#14024);
#14020 = LINE('',#14021,#14022);
#14021 = CARTESIAN_POINT('',(60.,0.));
#14022 = VECTOR('',#14023,1.);
#14023 = DIRECTION('',(0.,1.));
#14024 = ( GEOMETRIC_REPRESENTATION_CONTEXT(2) 
PARAMETRIC_REPRESENTATION_CONTEXT() REPRESENTATION_CONTEXT('2D SPACE',''
  ) );
#14025 = PCURVE('',#13828,#14026);
#14026 = DEFINITIONAL_REPRESENTATION('',(#14027),#14031);
#14027 = LINE('',#14028,#14029);
#14028 = CARTESIAN_POINT('',(0.,6.));
#14029 = VECTOR('',#14030,1.);
#14030 = DIRECTION('',(1.,0.));
#14031 = ( GEOMETRIC_REPRESENTATION_CONTEXT(2) 
PARAMETRIC_REPRESENTATION_CONTEXT() REPRESENTATION_CONTEXT('2D SPACE',''
  ) );
#14032 = ORIENTED_EDGE('',*,*,#13896,.F.);
#14033 = ADVANCED_FACE('',(#14034),#13774,.F.);
#14034 = FACE_BOUND('',#14035,.F.);
#14035 = EDGE_LOOP('',(#14036,#14037,#14038,#14039));
#14036 = ORIENTED_EDGE('',*,*,#13758,.F.);
#14037 = ORIENTED_EDGE('',*,*,#13943,.T.);
#14038 = ORIENTED_EDGE('',*,*,#13873,.T.);
#14039 = ORIENTED_EDGE('',*,*,#13990,.F.);
#14040 = ADVANCED_FACE('',(#14041),#13828,.T.);
#14041 = FACE_BOUND('',#14042,.T.);
#14042 = EDGE_LOOP('',(#14043,#14044,#14045,#14046));
#14043 = ORIENTED_EDGE('',*,*,#13814,.F.);
#14044 = ORIENTED_EDGE('',*,*,#13965,.T.);
#14045 = ORIENTED_EDGE('',*,*,#13919,.T.);
#14046 = ORIENTED_EDGE('',*,*,#14012,.F.);
#14047 = ( GEOMETRIC_REPRESENTATION_CONTEXT(3) 
GLOBAL_UNCERTAINTY_ASSIGNED_CONTEXT((#14051)) 
GLOBAL_UNIT_ASSIGNED_CONTEXT((#14048,#14049,#14050)) 
REPRESENTATION_CONTEXT('Context #1',
  '3D Context with UNIT and UNCERTAINTY') );
#14048 = ( LENGTH_UNIT() NAMED_UNIT(*) SI_UNIT(.MILLI.,.METRE.) );
#14049 = ( NAMED_UNIT(*) PLANE_ANGLE_UNIT() SI_UNIT($,.RADIAN.) );
#14050 = ( NAMED_UNIT(*) SI_UNIT($,.STERADIAN.) SOLID_ANGLE_UNIT() );
#14051 = UNCERTAINTY_MEASURE_WITH_UNIT(LENGTH_MEASURE(1.E-07),#14048,
  'distance_accuracy_value','confusion accuracy');
#14052 = CONTEXT_DEPENDENT_SHAPE_REPRESENTATION(#14053,#14055);
#14053 = ( REPRESENTATION_RELATIONSHIP('','',#13618,#10) 
REPRESENTATION_RELATIONSHIP_WITH_TRANSFORMATION(#14054) 
SHAPE_REPRESENTATION_RELATIONSHIP() );
#14054 = ITEM_DEFINED_TRANSFORMATION('','',#11,#71);
#14055 = PRODUCT_DEFINITION_SHAPE('Placement','Placement of an item',
  #14056);
#14056 = NEXT_ASSEMBLY_USAGE_OCCURRENCE('15','=>[0:1:1:16]','',#5,#13613
  ,$);
#14057 = PRODUCT_RELATED_PRODUCT_CATEGORY('part',$,(#13615));
ENDSEC;
END-ISO-10303-21;
