ISO-10303-21;
HEADER;
FILE_DESCRIPTION(('Open CASCADE Model'),'2;1');
FILE_NAME('Open CASCADE Shape Model','2026-09-26T00:23:06',('Author'),(
    'Open CASCADE'),'Open CASCADE STEP processor 8.0','build123d',
  'Unknown');
FILE_SCHEMA(('AUTOMOTIVE_DESIGN { 1 0 10303 214 1 1 1 1 }'));
ENDSEC;
DATA;
#1 = APPLICATION_PROTOCOL_DEFINITION('international standard',
  'automotive_design',2000,#2);
#2 = APPLICATION_CONTEXT(
  'core data for automotive mechanical design processes');
#3 = SHAPE_DEFINITION_REPRESENTATION(#4,#10);
#4 = PRODUCT_DEFINITION_SHAPE('','',#5);
#5 = PRODUCT_DEFINITION('design','',#6,#9);
#6 = PRODUCT_DEFINITION_FORMATION('','',#7);
#7 = PRODUCT('COMPOUND','COMPOUND','',(#8));
#8 = PRODUCT_CONTEXT('',#2,'mechanical');
#9 = PRODUCT_DEFINITION_CONTEXT('part definition',#2,'design');
#10 = SHAPE_REPRESENTATION('',(#11,#15,#19,#23,#27,#31),#35);
#11 = AXIS2_PLACEMENT_3D('',#12,#13,#14);
#12 = CARTESIAN_POINT('',(0.,0.,0.));
#13 = DIRECTION('',(0.,0.,1.));
#14 = DIRECTION('',(1.,0.,-0.));
#15 = AXIS2_PLACEMENT_3D('',#16,#17,#18);
#16 = CARTESIAN_POINT('',(0.,0.,0.));
#17 = DIRECTION('',(0.,0.,1.));
#18 = DIRECTION('',(1.,0.,-0.));
#19 = AXIS2_PLACEMENT_3D('',#20,#21,#22);
#20 = CARTESIAN_POINT('',(0.,0.,0.));
#21 = DIRECTION('',(0.,0.,1.));
#22 = DIRECTION('',(1.,0.,-0.));
#23 = AXIS2_PLACEMENT_3D('',#24,#25,#26);
#24 = CARTESIAN_POINT('',(0.,0.,0.));
#25 = DIRECTION('',(0.,0.,1.));
#26 = DIRECTION('',(1.,0.,-0.));
#27 = AXIS2_PLACEMENT_3D('',#28,#29,#30);
#28 = CARTESIAN_POINT('',(0.,0.,0.));
#29 = DIRECTION('',(0.,0.,1.));
#30 = DIRECTION('',(1.,0.,-0.));
#31 = AXIS2_PLACEMENT_3D('',#32,#33,#34);
#32 = CARTESIAN_POINT('',(0.,0.,0.));
#33 = DIRECTION('',(0.,0.,1.));
#34 = DIRECTION('',(1.,0.,-0.));
#35 = ( GEOMETRIC_REPRESENTATION_CONTEXT(3) 
GLOBAL_UNCERTAINTY_ASSIGNED_CONTEXT((#39)) GLOBAL_UNIT_ASSIGNED_CONTEXT(
(#36,#37,#38)) REPRESENTATION_CONTEXT('Context #1',
  '3D Context with UNIT and UNCERTAINTY') );
#36 = ( LENGTH_UNIT() NAMED_UNIT(*) SI_UNIT(.MILLI.,.METRE.) );
#37 = ( NAMED_UNIT(*) PLANE_ANGLE_UNIT() SI_UNIT($,.RADIAN.) );
#38 = ( NAMED_UNIT(*) SI_UNIT($,.STERADIAN.) SOLID_ANGLE_UNIT() );
#39 = UNCERTAINTY_MEASURE_WITH_UNIT(LENGTH_MEASURE(1.E-07),#36,
  'distance_accuracy_value','confusion accuracy');
#40 = PRODUCT_RELATED_PRODUCT_CATEGORY('part',$,(#7));
#41 = SHAPE_DEFINITION_REPRESENTATION(#42,#48);
#42 = PRODUCT_DEFINITION_SHAPE('','',#43);
#43 = PRODUCT_DEFINITION('design','',#44,#47);
#44 = PRODUCT_DEFINITION_FORMATION('','',#45);
#45 = PRODUCT('COMPOUND','COMPOUND','',(#46));
#46 = PRODUCT_CONTEXT('',#2,'mechanical');
#47 = PRODUCT_DEFINITION_CONTEXT('part definition',#2,'design');
#48 = ADVANCED_BREP_SHAPE_REPRESENTATION('',(#11,#49),#1675);
#49 = BREP_WITH_VOIDS('',#50,(#701));
#50 = CLOSED_SHELL('',(#51,#171,#247,#296,#459,#486,#493,#569,#618,#667,
    #694));
#51 = ADVANCED_FACE('',(#52),#66,.F.);
#52 = FACE_BOUND('',#53,.F.);
#53 = EDGE_LOOP('',(#54,#89,#117,#145));
#54 = ORIENTED_EDGE('',*,*,#55,.F.);
#55 = EDGE_CURVE('',#56,#58,#60,.T.);
#56 = VERTEX_POINT('',#57);
#57 = CARTESIAN_POINT('',(-180.,50.,300.));
#58 = VERTEX_POINT('',#59);
#59 = CARTESIAN_POINT('',(-180.,50.,760.));
#60 = SURFACE_CURVE('',#61,(#65,#77),.PCURVE_S1.);
#61 = LINE('',#62,#63);
#62 = CARTESIAN_POINT('',(-180.,50.,300.));
#63 = VECTOR('',#64,1.);
#64 = DIRECTION('',(0.,0.,1.));
#65 = PCURVE('',#66,#71);
#66 = PLANE('',#67);
#67 = AXIS2_PLACEMENT_3D('',#68,#69,#70);
#68 = CARTESIAN_POINT('',(-180.,50.,300.));
#69 = DIRECTION('',(1.,0.,-0.));
#70 = DIRECTION('',(0.,0.,1.));
#71 = DEFINITIONAL_REPRESENTATION('',(#72),#76);
#72 = LINE('',#73,#74);
#73 = CARTESIAN_POINT('',(0.,0.));
#74 = VECTOR('',#75,1.);
#75 = DIRECTION('',(1.,0.));
#76 = ( GEOMETRIC_REPRESENTATION_CONTEXT(2) 
PARAMETRIC_REPRESENTATION_CONTEXT() REPRESENTATION_CONTEXT('2D SPACE',''
  ) );
#77 = PCURVE('',#78,#83);
#78 = PLANE('',#79);
#79 = AXIS2_PLACEMENT_3D('',#80,#81,#82);
#80 = CARTESIAN_POINT('',(-180.,50.,300.));
#81 = DIRECTION('',(-0.,1.,0.));
#82 = DIRECTION('',(0.,0.,1.));
#83 = DEFINITIONAL_REPRESENTATION('',(#84),#88);
#84 = LINE('',#85,#86);
#85 = CARTESIAN_POINT('',(0.,0.));
#86 = VECTOR('',#87,1.);
#87 = DIRECTION('',(1.,0.));
#88 = ( GEOMETRIC_REPRESENTATION_CONTEXT(2) 
PARAMETRIC_REPRESENTATION_CONTEXT() REPRESENTATION_CONTEXT('2D SPACE',''
  ) );
#89 = ORIENTED_EDGE('',*,*,#90,.T.);
#90 = EDGE_CURVE('',#56,#91,#93,.T.);
#91 = VERTEX_POINT('',#92);
#92 = CARTESIAN_POINT('',(-180.,210.,300.));
#93 = SURFACE_CURVE('',#94,(#98,#105),.PCURVE_S1.);
#94 = LINE('',#95,#96);
#95 = CARTESIAN_POINT('',(-180.,50.,300.));
#96 = VECTOR('',#97,1.);
#97 = DIRECTION('',(-0.,1.,0.));
#98 = PCURVE('',#66,#99);
#99 = DEFINITIONAL_REPRESENTATION('',(#100),#104);
#100 = LINE('',#101,#102);
#101 = CARTESIAN_POINT('',(0.,0.));
#102 = VECTOR('',#103,1.);
#103 = DIRECTION('',(0.,-1.));
#104 = ( GEOMETRIC_REPRESENTATION_CONTEXT(2) 
PARAMETRIC_REPRESENTATION_CONTEXT() REPRESENTATION_CONTEXT('2D SPACE',''
  ) );
#105 = PCURVE('',#106,#111);
#106 = PLANE('',#107);
#107 = AXIS2_PLACEMENT_3D('',#108,#109,#110);
#108 = CARTESIAN_POINT('',(-180.,50.,300.));
#109 = DIRECTION('',(0.,0.,1.));
#110 = DIRECTION('',(1.,0.,-0.));
#111 = DEFINITIONAL_REPRESENTATION('',(#112),#116);
#112 = LINE('',#113,#114);
#113 = CARTESIAN_POINT('',(0.,0.));
#114 = VECTOR('',#115,1.);
#115 = DIRECTION('',(0.,1.));
#116 = ( GEOMETRIC_REPRESENTATION_CONTEXT(2) 
PARAMETRIC_REPRESENTATION_CONTEXT() REPRESENTATION_CONTEXT('2D SPACE',''
  ) );
#117 = ORIENTED_EDGE('',*,*,#118,.T.);
#118 = EDGE_CURVE('',#91,#119,#121,.T.);
#119 = VERTEX_POINT('',#120);
#120 = CARTESIAN_POINT('',(-180.,210.,760.));
#121 = SURFACE_CURVE('',#122,(#126,#133),.PCURVE_S1.);
#122 = LINE('',#123,#124);
#123 = CARTESIAN_POINT('',(-180.,210.,300.));
#124 = VECTOR('',#125,1.);
#125 = DIRECTION('',(0.,0.,1.));
#126 = PCURVE('',#66,#127);
#127 = DEFINITIONAL_REPRESENTATION('',(#128),#132);
#128 = LINE('',#129,#130);
#129 = CARTESIAN_POINT('',(0.,-160.));
#130 = VECTOR('',#131,1.);
#131 = DIRECTION('',(1.,0.));
#132 = ( GEOMETRIC_REPRESENTATION_CONTEXT(2) 
PARAMETRIC_REPRESENTATION_CONTEXT() REPRESENTATION_CONTEXT('2D SPACE',''
  ) );
#133 = PCURVE('',#134,#139);
#134 = PLANE('',#135);
#135 = AXIS2_PLACEMENT_3D('',#136,#137,#138);
#136 = CARTESIAN_POINT('',(-180.,210.,300.));
#137 = DIRECTION('',(-0.,1.,0.));
#138 = DIRECTION('',(0.,0.,1.));
#139 = DEFINITIONAL_REPRESENTATION('',(#140),#144);
#140 = LINE('',#141,#142);
#141 = CARTESIAN_POINT('',(0.,0.));
#142 = VECTOR('',#143,1.);
#143 = DIRECTION('',(1.,0.));
#144 = ( GEOMETRIC_REPRESENTATION_CONTEXT(2) 
PARAMETRIC_REPRESENTATION_CONTEXT() REPRESENTATION_CONTEXT('2D SPACE',''
  ) );
#145 = ORIENTED_EDGE('',*,*,#146,.F.);
#146 = EDGE_CURVE('',#58,#119,#147,.T.);
#147 = SURFACE_CURVE('',#148,(#152,#159),.PCURVE_S1.);
#148 = LINE('',#149,#150);
#149 = CARTESIAN_POINT('',(-180.,50.,760.));
#150 = VECTOR('',#151,1.);
#151 = DIRECTION('',(-0.,1.,0.));
#152 = PCURVE('',#66,#153);
#153 = DEFINITIONAL_REPRESENTATION('',(#154),#158);
#154 = LINE('',#155,#156);
#155 = CARTESIAN_POINT('',(460.,0.));
#156 = VECTOR('',#157,1.);
#157 = DIRECTION('',(0.,-1.));
#158 = ( GEOMETRIC_REPRESENTATION_CONTEXT(2) 
PARAMETRIC_REPRESENTATION_CONTEXT() REPRESENTATION_CONTEXT('2D SPACE',''
  ) );
#159 = PCURVE('',#160,#165);
#160 = PLANE('',#161);
#161 = AXIS2_PLACEMENT_3D('',#162,#163,#164);
#162 = CARTESIAN_POINT('',(-180.,50.,760.));
#163 = DIRECTION('',(0.,0.,1.));
#164 = DIRECTION('',(1.,0.,-0.));
#165 = DEFINITIONAL_REPRESENTATION('',(#166),#170);
#166 = LINE('',#167,#168);
#167 = CARTESIAN_POINT('',(0.,0.));
#168 = VECTOR('',#169,1.);
#169 = DIRECTION('',(0.,1.));
#170 = ( GEOMETRIC_REPRESENTATION_CONTEXT(2) 
PARAMETRIC_REPRESENTATION_CONTEXT() REPRESENTATION_CONTEXT('2D SPACE',''
  ) );
#171 = ADVANCED_FACE('',(#172),#78,.F.);
#172 = FACE_BOUND('',#173,.F.);
#173 = EDGE_LOOP('',(#174,#197,#198,#221));
#174 = ORIENTED_EDGE('',*,*,#175,.F.);
#175 = EDGE_CURVE('',#56,#176,#178,.T.);
#176 = VERTEX_POINT('',#177);
#177 = CARTESIAN_POINT('',(180.,50.,300.));
#178 = SURFACE_CURVE('',#179,(#183,#190),.PCURVE_S1.);
#179 = LINE('',#180,#181);
#180 = CARTESIAN_POINT('',(-180.,50.,300.));
#181 = VECTOR('',#182,1.);
#182 = DIRECTION('',(1.,0.,-0.));
#183 = PCURVE('',#78,#184);
#184 = DEFINITIONAL_REPRESENTATION('',(#185),#189);
#185 = LINE('',#186,#187);
#186 = CARTESIAN_POINT('',(0.,0.));
#187 = VECTOR('',#188,1.);
#188 = DIRECTION('',(0.,1.));
#189 = ( GEOMETRIC_REPRESENTATION_CONTEXT(2) 
PARAMETRIC_REPRESENTATION_CONTEXT() REPRESENTATION_CONTEXT('2D SPACE',''
  ) );
#190 = PCURVE('',#106,#191);
#191 = DEFINITIONAL_REPRESENTATION('',(#192),#196);
#192 = LINE('',#193,#194);
#193 = CARTESIAN_POINT('',(0.,0.));
#194 = VECTOR('',#195,1.);
#195 = DIRECTION('',(1.,0.));
#196 = ( GEOMETRIC_REPRESENTATION_CONTEXT(2) 
PARAMETRIC_REPRESENTATION_CONTEXT() REPRESENTATION_CONTEXT('2D SPACE',''
  ) );
#197 = ORIENTED_EDGE('',*,*,#55,.T.);
#198 = ORIENTED_EDGE('',*,*,#199,.T.);
#199 = EDGE_CURVE('',#58,#200,#202,.T.);
#200 = VERTEX_POINT('',#201);
#201 = CARTESIAN_POINT('',(180.,50.,760.));
#202 = SURFACE_CURVE('',#203,(#207,#214),.PCURVE_S1.);
#203 = LINE('',#204,#205);
#204 = CARTESIAN_POINT('',(-180.,50.,760.));
#205 = VECTOR('',#206,1.);
#206 = DIRECTION('',(1.,0.,-0.));
#207 = PCURVE('',#78,#208);
#208 = DEFINITIONAL_REPRESENTATION('',(#209),#213);
#209 = LINE('',#210,#211);
#210 = CARTESIAN_POINT('',(460.,0.));
#211 = VECTOR('',#212,1.);
#212 = DIRECTION('',(0.,1.));
#213 = ( GEOMETRIC_REPRESENTATION_CONTEXT(2) 
PARAMETRIC_REPRESENTATION_CONTEXT() REPRESENTATION_CONTEXT('2D SPACE',''
  ) );
#214 = PCURVE('',#160,#215);
#215 = DEFINITIONAL_REPRESENTATION('',(#216),#220);
#216 = LINE('',#217,#218);
#217 = CARTESIAN_POINT('',(0.,0.));
#218 = VECTOR('',#219,1.);
#219 = DIRECTION('',(1.,0.));
#220 = ( GEOMETRIC_REPRESENTATION_CONTEXT(2) 
PARAMETRIC_REPRESENTATION_CONTEXT() REPRESENTATION_CONTEXT('2D SPACE',''
  ) );
#221 = ORIENTED_EDGE('',*,*,#222,.F.);
#222 = EDGE_CURVE('',#176,#200,#223,.T.);
#223 = SURFACE_CURVE('',#224,(#228,#235),.PCURVE_S1.);
#224 = LINE('',#225,#226);
#225 = CARTESIAN_POINT('',(180.,50.,300.));
#226 = VECTOR('',#227,1.);
#227 = DIRECTION('',(0.,0.,1.));
#228 = PCURVE('',#78,#229);
#229 = DEFINITIONAL_REPRESENTATION('',(#230),#234);
#230 = LINE('',#231,#232);
#231 = CARTESIAN_POINT('',(0.,360.));
#232 = VECTOR('',#233,1.);
#233 = DIRECTION('',(1.,0.));
#234 = ( GEOMETRIC_REPRESENTATION_CONTEXT(2) 
PARAMETRIC_REPRESENTATION_CONTEXT() REPRESENTATION_CONTEXT('2D SPACE',''
  ) );
#235 = PCURVE('',#236,#241);
#236 = PLANE('',#237);
#237 = AXIS2_PLACEMENT_3D('',#238,#239,#240);
#238 = CARTESIAN_POINT('',(180.,50.,300.));
#239 = DIRECTION('',(1.,0.,-0.));
#240 = DIRECTION('',(0.,0.,1.));
#241 = DEFINITIONAL_REPRESENTATION('',(#242),#246);
#242 = LINE('',#243,#244);
#243 = CARTESIAN_POINT('',(0.,0.));
#244 = VECTOR('',#245,1.);
#245 = DIRECTION('',(1.,0.));
#246 = ( GEOMETRIC_REPRESENTATION_CONTEXT(2) 
PARAMETRIC_REPRESENTATION_CONTEXT() REPRESENTATION_CONTEXT('2D SPACE',''
  ) );
#247 = ADVANCED_FACE('',(#248),#160,.T.);
#248 = FACE_BOUND('',#249,.T.);
#249 = EDGE_LOOP('',(#250,#251,#252,#275));
#250 = ORIENTED_EDGE('',*,*,#146,.F.);
#251 = ORIENTED_EDGE('',*,*,#199,.T.);
#252 = ORIENTED_EDGE('',*,*,#253,.T.);
#253 = EDGE_CURVE('',#200,#254,#256,.T.);
#254 = VERTEX_POINT('',#255);
#255 = CARTESIAN_POINT('',(180.,210.,760.));
#256 = SURFACE_CURVE('',#257,(#261,#268),.PCURVE_S1.);
#257 = LINE('',#258,#259);
#258 = CARTESIAN_POINT('',(180.,50.,760.));
#259 = VECTOR('',#260,1.);
#260 = DIRECTION('',(-0.,1.,0.));
#261 = PCURVE('',#160,#262);
#262 = DEFINITIONAL_REPRESENTATION('',(#263),#267);
#263 = LINE('',#264,#265);
#264 = CARTESIAN_POINT('',(360.,0.));
#265 = VECTOR('',#266,1.);
#266 = DIRECTION('',(0.,1.));
#267 = ( GEOMETRIC_REPRESENTATION_CONTEXT(2) 
PARAMETRIC_REPRESENTATION_CONTEXT() REPRESENTATION_CONTEXT('2D SPACE',''
  ) );
#268 = PCURVE('',#236,#269);
#269 = DEFINITIONAL_REPRESENTATION('',(#270),#274);
#270 = LINE('',#271,#272);
#271 = CARTESIAN_POINT('',(460.,0.));
#272 = VECTOR('',#273,1.);
#273 = DIRECTION('',(0.,-1.));
#274 = ( GEOMETRIC_REPRESENTATION_CONTEXT(2) 
PARAMETRIC_REPRESENTATION_CONTEXT() REPRESENTATION_CONTEXT('2D SPACE',''
  ) );
#275 = ORIENTED_EDGE('',*,*,#276,.F.);
#276 = EDGE_CURVE('',#119,#254,#277,.T.);
#277 = SURFACE_CURVE('',#278,(#282,#289),.PCURVE_S1.);
#278 = LINE('',#279,#280);
#279 = CARTESIAN_POINT('',(-180.,210.,760.));
#280 = VECTOR('',#281,1.);
#281 = DIRECTION('',(1.,0.,-0.));
#282 = PCURVE('',#160,#283);
#283 = DEFINITIONAL_REPRESENTATION('',(#284),#288);
#284 = LINE('',#285,#286);
#285 = CARTESIAN_POINT('',(0.,160.));
#286 = VECTOR('',#287,1.);
#287 = DIRECTION('',(1.,0.));
#288 = ( GEOMETRIC_REPRESENTATION_CONTEXT(2) 
PARAMETRIC_REPRESENTATION_CONTEXT() REPRESENTATION_CONTEXT('2D SPACE',''
  ) );
#289 = PCURVE('',#134,#290);
#290 = DEFINITIONAL_REPRESENTATION('',(#291),#295);
#291 = LINE('',#292,#293);
#292 = CARTESIAN_POINT('',(460.,0.));
#293 = VECTOR('',#294,1.);
#294 = DIRECTION('',(0.,1.));
#295 = ( GEOMETRIC_REPRESENTATION_CONTEXT(2) 
PARAMETRIC_REPRESENTATION_CONTEXT() REPRESENTATION_CONTEXT('2D SPACE',''
  ) );
#296 = ADVANCED_FACE('',(#297,#345),#134,.T.);
#297 = FACE_BOUND('',#298,.T.);
#298 = EDGE_LOOP('',(#299,#322,#323,#324));
#299 = ORIENTED_EDGE('',*,*,#300,.F.);
#300 = EDGE_CURVE('',#91,#301,#303,.T.);
#301 = VERTEX_POINT('',#302);
#302 = CARTESIAN_POINT('',(180.,210.,300.));
#303 = SURFACE_CURVE('',#304,(#308,#315),.PCURVE_S1.);
#304 = LINE('',#305,#306);
#305 = CARTESIAN_POINT('',(-180.,210.,300.));
#306 = VECTOR('',#307,1.);
#307 = DIRECTION('',(1.,0.,-0.));
#308 = PCURVE('',#134,#309);
#309 = DEFINITIONAL_REPRESENTATION('',(#310),#314);
#310 = LINE('',#311,#312);
#311 = CARTESIAN_POINT('',(0.,0.));
#312 = VECTOR('',#313,1.);
#313 = DIRECTION('',(0.,1.));
#314 = ( GEOMETRIC_REPRESENTATION_CONTEXT(2) 
PARAMETRIC_REPRESENTATION_CONTEXT() REPRESENTATION_CONTEXT('2D SPACE',''
  ) );
#315 = PCURVE('',#106,#316);
#316 = DEFINITIONAL_REPRESENTATION('',(#317),#321);
#317 = LINE('',#318,#319);
#318 = CARTESIAN_POINT('',(0.,160.));
#319 = VECTOR('',#320,1.);
#320 = DIRECTION('',(1.,0.));
#321 = ( GEOMETRIC_REPRESENTATION_CONTEXT(2) 
PARAMETRIC_REPRESENTATION_CONTEXT() REPRESENTATION_CONTEXT('2D SPACE',''
  ) );
#322 = ORIENTED_EDGE('',*,*,#118,.T.);
#323 = ORIENTED_EDGE('',*,*,#276,.T.);
#324 = ORIENTED_EDGE('',*,*,#325,.F.);
#325 = EDGE_CURVE('',#301,#254,#326,.T.);
#326 = SURFACE_CURVE('',#327,(#331,#338),.PCURVE_S1.);
#327 = LINE('',#328,#329);
#328 = CARTESIAN_POINT('',(180.,210.,300.));
#329 = VECTOR('',#330,1.);
#330 = DIRECTION('',(0.,0.,1.));
#331 = PCURVE('',#134,#332);
#332 = DEFINITIONAL_REPRESENTATION('',(#333),#337);
#333 = LINE('',#334,#335);
#334 = CARTESIAN_POINT('',(0.,360.));
#335 = VECTOR('',#336,1.);
#336 = DIRECTION('',(1.,0.));
#337 = ( GEOMETRIC_REPRESENTATION_CONTEXT(2) 
PARAMETRIC_REPRESENTATION_CONTEXT() REPRESENTATION_CONTEXT('2D SPACE',''
  ) );
#338 = PCURVE('',#236,#339);
#339 = DEFINITIONAL_REPRESENTATION('',(#340),#344);
#340 = LINE('',#341,#342);
#341 = CARTESIAN_POINT('',(0.,-160.));
#342 = VECTOR('',#343,1.);
#343 = DIRECTION('',(1.,0.));
#344 = ( GEOMETRIC_REPRESENTATION_CONTEXT(2) 
PARAMETRIC_REPRESENTATION_CONTEXT() REPRESENTATION_CONTEXT('2D SPACE',''
  ) );
#345 = FACE_BOUND('',#346,.T.);
#346 = EDGE_LOOP('',(#347,#377,#405,#433));
#347 = ORIENTED_EDGE('',*,*,#348,.F.);
#348 = EDGE_CURVE('',#349,#351,#353,.T.);
#349 = VERTEX_POINT('',#350);
#350 = CARTESIAN_POINT('',(-120.,210.,560.));
#351 = VERTEX_POINT('',#352);
#352 = CARTESIAN_POINT('',(-90.,210.,560.));
#353 = SURFACE_CURVE('',#354,(#358,#365),.PCURVE_S1.);
#354 = LINE('',#355,#356);
#355 = CARTESIAN_POINT('',(-120.,210.,560.));
#356 = VECTOR('',#357,1.);
#357 = DIRECTION('',(1.,0.,-0.));
#358 = PCURVE('',#134,#359);
#359 = DEFINITIONAL_REPRESENTATION('',(#360),#364);
#360 = LINE('',#361,#362);
#361 = CARTESIAN_POINT('',(260.,60.));
#362 = VECTOR('',#363,1.);
#363 = DIRECTION('',(0.,1.));
#364 = ( GEOMETRIC_REPRESENTATION_CONTEXT(2) 
PARAMETRIC_REPRESENTATION_CONTEXT() REPRESENTATION_CONTEXT('2D SPACE',''
  ) );
#365 = PCURVE('',#366,#371);
#366 = PLANE('',#367);
#367 = AXIS2_PLACEMENT_3D('',#368,#369,#370);
#368 = CARTESIAN_POINT('',(-120.,210.,560.));
#369 = DIRECTION('',(0.,0.,1.));
#370 = DIRECTION('',(1.,0.,-0.));
#371 = DEFINITIONAL_REPRESENTATION('',(#372),#376);
#372 = LINE('',#373,#374);
#373 = CARTESIAN_POINT('',(0.,0.));
#374 = VECTOR('',#375,1.);
#375 = DIRECTION('',(1.,0.));
#376 = ( GEOMETRIC_REPRESENTATION_CONTEXT(2) 
PARAMETRIC_REPRESENTATION_CONTEXT() REPRESENTATION_CONTEXT('2D SPACE',''
  ) );
#377 = ORIENTED_EDGE('',*,*,#378,.F.);
#378 = EDGE_CURVE('',#379,#349,#381,.T.);
#379 = VERTEX_POINT('',#380);
#380 = CARTESIAN_POINT('',(-120.,210.,500.));
#381 = SURFACE_CURVE('',#382,(#386,#393),.PCURVE_S1.);
#382 = LINE('',#383,#384);
#383 = CARTESIAN_POINT('',(-120.,210.,500.));
#384 = VECTOR('',#385,1.);
#385 = DIRECTION('',(0.,0.,1.));
#386 = PCURVE('',#134,#387);
#387 = DEFINITIONAL_REPRESENTATION('',(#388),#392);
#388 = LINE('',#389,#390);
#389 = CARTESIAN_POINT('',(200.,60.));
#390 = VECTOR('',#391,1.);
#391 = DIRECTION('',(1.,0.));
#392 = ( GEOMETRIC_REPRESENTATION_CONTEXT(2) 
PARAMETRIC_REPRESENTATION_CONTEXT() REPRESENTATION_CONTEXT('2D SPACE',''
  ) );
#393 = PCURVE('',#394,#399);
#394 = PLANE('',#395);
#395 = AXIS2_PLACEMENT_3D('',#396,#397,#398);
#396 = CARTESIAN_POINT('',(-120.,210.,500.));
#397 = DIRECTION('',(1.,0.,-0.));
#398 = DIRECTION('',(0.,0.,1.));
#399 = DEFINITIONAL_REPRESENTATION('',(#400),#404);
#400 = LINE('',#401,#402);
#401 = CARTESIAN_POINT('',(0.,0.));
#402 = VECTOR('',#403,1.);
#403 = DIRECTION('',(1.,0.));
#404 = ( GEOMETRIC_REPRESENTATION_CONTEXT(2) 
PARAMETRIC_REPRESENTATION_CONTEXT() REPRESENTATION_CONTEXT('2D SPACE',''
  ) );
#405 = ORIENTED_EDGE('',*,*,#406,.T.);
#406 = EDGE_CURVE('',#379,#407,#409,.T.);
#407 = VERTEX_POINT('',#408);
#408 = CARTESIAN_POINT('',(-90.,210.,500.));
#409 = SURFACE_CURVE('',#410,(#414,#421),.PCURVE_S1.);
#410 = LINE('',#411,#412);
#411 = CARTESIAN_POINT('',(-120.,210.,500.));
#412 = VECTOR('',#413,1.);
#413 = DIRECTION('',(1.,0.,-0.));
#414 = PCURVE('',#134,#415);
#415 = DEFINITIONAL_REPRESENTATION('',(#416),#420);
#416 = LINE('',#417,#418);
#417 = CARTESIAN_POINT('',(200.,60.));
#418 = VECTOR('',#419,1.);
#419 = DIRECTION('',(0.,1.));
#420 = ( GEOMETRIC_REPRESENTATION_CONTEXT(2) 
PARAMETRIC_REPRESENTATION_CONTEXT() REPRESENTATION_CONTEXT('2D SPACE',''
  ) );
#421 = PCURVE('',#422,#427);
#422 = PLANE('',#423);
#423 = AXIS2_PLACEMENT_3D('',#424,#425,#426);
#424 = CARTESIAN_POINT('',(-120.,210.,500.));
#425 = DIRECTION('',(0.,0.,1.));
#426 = DIRECTION('',(1.,0.,-0.));
#427 = DEFINITIONAL_REPRESENTATION('',(#428),#432);
#428 = LINE('',#429,#430);
#429 = CARTESIAN_POINT('',(0.,0.));
#430 = VECTOR('',#431,1.);
#431 = DIRECTION('',(1.,0.));
#432 = ( GEOMETRIC_REPRESENTATION_CONTEXT(2) 
PARAMETRIC_REPRESENTATION_CONTEXT() REPRESENTATION_CONTEXT('2D SPACE',''
  ) );
#433 = ORIENTED_EDGE('',*,*,#434,.T.);
#434 = EDGE_CURVE('',#407,#351,#435,.T.);
#435 = SURFACE_CURVE('',#436,(#440,#447),.PCURVE_S1.);
#436 = LINE('',#437,#438);
#437 = CARTESIAN_POINT('',(-90.,210.,500.));
#438 = VECTOR('',#439,1.);
#439 = DIRECTION('',(0.,0.,1.));
#440 = PCURVE('',#134,#441);
#441 = DEFINITIONAL_REPRESENTATION('',(#442),#446);
#442 = LINE('',#443,#444);
#443 = CARTESIAN_POINT('',(200.,90.));
#444 = VECTOR('',#445,1.);
#445 = DIRECTION('',(1.,0.));
#446 = ( GEOMETRIC_REPRESENTATION_CONTEXT(2) 
PARAMETRIC_REPRESENTATION_CONTEXT() REPRESENTATION_CONTEXT('2D SPACE',''
  ) );
#447 = PCURVE('',#448,#453);
#448 = PLANE('',#449);
#449 = AXIS2_PLACEMENT_3D('',#450,#451,#452);
#450 = CARTESIAN_POINT('',(-90.,210.,500.));
#451 = DIRECTION('',(1.,0.,-0.));
#452 = DIRECTION('',(0.,0.,1.));
#453 = DEFINITIONAL_REPRESENTATION('',(#454),#458);
#454 = LINE('',#455,#456);
#455 = CARTESIAN_POINT('',(0.,0.));
#456 = VECTOR('',#457,1.);
#457 = DIRECTION('',(1.,0.));
#458 = ( GEOMETRIC_REPRESENTATION_CONTEXT(2) 
PARAMETRIC_REPRESENTATION_CONTEXT() REPRESENTATION_CONTEXT('2D SPACE',''
  ) );
#459 = ADVANCED_FACE('',(#460),#106,.F.);
#460 = FACE_BOUND('',#461,.F.);
#461 = EDGE_LOOP('',(#462,#463,#464,#485));
#462 = ORIENTED_EDGE('',*,*,#90,.F.);
#463 = ORIENTED_EDGE('',*,*,#175,.T.);
#464 = ORIENTED_EDGE('',*,*,#465,.T.);
#465 = EDGE_CURVE('',#176,#301,#466,.T.);
#466 = SURFACE_CURVE('',#467,(#471,#478),.PCURVE_S1.);
#467 = LINE('',#468,#469);
#468 = CARTESIAN_POINT('',(180.,50.,300.));
#469 = VECTOR('',#470,1.);
#470 = DIRECTION('',(-0.,1.,0.));
#471 = PCURVE('',#106,#472);
#472 = DEFINITIONAL_REPRESENTATION('',(#473),#477);
#473 = LINE('',#474,#475);
#474 = CARTESIAN_POINT('',(360.,0.));
#475 = VECTOR('',#476,1.);
#476 = DIRECTION('',(0.,1.));
#477 = ( GEOMETRIC_REPRESENTATION_CONTEXT(2) 
PARAMETRIC_REPRESENTATION_CONTEXT() REPRESENTATION_CONTEXT('2D SPACE',''
  ) );
#478 = PCURVE('',#236,#479);
#479 = DEFINITIONAL_REPRESENTATION('',(#480),#484);
#480 = LINE('',#481,#482);
#481 = CARTESIAN_POINT('',(0.,0.));
#482 = VECTOR('',#483,1.);
#483 = DIRECTION('',(0.,-1.));
#484 = ( GEOMETRIC_REPRESENTATION_CONTEXT(2) 
PARAMETRIC_REPRESENTATION_CONTEXT() REPRESENTATION_CONTEXT('2D SPACE',''
  ) );
#485 = ORIENTED_EDGE('',*,*,#300,.F.);
#486 = ADVANCED_FACE('',(#487),#236,.T.);
#487 = FACE_BOUND('',#488,.T.);
#488 = EDGE_LOOP('',(#489,#490,#491,#492));
#489 = ORIENTED_EDGE('',*,*,#222,.F.);
#490 = ORIENTED_EDGE('',*,*,#465,.T.);
#491 = ORIENTED_EDGE('',*,*,#325,.T.);
#492 = ORIENTED_EDGE('',*,*,#253,.F.);
#493 = ADVANCED_FACE('',(#494),#366,.T.);
#494 = FACE_BOUND('',#495,.T.);
#495 = EDGE_LOOP('',(#496,#519,#520,#543));
#496 = ORIENTED_EDGE('',*,*,#497,.F.);
#497 = EDGE_CURVE('',#349,#498,#500,.T.);
#498 = VERTEX_POINT('',#499);
#499 = CARTESIAN_POINT('',(-120.,222.,560.));
#500 = SURFACE_CURVE('',#501,(#505,#512),.PCURVE_S1.);
#501 = LINE('',#502,#503);
#502 = CARTESIAN_POINT('',(-120.,210.,560.));
#503 = VECTOR('',#504,1.);
#504 = DIRECTION('',(-0.,1.,0.));
#505 = PCURVE('',#366,#506);
#506 = DEFINITIONAL_REPRESENTATION('',(#507),#511);
#507 = LINE('',#508,#509);
#508 = CARTESIAN_POINT('',(0.,0.));
#509 = VECTOR('',#510,1.);
#510 = DIRECTION('',(0.,1.));
#511 = ( GEOMETRIC_REPRESENTATION_CONTEXT(2) 
PARAMETRIC_REPRESENTATION_CONTEXT() REPRESENTATION_CONTEXT('2D SPACE',''
  ) );
#512 = PCURVE('',#394,#513);
#513 = DEFINITIONAL_REPRESENTATION('',(#514),#518);
#514 = LINE('',#515,#516);
#515 = CARTESIAN_POINT('',(60.,0.));
#516 = VECTOR('',#517,1.);
#517 = DIRECTION('',(0.,-1.));
#518 = ( GEOMETRIC_REPRESENTATION_CONTEXT(2) 
PARAMETRIC_REPRESENTATION_CONTEXT() REPRESENTATION_CONTEXT('2D SPACE',''
  ) );
#519 = ORIENTED_EDGE('',*,*,#348,.T.);
#520 = ORIENTED_EDGE('',*,*,#521,.T.);
#521 = EDGE_CURVE('',#351,#522,#524,.T.);
#522 = VERTEX_POINT('',#523);
#523 = CARTESIAN_POINT('',(-90.,222.,560.));
#524 = SURFACE_CURVE('',#525,(#529,#536),.PCURVE_S1.);
#525 = LINE('',#526,#527);
#526 = CARTESIAN_POINT('',(-90.,210.,560.));
#527 = VECTOR('',#528,1.);
#528 = DIRECTION('',(-0.,1.,0.));
#529 = PCURVE('',#366,#530);
#530 = DEFINITIONAL_REPRESENTATION('',(#531),#535);
#531 = LINE('',#532,#533);
#532 = CARTESIAN_POINT('',(30.,0.));
#533 = VECTOR('',#534,1.);
#534 = DIRECTION('',(0.,1.));
#535 = ( GEOMETRIC_REPRESENTATION_CONTEXT(2) 
PARAMETRIC_REPRESENTATION_CONTEXT() REPRESENTATION_CONTEXT('2D SPACE',''
  ) );
#536 = PCURVE('',#448,#537);
#537 = DEFINITIONAL_REPRESENTATION('',(#538),#542);
#538 = LINE('',#539,#540);
#539 = CARTESIAN_POINT('',(60.,0.));
#540 = VECTOR('',#541,1.);
#541 = DIRECTION('',(0.,-1.));
#542 = ( GEOMETRIC_REPRESENTATION_CONTEXT(2) 
PARAMETRIC_REPRESENTATION_CONTEXT() REPRESENTATION_CONTEXT('2D SPACE',''
  ) );
#543 = ORIENTED_EDGE('',*,*,#544,.F.);
#544 = EDGE_CURVE('',#498,#522,#545,.T.);
#545 = SURFACE_CURVE('',#546,(#550,#557),.PCURVE_S1.);
#546 = LINE('',#547,#548);
#547 = CARTESIAN_POINT('',(-120.,222.,560.));
#548 = VECTOR('',#549,1.);
#549 = DIRECTION('',(1.,0.,-0.));
#550 = PCURVE('',#366,#551);
#551 = DEFINITIONAL_REPRESENTATION('',(#552),#556);
#552 = LINE('',#553,#554);
#553 = CARTESIAN_POINT('',(0.,12.));
#554 = VECTOR('',#555,1.);
#555 = DIRECTION('',(1.,0.));
#556 = ( GEOMETRIC_REPRESENTATION_CONTEXT(2) 
PARAMETRIC_REPRESENTATION_CONTEXT() REPRESENTATION_CONTEXT('2D SPACE',''
  ) );
#557 = PCURVE('',#558,#563);
#558 = PLANE('',#559);
#559 = AXIS2_PLACEMENT_3D('',#560,#561,#562);
#560 = CARTESIAN_POINT('',(-120.,222.,500.));
#561 = DIRECTION('',(-0.,1.,0.));
#562 = DIRECTION('',(0.,0.,1.));
#563 = DEFINITIONAL_REPRESENTATION('',(#564),#568);
#564 = LINE('',#565,#566);
#565 = CARTESIAN_POINT('',(60.,0.));
#566 = VECTOR('',#567,1.);
#567 = DIRECTION('',(0.,1.));
#568 = ( GEOMETRIC_REPRESENTATION_CONTEXT(2) 
PARAMETRIC_REPRESENTATION_CONTEXT() REPRESENTATION_CONTEXT('2D SPACE',''
  ) );
#569 = ADVANCED_FACE('',(#570),#448,.T.);
#570 = FACE_BOUND('',#571,.T.);
#571 = EDGE_LOOP('',(#572,#573,#596,#617));
#572 = ORIENTED_EDGE('',*,*,#434,.F.);
#573 = ORIENTED_EDGE('',*,*,#574,.T.);
#574 = EDGE_CURVE('',#407,#575,#577,.T.);
#575 = VERTEX_POINT('',#576);
#576 = CARTESIAN_POINT('',(-90.,222.,500.));
#577 = SURFACE_CURVE('',#578,(#582,#589),.PCURVE_S1.);
#578 = LINE('',#579,#580);
#579 = CARTESIAN_POINT('',(-90.,210.,500.));
#580 = VECTOR('',#581,1.);
#581 = DIRECTION('',(-0.,1.,0.));
#582 = PCURVE('',#448,#583);
#583 = DEFINITIONAL_REPRESENTATION('',(#584),#588);
#584 = LINE('',#585,#586);
#585 = CARTESIAN_POINT('',(0.,0.));
#586 = VECTOR('',#587,1.);
#587 = DIRECTION('',(0.,-1.));
#588 = ( GEOMETRIC_REPRESENTATION_CONTEXT(2) 
PARAMETRIC_REPRESENTATION_CONTEXT() REPRESENTATION_CONTEXT('2D SPACE',''
  ) );
#589 = PCURVE('',#422,#590);
#590 = DEFINITIONAL_REPRESENTATION('',(#591),#595);
#591 = LINE('',#592,#593);
#592 = CARTESIAN_POINT('',(30.,0.));
#593 = VECTOR('',#594,1.);
#594 = DIRECTION('',(0.,1.));
#595 = ( GEOMETRIC_REPRESENTATION_CONTEXT(2) 
PARAMETRIC_REPRESENTATION_CONTEXT() REPRESENTATION_CONTEXT('2D SPACE',''
  ) );
#596 = ORIENTED_EDGE('',*,*,#597,.T.);
#597 = EDGE_CURVE('',#575,#522,#598,.T.);
#598 = SURFACE_CURVE('',#599,(#603,#610),.PCURVE_S1.);
#599 = LINE('',#600,#601);
#600 = CARTESIAN_POINT('',(-90.,222.,500.));
#601 = VECTOR('',#602,1.);
#602 = DIRECTION('',(0.,0.,1.));
#603 = PCURVE('',#448,#604);
#604 = DEFINITIONAL_REPRESENTATION('',(#605),#609);
#605 = LINE('',#606,#607);
#606 = CARTESIAN_POINT('',(0.,-12.));
#607 = VECTOR('',#608,1.);
#608 = DIRECTION('',(1.,0.));
#609 = ( GEOMETRIC_REPRESENTATION_CONTEXT(2) 
PARAMETRIC_REPRESENTATION_CONTEXT() REPRESENTATION_CONTEXT('2D SPACE',''
  ) );
#610 = PCURVE('',#558,#611);
#611 = DEFINITIONAL_REPRESENTATION('',(#612),#616);
#612 = LINE('',#613,#614);
#613 = CARTESIAN_POINT('',(0.,30.));
#614 = VECTOR('',#615,1.);
#615 = DIRECTION('',(1.,0.));
#616 = ( GEOMETRIC_REPRESENTATION_CONTEXT(2) 
PARAMETRIC_REPRESENTATION_CONTEXT() REPRESENTATION_CONTEXT('2D SPACE',''
  ) );
#617 = ORIENTED_EDGE('',*,*,#521,.F.);
#618 = ADVANCED_FACE('',(#619),#422,.F.);
#619 = FACE_BOUND('',#620,.F.);
#620 = EDGE_LOOP('',(#621,#644,#645,#646));
#621 = ORIENTED_EDGE('',*,*,#622,.F.);
#622 = EDGE_CURVE('',#379,#623,#625,.T.);
#623 = VERTEX_POINT('',#624);
#624 = CARTESIAN_POINT('',(-120.,222.,500.));
#625 = SURFACE_CURVE('',#626,(#630,#637),.PCURVE_S1.);
#626 = LINE('',#627,#628);
#627 = CARTESIAN_POINT('',(-120.,210.,500.));
#628 = VECTOR('',#629,1.);
#629 = DIRECTION('',(-0.,1.,0.));
#630 = PCURVE('',#422,#631);
#631 = DEFINITIONAL_REPRESENTATION('',(#632),#636);
#632 = LINE('',#633,#634);
#633 = CARTESIAN_POINT('',(0.,0.));
#634 = VECTOR('',#635,1.);
#635 = DIRECTION('',(0.,1.));
#636 = ( GEOMETRIC_REPRESENTATION_CONTEXT(2) 
PARAMETRIC_REPRESENTATION_CONTEXT() REPRESENTATION_CONTEXT('2D SPACE',''
  ) );
#637 = PCURVE('',#394,#638);
#638 = DEFINITIONAL_REPRESENTATION('',(#639),#643);
#639 = LINE('',#640,#641);
#640 = CARTESIAN_POINT('',(0.,0.));
#641 = VECTOR('',#642,1.);
#642 = DIRECTION('',(0.,-1.));
#643 = ( GEOMETRIC_REPRESENTATION_CONTEXT(2) 
PARAMETRIC_REPRESENTATION_CONTEXT() REPRESENTATION_CONTEXT('2D SPACE',''
  ) );
#644 = ORIENTED_EDGE('',*,*,#406,.T.);
#645 = ORIENTED_EDGE('',*,*,#574,.T.);
#646 = ORIENTED_EDGE('',*,*,#647,.F.);
#647 = EDGE_CURVE('',#623,#575,#648,.T.);
#648 = SURFACE_CURVE('',#649,(#653,#660),.PCURVE_S1.);
#649 = LINE('',#650,#651);
#650 = CARTESIAN_POINT('',(-120.,222.,500.));
#651 = VECTOR('',#652,1.);
#652 = DIRECTION('',(1.,0.,-0.));
#653 = PCURVE('',#422,#654);
#654 = DEFINITIONAL_REPRESENTATION('',(#655),#659);
#655 = LINE('',#656,#657);
#656 = CARTESIAN_POINT('',(0.,12.));
#657 = VECTOR('',#658,1.);
#658 = DIRECTION('',(1.,0.));
#659 = ( GEOMETRIC_REPRESENTATION_CONTEXT(2) 
PARAMETRIC_REPRESENTATION_CONTEXT() REPRESENTATION_CONTEXT('2D SPACE',''
  ) );
#660 = PCURVE('',#558,#661);
#661 = DEFINITIONAL_REPRESENTATION('',(#662),#666);
#662 = LINE('',#663,#664);
#663 = CARTESIAN_POINT('',(0.,0.));
#664 = VECTOR('',#665,1.);
#665 = DIRECTION('',(0.,1.));
#666 = ( GEOMETRIC_REPRESENTATION_CONTEXT(2) 
PARAMETRIC_REPRESENTATION_CONTEXT() REPRESENTATION_CONTEXT('2D SPACE',''
  ) );
#667 = ADVANCED_FACE('',(#668),#394,.F.);
#668 = FACE_BOUND('',#669,.F.);
#669 = EDGE_LOOP('',(#670,#671,#672,#693));
#670 = ORIENTED_EDGE('',*,*,#378,.F.);
#671 = ORIENTED_EDGE('',*,*,#622,.T.);
#672 = ORIENTED_EDGE('',*,*,#673,.T.);
#673 = EDGE_CURVE('',#623,#498,#674,.T.);
#674 = SURFACE_CURVE('',#675,(#679,#686),.PCURVE_S1.);
#675 = LINE('',#676,#677);
#676 = CARTESIAN_POINT('',(-120.,222.,500.));
#677 = VECTOR('',#678,1.);
#678 = DIRECTION('',(0.,0.,1.));
#679 = PCURVE('',#394,#680);
#680 = DEFINITIONAL_REPRESENTATION('',(#681),#685);
#681 = LINE('',#682,#683);
#682 = CARTESIAN_POINT('',(0.,-12.));
#683 = VECTOR('',#684,1.);
#684 = DIRECTION('',(1.,0.));
#685 = ( GEOMETRIC_REPRESENTATION_CONTEXT(2) 
PARAMETRIC_REPRESENTATION_CONTEXT() REPRESENTATION_CONTEXT('2D SPACE',''
  ) );
#686 = PCURVE('',#558,#687);
#687 = DEFINITIONAL_REPRESENTATION('',(#688),#692);
#688 = LINE('',#689,#690);
#689 = CARTESIAN_POINT('',(0.,0.));
#690 = VECTOR('',#691,1.);
#691 = DIRECTION('',(1.,0.));
#692 = ( GEOMETRIC_REPRESENTATION_CONTEXT(2) 
PARAMETRIC_REPRESENTATION_CONTEXT() REPRESENTATION_CONTEXT('2D SPACE',''
  ) );
#693 = ORIENTED_EDGE('',*,*,#497,.F.);
#694 = ADVANCED_FACE('',(#695),#558,.T.);
#695 = FACE_BOUND('',#696,.T.);
#696 = EDGE_LOOP('',(#697,#698,#699,#700));
#697 = ORIENTED_EDGE('',*,*,#647,.F.);
#698 = ORIENTED_EDGE('',*,*,#673,.T.);
#699 = ORIENTED_EDGE('',*,*,#544,.T.);
#700 = ORIENTED_EDGE('',*,*,#597,.F.);
#701 = ORIENTED_CLOSED_SHELL('',*,#702,.F.);
#702 = CLOSED_SHELL('',(#703,#823,#1127,#1176,#1225,#1252,#1259,#1335,
    #1384,#1433,#1460,#1536,#1585,#1634,#1661,#1668));
#703 = ADVANCED_FACE('',(#704),#718,.F.);
#704 = FACE_BOUND('',#705,.F.);
#705 = EDGE_LOOP('',(#706,#741,#769,#797));
#706 = ORIENTED_EDGE('',*,*,#707,.F.);
#707 = EDGE_CURVE('',#708,#710,#712,.T.);
#708 = VERTEX_POINT('',#709);
#709 = CARTESIAN_POINT('',(-178.,52.,302.));
#710 = VERTEX_POINT('',#711);
#711 = CARTESIAN_POINT('',(-178.,52.,758.));
#712 = SURFACE_CURVE('',#713,(#717,#729),.PCURVE_S1.);
#713 = LINE('',#714,#715);
#714 = CARTESIAN_POINT('',(-178.,52.,302.));
#715 = VECTOR('',#716,1.);
#716 = DIRECTION('',(0.,0.,1.));
#717 = PCURVE('',#718,#723);
#718 = PLANE('',#719);
#719 = AXIS2_PLACEMENT_3D('',#720,#721,#722);
#720 = CARTESIAN_POINT('',(-178.,52.,302.));
#721 = DIRECTION('',(1.,0.,-0.));
#722 = DIRECTION('',(0.,0.,1.));
#723 = DEFINITIONAL_REPRESENTATION('',(#724),#728);
#724 = LINE('',#725,#726);
#725 = CARTESIAN_POINT('',(0.,0.));
#726 = VECTOR('',#727,1.);
#727 = DIRECTION('',(1.,0.));
#728 = ( GEOMETRIC_REPRESENTATION_CONTEXT(2) 
PARAMETRIC_REPRESENTATION_CONTEXT() REPRESENTATION_CONTEXT('2D SPACE',''
  ) );
#729 = PCURVE('',#730,#735);
#730 = PLANE('',#731);
#731 = AXIS2_PLACEMENT_3D('',#732,#733,#734);
#732 = CARTESIAN_POINT('',(-178.,52.,302.));
#733 = DIRECTION('',(-0.,1.,0.));
#734 = DIRECTION('',(0.,0.,1.));
#735 = DEFINITIONAL_REPRESENTATION('',(#736),#740);
#736 = LINE('',#737,#738);
#737 = CARTESIAN_POINT('',(0.,0.));
#738 = VECTOR('',#739,1.);
#739 = DIRECTION('',(1.,0.));
#740 = ( GEOMETRIC_REPRESENTATION_CONTEXT(2) 
PARAMETRIC_REPRESENTATION_CONTEXT() REPRESENTATION_CONTEXT('2D SPACE',''
  ) );
#741 = ORIENTED_EDGE('',*,*,#742,.T.);
#742 = EDGE_CURVE('',#708,#743,#745,.T.);
#743 = VERTEX_POINT('',#744);
#744 = CARTESIAN_POINT('',(-178.,208.,302.));
#745 = SURFACE_CURVE('',#746,(#750,#757),.PCURVE_S1.);
#746 = LINE('',#747,#748);
#747 = CARTESIAN_POINT('',(-178.,52.,302.));
#748 = VECTOR('',#749,1.);
#749 = DIRECTION('',(-0.,1.,0.));
#750 = PCURVE('',#718,#751);
#751 = DEFINITIONAL_REPRESENTATION('',(#752),#756);
#752 = LINE('',#753,#754);
#753 = CARTESIAN_POINT('',(0.,0.));
#754 = VECTOR('',#755,1.);
#755 = DIRECTION('',(0.,-1.));
#756 = ( GEOMETRIC_REPRESENTATION_CONTEXT(2) 
PARAMETRIC_REPRESENTATION_CONTEXT() REPRESENTATION_CONTEXT('2D SPACE',''
  ) );
#757 = PCURVE('',#758,#763);
#758 = PLANE('',#759);
#759 = AXIS2_PLACEMENT_3D('',#760,#761,#762);
#760 = CARTESIAN_POINT('',(-178.,52.,302.));
#761 = DIRECTION('',(0.,0.,1.));
#762 = DIRECTION('',(1.,0.,-0.));
#763 = DEFINITIONAL_REPRESENTATION('',(#764),#768);
#764 = LINE('',#765,#766);
#765 = CARTESIAN_POINT('',(0.,0.));
#766 = VECTOR('',#767,1.);
#767 = DIRECTION('',(0.,1.));
#768 = ( GEOMETRIC_REPRESENTATION_CONTEXT(2) 
PARAMETRIC_REPRESENTATION_CONTEXT() REPRESENTATION_CONTEXT('2D SPACE',''
  ) );
#769 = ORIENTED_EDGE('',*,*,#770,.T.);
#770 = EDGE_CURVE('',#743,#771,#773,.T.);
#771 = VERTEX_POINT('',#772);
#772 = CARTESIAN_POINT('',(-178.,208.,758.));
#773 = SURFACE_CURVE('',#774,(#778,#785),.PCURVE_S1.);
#774 = LINE('',#775,#776);
#775 = CARTESIAN_POINT('',(-178.,208.,302.));
#776 = VECTOR('',#777,1.);
#777 = DIRECTION('',(0.,0.,1.));
#778 = PCURVE('',#718,#779);
#779 = DEFINITIONAL_REPRESENTATION('',(#780),#784);
#780 = LINE('',#781,#782);
#781 = CARTESIAN_POINT('',(0.,-156.));
#782 = VECTOR('',#783,1.);
#783 = DIRECTION('',(1.,0.));
#784 = ( GEOMETRIC_REPRESENTATION_CONTEXT(2) 
PARAMETRIC_REPRESENTATION_CONTEXT() REPRESENTATION_CONTEXT('2D SPACE',''
  ) );
#785 = PCURVE('',#786,#791);
#786 = PLANE('',#787);
#787 = AXIS2_PLACEMENT_3D('',#788,#789,#790);
#788 = CARTESIAN_POINT('',(-178.,208.,302.));
#789 = DIRECTION('',(-0.,1.,0.));
#790 = DIRECTION('',(0.,0.,1.));
#791 = DEFINITIONAL_REPRESENTATION('',(#792),#796);
#792 = LINE('',#793,#794);
#793 = CARTESIAN_POINT('',(0.,0.));
#794 = VECTOR('',#795,1.);
#795 = DIRECTION('',(1.,0.));
#796 = ( GEOMETRIC_REPRESENTATION_CONTEXT(2) 
PARAMETRIC_REPRESENTATION_CONTEXT() REPRESENTATION_CONTEXT('2D SPACE',''
  ) );
#797 = ORIENTED_EDGE('',*,*,#798,.F.);
#798 = EDGE_CURVE('',#710,#771,#799,.T.);
#799 = SURFACE_CURVE('',#800,(#804,#811),.PCURVE_S1.);
#800 = LINE('',#801,#802);
#801 = CARTESIAN_POINT('',(-178.,52.,758.));
#802 = VECTOR('',#803,1.);
#803 = DIRECTION('',(-0.,1.,0.));
#804 = PCURVE('',#718,#805);
#805 = DEFINITIONAL_REPRESENTATION('',(#806),#810);
#806 = LINE('',#807,#808);
#807 = CARTESIAN_POINT('',(456.,0.));
#808 = VECTOR('',#809,1.);
#809 = DIRECTION('',(0.,-1.));
#810 = ( GEOMETRIC_REPRESENTATION_CONTEXT(2) 
PARAMETRIC_REPRESENTATION_CONTEXT() REPRESENTATION_CONTEXT('2D SPACE',''
  ) );
#811 = PCURVE('',#812,#817);
#812 = PLANE('',#813);
#813 = AXIS2_PLACEMENT_3D('',#814,#815,#816);
#814 = CARTESIAN_POINT('',(-178.,52.,758.));
#815 = DIRECTION('',(0.,0.,1.));
#816 = DIRECTION('',(1.,0.,-0.));
#817 = DEFINITIONAL_REPRESENTATION('',(#818),#822);
#818 = LINE('',#819,#820);
#819 = CARTESIAN_POINT('',(0.,0.));
#820 = VECTOR('',#821,1.);
#821 = DIRECTION('',(0.,1.));
#822 = ( GEOMETRIC_REPRESENTATION_CONTEXT(2) 
PARAMETRIC_REPRESENTATION_CONTEXT() REPRESENTATION_CONTEXT('2D SPACE',''
  ) );
#823 = ADVANCED_FACE('',(#824,#899,#1013),#730,.F.);
#824 = FACE_BOUND('',#825,.F.);
#825 = EDGE_LOOP('',(#826,#849,#850,#873));
#826 = ORIENTED_EDGE('',*,*,#827,.F.);
#827 = EDGE_CURVE('',#708,#828,#830,.T.);
#828 = VERTEX_POINT('',#829);
#829 = CARTESIAN_POINT('',(178.,52.,302.));
#830 = SURFACE_CURVE('',#831,(#835,#842),.PCURVE_S1.);
#831 = LINE('',#832,#833);
#832 = CARTESIAN_POINT('',(-178.,52.,302.));
#833 = VECTOR('',#834,1.);
#834 = DIRECTION('',(1.,0.,-0.));
#835 = PCURVE('',#730,#836);
#836 = DEFINITIONAL_REPRESENTATION('',(#837),#841);
#837 = LINE('',#838,#839);
#838 = CARTESIAN_POINT('',(0.,0.));
#839 = VECTOR('',#840,1.);
#840 = DIRECTION('',(0.,1.));
#841 = ( GEOMETRIC_REPRESENTATION_CONTEXT(2) 
PARAMETRIC_REPRESENTATION_CONTEXT() REPRESENTATION_CONTEXT('2D SPACE',''
  ) );
#842 = PCURVE('',#758,#843);
#843 = DEFINITIONAL_REPRESENTATION('',(#844),#848);
#844 = LINE('',#845,#846);
#845 = CARTESIAN_POINT('',(0.,0.));
#846 = VECTOR('',#847,1.);
#847 = DIRECTION('',(1.,0.));
#848 = ( GEOMETRIC_REPRESENTATION_CONTEXT(2) 
PARAMETRIC_REPRESENTATION_CONTEXT() REPRESENTATION_CONTEXT('2D SPACE',''
  ) );
#849 = ORIENTED_EDGE('',*,*,#707,.T.);
#850 = ORIENTED_EDGE('',*,*,#851,.T.);
#851 = EDGE_CURVE('',#710,#852,#854,.T.);
#852 = VERTEX_POINT('',#853);
#853 = CARTESIAN_POINT('',(178.,52.,758.));
#854 = SURFACE_CURVE('',#855,(#859,#866),.PCURVE_S1.);
#855 = LINE('',#856,#857);
#856 = CARTESIAN_POINT('',(-178.,52.,758.));
#857 = VECTOR('',#858,1.);
#858 = DIRECTION('',(1.,0.,-0.));
#859 = PCURVE('',#730,#860);
#860 = DEFINITIONAL_REPRESENTATION('',(#861),#865);
#861 = LINE('',#862,#863);
#862 = CARTESIAN_POINT('',(456.,0.));
#863 = VECTOR('',#864,1.);
#864 = DIRECTION('',(0.,1.));
#865 = ( GEOMETRIC_REPRESENTATION_CONTEXT(2) 
PARAMETRIC_REPRESENTATION_CONTEXT() REPRESENTATION_CONTEXT('2D SPACE',''
  ) );
#866 = PCURVE('',#812,#867);
#867 = DEFINITIONAL_REPRESENTATION('',(#868),#872);
#868 = LINE('',#869,#870);
#869 = CARTESIAN_POINT('',(0.,0.));
#870 = VECTOR('',#871,1.);
#871 = DIRECTION('',(1.,0.));
#872 = ( GEOMETRIC_REPRESENTATION_CONTEXT(2) 
PARAMETRIC_REPRESENTATION_CONTEXT() REPRESENTATION_CONTEXT('2D SPACE',''
  ) );
#873 = ORIENTED_EDGE('',*,*,#874,.F.);
#874 = EDGE_CURVE('',#828,#852,#875,.T.);
#875 = SURFACE_CURVE('',#876,(#880,#887),.PCURVE_S1.);
#876 = LINE('',#877,#878);
#877 = CARTESIAN_POINT('',(178.,52.,302.));
#878 = VECTOR('',#879,1.);
#879 = DIRECTION('',(0.,0.,1.));
#880 = PCURVE('',#730,#881);
#881 = DEFINITIONAL_REPRESENTATION('',(#882),#886);
#882 = LINE('',#883,#884);
#883 = CARTESIAN_POINT('',(0.,356.));
#884 = VECTOR('',#885,1.);
#885 = DIRECTION('',(1.,0.));
#886 = ( GEOMETRIC_REPRESENTATION_CONTEXT(2) 
PARAMETRIC_REPRESENTATION_CONTEXT() REPRESENTATION_CONTEXT('2D SPACE',''
  ) );
#887 = PCURVE('',#888,#893);
#888 = PLANE('',#889);
#889 = AXIS2_PLACEMENT_3D('',#890,#891,#892);
#890 = CARTESIAN_POINT('',(178.,52.,302.));
#891 = DIRECTION('',(1.,0.,-0.));
#892 = DIRECTION('',(0.,0.,1.));
#893 = DEFINITIONAL_REPRESENTATION('',(#894),#898);
#894 = LINE('',#895,#896);
#895 = CARTESIAN_POINT('',(0.,0.));
#896 = VECTOR('',#897,1.);
#897 = DIRECTION('',(1.,0.));
#898 = ( GEOMETRIC_REPRESENTATION_CONTEXT(2) 
PARAMETRIC_REPRESENTATION_CONTEXT() REPRESENTATION_CONTEXT('2D SPACE',''
  ) );
#899 = FACE_BOUND('',#900,.F.);
#900 = EDGE_LOOP('',(#901,#931,#959,#987));
#901 = ORIENTED_EDGE('',*,*,#902,.F.);
#902 = EDGE_CURVE('',#903,#905,#907,.T.);
#903 = VERTEX_POINT('',#904);
#904 = CARTESIAN_POINT('',(-160.,52.,437.5));
#905 = VERTEX_POINT('',#906);
#906 = CARTESIAN_POINT('',(160.,52.,437.5));
#907 = SURFACE_CURVE('',#908,(#912,#919),.PCURVE_S1.);
#908 = LINE('',#909,#910);
#909 = CARTESIAN_POINT('',(-160.,52.,437.5));
#910 = VECTOR('',#911,1.);
#911 = DIRECTION('',(1.,0.,-0.));
#912 = PCURVE('',#730,#913);
#913 = DEFINITIONAL_REPRESENTATION('',(#914),#918);
#914 = LINE('',#915,#916);
#915 = CARTESIAN_POINT('',(135.5,18.));
#916 = VECTOR('',#917,1.);
#917 = DIRECTION('',(0.,1.));
#918 = ( GEOMETRIC_REPRESENTATION_CONTEXT(2) 
PARAMETRIC_REPRESENTATION_CONTEXT() REPRESENTATION_CONTEXT('2D SPACE',''
  ) );
#919 = PCURVE('',#920,#925);
#920 = PLANE('',#921);
#921 = AXIS2_PLACEMENT_3D('',#922,#923,#924);
#922 = CARTESIAN_POINT('',(-160.,52.,437.5));
#923 = DIRECTION('',(0.,0.,1.));
#924 = DIRECTION('',(1.,0.,-0.));
#925 = DEFINITIONAL_REPRESENTATION('',(#926),#930);
#926 = LINE('',#927,#928);
#927 = CARTESIAN_POINT('',(0.,0.));
#928 = VECTOR('',#929,1.);
#929 = DIRECTION('',(1.,0.));
#930 = ( GEOMETRIC_REPRESENTATION_CONTEXT(2) 
PARAMETRIC_REPRESENTATION_CONTEXT() REPRESENTATION_CONTEXT('2D SPACE',''
  ) );
#931 = ORIENTED_EDGE('',*,*,#932,.F.);
#932 = EDGE_CURVE('',#933,#903,#935,.T.);
#933 = VERTEX_POINT('',#934);
#934 = CARTESIAN_POINT('',(-160.,52.,402.5));
#935 = SURFACE_CURVE('',#936,(#940,#947),.PCURVE_S1.);
#936 = LINE('',#937,#938);
#937 = CARTESIAN_POINT('',(-160.,52.,402.5));
#938 = VECTOR('',#939,1.);
#939 = DIRECTION('',(0.,0.,1.));
#940 = PCURVE('',#730,#941);
#941 = DEFINITIONAL_REPRESENTATION('',(#942),#946);
#942 = LINE('',#943,#944);
#943 = CARTESIAN_POINT('',(100.5,18.));
#944 = VECTOR('',#945,1.);
#945 = DIRECTION('',(1.,0.));
#946 = ( GEOMETRIC_REPRESENTATION_CONTEXT(2) 
PARAMETRIC_REPRESENTATION_CONTEXT() REPRESENTATION_CONTEXT('2D SPACE',''
  ) );
#947 = PCURVE('',#948,#953);
#948 = PLANE('',#949);
#949 = AXIS2_PLACEMENT_3D('',#950,#951,#952);
#950 = CARTESIAN_POINT('',(-160.,52.,402.5));
#951 = DIRECTION('',(1.,0.,-0.));
#952 = DIRECTION('',(0.,0.,1.));
#953 = DEFINITIONAL_REPRESENTATION('',(#954),#958);
#954 = LINE('',#955,#956);
#955 = CARTESIAN_POINT('',(0.,0.));
#956 = VECTOR('',#957,1.);
#957 = DIRECTION('',(1.,0.));
#958 = ( GEOMETRIC_REPRESENTATION_CONTEXT(2) 
PARAMETRIC_REPRESENTATION_CONTEXT() REPRESENTATION_CONTEXT('2D SPACE',''
  ) );
#959 = ORIENTED_EDGE('',*,*,#960,.T.);
#960 = EDGE_CURVE('',#933,#961,#963,.T.);
#961 = VERTEX_POINT('',#962);
#962 = CARTESIAN_POINT('',(160.,52.,402.5));
#963 = SURFACE_CURVE('',#964,(#968,#975),.PCURVE_S1.);
#964 = LINE('',#965,#966);
#965 = CARTESIAN_POINT('',(-160.,52.,402.5));
#966 = VECTOR('',#967,1.);
#967 = DIRECTION('',(1.,0.,-0.));
#968 = PCURVE('',#730,#969);
#969 = DEFINITIONAL_REPRESENTATION('',(#970),#974);
#970 = LINE('',#971,#972);
#971 = CARTESIAN_POINT('',(100.5,18.));
#972 = VECTOR('',#973,1.);
#973 = DIRECTION('',(0.,1.));
#974 = ( GEOMETRIC_REPRESENTATION_CONTEXT(2) 
PARAMETRIC_REPRESENTATION_CONTEXT() REPRESENTATION_CONTEXT('2D SPACE',''
  ) );
#975 = PCURVE('',#976,#981);
#976 = PLANE('',#977);
#977 = AXIS2_PLACEMENT_3D('',#978,#979,#980);
#978 = CARTESIAN_POINT('',(-160.,52.,402.5));
#979 = DIRECTION('',(0.,0.,1.));
#980 = DIRECTION('',(1.,0.,-0.));
#981 = DEFINITIONAL_REPRESENTATION('',(#982),#986);
#982 = LINE('',#983,#984);
#983 = CARTESIAN_POINT('',(0.,0.));
#984 = VECTOR('',#985,1.);
#985 = DIRECTION('',(1.,0.));
#986 = ( GEOMETRIC_REPRESENTATION_CONTEXT(2) 
PARAMETRIC_REPRESENTATION_CONTEXT() REPRESENTATION_CONTEXT('2D SPACE',''
  ) );
#987 = ORIENTED_EDGE('',*,*,#988,.T.);
#988 = EDGE_CURVE('',#961,#905,#989,.T.);
#989 = SURFACE_CURVE('',#990,(#994,#1001),.PCURVE_S1.);
#990 = LINE('',#991,#992);
#991 = CARTESIAN_POINT('',(160.,52.,402.5));
#992 = VECTOR('',#993,1.);
#993 = DIRECTION('',(0.,0.,1.));
#994 = PCURVE('',#730,#995);
#995 = DEFINITIONAL_REPRESENTATION('',(#996),#1000);
#996 = LINE('',#997,#998);
#997 = CARTESIAN_POINT('',(100.5,338.));
#998 = VECTOR('',#999,1.);
#999 = DIRECTION('',(1.,0.));
#1000 = ( GEOMETRIC_REPRESENTATION_CONTEXT(2) 
PARAMETRIC_REPRESENTATION_CONTEXT() REPRESENTATION_CONTEXT('2D SPACE',''
  ) );
#1001 = PCURVE('',#1002,#1007);
#1002 = PLANE('',#1003);
#1003 = AXIS2_PLACEMENT_3D('',#1004,#1005,#1006);
#1004 = CARTESIAN_POINT('',(160.,52.,402.5));
#1005 = DIRECTION('',(1.,0.,-0.));
#1006 = DIRECTION('',(0.,0.,1.));
#1007 = DEFINITIONAL_REPRESENTATION('',(#1008),#1012);
#1008 = LINE('',#1009,#1010);
#1009 = CARTESIAN_POINT('',(0.,0.));
#1010 = VECTOR('',#1011,1.);
#1011 = DIRECTION('',(1.,0.));
#1012 = ( GEOMETRIC_REPRESENTATION_CONTEXT(2) 
PARAMETRIC_REPRESENTATION_CONTEXT() REPRESENTATION_CONTEXT('2D SPACE',''
  ) );
#1013 = FACE_BOUND('',#1014,.F.);
#1014 = EDGE_LOOP('',(#1015,#1045,#1073,#1101));
#1015 = ORIENTED_EDGE('',*,*,#1016,.F.);
#1016 = EDGE_CURVE('',#1017,#1019,#1021,.T.);
#1017 = VERTEX_POINT('',#1018);
#1018 = CARTESIAN_POINT('',(-160.,52.,637.5));
#1019 = VERTEX_POINT('',#1020);
#1020 = CARTESIAN_POINT('',(160.,52.,637.5));
#1021 = SURFACE_CURVE('',#1022,(#1026,#1033),.PCURVE_S1.);
#1022 = LINE('',#1023,#1024);
#1023 = CARTESIAN_POINT('',(-160.,52.,637.5));
#1024 = VECTOR('',#1025,1.);
#1025 = DIRECTION('',(1.,0.,-0.));
#1026 = PCURVE('',#730,#1027);
#1027 = DEFINITIONAL_REPRESENTATION('',(#1028),#1032);
#1028 = LINE('',#1029,#1030);
#1029 = CARTESIAN_POINT('',(335.5,18.));
#1030 = VECTOR('',#1031,1.);
#1031 = DIRECTION('',(0.,1.));
#1032 = ( GEOMETRIC_REPRESENTATION_CONTEXT(2) 
PARAMETRIC_REPRESENTATION_CONTEXT() REPRESENTATION_CONTEXT('2D SPACE',''
  ) );
#1033 = PCURVE('',#1034,#1039);
#1034 = PLANE('',#1035);
#1035 = AXIS2_PLACEMENT_3D('',#1036,#1037,#1038);
#1036 = CARTESIAN_POINT('',(-160.,52.,637.5));
#1037 = DIRECTION('',(0.,0.,1.));
#1038 = DIRECTION('',(1.,0.,-0.));
#1039 = DEFINITIONAL_REPRESENTATION('',(#1040),#1044);
#1040 = LINE('',#1041,#1042);
#1041 = CARTESIAN_POINT('',(0.,0.));
#1042 = VECTOR('',#1043,1.);
#1043 = DIRECTION('',(1.,0.));
#1044 = ( GEOMETRIC_REPRESENTATION_CONTEXT(2) 
PARAMETRIC_REPRESENTATION_CONTEXT() REPRESENTATION_CONTEXT('2D SPACE',''
  ) );
#1045 = ORIENTED_EDGE('',*,*,#1046,.F.);
#1046 = EDGE_CURVE('',#1047,#1017,#1049,.T.);
#1047 = VERTEX_POINT('',#1048);
#1048 = CARTESIAN_POINT('',(-160.,52.,602.5));
#1049 = SURFACE_CURVE('',#1050,(#1054,#1061),.PCURVE_S1.);
#1050 = LINE('',#1051,#1052);
#1051 = CARTESIAN_POINT('',(-160.,52.,602.5));
#1052 = VECTOR('',#1053,1.);
#1053 = DIRECTION('',(0.,0.,1.));
#1054 = PCURVE('',#730,#1055);
#1055 = DEFINITIONAL_REPRESENTATION('',(#1056),#1060);
#1056 = LINE('',#1057,#1058);
#1057 = CARTESIAN_POINT('',(300.5,18.));
#1058 = VECTOR('',#1059,1.);
#1059 = DIRECTION('',(1.,0.));
#1060 = ( GEOMETRIC_REPRESENTATION_CONTEXT(2) 
PARAMETRIC_REPRESENTATION_CONTEXT() REPRESENTATION_CONTEXT('2D SPACE',''
  ) );
#1061 = PCURVE('',#1062,#1067);
#1062 = PLANE('',#1063);
#1063 = AXIS2_PLACEMENT_3D('',#1064,#1065,#1066);
#1064 = CARTESIAN_POINT('',(-160.,52.,602.5));
#1065 = DIRECTION('',(1.,0.,-0.));
#1066 = DIRECTION('',(0.,0.,1.));
#1067 = DEFINITIONAL_REPRESENTATION('',(#1068),#1072);
#1068 = LINE('',#1069,#1070);
#1069 = CARTESIAN_POINT('',(0.,0.));
#1070 = VECTOR('',#1071,1.);
#1071 = DIRECTION('',(1.,0.));
#1072 = ( GEOMETRIC_REPRESENTATION_CONTEXT(2) 
PARAMETRIC_REPRESENTATION_CONTEXT() REPRESENTATION_CONTEXT('2D SPACE',''
  ) );
#1073 = ORIENTED_EDGE('',*,*,#1074,.T.);
#1074 = EDGE_CURVE('',#1047,#1075,#1077,.T.);
#1075 = VERTEX_POINT('',#1076);
#1076 = CARTESIAN_POINT('',(160.,52.,602.5));
#1077 = SURFACE_CURVE('',#1078,(#1082,#1089),.PCURVE_S1.);
#1078 = LINE('',#1079,#1080);
#1079 = CARTESIAN_POINT('',(-160.,52.,602.5));
#1080 = VECTOR('',#1081,1.);
#1081 = DIRECTION('',(1.,0.,-0.));
#1082 = PCURVE('',#730,#1083);
#1083 = DEFINITIONAL_REPRESENTATION('',(#1084),#1088);
#1084 = LINE('',#1085,#1086);
#1085 = CARTESIAN_POINT('',(300.5,18.));
#1086 = VECTOR('',#1087,1.);
#1087 = DIRECTION('',(0.,1.));
#1088 = ( GEOMETRIC_REPRESENTATION_CONTEXT(2) 
PARAMETRIC_REPRESENTATION_CONTEXT() REPRESENTATION_CONTEXT('2D SPACE',''
  ) );
#1089 = PCURVE('',#1090,#1095);
#1090 = PLANE('',#1091);
#1091 = AXIS2_PLACEMENT_3D('',#1092,#1093,#1094);
#1092 = CARTESIAN_POINT('',(-160.,52.,602.5));
#1093 = DIRECTION('',(0.,0.,1.));
#1094 = DIRECTION('',(1.,0.,-0.));
#1095 = DEFINITIONAL_REPRESENTATION('',(#1096),#1100);
#1096 = LINE('',#1097,#1098);
#1097 = CARTESIAN_POINT('',(0.,0.));
#1098 = VECTOR('',#1099,1.);
#1099 = DIRECTION('',(1.,0.));
#1100 = ( GEOMETRIC_REPRESENTATION_CONTEXT(2) 
PARAMETRIC_REPRESENTATION_CONTEXT() REPRESENTATION_CONTEXT('2D SPACE',''
  ) );
#1101 = ORIENTED_EDGE('',*,*,#1102,.T.);
#1102 = EDGE_CURVE('',#1075,#1019,#1103,.T.);
#1103 = SURFACE_CURVE('',#1104,(#1108,#1115),.PCURVE_S1.);
#1104 = LINE('',#1105,#1106);
#1105 = CARTESIAN_POINT('',(160.,52.,602.5));
#1106 = VECTOR('',#1107,1.);
#1107 = DIRECTION('',(0.,0.,1.));
#1108 = PCURVE('',#730,#1109);
#1109 = DEFINITIONAL_REPRESENTATION('',(#1110),#1114);
#1110 = LINE('',#1111,#1112);
#1111 = CARTESIAN_POINT('',(300.5,338.));
#1112 = VECTOR('',#1113,1.);
#1113 = DIRECTION('',(1.,0.));
#1114 = ( GEOMETRIC_REPRESENTATION_CONTEXT(2) 
PARAMETRIC_REPRESENTATION_CONTEXT() REPRESENTATION_CONTEXT('2D SPACE',''
  ) );
#1115 = PCURVE('',#1116,#1121);
#1116 = PLANE('',#1117);
#1117 = AXIS2_PLACEMENT_3D('',#1118,#1119,#1120);
#1118 = CARTESIAN_POINT('',(160.,52.,602.5));
#1119 = DIRECTION('',(1.,0.,-0.));
#1120 = DIRECTION('',(0.,0.,1.));
#1121 = DEFINITIONAL_REPRESENTATION('',(#1122),#1126);
#1122 = LINE('',#1123,#1124);
#1123 = CARTESIAN_POINT('',(0.,0.));
#1124 = VECTOR('',#1125,1.);
#1125 = DIRECTION('',(1.,0.));
#1126 = ( GEOMETRIC_REPRESENTATION_CONTEXT(2) 
PARAMETRIC_REPRESENTATION_CONTEXT() REPRESENTATION_CONTEXT('2D SPACE',''
  ) );
#1127 = ADVANCED_FACE('',(#1128),#812,.T.);
#1128 = FACE_BOUND('',#1129,.T.);
#1129 = EDGE_LOOP('',(#1130,#1131,#1132,#1155));
#1130 = ORIENTED_EDGE('',*,*,#798,.F.);
#1131 = ORIENTED_EDGE('',*,*,#851,.T.);
#1132 = ORIENTED_EDGE('',*,*,#1133,.T.);
#1133 = EDGE_CURVE('',#852,#1134,#1136,.T.);
#1134 = VERTEX_POINT('',#1135);
#1135 = CARTESIAN_POINT('',(178.,208.,758.));
#1136 = SURFACE_CURVE('',#1137,(#1141,#1148),.PCURVE_S1.);
#1137 = LINE('',#1138,#1139);
#1138 = CARTESIAN_POINT('',(178.,52.,758.));
#1139 = VECTOR('',#1140,1.);
#1140 = DIRECTION('',(-0.,1.,0.));
#1141 = PCURVE('',#812,#1142);
#1142 = DEFINITIONAL_REPRESENTATION('',(#1143),#1147);
#1143 = LINE('',#1144,#1145);
#1144 = CARTESIAN_POINT('',(356.,0.));
#1145 = VECTOR('',#1146,1.);
#1146 = DIRECTION('',(0.,1.));
#1147 = ( GEOMETRIC_REPRESENTATION_CONTEXT(2) 
PARAMETRIC_REPRESENTATION_CONTEXT() REPRESENTATION_CONTEXT('2D SPACE',''
  ) );
#1148 = PCURVE('',#888,#1149);
#1149 = DEFINITIONAL_REPRESENTATION('',(#1150),#1154);
#1150 = LINE('',#1151,#1152);
#1151 = CARTESIAN_POINT('',(456.,0.));
#1152 = VECTOR('',#1153,1.);
#1153 = DIRECTION('',(0.,-1.));
#1154 = ( GEOMETRIC_REPRESENTATION_CONTEXT(2) 
PARAMETRIC_REPRESENTATION_CONTEXT() REPRESENTATION_CONTEXT('2D SPACE',''
  ) );
#1155 = ORIENTED_EDGE('',*,*,#1156,.F.);
#1156 = EDGE_CURVE('',#771,#1134,#1157,.T.);
#1157 = SURFACE_CURVE('',#1158,(#1162,#1169),.PCURVE_S1.);
#1158 = LINE('',#1159,#1160);
#1159 = CARTESIAN_POINT('',(-178.,208.,758.));
#1160 = VECTOR('',#1161,1.);
#1161 = DIRECTION('',(1.,0.,-0.));
#1162 = PCURVE('',#812,#1163);
#1163 = DEFINITIONAL_REPRESENTATION('',(#1164),#1168);
#1164 = LINE('',#1165,#1166);
#1165 = CARTESIAN_POINT('',(0.,156.));
#1166 = VECTOR('',#1167,1.);
#1167 = DIRECTION('',(1.,0.));
#1168 = ( GEOMETRIC_REPRESENTATION_CONTEXT(2) 
PARAMETRIC_REPRESENTATION_CONTEXT() REPRESENTATION_CONTEXT('2D SPACE',''
  ) );
#1169 = PCURVE('',#786,#1170);
#1170 = DEFINITIONAL_REPRESENTATION('',(#1171),#1175);
#1171 = LINE('',#1172,#1173);
#1172 = CARTESIAN_POINT('',(456.,0.));
#1173 = VECTOR('',#1174,1.);
#1174 = DIRECTION('',(0.,1.));
#1175 = ( GEOMETRIC_REPRESENTATION_CONTEXT(2) 
PARAMETRIC_REPRESENTATION_CONTEXT() REPRESENTATION_CONTEXT('2D SPACE',''
  ) );
#1176 = ADVANCED_FACE('',(#1177),#786,.T.);
#1177 = FACE_BOUND('',#1178,.T.);
#1178 = EDGE_LOOP('',(#1179,#1202,#1203,#1204));
#1179 = ORIENTED_EDGE('',*,*,#1180,.F.);
#1180 = EDGE_CURVE('',#743,#1181,#1183,.T.);
#1181 = VERTEX_POINT('',#1182);
#1182 = CARTESIAN_POINT('',(178.,208.,302.));
#1183 = SURFACE_CURVE('',#1184,(#1188,#1195),.PCURVE_S1.);
#1184 = LINE('',#1185,#1186);
#1185 = CARTESIAN_POINT('',(-178.,208.,302.));
#1186 = VECTOR('',#1187,1.);
#1187 = DIRECTION('',(1.,0.,-0.));
#1188 = PCURVE('',#786,#1189);
#1189 = DEFINITIONAL_REPRESENTATION('',(#1190),#1194);
#1190 = LINE('',#1191,#1192);
#1191 = CARTESIAN_POINT('',(0.,0.));
#1192 = VECTOR('',#1193,1.);
#1193 = DIRECTION('',(0.,1.));
#1194 = ( GEOMETRIC_REPRESENTATION_CONTEXT(2) 
PARAMETRIC_REPRESENTATION_CONTEXT() REPRESENTATION_CONTEXT('2D SPACE',''
  ) );
#1195 = PCURVE('',#758,#1196);
#1196 = DEFINITIONAL_REPRESENTATION('',(#1197),#1201);
#1197 = LINE('',#1198,#1199);
#1198 = CARTESIAN_POINT('',(0.,156.));
#1199 = VECTOR('',#1200,1.);
#1200 = DIRECTION('',(1.,0.));
#1201 = ( GEOMETRIC_REPRESENTATION_CONTEXT(2) 
PARAMETRIC_REPRESENTATION_CONTEXT() REPRESENTATION_CONTEXT('2D SPACE',''
  ) );
#1202 = ORIENTED_EDGE('',*,*,#770,.T.);
#1203 = ORIENTED_EDGE('',*,*,#1156,.T.);
#1204 = ORIENTED_EDGE('',*,*,#1205,.F.);
#1205 = EDGE_CURVE('',#1181,#1134,#1206,.T.);
#1206 = SURFACE_CURVE('',#1207,(#1211,#1218),.PCURVE_S1.);
#1207 = LINE('',#1208,#1209);
#1208 = CARTESIAN_POINT('',(178.,208.,302.));
#1209 = VECTOR('',#1210,1.);
#1210 = DIRECTION('',(0.,0.,1.));
#1211 = PCURVE('',#786,#1212);
#1212 = DEFINITIONAL_REPRESENTATION('',(#1213),#1217);
#1213 = LINE('',#1214,#1215);
#1214 = CARTESIAN_POINT('',(0.,356.));
#1215 = VECTOR('',#1216,1.);
#1216 = DIRECTION('',(1.,0.));
#1217 = ( GEOMETRIC_REPRESENTATION_CONTEXT(2) 
PARAMETRIC_REPRESENTATION_CONTEXT() REPRESENTATION_CONTEXT('2D SPACE',''
  ) );
#1218 = PCURVE('',#888,#1219);
#1219 = DEFINITIONAL_REPRESENTATION('',(#1220),#1224);
#1220 = LINE('',#1221,#1222);
#1221 = CARTESIAN_POINT('',(0.,-156.));
#1222 = VECTOR('',#1223,1.);
#1223 = DIRECTION('',(1.,0.));
#1224 = ( GEOMETRIC_REPRESENTATION_CONTEXT(2) 
PARAMETRIC_REPRESENTATION_CONTEXT() REPRESENTATION_CONTEXT('2D SPACE',''
  ) );
#1225 = ADVANCED_FACE('',(#1226),#758,.F.);
#1226 = FACE_BOUND('',#1227,.F.);
#1227 = EDGE_LOOP('',(#1228,#1229,#1230,#1251));
#1228 = ORIENTED_EDGE('',*,*,#742,.F.);
#1229 = ORIENTED_EDGE('',*,*,#827,.T.);
#1230 = ORIENTED_EDGE('',*,*,#1231,.T.);
#1231 = EDGE_CURVE('',#828,#1181,#1232,.T.);
#1232 = SURFACE_CURVE('',#1233,(#1237,#1244),.PCURVE_S1.);
#1233 = LINE('',#1234,#1235);
#1234 = CARTESIAN_POINT('',(178.,52.,302.));
#1235 = VECTOR('',#1236,1.);
#1236 = DIRECTION('',(-0.,1.,0.));
#1237 = PCURVE('',#758,#1238);
#1238 = DEFINITIONAL_REPRESENTATION('',(#1239),#1243);
#1239 = LINE('',#1240,#1241);
#1240 = CARTESIAN_POINT('',(356.,0.));
#1241 = VECTOR('',#1242,1.);
#1242 = DIRECTION('',(0.,1.));
#1243 = ( GEOMETRIC_REPRESENTATION_CONTEXT(2) 
PARAMETRIC_REPRESENTATION_CONTEXT() REPRESENTATION_CONTEXT('2D SPACE',''
  ) );
#1244 = PCURVE('',#888,#1245);
#1245 = DEFINITIONAL_REPRESENTATION('',(#1246),#1250);
#1246 = LINE('',#1247,#1248);
#1247 = CARTESIAN_POINT('',(0.,0.));
#1248 = VECTOR('',#1249,1.);
#1249 = DIRECTION('',(0.,-1.));
#1250 = ( GEOMETRIC_REPRESENTATION_CONTEXT(2) 
PARAMETRIC_REPRESENTATION_CONTEXT() REPRESENTATION_CONTEXT('2D SPACE',''
  ) );
#1251 = ORIENTED_EDGE('',*,*,#1180,.F.);
#1252 = ADVANCED_FACE('',(#1253),#888,.T.);
#1253 = FACE_BOUND('',#1254,.T.);
#1254 = EDGE_LOOP('',(#1255,#1256,#1257,#1258));
#1255 = ORIENTED_EDGE('',*,*,#874,.F.);
#1256 = ORIENTED_EDGE('',*,*,#1231,.T.);
#1257 = ORIENTED_EDGE('',*,*,#1205,.T.);
#1258 = ORIENTED_EDGE('',*,*,#1133,.F.);
#1259 = ADVANCED_FACE('',(#1260),#920,.F.);
#1260 = FACE_BOUND('',#1261,.F.);
#1261 = EDGE_LOOP('',(#1262,#1285,#1286,#1309));
#1262 = ORIENTED_EDGE('',*,*,#1263,.F.);
#1263 = EDGE_CURVE('',#903,#1264,#1266,.T.);
#1264 = VERTEX_POINT('',#1265);
#1265 = CARTESIAN_POINT('',(-160.,59.5,437.5));
#1266 = SURFACE_CURVE('',#1267,(#1271,#1278),.PCURVE_S1.);
#1267 = LINE('',#1268,#1269);
#1268 = CARTESIAN_POINT('',(-160.,52.,437.5));
#1269 = VECTOR('',#1270,1.);
#1270 = DIRECTION('',(-0.,1.,0.));
#1271 = PCURVE('',#920,#1272);
#1272 = DEFINITIONAL_REPRESENTATION('',(#1273),#1277);
#1273 = LINE('',#1274,#1275);
#1274 = CARTESIAN_POINT('',(0.,0.));
#1275 = VECTOR('',#1276,1.);
#1276 = DIRECTION('',(0.,1.));
#1277 = ( GEOMETRIC_REPRESENTATION_CONTEXT(2) 
PARAMETRIC_REPRESENTATION_CONTEXT() REPRESENTATION_CONTEXT('2D SPACE',''
  ) );
#1278 = PCURVE('',#948,#1279);
#1279 = DEFINITIONAL_REPRESENTATION('',(#1280),#1284);
#1280 = LINE('',#1281,#1282);
#1281 = CARTESIAN_POINT('',(35.,0.));
#1282 = VECTOR('',#1283,1.);
#1283 = DIRECTION('',(0.,-1.));
#1284 = ( GEOMETRIC_REPRESENTATION_CONTEXT(2) 
PARAMETRIC_REPRESENTATION_CONTEXT() REPRESENTATION_CONTEXT('2D SPACE',''
  ) );
#1285 = ORIENTED_EDGE('',*,*,#902,.T.);
#1286 = ORIENTED_EDGE('',*,*,#1287,.T.);
#1287 = EDGE_CURVE('',#905,#1288,#1290,.T.);
#1288 = VERTEX_POINT('',#1289);
#1289 = CARTESIAN_POINT('',(160.,59.5,437.5));
#1290 = SURFACE_CURVE('',#1291,(#1295,#1302),.PCURVE_S1.);
#1291 = LINE('',#1292,#1293);
#1292 = CARTESIAN_POINT('',(160.,52.,437.5));
#1293 = VECTOR('',#1294,1.);
#1294 = DIRECTION('',(-0.,1.,0.));
#1295 = PCURVE('',#920,#1296);
#1296 = DEFINITIONAL_REPRESENTATION('',(#1297),#1301);
#1297 = LINE('',#1298,#1299);
#1298 = CARTESIAN_POINT('',(320.,0.));
#1299 = VECTOR('',#1300,1.);
#1300 = DIRECTION('',(0.,1.));
#1301 = ( GEOMETRIC_REPRESENTATION_CONTEXT(2) 
PARAMETRIC_REPRESENTATION_CONTEXT() REPRESENTATION_CONTEXT('2D SPACE',''
  ) );
#1302 = PCURVE('',#1002,#1303);
#1303 = DEFINITIONAL_REPRESENTATION('',(#1304),#1308);
#1304 = LINE('',#1305,#1306);
#1305 = CARTESIAN_POINT('',(35.,0.));
#1306 = VECTOR('',#1307,1.);
#1307 = DIRECTION('',(0.,-1.));
#1308 = ( GEOMETRIC_REPRESENTATION_CONTEXT(2) 
PARAMETRIC_REPRESENTATION_CONTEXT() REPRESENTATION_CONTEXT('2D SPACE',''
  ) );
#1309 = ORIENTED_EDGE('',*,*,#1310,.F.);
#1310 = EDGE_CURVE('',#1264,#1288,#1311,.T.);
#1311 = SURFACE_CURVE('',#1312,(#1316,#1323),.PCURVE_S1.);
#1312 = LINE('',#1313,#1314);
#1313 = CARTESIAN_POINT('',(-160.,59.5,437.5));
#1314 = VECTOR('',#1315,1.);
#1315 = DIRECTION('',(1.,0.,-0.));
#1316 = PCURVE('',#920,#1317);
#1317 = DEFINITIONAL_REPRESENTATION('',(#1318),#1322);
#1318 = LINE('',#1319,#1320);
#1319 = CARTESIAN_POINT('',(0.,7.5));
#1320 = VECTOR('',#1321,1.);
#1321 = DIRECTION('',(1.,0.));
#1322 = ( GEOMETRIC_REPRESENTATION_CONTEXT(2) 
PARAMETRIC_REPRESENTATION_CONTEXT() REPRESENTATION_CONTEXT('2D SPACE',''
  ) );
#1323 = PCURVE('',#1324,#1329);
#1324 = PLANE('',#1325);
#1325 = AXIS2_PLACEMENT_3D('',#1326,#1327,#1328);
#1326 = CARTESIAN_POINT('',(-160.,59.5,402.5));
#1327 = DIRECTION('',(-0.,1.,0.));
#1328 = DIRECTION('',(0.,0.,1.));
#1329 = DEFINITIONAL_REPRESENTATION('',(#1330),#1334);
#1330 = LINE('',#1331,#1332);
#1331 = CARTESIAN_POINT('',(35.,0.));
#1332 = VECTOR('',#1333,1.);
#1333 = DIRECTION('',(0.,1.));
#1334 = ( GEOMETRIC_REPRESENTATION_CONTEXT(2) 
PARAMETRIC_REPRESENTATION_CONTEXT() REPRESENTATION_CONTEXT('2D SPACE',''
  ) );
#1335 = ADVANCED_FACE('',(#1336),#1002,.F.);
#1336 = FACE_BOUND('',#1337,.F.);
#1337 = EDGE_LOOP('',(#1338,#1339,#1362,#1383));
#1338 = ORIENTED_EDGE('',*,*,#988,.F.);
#1339 = ORIENTED_EDGE('',*,*,#1340,.T.);
#1340 = EDGE_CURVE('',#961,#1341,#1343,.T.);
#1341 = VERTEX_POINT('',#1342);
#1342 = CARTESIAN_POINT('',(160.,59.5,402.5));
#1343 = SURFACE_CURVE('',#1344,(#1348,#1355),.PCURVE_S1.);
#1344 = LINE('',#1345,#1346);
#1345 = CARTESIAN_POINT('',(160.,52.,402.5));
#1346 = VECTOR('',#1347,1.);
#1347 = DIRECTION('',(-0.,1.,0.));
#1348 = PCURVE('',#1002,#1349);
#1349 = DEFINITIONAL_REPRESENTATION('',(#1350),#1354);
#1350 = LINE('',#1351,#1352);
#1351 = CARTESIAN_POINT('',(0.,0.));
#1352 = VECTOR('',#1353,1.);
#1353 = DIRECTION('',(0.,-1.));
#1354 = ( GEOMETRIC_REPRESENTATION_CONTEXT(2) 
PARAMETRIC_REPRESENTATION_CONTEXT() REPRESENTATION_CONTEXT('2D SPACE',''
  ) );
#1355 = PCURVE('',#976,#1356);
#1356 = DEFINITIONAL_REPRESENTATION('',(#1357),#1361);
#1357 = LINE('',#1358,#1359);
#1358 = CARTESIAN_POINT('',(320.,0.));
#1359 = VECTOR('',#1360,1.);
#1360 = DIRECTION('',(0.,1.));
#1361 = ( GEOMETRIC_REPRESENTATION_CONTEXT(2) 
PARAMETRIC_REPRESENTATION_CONTEXT() REPRESENTATION_CONTEXT('2D SPACE',''
  ) );
#1362 = ORIENTED_EDGE('',*,*,#1363,.T.);
#1363 = EDGE_CURVE('',#1341,#1288,#1364,.T.);
#1364 = SURFACE_CURVE('',#1365,(#1369,#1376),.PCURVE_S1.);
#1365 = LINE('',#1366,#1367);
#1366 = CARTESIAN_POINT('',(160.,59.5,402.5));
#1367 = VECTOR('',#1368,1.);
#1368 = DIRECTION('',(0.,0.,1.));
#1369 = PCURVE('',#1002,#1370);
#1370 = DEFINITIONAL_REPRESENTATION('',(#1371),#1375);
#1371 = LINE('',#1372,#1373);
#1372 = CARTESIAN_POINT('',(0.,-7.5));
#1373 = VECTOR('',#1374,1.);
#1374 = DIRECTION('',(1.,0.));
#1375 = ( GEOMETRIC_REPRESENTATION_CONTEXT(2) 
PARAMETRIC_REPRESENTATION_CONTEXT() REPRESENTATION_CONTEXT('2D SPACE',''
  ) );
#1376 = PCURVE('',#1324,#1377);
#1377 = DEFINITIONAL_REPRESENTATION('',(#1378),#1382);
#1378 = LINE('',#1379,#1380);
#1379 = CARTESIAN_POINT('',(0.,320.));
#1380 = VECTOR('',#1381,1.);
#1381 = DIRECTION('',(1.,0.));
#1382 = ( GEOMETRIC_REPRESENTATION_CONTEXT(2) 
PARAMETRIC_REPRESENTATION_CONTEXT() REPRESENTATION_CONTEXT('2D SPACE',''
  ) );
#1383 = ORIENTED_EDGE('',*,*,#1287,.F.);
#1384 = ADVANCED_FACE('',(#1385),#948,.T.);
#1385 = FACE_BOUND('',#1386,.T.);
#1386 = EDGE_LOOP('',(#1387,#1388,#1411,#1432));
#1387 = ORIENTED_EDGE('',*,*,#932,.F.);
#1388 = ORIENTED_EDGE('',*,*,#1389,.T.);
#1389 = EDGE_CURVE('',#933,#1390,#1392,.T.);
#1390 = VERTEX_POINT('',#1391);
#1391 = CARTESIAN_POINT('',(-160.,59.5,402.5));
#1392 = SURFACE_CURVE('',#1393,(#1397,#1404),.PCURVE_S1.);
#1393 = LINE('',#1394,#1395);
#1394 = CARTESIAN_POINT('',(-160.,52.,402.5));
#1395 = VECTOR('',#1396,1.);
#1396 = DIRECTION('',(-0.,1.,0.));
#1397 = PCURVE('',#948,#1398);
#1398 = DEFINITIONAL_REPRESENTATION('',(#1399),#1403);
#1399 = LINE('',#1400,#1401);
#1400 = CARTESIAN_POINT('',(0.,0.));
#1401 = VECTOR('',#1402,1.);
#1402 = DIRECTION('',(0.,-1.));
#1403 = ( GEOMETRIC_REPRESENTATION_CONTEXT(2) 
PARAMETRIC_REPRESENTATION_CONTEXT() REPRESENTATION_CONTEXT('2D SPACE',''
  ) );
#1404 = PCURVE('',#976,#1405);
#1405 = DEFINITIONAL_REPRESENTATION('',(#1406),#1410);
#1406 = LINE('',#1407,#1408);
#1407 = CARTESIAN_POINT('',(0.,0.));
#1408 = VECTOR('',#1409,1.);
#1409 = DIRECTION('',(0.,1.));
#1410 = ( GEOMETRIC_REPRESENTATION_CONTEXT(2) 
PARAMETRIC_REPRESENTATION_CONTEXT() REPRESENTATION_CONTEXT('2D SPACE',''
  ) );
#1411 = ORIENTED_EDGE('',*,*,#1412,.T.);
#1412 = EDGE_CURVE('',#1390,#1264,#1413,.T.);
#1413 = SURFACE_CURVE('',#1414,(#1418,#1425),.PCURVE_S1.);
#1414 = LINE('',#1415,#1416);
#1415 = CARTESIAN_POINT('',(-160.,59.5,402.5));
#1416 = VECTOR('',#1417,1.);
#1417 = DIRECTION('',(0.,0.,1.));
#1418 = PCURVE('',#948,#1419);
#1419 = DEFINITIONAL_REPRESENTATION('',(#1420),#1424);
#1420 = LINE('',#1421,#1422);
#1421 = CARTESIAN_POINT('',(0.,-7.5));
#1422 = VECTOR('',#1423,1.);
#1423 = DIRECTION('',(1.,0.));
#1424 = ( GEOMETRIC_REPRESENTATION_CONTEXT(2) 
PARAMETRIC_REPRESENTATION_CONTEXT() REPRESENTATION_CONTEXT('2D SPACE',''
  ) );
#1425 = PCURVE('',#1324,#1426);
#1426 = DEFINITIONAL_REPRESENTATION('',(#1427),#1431);
#1427 = LINE('',#1428,#1429);
#1428 = CARTESIAN_POINT('',(0.,0.));
#1429 = VECTOR('',#1430,1.);
#1430 = DIRECTION('',(1.,0.));
#1431 = ( GEOMETRIC_REPRESENTATION_CONTEXT(2) 
PARAMETRIC_REPRESENTATION_CONTEXT() REPRESENTATION_CONTEXT('2D SPACE',''
  ) );
#1432 = ORIENTED_EDGE('',*,*,#1263,.F.);
#1433 = ADVANCED_FACE('',(#1434),#976,.T.);
#1434 = FACE_BOUND('',#1435,.T.);
#1435 = EDGE_LOOP('',(#1436,#1437,#1438,#1439));
#1436 = ORIENTED_EDGE('',*,*,#1389,.F.);
#1437 = ORIENTED_EDGE('',*,*,#960,.T.);
#1438 = ORIENTED_EDGE('',*,*,#1340,.T.);
#1439 = ORIENTED_EDGE('',*,*,#1440,.F.);
#1440 = EDGE_CURVE('',#1390,#1341,#1441,.T.);
#1441 = SURFACE_CURVE('',#1442,(#1446,#1453),.PCURVE_S1.);
#1442 = LINE('',#1443,#1444);
#1443 = CARTESIAN_POINT('',(-160.,59.5,402.5));
#1444 = VECTOR('',#1445,1.);
#1445 = DIRECTION('',(1.,0.,-0.));
#1446 = PCURVE('',#976,#1447);
#1447 = DEFINITIONAL_REPRESENTATION('',(#1448),#1452);
#1448 = LINE('',#1449,#1450);
#1449 = CARTESIAN_POINT('',(0.,7.5));
#1450 = VECTOR('',#1451,1.);
#1451 = DIRECTION('',(1.,0.));
#1452 = ( GEOMETRIC_REPRESENTATION_CONTEXT(2) 
PARAMETRIC_REPRESENTATION_CONTEXT() REPRESENTATION_CONTEXT('2D SPACE',''
  ) );
#1453 = PCURVE('',#1324,#1454);
#1454 = DEFINITIONAL_REPRESENTATION('',(#1455),#1459);
#1455 = LINE('',#1456,#1457);
#1456 = CARTESIAN_POINT('',(0.,0.));
#1457 = VECTOR('',#1458,1.);
#1458 = DIRECTION('',(0.,1.));
#1459 = ( GEOMETRIC_REPRESENTATION_CONTEXT(2) 
PARAMETRIC_REPRESENTATION_CONTEXT() REPRESENTATION_CONTEXT('2D SPACE',''
  ) );
#1460 = ADVANCED_FACE('',(#1461),#1034,.F.);
#1461 = FACE_BOUND('',#1462,.F.);
#1462 = EDGE_LOOP('',(#1463,#1486,#1487,#1510));
#1463 = ORIENTED_EDGE('',*,*,#1464,.F.);
#1464 = EDGE_CURVE('',#1017,#1465,#1467,.T.);
#1465 = VERTEX_POINT('',#1466);
#1466 = CARTESIAN_POINT('',(-160.,59.5,637.5));
#1467 = SURFACE_CURVE('',#1468,(#1472,#1479),.PCURVE_S1.);
#1468 = LINE('',#1469,#1470);
#1469 = CARTESIAN_POINT('',(-160.,52.,637.5));
#1470 = VECTOR('',#1471,1.);
#1471 = DIRECTION('',(-0.,1.,0.));
#1472 = PCURVE('',#1034,#1473);
#1473 = DEFINITIONAL_REPRESENTATION('',(#1474),#1478);
#1474 = LINE('',#1475,#1476);
#1475 = CARTESIAN_POINT('',(0.,0.));
#1476 = VECTOR('',#1477,1.);
#1477 = DIRECTION('',(0.,1.));
#1478 = ( GEOMETRIC_REPRESENTATION_CONTEXT(2) 
PARAMETRIC_REPRESENTATION_CONTEXT() REPRESENTATION_CONTEXT('2D SPACE',''
  ) );
#1479 = PCURVE('',#1062,#1480);
#1480 = DEFINITIONAL_REPRESENTATION('',(#1481),#1485);
#1481 = LINE('',#1482,#1483);
#1482 = CARTESIAN_POINT('',(35.,0.));
#1483 = VECTOR('',#1484,1.);
#1484 = DIRECTION('',(0.,-1.));
#1485 = ( GEOMETRIC_REPRESENTATION_CONTEXT(2) 
PARAMETRIC_REPRESENTATION_CONTEXT() REPRESENTATION_CONTEXT('2D SPACE',''
  ) );
#1486 = ORIENTED_EDGE('',*,*,#1016,.T.);
#1487 = ORIENTED_EDGE('',*,*,#1488,.T.);
#1488 = EDGE_CURVE('',#1019,#1489,#1491,.T.);
#1489 = VERTEX_POINT('',#1490);
#1490 = CARTESIAN_POINT('',(160.,59.5,637.5));
#1491 = SURFACE_CURVE('',#1492,(#1496,#1503),.PCURVE_S1.);
#1492 = LINE('',#1493,#1494);
#1493 = CARTESIAN_POINT('',(160.,52.,637.5));
#1494 = VECTOR('',#1495,1.);
#1495 = DIRECTION('',(-0.,1.,0.));
#1496 = PCURVE('',#1034,#1497);
#1497 = DEFINITIONAL_REPRESENTATION('',(#1498),#1502);
#1498 = LINE('',#1499,#1500);
#1499 = CARTESIAN_POINT('',(320.,0.));
#1500 = VECTOR('',#1501,1.);
#1501 = DIRECTION('',(0.,1.));
#1502 = ( GEOMETRIC_REPRESENTATION_CONTEXT(2) 
PARAMETRIC_REPRESENTATION_CONTEXT() REPRESENTATION_CONTEXT('2D SPACE',''
  ) );
#1503 = PCURVE('',#1116,#1504);
#1504 = DEFINITIONAL_REPRESENTATION('',(#1505),#1509);
#1505 = LINE('',#1506,#1507);
#1506 = CARTESIAN_POINT('',(35.,0.));
#1507 = VECTOR('',#1508,1.);
#1508 = DIRECTION('',(0.,-1.));
#1509 = ( GEOMETRIC_REPRESENTATION_CONTEXT(2) 
PARAMETRIC_REPRESENTATION_CONTEXT() REPRESENTATION_CONTEXT('2D SPACE',''
  ) );
#1510 = ORIENTED_EDGE('',*,*,#1511,.F.);
#1511 = EDGE_CURVE('',#1465,#1489,#1512,.T.);
#1512 = SURFACE_CURVE('',#1513,(#1517,#1524),.PCURVE_S1.);
#1513 = LINE('',#1514,#1515);
#1514 = CARTESIAN_POINT('',(-160.,59.5,637.5));
#1515 = VECTOR('',#1516,1.);
#1516 = DIRECTION('',(1.,0.,-0.));
#1517 = PCURVE('',#1034,#1518);
#1518 = DEFINITIONAL_REPRESENTATION('',(#1519),#1523);
#1519 = LINE('',#1520,#1521);
#1520 = CARTESIAN_POINT('',(0.,7.5));
#1521 = VECTOR('',#1522,1.);
#1522 = DIRECTION('',(1.,0.));
#1523 = ( GEOMETRIC_REPRESENTATION_CONTEXT(2) 
PARAMETRIC_REPRESENTATION_CONTEXT() REPRESENTATION_CONTEXT('2D SPACE',''
  ) );
#1524 = PCURVE('',#1525,#1530);
#1525 = PLANE('',#1526);
#1526 = AXIS2_PLACEMENT_3D('',#1527,#1528,#1529);
#1527 = CARTESIAN_POINT('',(-160.,59.5,602.5));
#1528 = DIRECTION('',(-0.,1.,0.));
#1529 = DIRECTION('',(0.,0.,1.));
#1530 = DEFINITIONAL_REPRESENTATION('',(#1531),#1535);
#1531 = LINE('',#1532,#1533);
#1532 = CARTESIAN_POINT('',(35.,0.));
#1533 = VECTOR('',#1534,1.);
#1534 = DIRECTION('',(0.,1.));
#1535 = ( GEOMETRIC_REPRESENTATION_CONTEXT(2) 
PARAMETRIC_REPRESENTATION_CONTEXT() REPRESENTATION_CONTEXT('2D SPACE',''
  ) );
#1536 = ADVANCED_FACE('',(#1537),#1116,.F.);
#1537 = FACE_BOUND('',#1538,.F.);
#1538 = EDGE_LOOP('',(#1539,#1540,#1563,#1584));
#1539 = ORIENTED_EDGE('',*,*,#1102,.F.);
#1540 = ORIENTED_EDGE('',*,*,#1541,.T.);
#1541 = EDGE_CURVE('',#1075,#1542,#1544,.T.);
#1542 = VERTEX_POINT('',#1543);
#1543 = CARTESIAN_POINT('',(160.,59.5,602.5));
#1544 = SURFACE_CURVE('',#1545,(#1549,#1556),.PCURVE_S1.);
#1545 = LINE('',#1546,#1547);
#1546 = CARTESIAN_POINT('',(160.,52.,602.5));
#1547 = VECTOR('',#1548,1.);
#1548 = DIRECTION('',(-0.,1.,0.));
#1549 = PCURVE('',#1116,#1550);
#1550 = DEFINITIONAL_REPRESENTATION('',(#1551),#1555);
#1551 = LINE('',#1552,#1553);
#1552 = CARTESIAN_POINT('',(0.,0.));
#1553 = VECTOR('',#1554,1.);
#1554 = DIRECTION('',(0.,-1.));
#1555 = ( GEOMETRIC_REPRESENTATION_CONTEXT(2) 
PARAMETRIC_REPRESENTATION_CONTEXT() REPRESENTATION_CONTEXT('2D SPACE',''
  ) );
#1556 = PCURVE('',#1090,#1557);
#1557 = DEFINITIONAL_REPRESENTATION('',(#1558),#1562);
#1558 = LINE('',#1559,#1560);
#1559 = CARTESIAN_POINT('',(320.,0.));
#1560 = VECTOR('',#1561,1.);
#1561 = DIRECTION('',(0.,1.));
#1562 = ( GEOMETRIC_REPRESENTATION_CONTEXT(2) 
PARAMETRIC_REPRESENTATION_CONTEXT() REPRESENTATION_CONTEXT('2D SPACE',''
  ) );
#1563 = ORIENTED_EDGE('',*,*,#1564,.T.);
#1564 = EDGE_CURVE('',#1542,#1489,#1565,.T.);
#1565 = SURFACE_CURVE('',#1566,(#1570,#1577),.PCURVE_S1.);
#1566 = LINE('',#1567,#1568);
#1567 = CARTESIAN_POINT('',(160.,59.5,602.5));
#1568 = VECTOR('',#1569,1.);
#1569 = DIRECTION('',(0.,0.,1.));
#1570 = PCURVE('',#1116,#1571);
#1571 = DEFINITIONAL_REPRESENTATION('',(#1572),#1576);
#1572 = LINE('',#1573,#1574);
#1573 = CARTESIAN_POINT('',(0.,-7.5));
#1574 = VECTOR('',#1575,1.);
#1575 = DIRECTION('',(1.,0.));
#1576 = ( GEOMETRIC_REPRESENTATION_CONTEXT(2) 
PARAMETRIC_REPRESENTATION_CONTEXT() REPRESENTATION_CONTEXT('2D SPACE',''
  ) );
#1577 = PCURVE('',#1525,#1578);
#1578 = DEFINITIONAL_REPRESENTATION('',(#1579),#1583);
#1579 = LINE('',#1580,#1581);
#1580 = CARTESIAN_POINT('',(0.,320.));
#1581 = VECTOR('',#1582,1.);
#1582 = DIRECTION('',(1.,0.));
#1583 = ( GEOMETRIC_REPRESENTATION_CONTEXT(2) 
PARAMETRIC_REPRESENTATION_CONTEXT() REPRESENTATION_CONTEXT('2D SPACE',''
  ) );
#1584 = ORIENTED_EDGE('',*,*,#1488,.F.);
#1585 = ADVANCED_FACE('',(#1586),#1090,.T.);
#1586 = FACE_BOUND('',#1587,.T.);
#1587 = EDGE_LOOP('',(#1588,#1611,#1612,#1613));
#1588 = ORIENTED_EDGE('',*,*,#1589,.F.);
#1589 = EDGE_CURVE('',#1047,#1590,#1592,.T.);
#1590 = VERTEX_POINT('',#1591);
#1591 = CARTESIAN_POINT('',(-160.,59.5,602.5));
#1592 = SURFACE_CURVE('',#1593,(#1597,#1604),.PCURVE_S1.);
#1593 = LINE('',#1594,#1595);
#1594 = CARTESIAN_POINT('',(-160.,52.,602.5));
#1595 = VECTOR('',#1596,1.);
#1596 = DIRECTION('',(-0.,1.,0.));
#1597 = PCURVE('',#1090,#1598);
#1598 = DEFINITIONAL_REPRESENTATION('',(#1599),#1603);
#1599 = LINE('',#1600,#1601);
#1600 = CARTESIAN_POINT('',(0.,0.));
#1601 = VECTOR('',#1602,1.);
#1602 = DIRECTION('',(0.,1.));
#1603 = ( GEOMETRIC_REPRESENTATION_CONTEXT(2) 
PARAMETRIC_REPRESENTATION_CONTEXT() REPRESENTATION_CONTEXT('2D SPACE',''
  ) );
#1604 = PCURVE('',#1062,#1605);
#1605 = DEFINITIONAL_REPRESENTATION('',(#1606),#1610);
#1606 = LINE('',#1607,#1608);
#1607 = CARTESIAN_POINT('',(0.,0.));
#1608 = VECTOR('',#1609,1.);
#1609 = DIRECTION('',(0.,-1.));
#1610 = ( GEOMETRIC_REPRESENTATION_CONTEXT(2) 
PARAMETRIC_REPRESENTATION_CONTEXT() REPRESENTATION_CONTEXT('2D SPACE',''
  ) );
#1611 = ORIENTED_EDGE('',*,*,#1074,.T.);
#1612 = ORIENTED_EDGE('',*,*,#1541,.T.);
#1613 = ORIENTED_EDGE('',*,*,#1614,.F.);
#1614 = EDGE_CURVE('',#1590,#1542,#1615,.T.);
#1615 = SURFACE_CURVE('',#1616,(#1620,#1627),.PCURVE_S1.);
#1616 = LINE('',#1617,#1618);
#1617 = CARTESIAN_POINT('',(-160.,59.5,602.5));
#1618 = VECTOR('',#1619,1.);
#1619 = DIRECTION('',(1.,0.,-0.));
#1620 = PCURVE('',#1090,#1621);
#1621 = DEFINITIONAL_REPRESENTATION('',(#1622),#1626);
#1622 = LINE('',#1623,#1624);
#1623 = CARTESIAN_POINT('',(0.,7.5));
#1624 = VECTOR('',#1625,1.);
#1625 = DIRECTION('',(1.,0.));
#1626 = ( GEOMETRIC_REPRESENTATION_CONTEXT(2) 
PARAMETRIC_REPRESENTATION_CONTEXT() REPRESENTATION_CONTEXT('2D SPACE',''
  ) );
#1627 = PCURVE('',#1525,#1628);
#1628 = DEFINITIONAL_REPRESENTATION('',(#1629),#1633);
#1629 = LINE('',#1630,#1631);
#1630 = CARTESIAN_POINT('',(0.,0.));
#1631 = VECTOR('',#1632,1.);
#1632 = DIRECTION('',(0.,1.));
#1633 = ( GEOMETRIC_REPRESENTATION_CONTEXT(2) 
PARAMETRIC_REPRESENTATION_CONTEXT() REPRESENTATION_CONTEXT('2D SPACE',''
  ) );
#1634 = ADVANCED_FACE('',(#1635),#1062,.T.);
#1635 = FACE_BOUND('',#1636,.T.);
#1636 = EDGE_LOOP('',(#1637,#1638,#1639,#1660));
#1637 = ORIENTED_EDGE('',*,*,#1046,.F.);
#1638 = ORIENTED_EDGE('',*,*,#1589,.T.);
#1639 = ORIENTED_EDGE('',*,*,#1640,.T.);
#1640 = EDGE_CURVE('',#1590,#1465,#1641,.T.);
#1641 = SURFACE_CURVE('',#1642,(#1646,#1653),.PCURVE_S1.);
#1642 = LINE('',#1643,#1644);
#1643 = CARTESIAN_POINT('',(-160.,59.5,602.5));
#1644 = VECTOR('',#1645,1.);
#1645 = DIRECTION('',(0.,0.,1.));
#1646 = PCURVE('',#1062,#1647);
#1647 = DEFINITIONAL_REPRESENTATION('',(#1648),#1652);
#1648 = LINE('',#1649,#1650);
#1649 = CARTESIAN_POINT('',(0.,-7.5));
#1650 = VECTOR('',#1651,1.);
#1651 = DIRECTION('',(1.,0.));
#1652 = ( GEOMETRIC_REPRESENTATION_CONTEXT(2) 
PARAMETRIC_REPRESENTATION_CONTEXT() REPRESENTATION_CONTEXT('2D SPACE',''
  ) );
#1653 = PCURVE('',#1525,#1654);
#1654 = DEFINITIONAL_REPRESENTATION('',(#1655),#1659);
#1655 = LINE('',#1656,#1657);
#1656 = CARTESIAN_POINT('',(0.,0.));
#1657 = VECTOR('',#1658,1.);
#1658 = DIRECTION('',(1.,0.));
#1659 = ( GEOMETRIC_REPRESENTATION_CONTEXT(2) 
PARAMETRIC_REPRESENTATION_CONTEXT() REPRESENTATION_CONTEXT('2D SPACE',''
  ) );
#1660 = ORIENTED_EDGE('',*,*,#1464,.F.);
#1661 = ADVANCED_FACE('',(#1662),#1324,.F.);
#1662 = FACE_BOUND('',#1663,.F.);
#1663 = EDGE_LOOP('',(#1664,#1665,#1666,#1667));
#1664 = ORIENTED_EDGE('',*,*,#1440,.F.);
#1665 = ORIENTED_EDGE('',*,*,#1412,.T.);
#1666 = ORIENTED_EDGE('',*,*,#1310,.T.);
#1667 = ORIENTED_EDGE('',*,*,#1363,.F.);
#1668 = ADVANCED_FACE('',(#1669),#1525,.F.);
#1669 = FACE_BOUND('',#1670,.F.);
#1670 = EDGE_LOOP('',(#1671,#1672,#1673,#1674));
#1671 = ORIENTED_EDGE('',*,*,#1614,.F.);
#1672 = ORIENTED_EDGE('',*,*,#1640,.T.);
#1673 = ORIENTED_EDGE('',*,*,#1511,.T.);
#1674 = ORIENTED_EDGE('',*,*,#1564,.F.);
#1675 = ( GEOMETRIC_REPRESENTATION_CONTEXT(3) 
GLOBAL_UNCERTAINTY_ASSIGNED_CONTEXT((#1679)) 
GLOBAL_UNIT_ASSIGNED_CONTEXT((#1676,#1677,#1678)) REPRESENTATION_CONTEXT
('Context #1','3D Context with UNIT and UNCERTAINTY') );
#1676 = ( LENGTH_UNIT() NAMED_UNIT(*) SI_UNIT(.MILLI.,.METRE.) );
#1677 = ( NAMED_UNIT(*) PLANE_ANGLE_UNIT() SI_UNIT($,.RADIAN.) );
#1678 = ( NAMED_UNIT(*) SI_UNIT($,.STERADIAN.) SOLID_ANGLE_UNIT() );
#1679 = UNCERTAINTY_MEASURE_WITH_UNIT(LENGTH_MEASURE(1.E-07),#1676,
  'distance_accuracy_value','confusion accuracy');
#1680 = CONTEXT_DEPENDENT_SHAPE_REPRESENTATION(#1681,#1683);
#1681 = ( REPRESENTATION_RELATIONSHIP('','',#48,#10) 
REPRESENTATION_RELATIONSHIP_WITH_TRANSFORMATION(#1682) 
SHAPE_REPRESENTATION_RELATIONSHIP() );
#1682 = ITEM_DEFINED_TRANSFORMATION('','',#11,#15);
#1683 = PRODUCT_DEFINITION_SHAPE('Placement','Placement of an item',
  #1684);
#1684 = NEXT_ASSEMBLY_USAGE_OCCURRENCE('24','=>[0:1:1:2]','',#5,#43,$);
#1685 = PRODUCT_RELATED_PRODUCT_CATEGORY('part',$,(#45));
#1686 = SHAPE_DEFINITION_REPRESENTATION(#1687,#1693);
#1687 = PRODUCT_DEFINITION_SHAPE('','',#1688);
#1688 = PRODUCT_DEFINITION('design','',#1689,#1692);
#1689 = PRODUCT_DEFINITION_FORMATION('','',#1690);
#1690 = PRODUCT('COMPOUND','COMPOUND','',(#1691));
#1691 = PRODUCT_CONTEXT('',#2,'mechanical');
#1692 = PRODUCT_DEFINITION_CONTEXT('part definition',#2,'design');
#1693 = SHAPE_REPRESENTATION('',(#11,#1694,#2024),#2354);
#1694 = MANIFOLD_SOLID_BREP('',#1695);
#1695 = CLOSED_SHELL('',(#1696,#1816,#1916,#1963,#2010,#2017));
#1696 = ADVANCED_FACE('',(#1697),#1711,.F.);
#1697 = FACE_BOUND('',#1698,.F.);
#1698 = EDGE_LOOP('',(#1699,#1734,#1762,#1790));
#1699 = ORIENTED_EDGE('',*,*,#1700,.F.);
#1700 = EDGE_CURVE('',#1701,#1703,#1705,.T.);
#1701 = VERTEX_POINT('',#1702);
#1702 = CARTESIAN_POINT('',(-154.,59.5,375.));
#1703 = VERTEX_POINT('',#1704);
#1704 = CARTESIAN_POINT('',(-154.,59.5,465.));
#1705 = SURFACE_CURVE('',#1706,(#1710,#1722),.PCURVE_S1.);
#1706 = LINE('',#1707,#1708);
#1707 = CARTESIAN_POINT('',(-154.,59.5,375.));
#1708 = VECTOR('',#1709,1.);
#1709 = DIRECTION('',(0.,0.,1.));
#1710 = PCURVE('',#1711,#1716);
#1711 = PLANE('',#1712);
#1712 = AXIS2_PLACEMENT_3D('',#1713,#1714,#1715);
#1713 = CARTESIAN_POINT('',(-154.,59.5,375.));
#1714 = DIRECTION('',(1.,0.,-0.));
#1715 = DIRECTION('',(0.,0.,1.));
#1716 = DEFINITIONAL_REPRESENTATION('',(#1717),#1721);
#1717 = LINE('',#1718,#1719);
#1718 = CARTESIAN_POINT('',(0.,0.));
#1719 = VECTOR('',#1720,1.);
#1720 = DIRECTION('',(1.,0.));
#1721 = ( GEOMETRIC_REPRESENTATION_CONTEXT(2) 
PARAMETRIC_REPRESENTATION_CONTEXT() REPRESENTATION_CONTEXT('2D SPACE',''
  ) );
#1722 = PCURVE('',#1723,#1728);
#1723 = PLANE('',#1724);
#1724 = AXIS2_PLACEMENT_3D('',#1725,#1726,#1727);
#1725 = CARTESIAN_POINT('',(-154.,59.5,375.));
#1726 = DIRECTION('',(-0.,1.,0.));
#1727 = DIRECTION('',(0.,0.,1.));
#1728 = DEFINITIONAL_REPRESENTATION('',(#1729),#1733);
#1729 = LINE('',#1730,#1731);
#1730 = CARTESIAN_POINT('',(0.,0.));
#1731 = VECTOR('',#1732,1.);
#1732 = DIRECTION('',(1.,0.));
#1733 = ( GEOMETRIC_REPRESENTATION_CONTEXT(2) 
PARAMETRIC_REPRESENTATION_CONTEXT() REPRESENTATION_CONTEXT('2D SPACE',''
  ) );
#1734 = ORIENTED_EDGE('',*,*,#1735,.T.);
#1735 = EDGE_CURVE('',#1701,#1736,#1738,.T.);
#1736 = VERTEX_POINT('',#1737);
#1737 = CARTESIAN_POINT('',(-154.,119.5,375.));
#1738 = SURFACE_CURVE('',#1739,(#1743,#1750),.PCURVE_S1.);
#1739 = LINE('',#1740,#1741);
#1740 = CARTESIAN_POINT('',(-154.,59.5,375.));
#1741 = VECTOR('',#1742,1.);
#1742 = DIRECTION('',(-0.,1.,0.));
#1743 = PCURVE('',#1711,#1744);
#1744 = DEFINITIONAL_REPRESENTATION('',(#1745),#1749);
#1745 = LINE('',#1746,#1747);
#1746 = CARTESIAN_POINT('',(0.,0.));
#1747 = VECTOR('',#1748,1.);
#1748 = DIRECTION('',(0.,-1.));
#1749 = ( GEOMETRIC_REPRESENTATION_CONTEXT(2) 
PARAMETRIC_REPRESENTATION_CONTEXT() REPRESENTATION_CONTEXT('2D SPACE',''
  ) );
#1750 = PCURVE('',#1751,#1756);
#1751 = PLANE('',#1752);
#1752 = AXIS2_PLACEMENT_3D('',#1753,#1754,#1755);
#1753 = CARTESIAN_POINT('',(-154.,59.5,375.));
#1754 = DIRECTION('',(0.,0.,1.));
#1755 = DIRECTION('',(1.,0.,-0.));
#1756 = DEFINITIONAL_REPRESENTATION('',(#1757),#1761);
#1757 = LINE('',#1758,#1759);
#1758 = CARTESIAN_POINT('',(0.,0.));
#1759 = VECTOR('',#1760,1.);
#1760 = DIRECTION('',(0.,1.));
#1761 = ( GEOMETRIC_REPRESENTATION_CONTEXT(2) 
PARAMETRIC_REPRESENTATION_CONTEXT() REPRESENTATION_CONTEXT('2D SPACE',''
  ) );
#1762 = ORIENTED_EDGE('',*,*,#1763,.T.);
#1763 = EDGE_CURVE('',#1736,#1764,#1766,.T.);
#1764 = VERTEX_POINT('',#1765);
#1765 = CARTESIAN_POINT('',(-154.,119.5,465.));
#1766 = SURFACE_CURVE('',#1767,(#1771,#1778),.PCURVE_S1.);
#1767 = LINE('',#1768,#1769);
#1768 = CARTESIAN_POINT('',(-154.,119.5,375.));
#1769 = VECTOR('',#1770,1.);
#1770 = DIRECTION('',(0.,0.,1.));
#1771 = PCURVE('',#1711,#1772);
#1772 = DEFINITIONAL_REPRESENTATION('',(#1773),#1777);
#1773 = LINE('',#1774,#1775);
#1774 = CARTESIAN_POINT('',(0.,-60.));
#1775 = VECTOR('',#1776,1.);
#1776 = DIRECTION('',(1.,0.));
#1777 = ( GEOMETRIC_REPRESENTATION_CONTEXT(2) 
PARAMETRIC_REPRESENTATION_CONTEXT() REPRESENTATION_CONTEXT('2D SPACE',''
  ) );
#1778 = PCURVE('',#1779,#1784);
#1779 = PLANE('',#1780);
#1780 = AXIS2_PLACEMENT_3D('',#1781,#1782,#1783);
#1781 = CARTESIAN_POINT('',(-154.,119.5,375.));
#1782 = DIRECTION('',(-0.,1.,0.));
#1783 = DIRECTION('',(0.,0.,1.));
#1784 = DEFINITIONAL_REPRESENTATION('',(#1785),#1789);
#1785 = LINE('',#1786,#1787);
#1786 = CARTESIAN_POINT('',(0.,0.));
#1787 = VECTOR('',#1788,1.);
#1788 = DIRECTION('',(1.,0.));
#1789 = ( GEOMETRIC_REPRESENTATION_CONTEXT(2) 
PARAMETRIC_REPRESENTATION_CONTEXT() REPRESENTATION_CONTEXT('2D SPACE',''
  ) );
#1790 = ORIENTED_EDGE('',*,*,#1791,.F.);
#1791 = EDGE_CURVE('',#1703,#1764,#1792,.T.);
#1792 = SURFACE_CURVE('',#1793,(#1797,#1804),.PCURVE_S1.);
#1793 = LINE('',#1794,#1795);
#1794 = CARTESIAN_POINT('',(-154.,59.5,465.));
#1795 = VECTOR('',#1796,1.);
#1796 = DIRECTION('',(-0.,1.,0.));
#1797 = PCURVE('',#1711,#1798);
#1798 = DEFINITIONAL_REPRESENTATION('',(#1799),#1803);
#1799 = LINE('',#1800,#1801);
#1800 = CARTESIAN_POINT('',(90.,0.));
#1801 = VECTOR('',#1802,1.);
#1802 = DIRECTION('',(0.,-1.));
#1803 = ( GEOMETRIC_REPRESENTATION_CONTEXT(2) 
PARAMETRIC_REPRESENTATION_CONTEXT() REPRESENTATION_CONTEXT('2D SPACE',''
  ) );
#1804 = PCURVE('',#1805,#1810);
#1805 = PLANE('',#1806);
#1806 = AXIS2_PLACEMENT_3D('',#1807,#1808,#1809);
#1807 = CARTESIAN_POINT('',(-154.,59.5,465.));
#1808 = DIRECTION('',(0.,0.,1.));
#1809 = DIRECTION('',(1.,0.,-0.));
#1810 = DEFINITIONAL_REPRESENTATION('',(#1811),#1815);
#1811 = LINE('',#1812,#1813);
#1812 = CARTESIAN_POINT('',(0.,0.));
#1813 = VECTOR('',#1814,1.);
#1814 = DIRECTION('',(0.,1.));
#1815 = ( GEOMETRIC_REPRESENTATION_CONTEXT(2) 
PARAMETRIC_REPRESENTATION_CONTEXT() REPRESENTATION_CONTEXT('2D SPACE',''
  ) );
#1816 = ADVANCED_FACE('',(#1817),#1831,.T.);
#1817 = FACE_BOUND('',#1818,.T.);
#1818 = EDGE_LOOP('',(#1819,#1849,#1872,#1895));
#1819 = ORIENTED_EDGE('',*,*,#1820,.F.);
#1820 = EDGE_CURVE('',#1821,#1823,#1825,.T.);
#1821 = VERTEX_POINT('',#1822);
#1822 = CARTESIAN_POINT('',(-119.,59.5,375.));
#1823 = VERTEX_POINT('',#1824);
#1824 = CARTESIAN_POINT('',(-119.,59.5,465.));
#1825 = SURFACE_CURVE('',#1826,(#1830,#1842),.PCURVE_S1.);
#1826 = LINE('',#1827,#1828);
#1827 = CARTESIAN_POINT('',(-119.,59.5,375.));
#1828 = VECTOR('',#1829,1.);
#1829 = DIRECTION('',(0.,0.,1.));
#1830 = PCURVE('',#1831,#1836);
#1831 = PLANE('',#1832);
#1832 = AXIS2_PLACEMENT_3D('',#1833,#1834,#1835);
#1833 = CARTESIAN_POINT('',(-119.,59.5,375.));
#1834 = DIRECTION('',(1.,0.,-0.));
#1835 = DIRECTION('',(0.,0.,1.));
#1836 = DEFINITIONAL_REPRESENTATION('',(#1837),#1841);
#1837 = LINE('',#1838,#1839);
#1838 = CARTESIAN_POINT('',(0.,0.));
#1839 = VECTOR('',#1840,1.);
#1840 = DIRECTION('',(1.,0.));
#1841 = ( GEOMETRIC_REPRESENTATION_CONTEXT(2) 
PARAMETRIC_REPRESENTATION_CONTEXT() REPRESENTATION_CONTEXT('2D SPACE',''
  ) );
#1842 = PCURVE('',#1723,#1843);
#1843 = DEFINITIONAL_REPRESENTATION('',(#1844),#1848);
#1844 = LINE('',#1845,#1846);
#1845 = CARTESIAN_POINT('',(0.,35.));
#1846 = VECTOR('',#1847,1.);
#1847 = DIRECTION('',(1.,0.));
#1848 = ( GEOMETRIC_REPRESENTATION_CONTEXT(2) 
PARAMETRIC_REPRESENTATION_CONTEXT() REPRESENTATION_CONTEXT('2D SPACE',''
  ) );
#1849 = ORIENTED_EDGE('',*,*,#1850,.T.);
#1850 = EDGE_CURVE('',#1821,#1851,#1853,.T.);
#1851 = VERTEX_POINT('',#1852);
#1852 = CARTESIAN_POINT('',(-119.,119.5,375.));
#1853 = SURFACE_CURVE('',#1854,(#1858,#1865),.PCURVE_S1.);
#1854 = LINE('',#1855,#1856);
#1855 = CARTESIAN_POINT('',(-119.,59.5,375.));
#1856 = VECTOR('',#1857,1.);
#1857 = DIRECTION('',(-0.,1.,0.));
#1858 = PCURVE('',#1831,#1859);
#1859 = DEFINITIONAL_REPRESENTATION('',(#1860),#1864);
#1860 = LINE('',#1861,#1862);
#1861 = CARTESIAN_POINT('',(0.,0.));
#1862 = VECTOR('',#1863,1.);
#1863 = DIRECTION('',(0.,-1.));
#1864 = ( GEOMETRIC_REPRESENTATION_CONTEXT(2) 
PARAMETRIC_REPRESENTATION_CONTEXT() REPRESENTATION_CONTEXT('2D SPACE',''
  ) );
#1865 = PCURVE('',#1751,#1866);
#1866 = DEFINITIONAL_REPRESENTATION('',(#1867),#1871);
#1867 = LINE('',#1868,#1869);
#1868 = CARTESIAN_POINT('',(35.,0.));
#1869 = VECTOR('',#1870,1.);
#1870 = DIRECTION('',(0.,1.));
#1871 = ( GEOMETRIC_REPRESENTATION_CONTEXT(2) 
PARAMETRIC_REPRESENTATION_CONTEXT() REPRESENTATION_CONTEXT('2D SPACE',''
  ) );
#1872 = ORIENTED_EDGE('',*,*,#1873,.T.);
#1873 = EDGE_CURVE('',#1851,#1874,#1876,.T.);
#1874 = VERTEX_POINT('',#1875);
#1875 = CARTESIAN_POINT('',(-119.,119.5,465.));
#1876 = SURFACE_CURVE('',#1877,(#1881,#1888),.PCURVE_S1.);
#1877 = LINE('',#1878,#1879);
#1878 = CARTESIAN_POINT('',(-119.,119.5,375.));
#1879 = VECTOR('',#1880,1.);
#1880 = DIRECTION('',(0.,0.,1.));
#1881 = PCURVE('',#1831,#1882);
#1882 = DEFINITIONAL_REPRESENTATION('',(#1883),#1887);
#1883 = LINE('',#1884,#1885);
#1884 = CARTESIAN_POINT('',(0.,-60.));
#1885 = VECTOR('',#1886,1.);
#1886 = DIRECTION('',(1.,0.));
#1887 = ( GEOMETRIC_REPRESENTATION_CONTEXT(2) 
PARAMETRIC_REPRESENTATION_CONTEXT() REPRESENTATION_CONTEXT('2D SPACE',''
  ) );
#1888 = PCURVE('',#1779,#1889);
#1889 = DEFINITIONAL_REPRESENTATION('',(#1890),#1894);
#1890 = LINE('',#1891,#1892);
#1891 = CARTESIAN_POINT('',(0.,35.));
#1892 = VECTOR('',#1893,1.);
#1893 = DIRECTION('',(1.,0.));
#1894 = ( GEOMETRIC_REPRESENTATION_CONTEXT(2) 
PARAMETRIC_REPRESENTATION_CONTEXT() REPRESENTATION_CONTEXT('2D SPACE',''
  ) );
#1895 = ORIENTED_EDGE('',*,*,#1896,.F.);
#1896 = EDGE_CURVE('',#1823,#1874,#1897,.T.);
#1897 = SURFACE_CURVE('',#1898,(#1902,#1909),.PCURVE_S1.);
#1898 = LINE('',#1899,#1900);
#1899 = CARTESIAN_POINT('',(-119.,59.5,465.));
#1900 = VECTOR('',#1901,1.);
#1901 = DIRECTION('',(-0.,1.,0.));
#1902 = PCURVE('',#1831,#1903);
#1903 = DEFINITIONAL_REPRESENTATION('',(#1904),#1908);
#1904 = LINE('',#1905,#1906);
#1905 = CARTESIAN_POINT('',(90.,0.));
#1906 = VECTOR('',#1907,1.);
#1907 = DIRECTION('',(0.,-1.));
#1908 = ( GEOMETRIC_REPRESENTATION_CONTEXT(2) 
PARAMETRIC_REPRESENTATION_CONTEXT() REPRESENTATION_CONTEXT('2D SPACE',''
  ) );
#1909 = PCURVE('',#1805,#1910);
#1910 = DEFINITIONAL_REPRESENTATION('',(#1911),#1915);
#1911 = LINE('',#1912,#1913);
#1912 = CARTESIAN_POINT('',(35.,0.));
#1913 = VECTOR('',#1914,1.);
#1914 = DIRECTION('',(0.,1.));
#1915 = ( GEOMETRIC_REPRESENTATION_CONTEXT(2) 
PARAMETRIC_REPRESENTATION_CONTEXT() REPRESENTATION_CONTEXT('2D SPACE',''
  ) );
#1916 = ADVANCED_FACE('',(#1917),#1723,.F.);
#1917 = FACE_BOUND('',#1918,.F.);
#1918 = EDGE_LOOP('',(#1919,#1940,#1941,#1962));
#1919 = ORIENTED_EDGE('',*,*,#1920,.F.);
#1920 = EDGE_CURVE('',#1701,#1821,#1921,.T.);
#1921 = SURFACE_CURVE('',#1922,(#1926,#1933),.PCURVE_S1.);
#1922 = LINE('',#1923,#1924);
#1923 = CARTESIAN_POINT('',(-154.,59.5,375.));
#1924 = VECTOR('',#1925,1.);
#1925 = DIRECTION('',(1.,0.,-0.));
#1926 = PCURVE('',#1723,#1927);
#1927 = DEFINITIONAL_REPRESENTATION('',(#1928),#1932);
#1928 = LINE('',#1929,#1930);
#1929 = CARTESIAN_POINT('',(0.,0.));
#1930 = VECTOR('',#1931,1.);
#1931 = DIRECTION('',(0.,1.));
#1932 = ( GEOMETRIC_REPRESENTATION_CONTEXT(2) 
PARAMETRIC_REPRESENTATION_CONTEXT() REPRESENTATION_CONTEXT('2D SPACE',''
  ) );
#1933 = PCURVE('',#1751,#1934);
#1934 = DEFINITIONAL_REPRESENTATION('',(#1935),#1939);
#1935 = LINE('',#1936,#1937);
#1936 = CARTESIAN_POINT('',(0.,0.));
#1937 = VECTOR('',#1938,1.);
#1938 = DIRECTION('',(1.,0.));
#1939 = ( GEOMETRIC_REPRESENTATION_CONTEXT(2) 
PARAMETRIC_REPRESENTATION_CONTEXT() REPRESENTATION_CONTEXT('2D SPACE',''
  ) );
#1940 = ORIENTED_EDGE('',*,*,#1700,.T.);
#1941 = ORIENTED_EDGE('',*,*,#1942,.T.);
#1942 = EDGE_CURVE('',#1703,#1823,#1943,.T.);
#1943 = SURFACE_CURVE('',#1944,(#1948,#1955),.PCURVE_S1.);
#1944 = LINE('',#1945,#1946);
#1945 = CARTESIAN_POINT('',(-154.,59.5,465.));
#1946 = VECTOR('',#1947,1.);
#1947 = DIRECTION('',(1.,0.,-0.));
#1948 = PCURVE('',#1723,#1949);
#1949 = DEFINITIONAL_REPRESENTATION('',(#1950),#1954);
#1950 = LINE('',#1951,#1952);
#1951 = CARTESIAN_POINT('',(90.,0.));
#1952 = VECTOR('',#1953,1.);
#1953 = DIRECTION('',(0.,1.));
#1954 = ( GEOMETRIC_REPRESENTATION_CONTEXT(2) 
PARAMETRIC_REPRESENTATION_CONTEXT() REPRESENTATION_CONTEXT('2D SPACE',''
  ) );
#1955 = PCURVE('',#1805,#1956);
#1956 = DEFINITIONAL_REPRESENTATION('',(#1957),#1961);
#1957 = LINE('',#1958,#1959);
#1958 = CARTESIAN_POINT('',(0.,0.));
#1959 = VECTOR('',#1960,1.);
#1960 = DIRECTION('',(1.,0.));
#1961 = ( GEOMETRIC_REPRESENTATION_CONTEXT(2) 
PARAMETRIC_REPRESENTATION_CONTEXT() REPRESENTATION_CONTEXT('2D SPACE',''
  ) );
#1962 = ORIENTED_EDGE('',*,*,#1820,.F.);
#1963 = ADVANCED_FACE('',(#1964),#1779,.T.);
#1964 = FACE_BOUND('',#1965,.T.);
#1965 = EDGE_LOOP('',(#1966,#1987,#1988,#2009));
#1966 = ORIENTED_EDGE('',*,*,#1967,.F.);
#1967 = EDGE_CURVE('',#1736,#1851,#1968,.T.);
#1968 = SURFACE_CURVE('',#1969,(#1973,#1980),.PCURVE_S1.);
#1969 = LINE('',#1970,#1971);
#1970 = CARTESIAN_POINT('',(-154.,119.5,375.));
#1971 = VECTOR('',#1972,1.);
#1972 = DIRECTION('',(1.,0.,-0.));
#1973 = PCURVE('',#1779,#1974);
#1974 = DEFINITIONAL_REPRESENTATION('',(#1975),#1979);
#1975 = LINE('',#1976,#1977);
#1976 = CARTESIAN_POINT('',(0.,0.));
#1977 = VECTOR('',#1978,1.);
#1978 = DIRECTION('',(0.,1.));
#1979 = ( GEOMETRIC_REPRESENTATION_CONTEXT(2) 
PARAMETRIC_REPRESENTATION_CONTEXT() REPRESENTATION_CONTEXT('2D SPACE',''
  ) );
#1980 = PCURVE('',#1751,#1981);
#1981 = DEFINITIONAL_REPRESENTATION('',(#1982),#1986);
#1982 = LINE('',#1983,#1984);
#1983 = CARTESIAN_POINT('',(0.,60.));
#1984 = VECTOR('',#1985,1.);
#1985 = DIRECTION('',(1.,0.));
#1986 = ( GEOMETRIC_REPRESENTATION_CONTEXT(2) 
PARAMETRIC_REPRESENTATION_CONTEXT() REPRESENTATION_CONTEXT('2D SPACE',''
  ) );
#1987 = ORIENTED_EDGE('',*,*,#1763,.T.);
#1988 = ORIENTED_EDGE('',*,*,#1989,.T.);
#1989 = EDGE_CURVE('',#1764,#1874,#1990,.T.);
#1990 = SURFACE_CURVE('',#1991,(#1995,#2002),.PCURVE_S1.);
#1991 = LINE('',#1992,#1993);
#1992 = CARTESIAN_POINT('',(-154.,119.5,465.));
#1993 = VECTOR('',#1994,1.);
#1994 = DIRECTION('',(1.,0.,-0.));
#1995 = PCURVE('',#1779,#1996);
#1996 = DEFINITIONAL_REPRESENTATION('',(#1997),#2001);
#1997 = LINE('',#1998,#1999);
#1998 = CARTESIAN_POINT('',(90.,0.));
#1999 = VECTOR('',#2000,1.);
#2000 = DIRECTION('',(0.,1.));
#2001 = ( GEOMETRIC_REPRESENTATION_CONTEXT(2) 
PARAMETRIC_REPRESENTATION_CONTEXT() REPRESENTATION_CONTEXT('2D SPACE',''
  ) );
#2002 = PCURVE('',#1805,#2003);
#2003 = DEFINITIONAL_REPRESENTATION('',(#2004),#2008);
#2004 = LINE('',#2005,#2006);
#2005 = CARTESIAN_POINT('',(0.,60.));
#2006 = VECTOR('',#2007,1.);
#2007 = DIRECTION('',(1.,0.));
#2008 = ( GEOMETRIC_REPRESENTATION_CONTEXT(2) 
PARAMETRIC_REPRESENTATION_CONTEXT() REPRESENTATION_CONTEXT('2D SPACE',''
  ) );
#2009 = ORIENTED_EDGE('',*,*,#1873,.F.);
#2010 = ADVANCED_FACE('',(#2011),#1751,.F.);
#2011 = FACE_BOUND('',#2012,.F.);
#2012 = EDGE_LOOP('',(#2013,#2014,#2015,#2016));
#2013 = ORIENTED_EDGE('',*,*,#1735,.F.);
#2014 = ORIENTED_EDGE('',*,*,#1920,.T.);
#2015 = ORIENTED_EDGE('',*,*,#1850,.T.);
#2016 = ORIENTED_EDGE('',*,*,#1967,.F.);
#2017 = ADVANCED_FACE('',(#2018),#1805,.T.);
#2018 = FACE_BOUND('',#2019,.T.);
#2019 = EDGE_LOOP('',(#2020,#2021,#2022,#2023));
#2020 = ORIENTED_EDGE('',*,*,#1791,.F.);
#2021 = ORIENTED_EDGE('',*,*,#1942,.T.);
#2022 = ORIENTED_EDGE('',*,*,#1896,.T.);
#2023 = ORIENTED_EDGE('',*,*,#1989,.F.);
#2024 = MANIFOLD_SOLID_BREP('',#2025);
#2025 = CLOSED_SHELL('',(#2026,#2146,#2246,#2293,#2340,#2347));
#2026 = ADVANCED_FACE('',(#2027),#2041,.F.);
#2027 = FACE_BOUND('',#2028,.F.);
#2028 = EDGE_LOOP('',(#2029,#2064,#2092,#2120));
#2029 = ORIENTED_EDGE('',*,*,#2030,.F.);
#2030 = EDGE_CURVE('',#2031,#2033,#2035,.T.);
#2031 = VERTEX_POINT('',#2032);
#2032 = CARTESIAN_POINT('',(-117.,59.5,375.));
#2033 = VERTEX_POINT('',#2034);
#2034 = CARTESIAN_POINT('',(-117.,59.5,465.));
#2035 = SURFACE_CURVE('',#2036,(#2040,#2052),.PCURVE_S1.);
#2036 = LINE('',#2037,#2038);
#2037 = CARTESIAN_POINT('',(-117.,59.5,375.));
#2038 = VECTOR('',#2039,1.);
#2039 = DIRECTION('',(0.,0.,1.));
#2040 = PCURVE('',#2041,#2046);
#2041 = PLANE('',#2042);
#2042 = AXIS2_PLACEMENT_3D('',#2043,#2044,#2045);
#2043 = CARTESIAN_POINT('',(-117.,59.5,375.));
#2044 = DIRECTION('',(1.,0.,-0.));
#2045 = DIRECTION('',(0.,0.,1.));
#2046 = DEFINITIONAL_REPRESENTATION('',(#2047),#2051);
#2047 = LINE('',#2048,#2049);
#2048 = CARTESIAN_POINT('',(0.,0.));
#2049 = VECTOR('',#2050,1.);
#2050 = DIRECTION('',(1.,0.));
#2051 = ( GEOMETRIC_REPRESENTATION_CONTEXT(2) 
PARAMETRIC_REPRESENTATION_CONTEXT() REPRESENTATION_CONTEXT('2D SPACE',''
  ) );
#2052 = PCURVE('',#2053,#2058);
#2053 = PLANE('',#2054);
#2054 = AXIS2_PLACEMENT_3D('',#2055,#2056,#2057);
#2055 = CARTESIAN_POINT('',(-117.,59.5,375.));
#2056 = DIRECTION('',(-0.,1.,0.));
#2057 = DIRECTION('',(0.,0.,1.));
#2058 = DEFINITIONAL_REPRESENTATION('',(#2059),#2063);
#2059 = LINE('',#2060,#2061);
#2060 = CARTESIAN_POINT('',(0.,0.));
#2061 = VECTOR('',#2062,1.);
#2062 = DIRECTION('',(1.,0.));
#2063 = ( GEOMETRIC_REPRESENTATION_CONTEXT(2) 
PARAMETRIC_REPRESENTATION_CONTEXT() REPRESENTATION_CONTEXT('2D SPACE',''
  ) );
#2064 = ORIENTED_EDGE('',*,*,#2065,.T.);
#2065 = EDGE_CURVE('',#2031,#2066,#2068,.T.);
#2066 = VERTEX_POINT('',#2067);
#2067 = CARTESIAN_POINT('',(-117.,119.5,375.));
#2068 = SURFACE_CURVE('',#2069,(#2073,#2080),.PCURVE_S1.);
#2069 = LINE('',#2070,#2071);
#2070 = CARTESIAN_POINT('',(-117.,59.5,375.));
#2071 = VECTOR('',#2072,1.);
#2072 = DIRECTION('',(-0.,1.,0.));
#2073 = PCURVE('',#2041,#2074);
#2074 = DEFINITIONAL_REPRESENTATION('',(#2075),#2079);
#2075 = LINE('',#2076,#2077);
#2076 = CARTESIAN_POINT('',(0.,0.));
#2077 = VECTOR('',#2078,1.);
#2078 = DIRECTION('',(0.,-1.));
#2079 = ( GEOMETRIC_REPRESENTATION_CONTEXT(2) 
PARAMETRIC_REPRESENTATION_CONTEXT() REPRESENTATION_CONTEXT('2D SPACE',''
  ) );
#2080 = PCURVE('',#2081,#2086);
#2081 = PLANE('',#2082);
#2082 = AXIS2_PLACEMENT_3D('',#2083,#2084,#2085);
#2083 = CARTESIAN_POINT('',(-117.,59.5,375.));
#2084 = DIRECTION('',(0.,0.,1.));
#2085 = DIRECTION('',(1.,0.,-0.));
#2086 = DEFINITIONAL_REPRESENTATION('',(#2087),#2091);
#2087 = LINE('',#2088,#2089);
#2088 = CARTESIAN_POINT('',(0.,0.));
#2089 = VECTOR('',#2090,1.);
#2090 = DIRECTION('',(0.,1.));
#2091 = ( GEOMETRIC_REPRESENTATION_CONTEXT(2) 
PARAMETRIC_REPRESENTATION_CONTEXT() REPRESENTATION_CONTEXT('2D SPACE',''
  ) );
#2092 = ORIENTED_EDGE('',*,*,#2093,.T.);
#2093 = EDGE_CURVE('',#2066,#2094,#2096,.T.);
#2094 = VERTEX_POINT('',#2095);
#2095 = CARTESIAN_POINT('',(-117.,119.5,465.));
#2096 = SURFACE_CURVE('',#2097,(#2101,#2108),.PCURVE_S1.);
#2097 = LINE('',#2098,#2099);
#2098 = CARTESIAN_POINT('',(-117.,119.5,375.));
#2099 = VECTOR('',#2100,1.);
#2100 = DIRECTION('',(0.,0.,1.));
#2101 = PCURVE('',#2041,#2102);
#2102 = DEFINITIONAL_REPRESENTATION('',(#2103),#2107);
#2103 = LINE('',#2104,#2105);
#2104 = CARTESIAN_POINT('',(0.,-60.));
#2105 = VECTOR('',#2106,1.);
#2106 = DIRECTION('',(1.,0.));
#2107 = ( GEOMETRIC_REPRESENTATION_CONTEXT(2) 
PARAMETRIC_REPRESENTATION_CONTEXT() REPRESENTATION_CONTEXT('2D SPACE',''
  ) );
#2108 = PCURVE('',#2109,#2114);
#2109 = PLANE('',#2110);
#2110 = AXIS2_PLACEMENT_3D('',#2111,#2112,#2113);
#2111 = CARTESIAN_POINT('',(-117.,119.5,375.));
#2112 = DIRECTION('',(-0.,1.,0.));
#2113 = DIRECTION('',(0.,0.,1.));
#2114 = DEFINITIONAL_REPRESENTATION('',(#2115),#2119);
#2115 = LINE('',#2116,#2117);
#2116 = CARTESIAN_POINT('',(0.,0.));
#2117 = VECTOR('',#2118,1.);
#2118 = DIRECTION('',(1.,0.));
#2119 = ( GEOMETRIC_REPRESENTATION_CONTEXT(2) 
PARAMETRIC_REPRESENTATION_CONTEXT() REPRESENTATION_CONTEXT('2D SPACE',''
  ) );
#2120 = ORIENTED_EDGE('',*,*,#2121,.F.);
#2121 = EDGE_CURVE('',#2033,#2094,#2122,.T.);
#2122 = SURFACE_CURVE('',#2123,(#2127,#2134),.PCURVE_S1.);
#2123 = LINE('',#2124,#2125);
#2124 = CARTESIAN_POINT('',(-117.,59.5,465.));
#2125 = VECTOR('',#2126,1.);
#2126 = DIRECTION('',(-0.,1.,0.));
#2127 = PCURVE('',#2041,#2128);
#2128 = DEFINITIONAL_REPRESENTATION('',(#2129),#2133);
#2129 = LINE('',#2130,#2131);
#2130 = CARTESIAN_POINT('',(90.,0.));
#2131 = VECTOR('',#2132,1.);
#2132 = DIRECTION('',(0.,-1.));
#2133 = ( GEOMETRIC_REPRESENTATION_CONTEXT(2) 
PARAMETRIC_REPRESENTATION_CONTEXT() REPRESENTATION_CONTEXT('2D SPACE',''
  ) );
#2134 = PCURVE('',#2135,#2140);
#2135 = PLANE('',#2136);
#2136 = AXIS2_PLACEMENT_3D('',#2137,#2138,#2139);
#2137 = CARTESIAN_POINT('',(-117.,59.5,465.));
#2138 = DIRECTION('',(0.,0.,1.));
#2139 = DIRECTION('',(1.,0.,-0.));
#2140 = DEFINITIONAL_REPRESENTATION('',(#2141),#2145);
#2141 = LINE('',#2142,#2143);
#2142 = CARTESIAN_POINT('',(0.,0.));
#2143 = VECTOR('',#2144,1.);
#2144 = DIRECTION('',(0.,1.));
#2145 = ( GEOMETRIC_REPRESENTATION_CONTEXT(2) 
PARAMETRIC_REPRESENTATION_CONTEXT() REPRESENTATION_CONTEXT('2D SPACE',''
  ) );
#2146 = ADVANCED_FACE('',(#2147),#2161,.T.);
#2147 = FACE_BOUND('',#2148,.T.);
#2148 = EDGE_LOOP('',(#2149,#2179,#2202,#2225));
#2149 = ORIENTED_EDGE('',*,*,#2150,.F.);
#2150 = EDGE_CURVE('',#2151,#2153,#2155,.T.);
#2151 = VERTEX_POINT('',#2152);
#2152 = CARTESIAN_POINT('',(-82.,59.5,375.));
#2153 = VERTEX_POINT('',#2154);
#2154 = CARTESIAN_POINT('',(-82.,59.5,465.));
#2155 = SURFACE_CURVE('',#2156,(#2160,#2172),.PCURVE_S1.);
#2156 = LINE('',#2157,#2158);
#2157 = CARTESIAN_POINT('',(-82.,59.5,375.));
#2158 = VECTOR('',#2159,1.);
#2159 = DIRECTION('',(0.,0.,1.));
#2160 = PCURVE('',#2161,#2166);
#2161 = PLANE('',#2162);
#2162 = AXIS2_PLACEMENT_3D('',#2163,#2164,#2165);
#2163 = CARTESIAN_POINT('',(-82.,59.5,375.));
#2164 = DIRECTION('',(1.,0.,-0.));
#2165 = DIRECTION('',(0.,0.,1.));
#2166 = DEFINITIONAL_REPRESENTATION('',(#2167),#2171);
#2167 = LINE('',#2168,#2169);
#2168 = CARTESIAN_POINT('',(0.,0.));
#2169 = VECTOR('',#2170,1.);
#2170 = DIRECTION('',(1.,0.));
#2171 = ( GEOMETRIC_REPRESENTATION_CONTEXT(2) 
PARAMETRIC_REPRESENTATION_CONTEXT() REPRESENTATION_CONTEXT('2D SPACE',''
  ) );
#2172 = PCURVE('',#2053,#2173);
#2173 = DEFINITIONAL_REPRESENTATION('',(#2174),#2178);
#2174 = LINE('',#2175,#2176);
#2175 = CARTESIAN_POINT('',(0.,35.));
#2176 = VECTOR('',#2177,1.);
#2177 = DIRECTION('',(1.,0.));
#2178 = ( GEOMETRIC_REPRESENTATION_CONTEXT(2) 
PARAMETRIC_REPRESENTATION_CONTEXT() REPRESENTATION_CONTEXT('2D SPACE',''
  ) );
#2179 = ORIENTED_EDGE('',*,*,#2180,.T.);
#2180 = EDGE_CURVE('',#2151,#2181,#2183,.T.);
#2181 = VERTEX_POINT('',#2182);
#2182 = CARTESIAN_POINT('',(-82.,119.5,375.));
#2183 = SURFACE_CURVE('',#2184,(#2188,#2195),.PCURVE_S1.);
#2184 = LINE('',#2185,#2186);
#2185 = CARTESIAN_POINT('',(-82.,59.5,375.));
#2186 = VECTOR('',#2187,1.);
#2187 = DIRECTION('',(-0.,1.,0.));
#2188 = PCURVE('',#2161,#2189);
#2189 = DEFINITIONAL_REPRESENTATION('',(#2190),#2194);
#2190 = LINE('',#2191,#2192);
#2191 = CARTESIAN_POINT('',(0.,0.));
#2192 = VECTOR('',#2193,1.);
#2193 = DIRECTION('',(0.,-1.));
#2194 = ( GEOMETRIC_REPRESENTATION_CONTEXT(2) 
PARAMETRIC_REPRESENTATION_CONTEXT() REPRESENTATION_CONTEXT('2D SPACE',''
  ) );
#2195 = PCURVE('',#2081,#2196);
#2196 = DEFINITIONAL_REPRESENTATION('',(#2197),#2201);
#2197 = LINE('',#2198,#2199);
#2198 = CARTESIAN_POINT('',(35.,0.));
#2199 = VECTOR('',#2200,1.);
#2200 = DIRECTION('',(0.,1.));
#2201 = ( GEOMETRIC_REPRESENTATION_CONTEXT(2) 
PARAMETRIC_REPRESENTATION_CONTEXT() REPRESENTATION_CONTEXT('2D SPACE',''
  ) );
#2202 = ORIENTED_EDGE('',*,*,#2203,.T.);
#2203 = EDGE_CURVE('',#2181,#2204,#2206,.T.);
#2204 = VERTEX_POINT('',#2205);
#2205 = CARTESIAN_POINT('',(-82.,119.5,465.));
#2206 = SURFACE_CURVE('',#2207,(#2211,#2218),.PCURVE_S1.);
#2207 = LINE('',#2208,#2209);
#2208 = CARTESIAN_POINT('',(-82.,119.5,375.));
#2209 = VECTOR('',#2210,1.);
#2210 = DIRECTION('',(0.,0.,1.));
#2211 = PCURVE('',#2161,#2212);
#2212 = DEFINITIONAL_REPRESENTATION('',(#2213),#2217);
#2213 = LINE('',#2214,#2215);
#2214 = CARTESIAN_POINT('',(0.,-60.));
#2215 = VECTOR('',#2216,1.);
#2216 = DIRECTION('',(1.,0.));
#2217 = ( GEOMETRIC_REPRESENTATION_CONTEXT(2) 
PARAMETRIC_REPRESENTATION_CONTEXT() REPRESENTATION_CONTEXT('2D SPACE',''
  ) );
#2218 = PCURVE('',#2109,#2219);
#2219 = DEFINITIONAL_REPRESENTATION('',(#2220),#2224);
#2220 = LINE('',#2221,#2222);
#2221 = CARTESIAN_POINT('',(0.,35.));
#2222 = VECTOR('',#2223,1.);
#2223 = DIRECTION('',(1.,0.));
#2224 = ( GEOMETRIC_REPRESENTATION_CONTEXT(2) 
PARAMETRIC_REPRESENTATION_CONTEXT() REPRESENTATION_CONTEXT('2D SPACE',''
  ) );
#2225 = ORIENTED_EDGE('',*,*,#2226,.F.);
#2226 = EDGE_CURVE('',#2153,#2204,#2227,.T.);
#2227 = SURFACE_CURVE('',#2228,(#2232,#2239),.PCURVE_S1.);
#2228 = LINE('',#2229,#2230);
#2229 = CARTESIAN_POINT('',(-82.,59.5,465.));
#2230 = VECTOR('',#2231,1.);
#2231 = DIRECTION('',(-0.,1.,0.));
#2232 = PCURVE('',#2161,#2233);
#2233 = DEFINITIONAL_REPRESENTATION('',(#2234),#2238);
#2234 = LINE('',#2235,#2236);
#2235 = CARTESIAN_POINT('',(90.,0.));
#2236 = VECTOR('',#2237,1.);
#2237 = DIRECTION('',(0.,-1.));
#2238 = ( GEOMETRIC_REPRESENTATION_CONTEXT(2) 
PARAMETRIC_REPRESENTATION_CONTEXT() REPRESENTATION_CONTEXT('2D SPACE',''
  ) );
#2239 = PCURVE('',#2135,#2240);
#2240 = DEFINITIONAL_REPRESENTATION('',(#2241),#2245);
#2241 = LINE('',#2242,#2243);
#2242 = CARTESIAN_POINT('',(35.,0.));
#2243 = VECTOR('',#2244,1.);
#2244 = DIRECTION('',(0.,1.));
#2245 = ( GEOMETRIC_REPRESENTATION_CONTEXT(2) 
PARAMETRIC_REPRESENTATION_CONTEXT() REPRESENTATION_CONTEXT('2D SPACE',''
  ) );
#2246 = ADVANCED_FACE('',(#2247),#2053,.F.);
#2247 = FACE_BOUND('',#2248,.F.);
#2248 = EDGE_LOOP('',(#2249,#2270,#2271,#2292));
#2249 = ORIENTED_EDGE('',*,*,#2250,.F.);
#2250 = EDGE_CURVE('',#2031,#2151,#2251,.T.);
#2251 = SURFACE_CURVE('',#2252,(#2256,#2263),.PCURVE_S1.);
#2252 = LINE('',#2253,#2254);
#2253 = CARTESIAN_POINT('',(-117.,59.5,375.));
#2254 = VECTOR('',#2255,1.);
#2255 = DIRECTION('',(1.,0.,-0.));
#2256 = PCURVE('',#2053,#2257);
#2257 = DEFINITIONAL_REPRESENTATION('',(#2258),#2262);
#2258 = LINE('',#2259,#2260);
#2259 = CARTESIAN_POINT('',(0.,0.));
#2260 = VECTOR('',#2261,1.);
#2261 = DIRECTION('',(0.,1.));
#2262 = ( GEOMETRIC_REPRESENTATION_CONTEXT(2) 
PARAMETRIC_REPRESENTATION_CONTEXT() REPRESENTATION_CONTEXT('2D SPACE',''
  ) );
#2263 = PCURVE('',#2081,#2264);
#2264 = DEFINITIONAL_REPRESENTATION('',(#2265),#2269);
#2265 = LINE('',#2266,#2267);
#2266 = CARTESIAN_POINT('',(0.,0.));
#2267 = VECTOR('',#2268,1.);
#2268 = DIRECTION('',(1.,0.));
#2269 = ( GEOMETRIC_REPRESENTATION_CONTEXT(2) 
PARAMETRIC_REPRESENTATION_CONTEXT() REPRESENTATION_CONTEXT('2D SPACE',''
  ) );
#2270 = ORIENTED_EDGE('',*,*,#2030,.T.);
#2271 = ORIENTED_EDGE('',*,*,#2272,.T.);
#2272 = EDGE_CURVE('',#2033,#2153,#2273,.T.);
#2273 = SURFACE_CURVE('',#2274,(#2278,#2285),.PCURVE_S1.);
#2274 = LINE('',#2275,#2276);
#2275 = CARTESIAN_POINT('',(-117.,59.5,465.));
#2276 = VECTOR('',#2277,1.);
#2277 = DIRECTION('',(1.,0.,-0.));
#2278 = PCURVE('',#2053,#2279);
#2279 = DEFINITIONAL_REPRESENTATION('',(#2280),#2284);
#2280 = LINE('',#2281,#2282);
#2281 = CARTESIAN_POINT('',(90.,0.));
#2282 = VECTOR('',#2283,1.);
#2283 = DIRECTION('',(0.,1.));
#2284 = ( GEOMETRIC_REPRESENTATION_CONTEXT(2) 
PARAMETRIC_REPRESENTATION_CONTEXT() REPRESENTATION_CONTEXT('2D SPACE',''
  ) );
#2285 = PCURVE('',#2135,#2286);
#2286 = DEFINITIONAL_REPRESENTATION('',(#2287),#2291);
#2287 = LINE('',#2288,#2289);
#2288 = CARTESIAN_POINT('',(0.,0.));
#2289 = VECTOR('',#2290,1.);
#2290 = DIRECTION('',(1.,0.));
#2291 = ( GEOMETRIC_REPRESENTATION_CONTEXT(2) 
PARAMETRIC_REPRESENTATION_CONTEXT() REPRESENTATION_CONTEXT('2D SPACE',''
  ) );
#2292 = ORIENTED_EDGE('',*,*,#2150,.F.);
#2293 = ADVANCED_FACE('',(#2294),#2109,.T.);
#2294 = FACE_BOUND('',#2295,.T.);
#2295 = EDGE_LOOP('',(#2296,#2317,#2318,#2339));
#2296 = ORIENTED_EDGE('',*,*,#2297,.F.);
#2297 = EDGE_CURVE('',#2066,#2181,#2298,.T.);
#2298 = SURFACE_CURVE('',#2299,(#2303,#2310),.PCURVE_S1.);
#2299 = LINE('',#2300,#2301);
#2300 = CARTESIAN_POINT('',(-117.,119.5,375.));
#2301 = VECTOR('',#2302,1.);
#2302 = DIRECTION('',(1.,0.,-0.));
#2303 = PCURVE('',#2109,#2304);
#2304 = DEFINITIONAL_REPRESENTATION('',(#2305),#2309);
#2305 = LINE('',#2306,#2307);
#2306 = CARTESIAN_POINT('',(0.,0.));
#2307 = VECTOR('',#2308,1.);
#2308 = DIRECTION('',(0.,1.));
#2309 = ( GEOMETRIC_REPRESENTATION_CONTEXT(2) 
PARAMETRIC_REPRESENTATION_CONTEXT() REPRESENTATION_CONTEXT('2D SPACE',''
  ) );
#2310 = PCURVE('',#2081,#2311);
#2311 = DEFINITIONAL_REPRESENTATION('',(#2312),#2316);
#2312 = LINE('',#2313,#2314);
#2313 = CARTESIAN_POINT('',(0.,60.));
#2314 = VECTOR('',#2315,1.);
#2315 = DIRECTION('',(1.,0.));
#2316 = ( GEOMETRIC_REPRESENTATION_CONTEXT(2) 
PARAMETRIC_REPRESENTATION_CONTEXT() REPRESENTATION_CONTEXT('2D SPACE',''
  ) );
#2317 = ORIENTED_EDGE('',*,*,#2093,.T.);
#2318 = ORIENTED_EDGE('',*,*,#2319,.T.);
#2319 = EDGE_CURVE('',#2094,#2204,#2320,.T.);
#2320 = SURFACE_CURVE('',#2321,(#2325,#2332),.PCURVE_S1.);
#2321 = LINE('',#2322,#2323);
#2322 = CARTESIAN_POINT('',(-117.,119.5,465.));
#2323 = VECTOR('',#2324,1.);
#2324 = DIRECTION('',(1.,0.,-0.));
#2325 = PCURVE('',#2109,#2326);
#2326 = DEFINITIONAL_REPRESENTATION('',(#2327),#2331);
#2327 = LINE('',#2328,#2329);
#2328 = CARTESIAN_POINT('',(90.,0.));
#2329 = VECTOR('',#2330,1.);
#2330 = DIRECTION('',(0.,1.));
#2331 = ( GEOMETRIC_REPRESENTATION_CONTEXT(2) 
PARAMETRIC_REPRESENTATION_CONTEXT() REPRESENTATION_CONTEXT('2D SPACE',''
  ) );
#2332 = PCURVE('',#2135,#2333);
#2333 = DEFINITIONAL_REPRESENTATION('',(#2334),#2338);
#2334 = LINE('',#2335,#2336);
#2335 = CARTESIAN_POINT('',(0.,60.));
#2336 = VECTOR('',#2337,1.);
#2337 = DIRECTION('',(1.,0.));
#2338 = ( GEOMETRIC_REPRESENTATION_CONTEXT(2) 
PARAMETRIC_REPRESENTATION_CONTEXT() REPRESENTATION_CONTEXT('2D SPACE',''
  ) );
#2339 = ORIENTED_EDGE('',*,*,#2203,.F.);
#2340 = ADVANCED_FACE('',(#2341),#2081,.F.);
#2341 = FACE_BOUND('',#2342,.F.);
#2342 = EDGE_LOOP('',(#2343,#2344,#2345,#2346));
#2343 = ORIENTED_EDGE('',*,*,#2065,.F.);
#2344 = ORIENTED_EDGE('',*,*,#2250,.T.);
#2345 = ORIENTED_EDGE('',*,*,#2180,.T.);
#2346 = ORIENTED_EDGE('',*,*,#2297,.F.);
#2347 = ADVANCED_FACE('',(#2348),#2135,.T.);
#2348 = FACE_BOUND('',#2349,.T.);
#2349 = EDGE_LOOP('',(#2350,#2351,#2352,#2353));
#2350 = ORIENTED_EDGE('',*,*,#2121,.F.);
#2351 = ORIENTED_EDGE('',*,*,#2272,.T.);
#2352 = ORIENTED_EDGE('',*,*,#2226,.T.);
#2353 = ORIENTED_EDGE('',*,*,#2319,.F.);
#2354 = ( GEOMETRIC_REPRESENTATION_CONTEXT(3) 
GLOBAL_UNCERTAINTY_ASSIGNED_CONTEXT((#2358)) 
GLOBAL_UNIT_ASSIGNED_CONTEXT((#2355,#2356,#2357)) REPRESENTATION_CONTEXT
('Context #1','3D Context with UNIT and UNCERTAINTY') );
#2355 = ( LENGTH_UNIT() NAMED_UNIT(*) SI_UNIT(.MILLI.,.METRE.) );
#2356 = ( NAMED_UNIT(*) PLANE_ANGLE_UNIT() SI_UNIT($,.RADIAN.) );
#2357 = ( NAMED_UNIT(*) SI_UNIT($,.STERADIAN.) SOLID_ANGLE_UNIT() );
#2358 = UNCERTAINTY_MEASURE_WITH_UNIT(LENGTH_MEASURE(1.E-07),#2355,
  'distance_accuracy_value','confusion accuracy');
#2359 = CONTEXT_DEPENDENT_SHAPE_REPRESENTATION(#2360,#2362);
#2360 = ( REPRESENTATION_RELATIONSHIP('','',#1693,#10) 
REPRESENTATION_RELATIONSHIP_WITH_TRANSFORMATION(#2361) 
SHAPE_REPRESENTATION_RELATIONSHIP() );
#2361 = ITEM_DEFINED_TRANSFORMATION('','',#11,#19);
#2362 = PRODUCT_DEFINITION_SHAPE('Placement','Placement of an item',
  #2363);
#2363 = NEXT_ASSEMBLY_USAGE_OCCURRENCE('25','=>[0:1:1:3]','',#5,#1688,$
  );
#2364 = PRODUCT_RELATED_PRODUCT_CATEGORY('part',$,(#1690));
#2365 = SHAPE_DEFINITION_REPRESENTATION(#2366,#2372);
#2366 = PRODUCT_DEFINITION_SHAPE('','',#2367);
#2367 = PRODUCT_DEFINITION('design','',#2368,#2371);
#2368 = PRODUCT_DEFINITION_FORMATION('','',#2369);
#2369 = PRODUCT('COMPOUND','COMPOUND','',(#2370));
#2370 = PRODUCT_CONTEXT('',#2,'mechanical');
#2371 = PRODUCT_DEFINITION_CONTEXT('part definition',#2,'design');
#2372 = SHAPE_REPRESENTATION('',(#11,#2373,#2703),#3033);
#2373 = MANIFOLD_SOLID_BREP('',#2374);
#2374 = CLOSED_SHELL('',(#2375,#2495,#2595,#2642,#2689,#2696));
#2375 = ADVANCED_FACE('',(#2376),#2390,.F.);
#2376 = FACE_BOUND('',#2377,.F.);
#2377 = EDGE_LOOP('',(#2378,#2413,#2441,#2469));
#2378 = ORIENTED_EDGE('',*,*,#2379,.F.);
#2379 = EDGE_CURVE('',#2380,#2382,#2384,.T.);
#2380 = VERTEX_POINT('',#2381);
#2381 = CARTESIAN_POINT('',(-78.,59.5,375.));
#2382 = VERTEX_POINT('',#2383);
#2383 = CARTESIAN_POINT('',(-78.,59.5,465.));
#2384 = SURFACE_CURVE('',#2385,(#2389,#2401),.PCURVE_S1.);
#2385 = LINE('',#2386,#2387);
#2386 = CARTESIAN_POINT('',(-78.,59.5,375.));
#2387 = VECTOR('',#2388,1.);
#2388 = DIRECTION('',(0.,0.,1.));
#2389 = PCURVE('',#2390,#2395);
#2390 = PLANE('',#2391);
#2391 = AXIS2_PLACEMENT_3D('',#2392,#2393,#2394);
#2392 = CARTESIAN_POINT('',(-78.,59.5,375.));
#2393 = DIRECTION('',(1.,0.,-0.));
#2394 = DIRECTION('',(0.,0.,1.));
#2395 = DEFINITIONAL_REPRESENTATION('',(#2396),#2400);
#2396 = LINE('',#2397,#2398);
#2397 = CARTESIAN_POINT('',(0.,0.));
#2398 = VECTOR('',#2399,1.);
#2399 = DIRECTION('',(1.,0.));
#2400 = ( GEOMETRIC_REPRESENTATION_CONTEXT(2) 
PARAMETRIC_REPRESENTATION_CONTEXT() REPRESENTATION_CONTEXT('2D SPACE',''
  ) );
#2401 = PCURVE('',#2402,#2407);
#2402 = PLANE('',#2403);
#2403 = AXIS2_PLACEMENT_3D('',#2404,#2405,#2406);
#2404 = CARTESIAN_POINT('',(-78.,59.5,375.));
#2405 = DIRECTION('',(-0.,1.,0.));
#2406 = DIRECTION('',(0.,0.,1.));
#2407 = DEFINITIONAL_REPRESENTATION('',(#2408),#2412);
#2408 = LINE('',#2409,#2410);
#2409 = CARTESIAN_POINT('',(0.,0.));
#2410 = VECTOR('',#2411,1.);
#2411 = DIRECTION('',(1.,0.));
#2412 = ( GEOMETRIC_REPRESENTATION_CONTEXT(2) 
PARAMETRIC_REPRESENTATION_CONTEXT() REPRESENTATION_CONTEXT('2D SPACE',''
  ) );
#2413 = ORIENTED_EDGE('',*,*,#2414,.T.);
#2414 = EDGE_CURVE('',#2380,#2415,#2417,.T.);
#2415 = VERTEX_POINT('',#2416);
#2416 = CARTESIAN_POINT('',(-78.,149.5,375.));
#2417 = SURFACE_CURVE('',#2418,(#2422,#2429),.PCURVE_S1.);
#2418 = LINE('',#2419,#2420);
#2419 = CARTESIAN_POINT('',(-78.,59.5,375.));
#2420 = VECTOR('',#2421,1.);
#2421 = DIRECTION('',(-0.,1.,0.));
#2422 = PCURVE('',#2390,#2423);
#2423 = DEFINITIONAL_REPRESENTATION('',(#2424),#2428);
#2424 = LINE('',#2425,#2426);
#2425 = CARTESIAN_POINT('',(0.,0.));
#2426 = VECTOR('',#2427,1.);
#2427 = DIRECTION('',(0.,-1.));
#2428 = ( GEOMETRIC_REPRESENTATION_CONTEXT(2) 
PARAMETRIC_REPRESENTATION_CONTEXT() REPRESENTATION_CONTEXT('2D SPACE',''
  ) );
#2429 = PCURVE('',#2430,#2435);
#2430 = PLANE('',#2431);
#2431 = AXIS2_PLACEMENT_3D('',#2432,#2433,#2434);
#2432 = CARTESIAN_POINT('',(-78.,59.5,375.));
#2433 = DIRECTION('',(0.,0.,1.));
#2434 = DIRECTION('',(1.,0.,-0.));
#2435 = DEFINITIONAL_REPRESENTATION('',(#2436),#2440);
#2436 = LINE('',#2437,#2438);
#2437 = CARTESIAN_POINT('',(0.,0.));
#2438 = VECTOR('',#2439,1.);
#2439 = DIRECTION('',(0.,1.));
#2440 = ( GEOMETRIC_REPRESENTATION_CONTEXT(2) 
PARAMETRIC_REPRESENTATION_CONTEXT() REPRESENTATION_CONTEXT('2D SPACE',''
  ) );
#2441 = ORIENTED_EDGE('',*,*,#2442,.T.);
#2442 = EDGE_CURVE('',#2415,#2443,#2445,.T.);
#2443 = VERTEX_POINT('',#2444);
#2444 = CARTESIAN_POINT('',(-78.,149.5,465.));
#2445 = SURFACE_CURVE('',#2446,(#2450,#2457),.PCURVE_S1.);
#2446 = LINE('',#2447,#2448);
#2447 = CARTESIAN_POINT('',(-78.,149.5,375.));
#2448 = VECTOR('',#2449,1.);
#2449 = DIRECTION('',(0.,0.,1.));
#2450 = PCURVE('',#2390,#2451);
#2451 = DEFINITIONAL_REPRESENTATION('',(#2452),#2456);
#2452 = LINE('',#2453,#2454);
#2453 = CARTESIAN_POINT('',(0.,-90.));
#2454 = VECTOR('',#2455,1.);
#2455 = DIRECTION('',(1.,0.));
#2456 = ( GEOMETRIC_REPRESENTATION_CONTEXT(2) 
PARAMETRIC_REPRESENTATION_CONTEXT() REPRESENTATION_CONTEXT('2D SPACE',''
  ) );
#2457 = PCURVE('',#2458,#2463);
#2458 = PLANE('',#2459);
#2459 = AXIS2_PLACEMENT_3D('',#2460,#2461,#2462);
#2460 = CARTESIAN_POINT('',(-78.,149.5,375.));
#2461 = DIRECTION('',(-0.,1.,0.));
#2462 = DIRECTION('',(0.,0.,1.));
#2463 = DEFINITIONAL_REPRESENTATION('',(#2464),#2468);
#2464 = LINE('',#2465,#2466);
#2465 = CARTESIAN_POINT('',(0.,0.));
#2466 = VECTOR('',#2467,1.);
#2467 = DIRECTION('',(1.,0.));
#2468 = ( GEOMETRIC_REPRESENTATION_CONTEXT(2) 
PARAMETRIC_REPRESENTATION_CONTEXT() REPRESENTATION_CONTEXT('2D SPACE',''
  ) );
#2469 = ORIENTED_EDGE('',*,*,#2470,.F.);
#2470 = EDGE_CURVE('',#2382,#2443,#2471,.T.);
#2471 = SURFACE_CURVE('',#2472,(#2476,#2483),.PCURVE_S1.);
#2472 = LINE('',#2473,#2474);
#2473 = CARTESIAN_POINT('',(-78.,59.5,465.));
#2474 = VECTOR('',#2475,1.);
#2475 = DIRECTION('',(-0.,1.,0.));
#2476 = PCURVE('',#2390,#2477);
#2477 = DEFINITIONAL_REPRESENTATION('',(#2478),#2482);
#2478 = LINE('',#2479,#2480);
#2479 = CARTESIAN_POINT('',(90.,0.));
#2480 = VECTOR('',#2481,1.);
#2481 = DIRECTION('',(0.,-1.));
#2482 = ( GEOMETRIC_REPRESENTATION_CONTEXT(2) 
PARAMETRIC_REPRESENTATION_CONTEXT() REPRESENTATION_CONTEXT('2D SPACE',''
  ) );
#2483 = PCURVE('',#2484,#2489);
#2484 = PLANE('',#2485);
#2485 = AXIS2_PLACEMENT_3D('',#2486,#2487,#2488);
#2486 = CARTESIAN_POINT('',(-78.,59.5,465.));
#2487 = DIRECTION('',(0.,0.,1.));
#2488 = DIRECTION('',(1.,0.,-0.));
#2489 = DEFINITIONAL_REPRESENTATION('',(#2490),#2494);
#2490 = LINE('',#2491,#2492);
#2491 = CARTESIAN_POINT('',(0.,0.));
#2492 = VECTOR('',#2493,1.);
#2493 = DIRECTION('',(0.,1.));
#2494 = ( GEOMETRIC_REPRESENTATION_CONTEXT(2) 
PARAMETRIC_REPRESENTATION_CONTEXT() REPRESENTATION_CONTEXT('2D SPACE',''
  ) );
#2495 = ADVANCED_FACE('',(#2496),#2510,.T.);
#2496 = FACE_BOUND('',#2497,.T.);
#2497 = EDGE_LOOP('',(#2498,#2528,#2551,#2574));
#2498 = ORIENTED_EDGE('',*,*,#2499,.F.);
#2499 = EDGE_CURVE('',#2500,#2502,#2504,.T.);
#2500 = VERTEX_POINT('',#2501);
#2501 = CARTESIAN_POINT('',(-25.5,59.5,375.));
#2502 = VERTEX_POINT('',#2503);
#2503 = CARTESIAN_POINT('',(-25.5,59.5,465.));
#2504 = SURFACE_CURVE('',#2505,(#2509,#2521),.PCURVE_S1.);
#2505 = LINE('',#2506,#2507);
#2506 = CARTESIAN_POINT('',(-25.5,59.5,375.));
#2507 = VECTOR('',#2508,1.);
#2508 = DIRECTION('',(0.,0.,1.));
#2509 = PCURVE('',#2510,#2515);
#2510 = PLANE('',#2511);
#2511 = AXIS2_PLACEMENT_3D('',#2512,#2513,#2514);
#2512 = CARTESIAN_POINT('',(-25.5,59.5,375.));
#2513 = DIRECTION('',(1.,0.,-0.));
#2514 = DIRECTION('',(0.,0.,1.));
#2515 = DEFINITIONAL_REPRESENTATION('',(#2516),#2520);
#2516 = LINE('',#2517,#2518);
#2517 = CARTESIAN_POINT('',(0.,0.));
#2518 = VECTOR('',#2519,1.);
#2519 = DIRECTION('',(1.,0.));
#2520 = ( GEOMETRIC_REPRESENTATION_CONTEXT(2) 
PARAMETRIC_REPRESENTATION_CONTEXT() REPRESENTATION_CONTEXT('2D SPACE',''
  ) );
#2521 = PCURVE('',#2402,#2522);
#2522 = DEFINITIONAL_REPRESENTATION('',(#2523),#2527);
#2523 = LINE('',#2524,#2525);
#2524 = CARTESIAN_POINT('',(0.,52.5));
#2525 = VECTOR('',#2526,1.);
#2526 = DIRECTION('',(1.,0.));
#2527 = ( GEOMETRIC_REPRESENTATION_CONTEXT(2) 
PARAMETRIC_REPRESENTATION_CONTEXT() REPRESENTATION_CONTEXT('2D SPACE',''
  ) );
#2528 = ORIENTED_EDGE('',*,*,#2529,.T.);
#2529 = EDGE_CURVE('',#2500,#2530,#2532,.T.);
#2530 = VERTEX_POINT('',#2531);
#2531 = CARTESIAN_POINT('',(-25.5,149.5,375.));
#2532 = SURFACE_CURVE('',#2533,(#2537,#2544),.PCURVE_S1.);
#2533 = LINE('',#2534,#2535);
#2534 = CARTESIAN_POINT('',(-25.5,59.5,375.));
#2535 = VECTOR('',#2536,1.);
#2536 = DIRECTION('',(-0.,1.,0.));
#2537 = PCURVE('',#2510,#2538);
#2538 = DEFINITIONAL_REPRESENTATION('',(#2539),#2543);
#2539 = LINE('',#2540,#2541);
#2540 = CARTESIAN_POINT('',(0.,0.));
#2541 = VECTOR('',#2542,1.);
#2542 = DIRECTION('',(0.,-1.));
#2543 = ( GEOMETRIC_REPRESENTATION_CONTEXT(2) 
PARAMETRIC_REPRESENTATION_CONTEXT() REPRESENTATION_CONTEXT('2D SPACE',''
  ) );
#2544 = PCURVE('',#2430,#2545);
#2545 = DEFINITIONAL_REPRESENTATION('',(#2546),#2550);
#2546 = LINE('',#2547,#2548);
#2547 = CARTESIAN_POINT('',(52.5,0.));
#2548 = VECTOR('',#2549,1.);
#2549 = DIRECTION('',(0.,1.));
#2550 = ( GEOMETRIC_REPRESENTATION_CONTEXT(2) 
PARAMETRIC_REPRESENTATION_CONTEXT() REPRESENTATION_CONTEXT('2D SPACE',''
  ) );
#2551 = ORIENTED_EDGE('',*,*,#2552,.T.);
#2552 = EDGE_CURVE('',#2530,#2553,#2555,.T.);
#2553 = VERTEX_POINT('',#2554);
#2554 = CARTESIAN_POINT('',(-25.5,149.5,465.));
#2555 = SURFACE_CURVE('',#2556,(#2560,#2567),.PCURVE_S1.);
#2556 = LINE('',#2557,#2558);
#2557 = CARTESIAN_POINT('',(-25.5,149.5,375.));
#2558 = VECTOR('',#2559,1.);
#2559 = DIRECTION('',(0.,0.,1.));
#2560 = PCURVE('',#2510,#2561);
#2561 = DEFINITIONAL_REPRESENTATION('',(#2562),#2566);
#2562 = LINE('',#2563,#2564);
#2563 = CARTESIAN_POINT('',(0.,-90.));
#2564 = VECTOR('',#2565,1.);
#2565 = DIRECTION('',(1.,0.));
#2566 = ( GEOMETRIC_REPRESENTATION_CONTEXT(2) 
PARAMETRIC_REPRESENTATION_CONTEXT() REPRESENTATION_CONTEXT('2D SPACE',''
  ) );
#2567 = PCURVE('',#2458,#2568);
#2568 = DEFINITIONAL_REPRESENTATION('',(#2569),#2573);
#2569 = LINE('',#2570,#2571);
#2570 = CARTESIAN_POINT('',(0.,52.5));
#2571 = VECTOR('',#2572,1.);
#2572 = DIRECTION('',(1.,0.));
#2573 = ( GEOMETRIC_REPRESENTATION_CONTEXT(2) 
PARAMETRIC_REPRESENTATION_CONTEXT() REPRESENTATION_CONTEXT('2D SPACE',''
  ) );
#2574 = ORIENTED_EDGE('',*,*,#2575,.F.);
#2575 = EDGE_CURVE('',#2502,#2553,#2576,.T.);
#2576 = SURFACE_CURVE('',#2577,(#2581,#2588),.PCURVE_S1.);
#2577 = LINE('',#2578,#2579);
#2578 = CARTESIAN_POINT('',(-25.5,59.5,465.));
#2579 = VECTOR('',#2580,1.);
#2580 = DIRECTION('',(-0.,1.,0.));
#2581 = PCURVE('',#2510,#2582);
#2582 = DEFINITIONAL_REPRESENTATION('',(#2583),#2587);
#2583 = LINE('',#2584,#2585);
#2584 = CARTESIAN_POINT('',(90.,0.));
#2585 = VECTOR('',#2586,1.);
#2586 = DIRECTION('',(0.,-1.));
#2587 = ( GEOMETRIC_REPRESENTATION_CONTEXT(2) 
PARAMETRIC_REPRESENTATION_CONTEXT() REPRESENTATION_CONTEXT('2D SPACE',''
  ) );
#2588 = PCURVE('',#2484,#2589);
#2589 = DEFINITIONAL_REPRESENTATION('',(#2590),#2594);
#2590 = LINE('',#2591,#2592);
#2591 = CARTESIAN_POINT('',(52.5,0.));
#2592 = VECTOR('',#2593,1.);
#2593 = DIRECTION('',(0.,1.));
#2594 = ( GEOMETRIC_REPRESENTATION_CONTEXT(2) 
PARAMETRIC_REPRESENTATION_CONTEXT() REPRESENTATION_CONTEXT('2D SPACE',''
  ) );
#2595 = ADVANCED_FACE('',(#2596),#2402,.F.);
#2596 = FACE_BOUND('',#2597,.F.);
#2597 = EDGE_LOOP('',(#2598,#2619,#2620,#2641));
#2598 = ORIENTED_EDGE('',*,*,#2599,.F.);
#2599 = EDGE_CURVE('',#2380,#2500,#2600,.T.);
#2600 = SURFACE_CURVE('',#2601,(#2605,#2612),.PCURVE_S1.);
#2601 = LINE('',#2602,#2603);
#2602 = CARTESIAN_POINT('',(-78.,59.5,375.));
#2603 = VECTOR('',#2604,1.);
#2604 = DIRECTION('',(1.,0.,-0.));
#2605 = PCURVE('',#2402,#2606);
#2606 = DEFINITIONAL_REPRESENTATION('',(#2607),#2611);
#2607 = LINE('',#2608,#2609);
#2608 = CARTESIAN_POINT('',(0.,0.));
#2609 = VECTOR('',#2610,1.);
#2610 = DIRECTION('',(0.,1.));
#2611 = ( GEOMETRIC_REPRESENTATION_CONTEXT(2) 
PARAMETRIC_REPRESENTATION_CONTEXT() REPRESENTATION_CONTEXT('2D SPACE',''
  ) );
#2612 = PCURVE('',#2430,#2613);
#2613 = DEFINITIONAL_REPRESENTATION('',(#2614),#2618);
#2614 = LINE('',#2615,#2616);
#2615 = CARTESIAN_POINT('',(0.,0.));
#2616 = VECTOR('',#2617,1.);
#2617 = DIRECTION('',(1.,0.));
#2618 = ( GEOMETRIC_REPRESENTATION_CONTEXT(2) 
PARAMETRIC_REPRESENTATION_CONTEXT() REPRESENTATION_CONTEXT('2D SPACE',''
  ) );
#2619 = ORIENTED_EDGE('',*,*,#2379,.T.);
#2620 = ORIENTED_EDGE('',*,*,#2621,.T.);
#2621 = EDGE_CURVE('',#2382,#2502,#2622,.T.);
#2622 = SURFACE_CURVE('',#2623,(#2627,#2634),.PCURVE_S1.);
#2623 = LINE('',#2624,#2625);
#2624 = CARTESIAN_POINT('',(-78.,59.5,465.));
#2625 = VECTOR('',#2626,1.);
#2626 = DIRECTION('',(1.,0.,-0.));
#2627 = PCURVE('',#2402,#2628);
#2628 = DEFINITIONAL_REPRESENTATION('',(#2629),#2633);
#2629 = LINE('',#2630,#2631);
#2630 = CARTESIAN_POINT('',(90.,0.));
#2631 = VECTOR('',#2632,1.);
#2632 = DIRECTION('',(0.,1.));
#2633 = ( GEOMETRIC_REPRESENTATION_CONTEXT(2) 
PARAMETRIC_REPRESENTATION_CONTEXT() REPRESENTATION_CONTEXT('2D SPACE',''
  ) );
#2634 = PCURVE('',#2484,#2635);
#2635 = DEFINITIONAL_REPRESENTATION('',(#2636),#2640);
#2636 = LINE('',#2637,#2638);
#2637 = CARTESIAN_POINT('',(0.,0.));
#2638 = VECTOR('',#2639,1.);
#2639 = DIRECTION('',(1.,0.));
#2640 = ( GEOMETRIC_REPRESENTATION_CONTEXT(2) 
PARAMETRIC_REPRESENTATION_CONTEXT() REPRESENTATION_CONTEXT('2D SPACE',''
  ) );
#2641 = ORIENTED_EDGE('',*,*,#2499,.F.);
#2642 = ADVANCED_FACE('',(#2643),#2458,.T.);
#2643 = FACE_BOUND('',#2644,.T.);
#2644 = EDGE_LOOP('',(#2645,#2666,#2667,#2688));
#2645 = ORIENTED_EDGE('',*,*,#2646,.F.);
#2646 = EDGE_CURVE('',#2415,#2530,#2647,.T.);
#2647 = SURFACE_CURVE('',#2648,(#2652,#2659),.PCURVE_S1.);
#2648 = LINE('',#2649,#2650);
#2649 = CARTESIAN_POINT('',(-78.,149.5,375.));
#2650 = VECTOR('',#2651,1.);
#2651 = DIRECTION('',(1.,0.,-0.));
#2652 = PCURVE('',#2458,#2653);
#2653 = DEFINITIONAL_REPRESENTATION('',(#2654),#2658);
#2654 = LINE('',#2655,#2656);
#2655 = CARTESIAN_POINT('',(0.,0.));
#2656 = VECTOR('',#2657,1.);
#2657 = DIRECTION('',(0.,1.));
#2658 = ( GEOMETRIC_REPRESENTATION_CONTEXT(2) 
PARAMETRIC_REPRESENTATION_CONTEXT() REPRESENTATION_CONTEXT('2D SPACE',''
  ) );
#2659 = PCURVE('',#2430,#2660);
#2660 = DEFINITIONAL_REPRESENTATION('',(#2661),#2665);
#2661 = LINE('',#2662,#2663);
#2662 = CARTESIAN_POINT('',(0.,90.));
#2663 = VECTOR('',#2664,1.);
#2664 = DIRECTION('',(1.,0.));
#2665 = ( GEOMETRIC_REPRESENTATION_CONTEXT(2) 
PARAMETRIC_REPRESENTATION_CONTEXT() REPRESENTATION_CONTEXT('2D SPACE',''
  ) );
#2666 = ORIENTED_EDGE('',*,*,#2442,.T.);
#2667 = ORIENTED_EDGE('',*,*,#2668,.T.);
#2668 = EDGE_CURVE('',#2443,#2553,#2669,.T.);
#2669 = SURFACE_CURVE('',#2670,(#2674,#2681),.PCURVE_S1.);
#2670 = LINE('',#2671,#2672);
#2671 = CARTESIAN_POINT('',(-78.,149.5,465.));
#2672 = VECTOR('',#2673,1.);
#2673 = DIRECTION('',(1.,0.,-0.));
#2674 = PCURVE('',#2458,#2675);
#2675 = DEFINITIONAL_REPRESENTATION('',(#2676),#2680);
#2676 = LINE('',#2677,#2678);
#2677 = CARTESIAN_POINT('',(90.,0.));
#2678 = VECTOR('',#2679,1.);
#2679 = DIRECTION('',(0.,1.));
#2680 = ( GEOMETRIC_REPRESENTATION_CONTEXT(2) 
PARAMETRIC_REPRESENTATION_CONTEXT() REPRESENTATION_CONTEXT('2D SPACE',''
  ) );
#2681 = PCURVE('',#2484,#2682);
#2682 = DEFINITIONAL_REPRESENTATION('',(#2683),#2687);
#2683 = LINE('',#2684,#2685);
#2684 = CARTESIAN_POINT('',(0.,90.));
#2685 = VECTOR('',#2686,1.);
#2686 = DIRECTION('',(1.,0.));
#2687 = ( GEOMETRIC_REPRESENTATION_CONTEXT(2) 
PARAMETRIC_REPRESENTATION_CONTEXT() REPRESENTATION_CONTEXT('2D SPACE',''
  ) );
#2688 = ORIENTED_EDGE('',*,*,#2552,.F.);
#2689 = ADVANCED_FACE('',(#2690),#2430,.F.);
#2690 = FACE_BOUND('',#2691,.F.);
#2691 = EDGE_LOOP('',(#2692,#2693,#2694,#2695));
#2692 = ORIENTED_EDGE('',*,*,#2414,.F.);
#2693 = ORIENTED_EDGE('',*,*,#2599,.T.);
#2694 = ORIENTED_EDGE('',*,*,#2529,.T.);
#2695 = ORIENTED_EDGE('',*,*,#2646,.F.);
#2696 = ADVANCED_FACE('',(#2697),#2484,.T.);
#2697 = FACE_BOUND('',#2698,.T.);
#2698 = EDGE_LOOP('',(#2699,#2700,#2701,#2702));
#2699 = ORIENTED_EDGE('',*,*,#2470,.F.);
#2700 = ORIENTED_EDGE('',*,*,#2621,.T.);
#2701 = ORIENTED_EDGE('',*,*,#2575,.T.);
#2702 = ORIENTED_EDGE('',*,*,#2668,.F.);
#2703 = MANIFOLD_SOLID_BREP('',#2704);
#2704 = CLOSED_SHELL('',(#2705,#2825,#2925,#2972,#3019,#3026));
#2705 = ADVANCED_FACE('',(#2706),#2720,.F.);
#2706 = FACE_BOUND('',#2707,.F.);
#2707 = EDGE_LOOP('',(#2708,#2743,#2771,#2799));
#2708 = ORIENTED_EDGE('',*,*,#2709,.F.);
#2709 = EDGE_CURVE('',#2710,#2712,#2714,.T.);
#2710 = VERTEX_POINT('',#2711);
#2711 = CARTESIAN_POINT('',(-21.5,59.5,395.));
#2712 = VERTEX_POINT('',#2713);
#2713 = CARTESIAN_POINT('',(-21.5,59.5,445.));
#2714 = SURFACE_CURVE('',#2715,(#2719,#2731),.PCURVE_S1.);
#2715 = LINE('',#2716,#2717);
#2716 = CARTESIAN_POINT('',(-21.5,59.5,395.));
#2717 = VECTOR('',#2718,1.);
#2718 = DIRECTION('',(0.,0.,1.));
#2719 = PCURVE('',#2720,#2725);
#2720 = PLANE('',#2721);
#2721 = AXIS2_PLACEMENT_3D('',#2722,#2723,#2724);
#2722 = CARTESIAN_POINT('',(-21.5,59.5,395.));
#2723 = DIRECTION('',(1.,0.,-0.));
#2724 = DIRECTION('',(0.,0.,1.));
#2725 = DEFINITIONAL_REPRESENTATION('',(#2726),#2730);
#2726 = LINE('',#2727,#2728);
#2727 = CARTESIAN_POINT('',(0.,0.));
#2728 = VECTOR('',#2729,1.);
#2729 = DIRECTION('',(1.,0.));
#2730 = ( GEOMETRIC_REPRESENTATION_CONTEXT(2) 
PARAMETRIC_REPRESENTATION_CONTEXT() REPRESENTATION_CONTEXT('2D SPACE',''
  ) );
#2731 = PCURVE('',#2732,#2737);
#2732 = PLANE('',#2733);
#2733 = AXIS2_PLACEMENT_3D('',#2734,#2735,#2736);
#2734 = CARTESIAN_POINT('',(-21.5,59.5,395.));
#2735 = DIRECTION('',(-0.,1.,0.));
#2736 = DIRECTION('',(0.,0.,1.));
#2737 = DEFINITIONAL_REPRESENTATION('',(#2738),#2742);
#2738 = LINE('',#2739,#2740);
#2739 = CARTESIAN_POINT('',(0.,0.));
#2740 = VECTOR('',#2741,1.);
#2741 = DIRECTION('',(1.,0.));
#2742 = ( GEOMETRIC_REPRESENTATION_CONTEXT(2) 
PARAMETRIC_REPRESENTATION_CONTEXT() REPRESENTATION_CONTEXT('2D SPACE',''
  ) );
#2743 = ORIENTED_EDGE('',*,*,#2744,.T.);
#2744 = EDGE_CURVE('',#2710,#2745,#2747,.T.);
#2745 = VERTEX_POINT('',#2746);
#2746 = CARTESIAN_POINT('',(-21.5,104.5,395.));
#2747 = SURFACE_CURVE('',#2748,(#2752,#2759),.PCURVE_S1.);
#2748 = LINE('',#2749,#2750);
#2749 = CARTESIAN_POINT('',(-21.5,59.5,395.));
#2750 = VECTOR('',#2751,1.);
#2751 = DIRECTION('',(-0.,1.,0.));
#2752 = PCURVE('',#2720,#2753);
#2753 = DEFINITIONAL_REPRESENTATION('',(#2754),#2758);
#2754 = LINE('',#2755,#2756);
#2755 = CARTESIAN_POINT('',(0.,0.));
#2756 = VECTOR('',#2757,1.);
#2757 = DIRECTION('',(0.,-1.));
#2758 = ( GEOMETRIC_REPRESENTATION_CONTEXT(2) 
PARAMETRIC_REPRESENTATION_CONTEXT() REPRESENTATION_CONTEXT('2D SPACE',''
  ) );
#2759 = PCURVE('',#2760,#2765);
#2760 = PLANE('',#2761);
#2761 = AXIS2_PLACEMENT_3D('',#2762,#2763,#2764);
#2762 = CARTESIAN_POINT('',(-21.5,59.5,395.));
#2763 = DIRECTION('',(0.,0.,1.));
#2764 = DIRECTION('',(1.,0.,-0.));
#2765 = DEFINITIONAL_REPRESENTATION('',(#2766),#2770);
#2766 = LINE('',#2767,#2768);
#2767 = CARTESIAN_POINT('',(0.,0.));
#2768 = VECTOR('',#2769,1.);
#2769 = DIRECTION('',(0.,1.));
#2770 = ( GEOMETRIC_REPRESENTATION_CONTEXT(2) 
PARAMETRIC_REPRESENTATION_CONTEXT() REPRESENTATION_CONTEXT('2D SPACE',''
  ) );
#2771 = ORIENTED_EDGE('',*,*,#2772,.T.);
#2772 = EDGE_CURVE('',#2745,#2773,#2775,.T.);
#2773 = VERTEX_POINT('',#2774);
#2774 = CARTESIAN_POINT('',(-21.5,104.5,445.));
#2775 = SURFACE_CURVE('',#2776,(#2780,#2787),.PCURVE_S1.);
#2776 = LINE('',#2777,#2778);
#2777 = CARTESIAN_POINT('',(-21.5,104.5,395.));
#2778 = VECTOR('',#2779,1.);
#2779 = DIRECTION('',(0.,0.,1.));
#2780 = PCURVE('',#2720,#2781);
#2781 = DEFINITIONAL_REPRESENTATION('',(#2782),#2786);
#2782 = LINE('',#2783,#2784);
#2783 = CARTESIAN_POINT('',(0.,-45.));
#2784 = VECTOR('',#2785,1.);
#2785 = DIRECTION('',(1.,0.));
#2786 = ( GEOMETRIC_REPRESENTATION_CONTEXT(2) 
PARAMETRIC_REPRESENTATION_CONTEXT() REPRESENTATION_CONTEXT('2D SPACE',''
  ) );
#2787 = PCURVE('',#2788,#2793);
#2788 = PLANE('',#2789);
#2789 = AXIS2_PLACEMENT_3D('',#2790,#2791,#2792);
#2790 = CARTESIAN_POINT('',(-21.5,104.5,395.));
#2791 = DIRECTION('',(-0.,1.,0.));
#2792 = DIRECTION('',(0.,0.,1.));
#2793 = DEFINITIONAL_REPRESENTATION('',(#2794),#2798);
#2794 = LINE('',#2795,#2796);
#2795 = CARTESIAN_POINT('',(0.,0.));
#2796 = VECTOR('',#2797,1.);
#2797 = DIRECTION('',(1.,0.));
#2798 = ( GEOMETRIC_REPRESENTATION_CONTEXT(2) 
PARAMETRIC_REPRESENTATION_CONTEXT() REPRESENTATION_CONTEXT('2D SPACE',''
  ) );
#2799 = ORIENTED_EDGE('',*,*,#2800,.F.);
#2800 = EDGE_CURVE('',#2712,#2773,#2801,.T.);
#2801 = SURFACE_CURVE('',#2802,(#2806,#2813),.PCURVE_S1.);
#2802 = LINE('',#2803,#2804);
#2803 = CARTESIAN_POINT('',(-21.5,59.5,445.));
#2804 = VECTOR('',#2805,1.);
#2805 = DIRECTION('',(-0.,1.,0.));
#2806 = PCURVE('',#2720,#2807);
#2807 = DEFINITIONAL_REPRESENTATION('',(#2808),#2812);
#2808 = LINE('',#2809,#2810);
#2809 = CARTESIAN_POINT('',(50.,0.));
#2810 = VECTOR('',#2811,1.);
#2811 = DIRECTION('',(0.,-1.));
#2812 = ( GEOMETRIC_REPRESENTATION_CONTEXT(2) 
PARAMETRIC_REPRESENTATION_CONTEXT() REPRESENTATION_CONTEXT('2D SPACE',''
  ) );
#2813 = PCURVE('',#2814,#2819);
#2814 = PLANE('',#2815);
#2815 = AXIS2_PLACEMENT_3D('',#2816,#2817,#2818);
#2816 = CARTESIAN_POINT('',(-21.5,59.5,445.));
#2817 = DIRECTION('',(0.,0.,1.));
#2818 = DIRECTION('',(1.,0.,-0.));
#2819 = DEFINITIONAL_REPRESENTATION('',(#2820),#2824);
#2820 = LINE('',#2821,#2822);
#2821 = CARTESIAN_POINT('',(0.,0.));
#2822 = VECTOR('',#2823,1.);
#2823 = DIRECTION('',(0.,1.));
#2824 = ( GEOMETRIC_REPRESENTATION_CONTEXT(2) 
PARAMETRIC_REPRESENTATION_CONTEXT() REPRESENTATION_CONTEXT('2D SPACE',''
  ) );
#2825 = ADVANCED_FACE('',(#2826),#2840,.T.);
#2826 = FACE_BOUND('',#2827,.T.);
#2827 = EDGE_LOOP('',(#2828,#2858,#2881,#2904));
#2828 = ORIENTED_EDGE('',*,*,#2829,.F.);
#2829 = EDGE_CURVE('',#2830,#2832,#2834,.T.);
#2830 = VERTEX_POINT('',#2831);
#2831 = CARTESIAN_POINT('',(-9.1,59.5,395.));
#2832 = VERTEX_POINT('',#2833);
#2833 = CARTESIAN_POINT('',(-9.1,59.5,445.));
#2834 = SURFACE_CURVE('',#2835,(#2839,#2851),.PCURVE_S1.);
#2835 = LINE('',#2836,#2837);
#2836 = CARTESIAN_POINT('',(-9.1,59.5,395.));
#2837 = VECTOR('',#2838,1.);
#2838 = DIRECTION('',(0.,0.,1.));
#2839 = PCURVE('',#2840,#2845);
#2840 = PLANE('',#2841);
#2841 = AXIS2_PLACEMENT_3D('',#2842,#2843,#2844);
#2842 = CARTESIAN_POINT('',(-9.1,59.5,395.));
#2843 = DIRECTION('',(1.,0.,-0.));
#2844 = DIRECTION('',(0.,0.,1.));
#2845 = DEFINITIONAL_REPRESENTATION('',(#2846),#2850);
#2846 = LINE('',#2847,#2848);
#2847 = CARTESIAN_POINT('',(0.,0.));
#2848 = VECTOR('',#2849,1.);
#2849 = DIRECTION('',(1.,0.));
#2850 = ( GEOMETRIC_REPRESENTATION_CONTEXT(2) 
PARAMETRIC_REPRESENTATION_CONTEXT() REPRESENTATION_CONTEXT('2D SPACE',''
  ) );
#2851 = PCURVE('',#2732,#2852);
#2852 = DEFINITIONAL_REPRESENTATION('',(#2853),#2857);
#2853 = LINE('',#2854,#2855);
#2854 = CARTESIAN_POINT('',(0.,12.4));
#2855 = VECTOR('',#2856,1.);
#2856 = DIRECTION('',(1.,0.));
#2857 = ( GEOMETRIC_REPRESENTATION_CONTEXT(2) 
PARAMETRIC_REPRESENTATION_CONTEXT() REPRESENTATION_CONTEXT('2D SPACE',''
  ) );
#2858 = ORIENTED_EDGE('',*,*,#2859,.T.);
#2859 = EDGE_CURVE('',#2830,#2860,#2862,.T.);
#2860 = VERTEX_POINT('',#2861);
#2861 = CARTESIAN_POINT('',(-9.1,104.5,395.));
#2862 = SURFACE_CURVE('',#2863,(#2867,#2874),.PCURVE_S1.);
#2863 = LINE('',#2864,#2865);
#2864 = CARTESIAN_POINT('',(-9.1,59.5,395.));
#2865 = VECTOR('',#2866,1.);
#2866 = DIRECTION('',(-0.,1.,0.));
#2867 = PCURVE('',#2840,#2868);
#2868 = DEFINITIONAL_REPRESENTATION('',(#2869),#2873);
#2869 = LINE('',#2870,#2871);
#2870 = CARTESIAN_POINT('',(0.,0.));
#2871 = VECTOR('',#2872,1.);
#2872 = DIRECTION('',(0.,-1.));
#2873 = ( GEOMETRIC_REPRESENTATION_CONTEXT(2) 
PARAMETRIC_REPRESENTATION_CONTEXT() REPRESENTATION_CONTEXT('2D SPACE',''
  ) );
#2874 = PCURVE('',#2760,#2875);
#2875 = DEFINITIONAL_REPRESENTATION('',(#2876),#2880);
#2876 = LINE('',#2877,#2878);
#2877 = CARTESIAN_POINT('',(12.4,0.));
#2878 = VECTOR('',#2879,1.);
#2879 = DIRECTION('',(0.,1.));
#2880 = ( GEOMETRIC_REPRESENTATION_CONTEXT(2) 
PARAMETRIC_REPRESENTATION_CONTEXT() REPRESENTATION_CONTEXT('2D SPACE',''
  ) );
#2881 = ORIENTED_EDGE('',*,*,#2882,.T.);
#2882 = EDGE_CURVE('',#2860,#2883,#2885,.T.);
#2883 = VERTEX_POINT('',#2884);
#2884 = CARTESIAN_POINT('',(-9.1,104.5,445.));
#2885 = SURFACE_CURVE('',#2886,(#2890,#2897),.PCURVE_S1.);
#2886 = LINE('',#2887,#2888);
#2887 = CARTESIAN_POINT('',(-9.1,104.5,395.));
#2888 = VECTOR('',#2889,1.);
#2889 = DIRECTION('',(0.,0.,1.));
#2890 = PCURVE('',#2840,#2891);
#2891 = DEFINITIONAL_REPRESENTATION('',(#2892),#2896);
#2892 = LINE('',#2893,#2894);
#2893 = CARTESIAN_POINT('',(0.,-45.));
#2894 = VECTOR('',#2895,1.);
#2895 = DIRECTION('',(1.,0.));
#2896 = ( GEOMETRIC_REPRESENTATION_CONTEXT(2) 
PARAMETRIC_REPRESENTATION_CONTEXT() REPRESENTATION_CONTEXT('2D SPACE',''
  ) );
#2897 = PCURVE('',#2788,#2898);
#2898 = DEFINITIONAL_REPRESENTATION('',(#2899),#2903);
#2899 = LINE('',#2900,#2901);
#2900 = CARTESIAN_POINT('',(0.,12.4));
#2901 = VECTOR('',#2902,1.);
#2902 = DIRECTION('',(1.,0.));
#2903 = ( GEOMETRIC_REPRESENTATION_CONTEXT(2) 
PARAMETRIC_REPRESENTATION_CONTEXT() REPRESENTATION_CONTEXT('2D SPACE',''
  ) );
#2904 = ORIENTED_EDGE('',*,*,#2905,.F.);
#2905 = EDGE_CURVE('',#2832,#2883,#2906,.T.);
#2906 = SURFACE_CURVE('',#2907,(#2911,#2918),.PCURVE_S1.);
#2907 = LINE('',#2908,#2909);
#2908 = CARTESIAN_POINT('',(-9.1,59.5,445.));
#2909 = VECTOR('',#2910,1.);
#2910 = DIRECTION('',(-0.,1.,0.));
#2911 = PCURVE('',#2840,#2912);
#2912 = DEFINITIONAL_REPRESENTATION('',(#2913),#2917);
#2913 = LINE('',#2914,#2915);
#2914 = CARTESIAN_POINT('',(50.,0.));
#2915 = VECTOR('',#2916,1.);
#2916 = DIRECTION('',(0.,-1.));
#2917 = ( GEOMETRIC_REPRESENTATION_CONTEXT(2) 
PARAMETRIC_REPRESENTATION_CONTEXT() REPRESENTATION_CONTEXT('2D SPACE',''
  ) );
#2918 = PCURVE('',#2814,#2919);
#2919 = DEFINITIONAL_REPRESENTATION('',(#2920),#2924);
#2920 = LINE('',#2921,#2922);
#2921 = CARTESIAN_POINT('',(12.4,0.));
#2922 = VECTOR('',#2923,1.);
#2923 = DIRECTION('',(0.,1.));
#2924 = ( GEOMETRIC_REPRESENTATION_CONTEXT(2) 
PARAMETRIC_REPRESENTATION_CONTEXT() REPRESENTATION_CONTEXT('2D SPACE',''
  ) );
#2925 = ADVANCED_FACE('',(#2926),#2732,.F.);
#2926 = FACE_BOUND('',#2927,.F.);
#2927 = EDGE_LOOP('',(#2928,#2949,#2950,#2971));
#2928 = ORIENTED_EDGE('',*,*,#2929,.F.);
#2929 = EDGE_CURVE('',#2710,#2830,#2930,.T.);
#2930 = SURFACE_CURVE('',#2931,(#2935,#2942),.PCURVE_S1.);
#2931 = LINE('',#2932,#2933);
#2932 = CARTESIAN_POINT('',(-21.5,59.5,395.));
#2933 = VECTOR('',#2934,1.);
#2934 = DIRECTION('',(1.,0.,-0.));
#2935 = PCURVE('',#2732,#2936);
#2936 = DEFINITIONAL_REPRESENTATION('',(#2937),#2941);
#2937 = LINE('',#2938,#2939);
#2938 = CARTESIAN_POINT('',(0.,0.));
#2939 = VECTOR('',#2940,1.);
#2940 = DIRECTION('',(0.,1.));
#2941 = ( GEOMETRIC_REPRESENTATION_CONTEXT(2) 
PARAMETRIC_REPRESENTATION_CONTEXT() REPRESENTATION_CONTEXT('2D SPACE',''
  ) );
#2942 = PCURVE('',#2760,#2943);
#2943 = DEFINITIONAL_REPRESENTATION('',(#2944),#2948);
#2944 = LINE('',#2945,#2946);
#2945 = CARTESIAN_POINT('',(0.,0.));
#2946 = VECTOR('',#2947,1.);
#2947 = DIRECTION('',(1.,0.));
#2948 = ( GEOMETRIC_REPRESENTATION_CONTEXT(2) 
PARAMETRIC_REPRESENTATION_CONTEXT() REPRESENTATION_CONTEXT('2D SPACE',''
  ) );
#2949 = ORIENTED_EDGE('',*,*,#2709,.T.);
#2950 = ORIENTED_EDGE('',*,*,#2951,.T.);
#2951 = EDGE_CURVE('',#2712,#2832,#2952,.T.);
#2952 = SURFACE_CURVE('',#2953,(#2957,#2964),.PCURVE_S1.);
#2953 = LINE('',#2954,#2955);
#2954 = CARTESIAN_POINT('',(-21.5,59.5,445.));
#2955 = VECTOR('',#2956,1.);
#2956 = DIRECTION('',(1.,0.,-0.));
#2957 = PCURVE('',#2732,#2958);
#2958 = DEFINITIONAL_REPRESENTATION('',(#2959),#2963);
#2959 = LINE('',#2960,#2961);
#2960 = CARTESIAN_POINT('',(50.,0.));
#2961 = VECTOR('',#2962,1.);
#2962 = DIRECTION('',(0.,1.));
#2963 = ( GEOMETRIC_REPRESENTATION_CONTEXT(2) 
PARAMETRIC_REPRESENTATION_CONTEXT() REPRESENTATION_CONTEXT('2D SPACE',''
  ) );
#2964 = PCURVE('',#2814,#2965);
#2965 = DEFINITIONAL_REPRESENTATION('',(#2966),#2970);
#2966 = LINE('',#2967,#2968);
#2967 = CARTESIAN_POINT('',(0.,0.));
#2968 = VECTOR('',#2969,1.);
#2969 = DIRECTION('',(1.,0.));
#2970 = ( GEOMETRIC_REPRESENTATION_CONTEXT(2) 
PARAMETRIC_REPRESENTATION_CONTEXT() REPRESENTATION_CONTEXT('2D SPACE',''
  ) );
#2971 = ORIENTED_EDGE('',*,*,#2829,.F.);
#2972 = ADVANCED_FACE('',(#2973),#2788,.T.);
#2973 = FACE_BOUND('',#2974,.T.);
#2974 = EDGE_LOOP('',(#2975,#2996,#2997,#3018));
#2975 = ORIENTED_EDGE('',*,*,#2976,.F.);
#2976 = EDGE_CURVE('',#2745,#2860,#2977,.T.);
#2977 = SURFACE_CURVE('',#2978,(#2982,#2989),.PCURVE_S1.);
#2978 = LINE('',#2979,#2980);
#2979 = CARTESIAN_POINT('',(-21.5,104.5,395.));
#2980 = VECTOR('',#2981,1.);
#2981 = DIRECTION('',(1.,0.,-0.));
#2982 = PCURVE('',#2788,#2983);
#2983 = DEFINITIONAL_REPRESENTATION('',(#2984),#2988);
#2984 = LINE('',#2985,#2986);
#2985 = CARTESIAN_POINT('',(0.,0.));
#2986 = VECTOR('',#2987,1.);
#2987 = DIRECTION('',(0.,1.));
#2988 = ( GEOMETRIC_REPRESENTATION_CONTEXT(2) 
PARAMETRIC_REPRESENTATION_CONTEXT() REPRESENTATION_CONTEXT('2D SPACE',''
  ) );
#2989 = PCURVE('',#2760,#2990);
#2990 = DEFINITIONAL_REPRESENTATION('',(#2991),#2995);
#2991 = LINE('',#2992,#2993);
#2992 = CARTESIAN_POINT('',(0.,45.));
#2993 = VECTOR('',#2994,1.);
#2994 = DIRECTION('',(1.,0.));
#2995 = ( GEOMETRIC_REPRESENTATION_CONTEXT(2) 
PARAMETRIC_REPRESENTATION_CONTEXT() REPRESENTATION_CONTEXT('2D SPACE',''
  ) );
#2996 = ORIENTED_EDGE('',*,*,#2772,.T.);
#2997 = ORIENTED_EDGE('',*,*,#2998,.T.);
#2998 = EDGE_CURVE('',#2773,#2883,#2999,.T.);
#2999 = SURFACE_CURVE('',#3000,(#3004,#3011),.PCURVE_S1.);
#3000 = LINE('',#3001,#3002);
#3001 = CARTESIAN_POINT('',(-21.5,104.5,445.));
#3002 = VECTOR('',#3003,1.);
#3003 = DIRECTION('',(1.,0.,-0.));
#3004 = PCURVE('',#2788,#3005);
#3005 = DEFINITIONAL_REPRESENTATION('',(#3006),#3010);
#3006 = LINE('',#3007,#3008);
#3007 = CARTESIAN_POINT('',(50.,0.));
#3008 = VECTOR('',#3009,1.);
#3009 = DIRECTION('',(0.,1.));
#3010 = ( GEOMETRIC_REPRESENTATION_CONTEXT(2) 
PARAMETRIC_REPRESENTATION_CONTEXT() REPRESENTATION_CONTEXT('2D SPACE',''
  ) );
#3011 = PCURVE('',#2814,#3012);
#3012 = DEFINITIONAL_REPRESENTATION('',(#3013),#3017);
#3013 = LINE('',#3014,#3015);
#3014 = CARTESIAN_POINT('',(0.,45.));
#3015 = VECTOR('',#3016,1.);
#3016 = DIRECTION('',(1.,0.));
#3017 = ( GEOMETRIC_REPRESENTATION_CONTEXT(2) 
PARAMETRIC_REPRESENTATION_CONTEXT() REPRESENTATION_CONTEXT('2D SPACE',''
  ) );
#3018 = ORIENTED_EDGE('',*,*,#2882,.F.);
#3019 = ADVANCED_FACE('',(#3020),#2760,.F.);
#3020 = FACE_BOUND('',#3021,.F.);
#3021 = EDGE_LOOP('',(#3022,#3023,#3024,#3025));
#3022 = ORIENTED_EDGE('',*,*,#2744,.F.);
#3023 = ORIENTED_EDGE('',*,*,#2929,.T.);
#3024 = ORIENTED_EDGE('',*,*,#2859,.T.);
#3025 = ORIENTED_EDGE('',*,*,#2976,.F.);
#3026 = ADVANCED_FACE('',(#3027),#2814,.T.);
#3027 = FACE_BOUND('',#3028,.T.);
#3028 = EDGE_LOOP('',(#3029,#3030,#3031,#3032));
#3029 = ORIENTED_EDGE('',*,*,#2800,.F.);
#3030 = ORIENTED_EDGE('',*,*,#2951,.T.);
#3031 = ORIENTED_EDGE('',*,*,#2905,.T.);
#3032 = ORIENTED_EDGE('',*,*,#2998,.F.);
#3033 = ( GEOMETRIC_REPRESENTATION_CONTEXT(3) 
GLOBAL_UNCERTAINTY_ASSIGNED_CONTEXT((#3037)) 
GLOBAL_UNIT_ASSIGNED_CONTEXT((#3034,#3035,#3036)) REPRESENTATION_CONTEXT
('Context #1','3D Context with UNIT and UNCERTAINTY') );
#3034 = ( LENGTH_UNIT() NAMED_UNIT(*) SI_UNIT(.MILLI.,.METRE.) );
#3035 = ( NAMED_UNIT(*) PLANE_ANGLE_UNIT() SI_UNIT($,.RADIAN.) );
#3036 = ( NAMED_UNIT(*) SI_UNIT($,.STERADIAN.) SOLID_ANGLE_UNIT() );
#3037 = UNCERTAINTY_MEASURE_WITH_UNIT(LENGTH_MEASURE(1.E-07),#3034,
  'distance_accuracy_value','confusion accuracy');
#3038 = CONTEXT_DEPENDENT_SHAPE_REPRESENTATION(#3039,#3041);
#3039 = ( REPRESENTATION_RELATIONSHIP('','',#2372,#10) 
REPRESENTATION_RELATIONSHIP_WITH_TRANSFORMATION(#3040) 
SHAPE_REPRESENTATION_RELATIONSHIP() );
#3040 = ITEM_DEFINED_TRANSFORMATION('','',#11,#23);
#3041 = PRODUCT_DEFINITION_SHAPE('Placement','Placement of an item',
  #3042);
#3042 = NEXT_ASSEMBLY_USAGE_OCCURRENCE('26','=>[0:1:1:4]','',#5,#2367,$
  );
#3043 = PRODUCT_RELATED_PRODUCT_CATEGORY('part',$,(#2369));
#3044 = SHAPE_DEFINITION_REPRESENTATION(#3045,#3051);
#3045 = PRODUCT_DEFINITION_SHAPE('','',#3046);
#3046 = PRODUCT_DEFINITION('design','',#3047,#3050);
#3047 = PRODUCT_DEFINITION_FORMATION('','',#3048);
#3048 = PRODUCT('COMPOUND','COMPOUND','',(#3049));
#3049 = PRODUCT_CONTEXT('',#2,'mechanical');
#3050 = PRODUCT_DEFINITION_CONTEXT('part definition',#2,'design');
#3051 = SHAPE_REPRESENTATION('',(#11,#3052,#3382,#3712,#4042),#4372);
#3052 = MANIFOLD_SOLID_BREP('',#3053);
#3053 = CLOSED_SHELL('',(#3054,#3174,#3274,#3321,#3368,#3375));
#3054 = ADVANCED_FACE('',(#3055),#3069,.F.);
#3055 = FACE_BOUND('',#3056,.F.);
#3056 = EDGE_LOOP('',(#3057,#3092,#3120,#3148));
#3057 = ORIENTED_EDGE('',*,*,#3058,.F.);
#3058 = EDGE_CURVE('',#3059,#3061,#3063,.T.);
#3059 = VERTEX_POINT('',#3060);
#3060 = CARTESIAN_POINT('',(-156.,59.5,595.));
#3061 = VERTEX_POINT('',#3062);
#3062 = CARTESIAN_POINT('',(-156.,59.5,645.));
#3063 = SURFACE_CURVE('',#3064,(#3068,#3080),.PCURVE_S1.);
#3064 = LINE('',#3065,#3066);
#3065 = CARTESIAN_POINT('',(-156.,59.5,595.));
#3066 = VECTOR('',#3067,1.);
#3067 = DIRECTION('',(0.,0.,1.));
#3068 = PCURVE('',#3069,#3074);
#3069 = PLANE('',#3070);
#3070 = AXIS2_PLACEMENT_3D('',#3071,#3072,#3073);
#3071 = CARTESIAN_POINT('',(-156.,59.5,595.));
#3072 = DIRECTION('',(1.,0.,-0.));
#3073 = DIRECTION('',(0.,0.,1.));
#3074 = DEFINITIONAL_REPRESENTATION('',(#3075),#3079);
#3075 = LINE('',#3076,#3077);
#3076 = CARTESIAN_POINT('',(0.,0.));
#3077 = VECTOR('',#3078,1.);
#3078 = DIRECTION('',(1.,0.));
#3079 = ( GEOMETRIC_REPRESENTATION_CONTEXT(2) 
PARAMETRIC_REPRESENTATION_CONTEXT() REPRESENTATION_CONTEXT('2D SPACE',''
  ) );
#3080 = PCURVE('',#3081,#3086);
#3081 = PLANE('',#3082);
#3082 = AXIS2_PLACEMENT_3D('',#3083,#3084,#3085);
#3083 = CARTESIAN_POINT('',(-156.,59.5,595.));
#3084 = DIRECTION('',(-0.,1.,0.));
#3085 = DIRECTION('',(0.,0.,1.));
#3086 = DEFINITIONAL_REPRESENTATION('',(#3087),#3091);
#3087 = LINE('',#3088,#3089);
#3088 = CARTESIAN_POINT('',(0.,0.));
#3089 = VECTOR('',#3090,1.);
#3090 = DIRECTION('',(1.,0.));
#3091 = ( GEOMETRIC_REPRESENTATION_CONTEXT(2) 
PARAMETRIC_REPRESENTATION_CONTEXT() REPRESENTATION_CONTEXT('2D SPACE',''
  ) );
#3092 = ORIENTED_EDGE('',*,*,#3093,.T.);
#3093 = EDGE_CURVE('',#3059,#3094,#3096,.T.);
#3094 = VERTEX_POINT('',#3095);
#3095 = CARTESIAN_POINT('',(-156.,104.5,595.));
#3096 = SURFACE_CURVE('',#3097,(#3101,#3108),.PCURVE_S1.);
#3097 = LINE('',#3098,#3099);
#3098 = CARTESIAN_POINT('',(-156.,59.5,595.));
#3099 = VECTOR('',#3100,1.);
#3100 = DIRECTION('',(-0.,1.,0.));
#3101 = PCURVE('',#3069,#3102);
#3102 = DEFINITIONAL_REPRESENTATION('',(#3103),#3107);
#3103 = LINE('',#3104,#3105);
#3104 = CARTESIAN_POINT('',(0.,0.));
#3105 = VECTOR('',#3106,1.);
#3106 = DIRECTION('',(0.,-1.));
#3107 = ( GEOMETRIC_REPRESENTATION_CONTEXT(2) 
PARAMETRIC_REPRESENTATION_CONTEXT() REPRESENTATION_CONTEXT('2D SPACE',''
  ) );
#3108 = PCURVE('',#3109,#3114);
#3109 = PLANE('',#3110);
#3110 = AXIS2_PLACEMENT_3D('',#3111,#3112,#3113);
#3111 = CARTESIAN_POINT('',(-156.,59.5,595.));
#3112 = DIRECTION('',(0.,0.,1.));
#3113 = DIRECTION('',(1.,0.,-0.));
#3114 = DEFINITIONAL_REPRESENTATION('',(#3115),#3119);
#3115 = LINE('',#3116,#3117);
#3116 = CARTESIAN_POINT('',(0.,0.));
#3117 = VECTOR('',#3118,1.);
#3118 = DIRECTION('',(0.,1.));
#3119 = ( GEOMETRIC_REPRESENTATION_CONTEXT(2) 
PARAMETRIC_REPRESENTATION_CONTEXT() REPRESENTATION_CONTEXT('2D SPACE',''
  ) );
#3120 = ORIENTED_EDGE('',*,*,#3121,.T.);
#3121 = EDGE_CURVE('',#3094,#3122,#3124,.T.);
#3122 = VERTEX_POINT('',#3123);
#3123 = CARTESIAN_POINT('',(-156.,104.5,645.));
#3124 = SURFACE_CURVE('',#3125,(#3129,#3136),.PCURVE_S1.);
#3125 = LINE('',#3126,#3127);
#3126 = CARTESIAN_POINT('',(-156.,104.5,595.));
#3127 = VECTOR('',#3128,1.);
#3128 = DIRECTION('',(0.,0.,1.));
#3129 = PCURVE('',#3069,#3130);
#3130 = DEFINITIONAL_REPRESENTATION('',(#3131),#3135);
#3131 = LINE('',#3132,#3133);
#3132 = CARTESIAN_POINT('',(0.,-45.));
#3133 = VECTOR('',#3134,1.);
#3134 = DIRECTION('',(1.,0.));
#3135 = ( GEOMETRIC_REPRESENTATION_CONTEXT(2) 
PARAMETRIC_REPRESENTATION_CONTEXT() REPRESENTATION_CONTEXT('2D SPACE',''
  ) );
#3136 = PCURVE('',#3137,#3142);
#3137 = PLANE('',#3138);
#3138 = AXIS2_PLACEMENT_3D('',#3139,#3140,#3141);
#3139 = CARTESIAN_POINT('',(-156.,104.5,595.));
#3140 = DIRECTION('',(-0.,1.,0.));
#3141 = DIRECTION('',(0.,0.,1.));
#3142 = DEFINITIONAL_REPRESENTATION('',(#3143),#3147);
#3143 = LINE('',#3144,#3145);
#3144 = CARTESIAN_POINT('',(0.,0.));
#3145 = VECTOR('',#3146,1.);
#3146 = DIRECTION('',(1.,0.));
#3147 = ( GEOMETRIC_REPRESENTATION_CONTEXT(2) 
PARAMETRIC_REPRESENTATION_CONTEXT() REPRESENTATION_CONTEXT('2D SPACE',''
  ) );
#3148 = ORIENTED_EDGE('',*,*,#3149,.F.);
#3149 = EDGE_CURVE('',#3061,#3122,#3150,.T.);
#3150 = SURFACE_CURVE('',#3151,(#3155,#3162),.PCURVE_S1.);
#3151 = LINE('',#3152,#3153);
#3152 = CARTESIAN_POINT('',(-156.,59.5,645.));
#3153 = VECTOR('',#3154,1.);
#3154 = DIRECTION('',(-0.,1.,0.));
#3155 = PCURVE('',#3069,#3156);
#3156 = DEFINITIONAL_REPRESENTATION('',(#3157),#3161);
#3157 = LINE('',#3158,#3159);
#3158 = CARTESIAN_POINT('',(50.,0.));
#3159 = VECTOR('',#3160,1.);
#3160 = DIRECTION('',(0.,-1.));
#3161 = ( GEOMETRIC_REPRESENTATION_CONTEXT(2) 
PARAMETRIC_REPRESENTATION_CONTEXT() REPRESENTATION_CONTEXT('2D SPACE',''
  ) );
#3162 = PCURVE('',#3163,#3168);
#3163 = PLANE('',#3164);
#3164 = AXIS2_PLACEMENT_3D('',#3165,#3166,#3167);
#3165 = CARTESIAN_POINT('',(-156.,59.5,645.));
#3166 = DIRECTION('',(0.,0.,1.));
#3167 = DIRECTION('',(1.,0.,-0.));
#3168 = DEFINITIONAL_REPRESENTATION('',(#3169),#3173);
#3169 = LINE('',#3170,#3171);
#3170 = CARTESIAN_POINT('',(0.,0.));
#3171 = VECTOR('',#3172,1.);
#3172 = DIRECTION('',(0.,1.));
#3173 = ( GEOMETRIC_REPRESENTATION_CONTEXT(2) 
PARAMETRIC_REPRESENTATION_CONTEXT() REPRESENTATION_CONTEXT('2D SPACE',''
  ) );
#3174 = ADVANCED_FACE('',(#3175),#3189,.T.);
#3175 = FACE_BOUND('',#3176,.T.);
#3176 = EDGE_LOOP('',(#3177,#3207,#3230,#3253));
#3177 = ORIENTED_EDGE('',*,*,#3178,.F.);
#3178 = EDGE_CURVE('',#3179,#3181,#3183,.T.);
#3179 = VERTEX_POINT('',#3180);
#3180 = CARTESIAN_POINT('',(-130.6,59.5,595.));
#3181 = VERTEX_POINT('',#3182);
#3182 = CARTESIAN_POINT('',(-130.6,59.5,645.));
#3183 = SURFACE_CURVE('',#3184,(#3188,#3200),.PCURVE_S1.);
#3184 = LINE('',#3185,#3186);
#3185 = CARTESIAN_POINT('',(-130.6,59.5,595.));
#3186 = VECTOR('',#3187,1.);
#3187 = DIRECTION('',(0.,0.,1.));
#3188 = PCURVE('',#3189,#3194);
#3189 = PLANE('',#3190);
#3190 = AXIS2_PLACEMENT_3D('',#3191,#3192,#3193);
#3191 = CARTESIAN_POINT('',(-130.6,59.5,595.));
#3192 = DIRECTION('',(1.,0.,-0.));
#3193 = DIRECTION('',(0.,0.,1.));
#3194 = DEFINITIONAL_REPRESENTATION('',(#3195),#3199);
#3195 = LINE('',#3196,#3197);
#3196 = CARTESIAN_POINT('',(0.,0.));
#3197 = VECTOR('',#3198,1.);
#3198 = DIRECTION('',(1.,0.));
#3199 = ( GEOMETRIC_REPRESENTATION_CONTEXT(2) 
PARAMETRIC_REPRESENTATION_CONTEXT() REPRESENTATION_CONTEXT('2D SPACE',''
  ) );
#3200 = PCURVE('',#3081,#3201);
#3201 = DEFINITIONAL_REPRESENTATION('',(#3202),#3206);
#3202 = LINE('',#3203,#3204);
#3203 = CARTESIAN_POINT('',(0.,25.4));
#3204 = VECTOR('',#3205,1.);
#3205 = DIRECTION('',(1.,0.));
#3206 = ( GEOMETRIC_REPRESENTATION_CONTEXT(2) 
PARAMETRIC_REPRESENTATION_CONTEXT() REPRESENTATION_CONTEXT('2D SPACE',''
  ) );
#3207 = ORIENTED_EDGE('',*,*,#3208,.T.);
#3208 = EDGE_CURVE('',#3179,#3209,#3211,.T.);
#3209 = VERTEX_POINT('',#3210);
#3210 = CARTESIAN_POINT('',(-130.6,104.5,595.));
#3211 = SURFACE_CURVE('',#3212,(#3216,#3223),.PCURVE_S1.);
#3212 = LINE('',#3213,#3214);
#3213 = CARTESIAN_POINT('',(-130.6,59.5,595.));
#3214 = VECTOR('',#3215,1.);
#3215 = DIRECTION('',(-0.,1.,0.));
#3216 = PCURVE('',#3189,#3217);
#3217 = DEFINITIONAL_REPRESENTATION('',(#3218),#3222);
#3218 = LINE('',#3219,#3220);
#3219 = CARTESIAN_POINT('',(0.,0.));
#3220 = VECTOR('',#3221,1.);
#3221 = DIRECTION('',(0.,-1.));
#3222 = ( GEOMETRIC_REPRESENTATION_CONTEXT(2) 
PARAMETRIC_REPRESENTATION_CONTEXT() REPRESENTATION_CONTEXT('2D SPACE',''
  ) );
#3223 = PCURVE('',#3109,#3224);
#3224 = DEFINITIONAL_REPRESENTATION('',(#3225),#3229);
#3225 = LINE('',#3226,#3227);
#3226 = CARTESIAN_POINT('',(25.4,0.));
#3227 = VECTOR('',#3228,1.);
#3228 = DIRECTION('',(0.,1.));
#3229 = ( GEOMETRIC_REPRESENTATION_CONTEXT(2) 
PARAMETRIC_REPRESENTATION_CONTEXT() REPRESENTATION_CONTEXT('2D SPACE',''
  ) );
#3230 = ORIENTED_EDGE('',*,*,#3231,.T.);
#3231 = EDGE_CURVE('',#3209,#3232,#3234,.T.);
#3232 = VERTEX_POINT('',#3233);
#3233 = CARTESIAN_POINT('',(-130.6,104.5,645.));
#3234 = SURFACE_CURVE('',#3235,(#3239,#3246),.PCURVE_S1.);
#3235 = LINE('',#3236,#3237);
#3236 = CARTESIAN_POINT('',(-130.6,104.5,595.));
#3237 = VECTOR('',#3238,1.);
#3238 = DIRECTION('',(0.,0.,1.));
#3239 = PCURVE('',#3189,#3240);
#3240 = DEFINITIONAL_REPRESENTATION('',(#3241),#3245);
#3241 = LINE('',#3242,#3243);
#3242 = CARTESIAN_POINT('',(0.,-45.));
#3243 = VECTOR('',#3244,1.);
#3244 = DIRECTION('',(1.,0.));
#3245 = ( GEOMETRIC_REPRESENTATION_CONTEXT(2) 
PARAMETRIC_REPRESENTATION_CONTEXT() REPRESENTATION_CONTEXT('2D SPACE',''
  ) );
#3246 = PCURVE('',#3137,#3247);
#3247 = DEFINITIONAL_REPRESENTATION('',(#3248),#3252);
#3248 = LINE('',#3249,#3250);
#3249 = CARTESIAN_POINT('',(0.,25.4));
#3250 = VECTOR('',#3251,1.);
#3251 = DIRECTION('',(1.,0.));
#3252 = ( GEOMETRIC_REPRESENTATION_CONTEXT(2) 
PARAMETRIC_REPRESENTATION_CONTEXT() REPRESENTATION_CONTEXT('2D SPACE',''
  ) );
#3253 = ORIENTED_EDGE('',*,*,#3254,.F.);
#3254 = EDGE_CURVE('',#3181,#3232,#3255,.T.);
#3255 = SURFACE_CURVE('',#3256,(#3260,#3267),.PCURVE_S1.);
#3256 = LINE('',#3257,#3258);
#3257 = CARTESIAN_POINT('',(-130.6,59.5,645.));
#3258 = VECTOR('',#3259,1.);
#3259 = DIRECTION('',(-0.,1.,0.));
#3260 = PCURVE('',#3189,#3261);
#3261 = DEFINITIONAL_REPRESENTATION('',(#3262),#3266);
#3262 = LINE('',#3263,#3264);
#3263 = CARTESIAN_POINT('',(50.,0.));
#3264 = VECTOR('',#3265,1.);
#3265 = DIRECTION('',(0.,-1.));
#3266 = ( GEOMETRIC_REPRESENTATION_CONTEXT(2) 
PARAMETRIC_REPRESENTATION_CONTEXT() REPRESENTATION_CONTEXT('2D SPACE',''
  ) );
#3267 = PCURVE('',#3163,#3268);
#3268 = DEFINITIONAL_REPRESENTATION('',(#3269),#3273);
#3269 = LINE('',#3270,#3271);
#3270 = CARTESIAN_POINT('',(25.4,0.));
#3271 = VECTOR('',#3272,1.);
#3272 = DIRECTION('',(0.,1.));
#3273 = ( GEOMETRIC_REPRESENTATION_CONTEXT(2) 
PARAMETRIC_REPRESENTATION_CONTEXT() REPRESENTATION_CONTEXT('2D SPACE',''
  ) );
#3274 = ADVANCED_FACE('',(#3275),#3081,.F.);
#3275 = FACE_BOUND('',#3276,.F.);
#3276 = EDGE_LOOP('',(#3277,#3298,#3299,#3320));
#3277 = ORIENTED_EDGE('',*,*,#3278,.F.);
#3278 = EDGE_CURVE('',#3059,#3179,#3279,.T.);
#3279 = SURFACE_CURVE('',#3280,(#3284,#3291),.PCURVE_S1.);
#3280 = LINE('',#3281,#3282);
#3281 = CARTESIAN_POINT('',(-156.,59.5,595.));
#3282 = VECTOR('',#3283,1.);
#3283 = DIRECTION('',(1.,0.,-0.));
#3284 = PCURVE('',#3081,#3285);
#3285 = DEFINITIONAL_REPRESENTATION('',(#3286),#3290);
#3286 = LINE('',#3287,#3288);
#3287 = CARTESIAN_POINT('',(0.,0.));
#3288 = VECTOR('',#3289,1.);
#3289 = DIRECTION('',(0.,1.));
#3290 = ( GEOMETRIC_REPRESENTATION_CONTEXT(2) 
PARAMETRIC_REPRESENTATION_CONTEXT() REPRESENTATION_CONTEXT('2D SPACE',''
  ) );
#3291 = PCURVE('',#3109,#3292);
#3292 = DEFINITIONAL_REPRESENTATION('',(#3293),#3297);
#3293 = LINE('',#3294,#3295);
#3294 = CARTESIAN_POINT('',(0.,0.));
#3295 = VECTOR('',#3296,1.);
#3296 = DIRECTION('',(1.,0.));
#3297 = ( GEOMETRIC_REPRESENTATION_CONTEXT(2) 
PARAMETRIC_REPRESENTATION_CONTEXT() REPRESENTATION_CONTEXT('2D SPACE',''
  ) );
#3298 = ORIENTED_EDGE('',*,*,#3058,.T.);
#3299 = ORIENTED_EDGE('',*,*,#3300,.T.);
#3300 = EDGE_CURVE('',#3061,#3181,#3301,.T.);
#3301 = SURFACE_CURVE('',#3302,(#3306,#3313),.PCURVE_S1.);
#3302 = LINE('',#3303,#3304);
#3303 = CARTESIAN_POINT('',(-156.,59.5,645.));
#3304 = VECTOR('',#3305,1.);
#3305 = DIRECTION('',(1.,0.,-0.));
#3306 = PCURVE('',#3081,#3307);
#3307 = DEFINITIONAL_REPRESENTATION('',(#3308),#3312);
#3308 = LINE('',#3309,#3310);
#3309 = CARTESIAN_POINT('',(50.,0.));
#3310 = VECTOR('',#3311,1.);
#3311 = DIRECTION('',(0.,1.));
#3312 = ( GEOMETRIC_REPRESENTATION_CONTEXT(2) 
PARAMETRIC_REPRESENTATION_CONTEXT() REPRESENTATION_CONTEXT('2D SPACE',''
  ) );
#3313 = PCURVE('',#3163,#3314);
#3314 = DEFINITIONAL_REPRESENTATION('',(#3315),#3319);
#3315 = LINE('',#3316,#3317);
#3316 = CARTESIAN_POINT('',(0.,0.));
#3317 = VECTOR('',#3318,1.);
#3318 = DIRECTION('',(1.,0.));
#3319 = ( GEOMETRIC_REPRESENTATION_CONTEXT(2) 
PARAMETRIC_REPRESENTATION_CONTEXT() REPRESENTATION_CONTEXT('2D SPACE',''
  ) );
#3320 = ORIENTED_EDGE('',*,*,#3178,.F.);
#3321 = ADVANCED_FACE('',(#3322),#3137,.T.);
#3322 = FACE_BOUND('',#3323,.T.);
#3323 = EDGE_LOOP('',(#3324,#3345,#3346,#3367));
#3324 = ORIENTED_EDGE('',*,*,#3325,.F.);
#3325 = EDGE_CURVE('',#3094,#3209,#3326,.T.);
#3326 = SURFACE_CURVE('',#3327,(#3331,#3338),.PCURVE_S1.);
#3327 = LINE('',#3328,#3329);
#3328 = CARTESIAN_POINT('',(-156.,104.5,595.));
#3329 = VECTOR('',#3330,1.);
#3330 = DIRECTION('',(1.,0.,-0.));
#3331 = PCURVE('',#3137,#3332);
#3332 = DEFINITIONAL_REPRESENTATION('',(#3333),#3337);
#3333 = LINE('',#3334,#3335);
#3334 = CARTESIAN_POINT('',(0.,0.));
#3335 = VECTOR('',#3336,1.);
#3336 = DIRECTION('',(0.,1.));
#3337 = ( GEOMETRIC_REPRESENTATION_CONTEXT(2) 
PARAMETRIC_REPRESENTATION_CONTEXT() REPRESENTATION_CONTEXT('2D SPACE',''
  ) );
#3338 = PCURVE('',#3109,#3339);
#3339 = DEFINITIONAL_REPRESENTATION('',(#3340),#3344);
#3340 = LINE('',#3341,#3342);
#3341 = CARTESIAN_POINT('',(0.,45.));
#3342 = VECTOR('',#3343,1.);
#3343 = DIRECTION('',(1.,0.));
#3344 = ( GEOMETRIC_REPRESENTATION_CONTEXT(2) 
PARAMETRIC_REPRESENTATION_CONTEXT() REPRESENTATION_CONTEXT('2D SPACE',''
  ) );
#3345 = ORIENTED_EDGE('',*,*,#3121,.T.);
#3346 = ORIENTED_EDGE('',*,*,#3347,.T.);
#3347 = EDGE_CURVE('',#3122,#3232,#3348,.T.);
#3348 = SURFACE_CURVE('',#3349,(#3353,#3360),.PCURVE_S1.);
#3349 = LINE('',#3350,#3351);
#3350 = CARTESIAN_POINT('',(-156.,104.5,645.));
#3351 = VECTOR('',#3352,1.);
#3352 = DIRECTION('',(1.,0.,-0.));
#3353 = PCURVE('',#3137,#3354);
#3354 = DEFINITIONAL_REPRESENTATION('',(#3355),#3359);
#3355 = LINE('',#3356,#3357);
#3356 = CARTESIAN_POINT('',(50.,0.));
#3357 = VECTOR('',#3358,1.);
#3358 = DIRECTION('',(0.,1.));
#3359 = ( GEOMETRIC_REPRESENTATION_CONTEXT(2) 
PARAMETRIC_REPRESENTATION_CONTEXT() REPRESENTATION_CONTEXT('2D SPACE',''
  ) );
#3360 = PCURVE('',#3163,#3361);
#3361 = DEFINITIONAL_REPRESENTATION('',(#3362),#3366);
#3362 = LINE('',#3363,#3364);
#3363 = CARTESIAN_POINT('',(0.,45.));
#3364 = VECTOR('',#3365,1.);
#3365 = DIRECTION('',(1.,0.));
#3366 = ( GEOMETRIC_REPRESENTATION_CONTEXT(2) 
PARAMETRIC_REPRESENTATION_CONTEXT() REPRESENTATION_CONTEXT('2D SPACE',''
  ) );
#3367 = ORIENTED_EDGE('',*,*,#3231,.F.);
#3368 = ADVANCED_FACE('',(#3369),#3109,.F.);
#3369 = FACE_BOUND('',#3370,.F.);
#3370 = EDGE_LOOP('',(#3371,#3372,#3373,#3374));
#3371 = ORIENTED_EDGE('',*,*,#3093,.F.);
#3372 = ORIENTED_EDGE('',*,*,#3278,.T.);
#3373 = ORIENTED_EDGE('',*,*,#3208,.T.);
#3374 = ORIENTED_EDGE('',*,*,#3325,.F.);
#3375 = ADVANCED_FACE('',(#3376),#3163,.T.);
#3376 = FACE_BOUND('',#3377,.T.);
#3377 = EDGE_LOOP('',(#3378,#3379,#3380,#3381));
#3378 = ORIENTED_EDGE('',*,*,#3149,.F.);
#3379 = ORIENTED_EDGE('',*,*,#3300,.T.);
#3380 = ORIENTED_EDGE('',*,*,#3254,.T.);
#3381 = ORIENTED_EDGE('',*,*,#3347,.F.);
#3382 = MANIFOLD_SOLID_BREP('',#3383);
#3383 = CLOSED_SHELL('',(#3384,#3504,#3604,#3651,#3698,#3705));
#3384 = ADVANCED_FACE('',(#3385),#3399,.F.);
#3385 = FACE_BOUND('',#3386,.F.);
#3386 = EDGE_LOOP('',(#3387,#3422,#3450,#3478));
#3387 = ORIENTED_EDGE('',*,*,#3388,.F.);
#3388 = EDGE_CURVE('',#3389,#3391,#3393,.T.);
#3389 = VERTEX_POINT('',#3390);
#3390 = CARTESIAN_POINT('',(-128.6,59.5,575.));
#3391 = VERTEX_POINT('',#3392);
#3392 = CARTESIAN_POINT('',(-128.6,59.5,665.));
#3393 = SURFACE_CURVE('',#3394,(#3398,#3410),.PCURVE_S1.);
#3394 = LINE('',#3395,#3396);
#3395 = CARTESIAN_POINT('',(-128.6,59.5,575.));
#3396 = VECTOR('',#3397,1.);
#3397 = DIRECTION('',(0.,0.,1.));
#3398 = PCURVE('',#3399,#3404);
#3399 = PLANE('',#3400);
#3400 = AXIS2_PLACEMENT_3D('',#3401,#3402,#3403);
#3401 = CARTESIAN_POINT('',(-128.6,59.5,575.));
#3402 = DIRECTION('',(1.,0.,-0.));
#3403 = DIRECTION('',(0.,0.,1.));
#3404 = DEFINITIONAL_REPRESENTATION('',(#3405),#3409);
#3405 = LINE('',#3406,#3407);
#3406 = CARTESIAN_POINT('',(0.,0.));
#3407 = VECTOR('',#3408,1.);
#3408 = DIRECTION('',(1.,0.));
#3409 = ( GEOMETRIC_REPRESENTATION_CONTEXT(2) 
PARAMETRIC_REPRESENTATION_CONTEXT() REPRESENTATION_CONTEXT('2D SPACE',''
  ) );
#3410 = PCURVE('',#3411,#3416);
#3411 = PLANE('',#3412);
#3412 = AXIS2_PLACEMENT_3D('',#3413,#3414,#3415);
#3413 = CARTESIAN_POINT('',(-128.6,59.5,575.));
#3414 = DIRECTION('',(-0.,1.,0.));
#3415 = DIRECTION('',(0.,0.,1.));
#3416 = DEFINITIONAL_REPRESENTATION('',(#3417),#3421);
#3417 = LINE('',#3418,#3419);
#3418 = CARTESIAN_POINT('',(0.,0.));
#3419 = VECTOR('',#3420,1.);
#3420 = DIRECTION('',(1.,0.));
#3421 = ( GEOMETRIC_REPRESENTATION_CONTEXT(2) 
PARAMETRIC_REPRESENTATION_CONTEXT() REPRESENTATION_CONTEXT('2D SPACE',''
  ) );
#3422 = ORIENTED_EDGE('',*,*,#3423,.T.);
#3423 = EDGE_CURVE('',#3389,#3424,#3426,.T.);
#3424 = VERTEX_POINT('',#3425);
#3425 = CARTESIAN_POINT('',(-128.6,119.5,575.));
#3426 = SURFACE_CURVE('',#3427,(#3431,#3438),.PCURVE_S1.);
#3427 = LINE('',#3428,#3429);
#3428 = CARTESIAN_POINT('',(-128.6,59.5,575.));
#3429 = VECTOR('',#3430,1.);
#3430 = DIRECTION('',(-0.,1.,0.));
#3431 = PCURVE('',#3399,#3432);
#3432 = DEFINITIONAL_REPRESENTATION('',(#3433),#3437);
#3433 = LINE('',#3434,#3435);
#3434 = CARTESIAN_POINT('',(0.,0.));
#3435 = VECTOR('',#3436,1.);
#3436 = DIRECTION('',(0.,-1.));
#3437 = ( GEOMETRIC_REPRESENTATION_CONTEXT(2) 
PARAMETRIC_REPRESENTATION_CONTEXT() REPRESENTATION_CONTEXT('2D SPACE',''
  ) );
#3438 = PCURVE('',#3439,#3444);
#3439 = PLANE('',#3440);
#3440 = AXIS2_PLACEMENT_3D('',#3441,#3442,#3443);
#3441 = CARTESIAN_POINT('',(-128.6,59.5,575.));
#3442 = DIRECTION('',(0.,0.,1.));
#3443 = DIRECTION('',(1.,0.,-0.));
#3444 = DEFINITIONAL_REPRESENTATION('',(#3445),#3449);
#3445 = LINE('',#3446,#3447);
#3446 = CARTESIAN_POINT('',(0.,0.));
#3447 = VECTOR('',#3448,1.);
#3448 = DIRECTION('',(0.,1.));
#3449 = ( GEOMETRIC_REPRESENTATION_CONTEXT(2) 
PARAMETRIC_REPRESENTATION_CONTEXT() REPRESENTATION_CONTEXT('2D SPACE',''
  ) );
#3450 = ORIENTED_EDGE('',*,*,#3451,.T.);
#3451 = EDGE_CURVE('',#3424,#3452,#3454,.T.);
#3452 = VERTEX_POINT('',#3453);
#3453 = CARTESIAN_POINT('',(-128.6,119.5,665.));
#3454 = SURFACE_CURVE('',#3455,(#3459,#3466),.PCURVE_S1.);
#3455 = LINE('',#3456,#3457);
#3456 = CARTESIAN_POINT('',(-128.6,119.5,575.));
#3457 = VECTOR('',#3458,1.);
#3458 = DIRECTION('',(0.,0.,1.));
#3459 = PCURVE('',#3399,#3460);
#3460 = DEFINITIONAL_REPRESENTATION('',(#3461),#3465);
#3461 = LINE('',#3462,#3463);
#3462 = CARTESIAN_POINT('',(0.,-60.));
#3463 = VECTOR('',#3464,1.);
#3464 = DIRECTION('',(1.,0.));
#3465 = ( GEOMETRIC_REPRESENTATION_CONTEXT(2) 
PARAMETRIC_REPRESENTATION_CONTEXT() REPRESENTATION_CONTEXT('2D SPACE',''
  ) );
#3466 = PCURVE('',#3467,#3472);
#3467 = PLANE('',#3468);
#3468 = AXIS2_PLACEMENT_3D('',#3469,#3470,#3471);
#3469 = CARTESIAN_POINT('',(-128.6,119.5,575.));
#3470 = DIRECTION('',(-0.,1.,0.));
#3471 = DIRECTION('',(0.,0.,1.));
#3472 = DEFINITIONAL_REPRESENTATION('',(#3473),#3477);
#3473 = LINE('',#3474,#3475);
#3474 = CARTESIAN_POINT('',(0.,0.));
#3475 = VECTOR('',#3476,1.);
#3476 = DIRECTION('',(1.,0.));
#3477 = ( GEOMETRIC_REPRESENTATION_CONTEXT(2) 
PARAMETRIC_REPRESENTATION_CONTEXT() REPRESENTATION_CONTEXT('2D SPACE',''
  ) );
#3478 = ORIENTED_EDGE('',*,*,#3479,.F.);
#3479 = EDGE_CURVE('',#3391,#3452,#3480,.T.);
#3480 = SURFACE_CURVE('',#3481,(#3485,#3492),.PCURVE_S1.);
#3481 = LINE('',#3482,#3483);
#3482 = CARTESIAN_POINT('',(-128.6,59.5,665.));
#3483 = VECTOR('',#3484,1.);
#3484 = DIRECTION('',(-0.,1.,0.));
#3485 = PCURVE('',#3399,#3486);
#3486 = DEFINITIONAL_REPRESENTATION('',(#3487),#3491);
#3487 = LINE('',#3488,#3489);
#3488 = CARTESIAN_POINT('',(90.,0.));
#3489 = VECTOR('',#3490,1.);
#3490 = DIRECTION('',(0.,-1.));
#3491 = ( GEOMETRIC_REPRESENTATION_CONTEXT(2) 
PARAMETRIC_REPRESENTATION_CONTEXT() REPRESENTATION_CONTEXT('2D SPACE',''
  ) );
#3492 = PCURVE('',#3493,#3498);
#3493 = PLANE('',#3494);
#3494 = AXIS2_PLACEMENT_3D('',#3495,#3496,#3497);
#3495 = CARTESIAN_POINT('',(-128.6,59.5,665.));
#3496 = DIRECTION('',(0.,0.,1.));
#3497 = DIRECTION('',(1.,0.,-0.));
#3498 = DEFINITIONAL_REPRESENTATION('',(#3499),#3503);
#3499 = LINE('',#3500,#3501);
#3500 = CARTESIAN_POINT('',(0.,0.));
#3501 = VECTOR('',#3502,1.);
#3502 = DIRECTION('',(0.,1.));
#3503 = ( GEOMETRIC_REPRESENTATION_CONTEXT(2) 
PARAMETRIC_REPRESENTATION_CONTEXT() REPRESENTATION_CONTEXT('2D SPACE',''
  ) );
#3504 = ADVANCED_FACE('',(#3505),#3519,.T.);
#3505 = FACE_BOUND('',#3506,.T.);
#3506 = EDGE_LOOP('',(#3507,#3537,#3560,#3583));
#3507 = ORIENTED_EDGE('',*,*,#3508,.F.);
#3508 = EDGE_CURVE('',#3509,#3511,#3513,.T.);
#3509 = VERTEX_POINT('',#3510);
#3510 = CARTESIAN_POINT('',(28.9,59.5,575.));
#3511 = VERTEX_POINT('',#3512);
#3512 = CARTESIAN_POINT('',(28.9,59.5,665.));
#3513 = SURFACE_CURVE('',#3514,(#3518,#3530),.PCURVE_S1.);
#3514 = LINE('',#3515,#3516);
#3515 = CARTESIAN_POINT('',(28.9,59.5,575.));
#3516 = VECTOR('',#3517,1.);
#3517 = DIRECTION('',(0.,0.,1.));
#3518 = PCURVE('',#3519,#3524);
#3519 = PLANE('',#3520);
#3520 = AXIS2_PLACEMENT_3D('',#3521,#3522,#3523);
#3521 = CARTESIAN_POINT('',(28.9,59.5,575.));
#3522 = DIRECTION('',(1.,0.,-0.));
#3523 = DIRECTION('',(0.,0.,1.));
#3524 = DEFINITIONAL_REPRESENTATION('',(#3525),#3529);
#3525 = LINE('',#3526,#3527);
#3526 = CARTESIAN_POINT('',(0.,0.));
#3527 = VECTOR('',#3528,1.);
#3528 = DIRECTION('',(1.,0.));
#3529 = ( GEOMETRIC_REPRESENTATION_CONTEXT(2) 
PARAMETRIC_REPRESENTATION_CONTEXT() REPRESENTATION_CONTEXT('2D SPACE',''
  ) );
#3530 = PCURVE('',#3411,#3531);
#3531 = DEFINITIONAL_REPRESENTATION('',(#3532),#3536);
#3532 = LINE('',#3533,#3534);
#3533 = CARTESIAN_POINT('',(0.,157.5));
#3534 = VECTOR('',#3535,1.);
#3535 = DIRECTION('',(1.,0.));
#3536 = ( GEOMETRIC_REPRESENTATION_CONTEXT(2) 
PARAMETRIC_REPRESENTATION_CONTEXT() REPRESENTATION_CONTEXT('2D SPACE',''
  ) );
#3537 = ORIENTED_EDGE('',*,*,#3538,.T.);
#3538 = EDGE_CURVE('',#3509,#3539,#3541,.T.);
#3539 = VERTEX_POINT('',#3540);
#3540 = CARTESIAN_POINT('',(28.9,119.5,575.));
#3541 = SURFACE_CURVE('',#3542,(#3546,#3553),.PCURVE_S1.);
#3542 = LINE('',#3543,#3544);
#3543 = CARTESIAN_POINT('',(28.9,59.5,575.));
#3544 = VECTOR('',#3545,1.);
#3545 = DIRECTION('',(-0.,1.,0.));
#3546 = PCURVE('',#3519,#3547);
#3547 = DEFINITIONAL_REPRESENTATION('',(#3548),#3552);
#3548 = LINE('',#3549,#3550);
#3549 = CARTESIAN_POINT('',(0.,0.));
#3550 = VECTOR('',#3551,1.);
#3551 = DIRECTION('',(0.,-1.));
#3552 = ( GEOMETRIC_REPRESENTATION_CONTEXT(2) 
PARAMETRIC_REPRESENTATION_CONTEXT() REPRESENTATION_CONTEXT('2D SPACE',''
  ) );
#3553 = PCURVE('',#3439,#3554);
#3554 = DEFINITIONAL_REPRESENTATION('',(#3555),#3559);
#3555 = LINE('',#3556,#3557);
#3556 = CARTESIAN_POINT('',(157.5,0.));
#3557 = VECTOR('',#3558,1.);
#3558 = DIRECTION('',(0.,1.));
#3559 = ( GEOMETRIC_REPRESENTATION_CONTEXT(2) 
PARAMETRIC_REPRESENTATION_CONTEXT() REPRESENTATION_CONTEXT('2D SPACE',''
  ) );
#3560 = ORIENTED_EDGE('',*,*,#3561,.T.);
#3561 = EDGE_CURVE('',#3539,#3562,#3564,.T.);
#3562 = VERTEX_POINT('',#3563);
#3563 = CARTESIAN_POINT('',(28.9,119.5,665.));
#3564 = SURFACE_CURVE('',#3565,(#3569,#3576),.PCURVE_S1.);
#3565 = LINE('',#3566,#3567);
#3566 = CARTESIAN_POINT('',(28.9,119.5,575.));
#3567 = VECTOR('',#3568,1.);
#3568 = DIRECTION('',(0.,0.,1.));
#3569 = PCURVE('',#3519,#3570);
#3570 = DEFINITIONAL_REPRESENTATION('',(#3571),#3575);
#3571 = LINE('',#3572,#3573);
#3572 = CARTESIAN_POINT('',(0.,-60.));
#3573 = VECTOR('',#3574,1.);
#3574 = DIRECTION('',(1.,0.));
#3575 = ( GEOMETRIC_REPRESENTATION_CONTEXT(2) 
PARAMETRIC_REPRESENTATION_CONTEXT() REPRESENTATION_CONTEXT('2D SPACE',''
  ) );
#3576 = PCURVE('',#3467,#3577);
#3577 = DEFINITIONAL_REPRESENTATION('',(#3578),#3582);
#3578 = LINE('',#3579,#3580);
#3579 = CARTESIAN_POINT('',(0.,157.5));
#3580 = VECTOR('',#3581,1.);
#3581 = DIRECTION('',(1.,0.));
#3582 = ( GEOMETRIC_REPRESENTATION_CONTEXT(2) 
PARAMETRIC_REPRESENTATION_CONTEXT() REPRESENTATION_CONTEXT('2D SPACE',''
  ) );
#3583 = ORIENTED_EDGE('',*,*,#3584,.F.);
#3584 = EDGE_CURVE('',#3511,#3562,#3585,.T.);
#3585 = SURFACE_CURVE('',#3586,(#3590,#3597),.PCURVE_S1.);
#3586 = LINE('',#3587,#3588);
#3587 = CARTESIAN_POINT('',(28.9,59.5,665.));
#3588 = VECTOR('',#3589,1.);
#3589 = DIRECTION('',(-0.,1.,0.));
#3590 = PCURVE('',#3519,#3591);
#3591 = DEFINITIONAL_REPRESENTATION('',(#3592),#3596);
#3592 = LINE('',#3593,#3594);
#3593 = CARTESIAN_POINT('',(90.,0.));
#3594 = VECTOR('',#3595,1.);
#3595 = DIRECTION('',(0.,-1.));
#3596 = ( GEOMETRIC_REPRESENTATION_CONTEXT(2) 
PARAMETRIC_REPRESENTATION_CONTEXT() REPRESENTATION_CONTEXT('2D SPACE',''
  ) );
#3597 = PCURVE('',#3493,#3598);
#3598 = DEFINITIONAL_REPRESENTATION('',(#3599),#3603);
#3599 = LINE('',#3600,#3601);
#3600 = CARTESIAN_POINT('',(157.5,0.));
#3601 = VECTOR('',#3602,1.);
#3602 = DIRECTION('',(0.,1.));
#3603 = ( GEOMETRIC_REPRESENTATION_CONTEXT(2) 
PARAMETRIC_REPRESENTATION_CONTEXT() REPRESENTATION_CONTEXT('2D SPACE',''
  ) );
#3604 = ADVANCED_FACE('',(#3605),#3411,.F.);
#3605 = FACE_BOUND('',#3606,.F.);
#3606 = EDGE_LOOP('',(#3607,#3628,#3629,#3650));
#3607 = ORIENTED_EDGE('',*,*,#3608,.F.);
#3608 = EDGE_CURVE('',#3389,#3509,#3609,.T.);
#3609 = SURFACE_CURVE('',#3610,(#3614,#3621),.PCURVE_S1.);
#3610 = LINE('',#3611,#3612);
#3611 = CARTESIAN_POINT('',(-128.6,59.5,575.));
#3612 = VECTOR('',#3613,1.);
#3613 = DIRECTION('',(1.,0.,-0.));
#3614 = PCURVE('',#3411,#3615);
#3615 = DEFINITIONAL_REPRESENTATION('',(#3616),#3620);
#3616 = LINE('',#3617,#3618);
#3617 = CARTESIAN_POINT('',(0.,0.));
#3618 = VECTOR('',#3619,1.);
#3619 = DIRECTION('',(0.,1.));
#3620 = ( GEOMETRIC_REPRESENTATION_CONTEXT(2) 
PARAMETRIC_REPRESENTATION_CONTEXT() REPRESENTATION_CONTEXT('2D SPACE',''
  ) );
#3621 = PCURVE('',#3439,#3622);
#3622 = DEFINITIONAL_REPRESENTATION('',(#3623),#3627);
#3623 = LINE('',#3624,#3625);
#3624 = CARTESIAN_POINT('',(0.,0.));
#3625 = VECTOR('',#3626,1.);
#3626 = DIRECTION('',(1.,0.));
#3627 = ( GEOMETRIC_REPRESENTATION_CONTEXT(2) 
PARAMETRIC_REPRESENTATION_CONTEXT() REPRESENTATION_CONTEXT('2D SPACE',''
  ) );
#3628 = ORIENTED_EDGE('',*,*,#3388,.T.);
#3629 = ORIENTED_EDGE('',*,*,#3630,.T.);
#3630 = EDGE_CURVE('',#3391,#3511,#3631,.T.);
#3631 = SURFACE_CURVE('',#3632,(#3636,#3643),.PCURVE_S1.);
#3632 = LINE('',#3633,#3634);
#3633 = CARTESIAN_POINT('',(-128.6,59.5,665.));
#3634 = VECTOR('',#3635,1.);
#3635 = DIRECTION('',(1.,0.,-0.));
#3636 = PCURVE('',#3411,#3637);
#3637 = DEFINITIONAL_REPRESENTATION('',(#3638),#3642);
#3638 = LINE('',#3639,#3640);
#3639 = CARTESIAN_POINT('',(90.,0.));
#3640 = VECTOR('',#3641,1.);
#3641 = DIRECTION('',(0.,1.));
#3642 = ( GEOMETRIC_REPRESENTATION_CONTEXT(2) 
PARAMETRIC_REPRESENTATION_CONTEXT() REPRESENTATION_CONTEXT('2D SPACE',''
  ) );
#3643 = PCURVE('',#3493,#3644);
#3644 = DEFINITIONAL_REPRESENTATION('',(#3645),#3649);
#3645 = LINE('',#3646,#3647);
#3646 = CARTESIAN_POINT('',(0.,0.));
#3647 = VECTOR('',#3648,1.);
#3648 = DIRECTION('',(1.,0.));
#3649 = ( GEOMETRIC_REPRESENTATION_CONTEXT(2) 
PARAMETRIC_REPRESENTATION_CONTEXT() REPRESENTATION_CONTEXT('2D SPACE',''
  ) );
#3650 = ORIENTED_EDGE('',*,*,#3508,.F.);
#3651 = ADVANCED_FACE('',(#3652),#3467,.T.);
#3652 = FACE_BOUND('',#3653,.T.);
#3653 = EDGE_LOOP('',(#3654,#3675,#3676,#3697));
#3654 = ORIENTED_EDGE('',*,*,#3655,.F.);
#3655 = EDGE_CURVE('',#3424,#3539,#3656,.T.);
#3656 = SURFACE_CURVE('',#3657,(#3661,#3668),.PCURVE_S1.);
#3657 = LINE('',#3658,#3659);
#3658 = CARTESIAN_POINT('',(-128.6,119.5,575.));
#3659 = VECTOR('',#3660,1.);
#3660 = DIRECTION('',(1.,0.,-0.));
#3661 = PCURVE('',#3467,#3662);
#3662 = DEFINITIONAL_REPRESENTATION('',(#3663),#3667);
#3663 = LINE('',#3664,#3665);
#3664 = CARTESIAN_POINT('',(0.,0.));
#3665 = VECTOR('',#3666,1.);
#3666 = DIRECTION('',(0.,1.));
#3667 = ( GEOMETRIC_REPRESENTATION_CONTEXT(2) 
PARAMETRIC_REPRESENTATION_CONTEXT() REPRESENTATION_CONTEXT('2D SPACE',''
  ) );
#3668 = PCURVE('',#3439,#3669);
#3669 = DEFINITIONAL_REPRESENTATION('',(#3670),#3674);
#3670 = LINE('',#3671,#3672);
#3671 = CARTESIAN_POINT('',(0.,60.));
#3672 = VECTOR('',#3673,1.);
#3673 = DIRECTION('',(1.,0.));
#3674 = ( GEOMETRIC_REPRESENTATION_CONTEXT(2) 
PARAMETRIC_REPRESENTATION_CONTEXT() REPRESENTATION_CONTEXT('2D SPACE',''
  ) );
#3675 = ORIENTED_EDGE('',*,*,#3451,.T.);
#3676 = ORIENTED_EDGE('',*,*,#3677,.T.);
#3677 = EDGE_CURVE('',#3452,#3562,#3678,.T.);
#3678 = SURFACE_CURVE('',#3679,(#3683,#3690),.PCURVE_S1.);
#3679 = LINE('',#3680,#3681);
#3680 = CARTESIAN_POINT('',(-128.6,119.5,665.));
#3681 = VECTOR('',#3682,1.);
#3682 = DIRECTION('',(1.,0.,-0.));
#3683 = PCURVE('',#3467,#3684);
#3684 = DEFINITIONAL_REPRESENTATION('',(#3685),#3689);
#3685 = LINE('',#3686,#3687);
#3686 = CARTESIAN_POINT('',(90.,0.));
#3687 = VECTOR('',#3688,1.);
#3688 = DIRECTION('',(0.,1.));
#3689 = ( GEOMETRIC_REPRESENTATION_CONTEXT(2) 
PARAMETRIC_REPRESENTATION_CONTEXT() REPRESENTATION_CONTEXT('2D SPACE',''
  ) );
#3690 = PCURVE('',#3493,#3691);
#3691 = DEFINITIONAL_REPRESENTATION('',(#3692),#3696);
#3692 = LINE('',#3693,#3694);
#3693 = CARTESIAN_POINT('',(0.,60.));
#3694 = VECTOR('',#3695,1.);
#3695 = DIRECTION('',(1.,0.));
#3696 = ( GEOMETRIC_REPRESENTATION_CONTEXT(2) 
PARAMETRIC_REPRESENTATION_CONTEXT() REPRESENTATION_CONTEXT('2D SPACE',''
  ) );
#3697 = ORIENTED_EDGE('',*,*,#3561,.F.);
#3698 = ADVANCED_FACE('',(#3699),#3439,.F.);
#3699 = FACE_BOUND('',#3700,.F.);
#3700 = EDGE_LOOP('',(#3701,#3702,#3703,#3704));
#3701 = ORIENTED_EDGE('',*,*,#3423,.F.);
#3702 = ORIENTED_EDGE('',*,*,#3608,.T.);
#3703 = ORIENTED_EDGE('',*,*,#3538,.T.);
#3704 = ORIENTED_EDGE('',*,*,#3655,.F.);
#3705 = ADVANCED_FACE('',(#3706),#3493,.T.);
#3706 = FACE_BOUND('',#3707,.T.);
#3707 = EDGE_LOOP('',(#3708,#3709,#3710,#3711));
#3708 = ORIENTED_EDGE('',*,*,#3479,.F.);
#3709 = ORIENTED_EDGE('',*,*,#3630,.T.);
#3710 = ORIENTED_EDGE('',*,*,#3584,.T.);
#3711 = ORIENTED_EDGE('',*,*,#3677,.F.);
#3712 = MANIFOLD_SOLID_BREP('',#3713);
#3713 = CLOSED_SHELL('',(#3714,#3834,#3934,#3981,#4028,#4035));
#3714 = ADVANCED_FACE('',(#3715),#3729,.F.);
#3715 = FACE_BOUND('',#3716,.F.);
#3716 = EDGE_LOOP('',(#3717,#3752,#3780,#3808));
#3717 = ORIENTED_EDGE('',*,*,#3718,.F.);
#3718 = EDGE_CURVE('',#3719,#3721,#3723,.T.);
#3719 = VERTEX_POINT('',#3720);
#3720 = CARTESIAN_POINT('',(30.9,59.5,575.));
#3721 = VERTEX_POINT('',#3722);
#3722 = CARTESIAN_POINT('',(30.9,59.5,665.));
#3723 = SURFACE_CURVE('',#3724,(#3728,#3740),.PCURVE_S1.);
#3724 = LINE('',#3725,#3726);
#3725 = CARTESIAN_POINT('',(30.9,59.5,575.));
#3726 = VECTOR('',#3727,1.);
#3727 = DIRECTION('',(0.,0.,1.));
#3728 = PCURVE('',#3729,#3734);
#3729 = PLANE('',#3730);
#3730 = AXIS2_PLACEMENT_3D('',#3731,#3732,#3733);
#3731 = CARTESIAN_POINT('',(30.9,59.5,575.));
#3732 = DIRECTION('',(1.,0.,-0.));
#3733 = DIRECTION('',(0.,0.,1.));
#3734 = DEFINITIONAL_REPRESENTATION('',(#3735),#3739);
#3735 = LINE('',#3736,#3737);
#3736 = CARTESIAN_POINT('',(0.,0.));
#3737 = VECTOR('',#3738,1.);
#3738 = DIRECTION('',(1.,0.));
#3739 = ( GEOMETRIC_REPRESENTATION_CONTEXT(2) 
PARAMETRIC_REPRESENTATION_CONTEXT() REPRESENTATION_CONTEXT('2D SPACE',''
  ) );
#3740 = PCURVE('',#3741,#3746);
#3741 = PLANE('',#3742);
#3742 = AXIS2_PLACEMENT_3D('',#3743,#3744,#3745);
#3743 = CARTESIAN_POINT('',(30.9,59.5,575.));
#3744 = DIRECTION('',(-0.,1.,0.));
#3745 = DIRECTION('',(0.,0.,1.));
#3746 = DEFINITIONAL_REPRESENTATION('',(#3747),#3751);
#3747 = LINE('',#3748,#3749);
#3748 = CARTESIAN_POINT('',(0.,0.));
#3749 = VECTOR('',#3750,1.);
#3750 = DIRECTION('',(1.,0.));
#3751 = ( GEOMETRIC_REPRESENTATION_CONTEXT(2) 
PARAMETRIC_REPRESENTATION_CONTEXT() REPRESENTATION_CONTEXT('2D SPACE',''
  ) );
#3752 = ORIENTED_EDGE('',*,*,#3753,.T.);
#3753 = EDGE_CURVE('',#3719,#3754,#3756,.T.);
#3754 = VERTEX_POINT('',#3755);
#3755 = CARTESIAN_POINT('',(30.9,114.5,575.));
#3756 = SURFACE_CURVE('',#3757,(#3761,#3768),.PCURVE_S1.);
#3757 = LINE('',#3758,#3759);
#3758 = CARTESIAN_POINT('',(30.9,59.5,575.));
#3759 = VECTOR('',#3760,1.);
#3760 = DIRECTION('',(-0.,1.,0.));
#3761 = PCURVE('',#3729,#3762);
#3762 = DEFINITIONAL_REPRESENTATION('',(#3763),#3767);
#3763 = LINE('',#3764,#3765);
#3764 = CARTESIAN_POINT('',(0.,0.));
#3765 = VECTOR('',#3766,1.);
#3766 = DIRECTION('',(0.,-1.));
#3767 = ( GEOMETRIC_REPRESENTATION_CONTEXT(2) 
PARAMETRIC_REPRESENTATION_CONTEXT() REPRESENTATION_CONTEXT('2D SPACE',''
  ) );
#3768 = PCURVE('',#3769,#3774);
#3769 = PLANE('',#3770);
#3770 = AXIS2_PLACEMENT_3D('',#3771,#3772,#3773);
#3771 = CARTESIAN_POINT('',(30.9,59.5,575.));
#3772 = DIRECTION('',(0.,0.,1.));
#3773 = DIRECTION('',(1.,0.,-0.));
#3774 = DEFINITIONAL_REPRESENTATION('',(#3775),#3779);
#3775 = LINE('',#3776,#3777);
#3776 = CARTESIAN_POINT('',(0.,0.));
#3777 = VECTOR('',#3778,1.);
#3778 = DIRECTION('',(0.,1.));
#3779 = ( GEOMETRIC_REPRESENTATION_CONTEXT(2) 
PARAMETRIC_REPRESENTATION_CONTEXT() REPRESENTATION_CONTEXT('2D SPACE',''
  ) );
#3780 = ORIENTED_EDGE('',*,*,#3781,.T.);
#3781 = EDGE_CURVE('',#3754,#3782,#3784,.T.);
#3782 = VERTEX_POINT('',#3783);
#3783 = CARTESIAN_POINT('',(30.9,114.5,665.));
#3784 = SURFACE_CURVE('',#3785,(#3789,#3796),.PCURVE_S1.);
#3785 = LINE('',#3786,#3787);
#3786 = CARTESIAN_POINT('',(30.9,114.5,575.));
#3787 = VECTOR('',#3788,1.);
#3788 = DIRECTION('',(0.,0.,1.));
#3789 = PCURVE('',#3729,#3790);
#3790 = DEFINITIONAL_REPRESENTATION('',(#3791),#3795);
#3791 = LINE('',#3792,#3793);
#3792 = CARTESIAN_POINT('',(0.,-55.));
#3793 = VECTOR('',#3794,1.);
#3794 = DIRECTION('',(1.,0.));
#3795 = ( GEOMETRIC_REPRESENTATION_CONTEXT(2) 
PARAMETRIC_REPRESENTATION_CONTEXT() REPRESENTATION_CONTEXT('2D SPACE',''
  ) );
#3796 = PCURVE('',#3797,#3802);
#3797 = PLANE('',#3798);
#3798 = AXIS2_PLACEMENT_3D('',#3799,#3800,#3801);
#3799 = CARTESIAN_POINT('',(30.9,114.5,575.));
#3800 = DIRECTION('',(-0.,1.,0.));
#3801 = DIRECTION('',(0.,0.,1.));
#3802 = DEFINITIONAL_REPRESENTATION('',(#3803),#3807);
#3803 = LINE('',#3804,#3805);
#3804 = CARTESIAN_POINT('',(0.,0.));
#3805 = VECTOR('',#3806,1.);
#3806 = DIRECTION('',(1.,0.));
#3807 = ( GEOMETRIC_REPRESENTATION_CONTEXT(2) 
PARAMETRIC_REPRESENTATION_CONTEXT() REPRESENTATION_CONTEXT('2D SPACE',''
  ) );
#3808 = ORIENTED_EDGE('',*,*,#3809,.F.);
#3809 = EDGE_CURVE('',#3721,#3782,#3810,.T.);
#3810 = SURFACE_CURVE('',#3811,(#3815,#3822),.PCURVE_S1.);
#3811 = LINE('',#3812,#3813);
#3812 = CARTESIAN_POINT('',(30.9,59.5,665.));
#3813 = VECTOR('',#3814,1.);
#3814 = DIRECTION('',(-0.,1.,0.));
#3815 = PCURVE('',#3729,#3816);
#3816 = DEFINITIONAL_REPRESENTATION('',(#3817),#3821);
#3817 = LINE('',#3818,#3819);
#3818 = CARTESIAN_POINT('',(90.,0.));
#3819 = VECTOR('',#3820,1.);
#3820 = DIRECTION('',(0.,-1.));
#3821 = ( GEOMETRIC_REPRESENTATION_CONTEXT(2) 
PARAMETRIC_REPRESENTATION_CONTEXT() REPRESENTATION_CONTEXT('2D SPACE',''
  ) );
#3822 = PCURVE('',#3823,#3828);
#3823 = PLANE('',#3824);
#3824 = AXIS2_PLACEMENT_3D('',#3825,#3826,#3827);
#3825 = CARTESIAN_POINT('',(30.9,59.5,665.));
#3826 = DIRECTION('',(0.,0.,1.));
#3827 = DIRECTION('',(1.,0.,-0.));
#3828 = DEFINITIONAL_REPRESENTATION('',(#3829),#3833);
#3829 = LINE('',#3830,#3831);
#3830 = CARTESIAN_POINT('',(0.,0.));
#3831 = VECTOR('',#3832,1.);
#3832 = DIRECTION('',(0.,1.));
#3833 = ( GEOMETRIC_REPRESENTATION_CONTEXT(2) 
PARAMETRIC_REPRESENTATION_CONTEXT() REPRESENTATION_CONTEXT('2D SPACE',''
  ) );
#3834 = ADVANCED_FACE('',(#3835),#3849,.T.);
#3835 = FACE_BOUND('',#3836,.T.);
#3836 = EDGE_LOOP('',(#3837,#3867,#3890,#3913));
#3837 = ORIENTED_EDGE('',*,*,#3838,.F.);
#3838 = EDGE_CURVE('',#3839,#3841,#3843,.T.);
#3839 = VERTEX_POINT('',#3840);
#3840 = CARTESIAN_POINT('',(65.9,59.5,575.));
#3841 = VERTEX_POINT('',#3842);
#3842 = CARTESIAN_POINT('',(65.9,59.5,665.));
#3843 = SURFACE_CURVE('',#3844,(#3848,#3860),.PCURVE_S1.);
#3844 = LINE('',#3845,#3846);
#3845 = CARTESIAN_POINT('',(65.9,59.5,575.));
#3846 = VECTOR('',#3847,1.);
#3847 = DIRECTION('',(0.,0.,1.));
#3848 = PCURVE('',#3849,#3854);
#3849 = PLANE('',#3850);
#3850 = AXIS2_PLACEMENT_3D('',#3851,#3852,#3853);
#3851 = CARTESIAN_POINT('',(65.9,59.5,575.));
#3852 = DIRECTION('',(1.,0.,-0.));
#3853 = DIRECTION('',(0.,0.,1.));
#3854 = DEFINITIONAL_REPRESENTATION('',(#3855),#3859);
#3855 = LINE('',#3856,#3857);
#3856 = CARTESIAN_POINT('',(0.,0.));
#3857 = VECTOR('',#3858,1.);
#3858 = DIRECTION('',(1.,0.));
#3859 = ( GEOMETRIC_REPRESENTATION_CONTEXT(2) 
PARAMETRIC_REPRESENTATION_CONTEXT() REPRESENTATION_CONTEXT('2D SPACE',''
  ) );
#3860 = PCURVE('',#3741,#3861);
#3861 = DEFINITIONAL_REPRESENTATION('',(#3862),#3866);
#3862 = LINE('',#3863,#3864);
#3863 = CARTESIAN_POINT('',(0.,35.));
#3864 = VECTOR('',#3865,1.);
#3865 = DIRECTION('',(1.,0.));
#3866 = ( GEOMETRIC_REPRESENTATION_CONTEXT(2) 
PARAMETRIC_REPRESENTATION_CONTEXT() REPRESENTATION_CONTEXT('2D SPACE',''
  ) );
#3867 = ORIENTED_EDGE('',*,*,#3868,.T.);
#3868 = EDGE_CURVE('',#3839,#3869,#3871,.T.);
#3869 = VERTEX_POINT('',#3870);
#3870 = CARTESIAN_POINT('',(65.9,114.5,575.));
#3871 = SURFACE_CURVE('',#3872,(#3876,#3883),.PCURVE_S1.);
#3872 = LINE('',#3873,#3874);
#3873 = CARTESIAN_POINT('',(65.9,59.5,575.));
#3874 = VECTOR('',#3875,1.);
#3875 = DIRECTION('',(-0.,1.,0.));
#3876 = PCURVE('',#3849,#3877);
#3877 = DEFINITIONAL_REPRESENTATION('',(#3878),#3882);
#3878 = LINE('',#3879,#3880);
#3879 = CARTESIAN_POINT('',(0.,0.));
#3880 = VECTOR('',#3881,1.);
#3881 = DIRECTION('',(0.,-1.));
#3882 = ( GEOMETRIC_REPRESENTATION_CONTEXT(2) 
PARAMETRIC_REPRESENTATION_CONTEXT() REPRESENTATION_CONTEXT('2D SPACE',''
  ) );
#3883 = PCURVE('',#3769,#3884);
#3884 = DEFINITIONAL_REPRESENTATION('',(#3885),#3889);
#3885 = LINE('',#3886,#3887);
#3886 = CARTESIAN_POINT('',(35.,0.));
#3887 = VECTOR('',#3888,1.);
#3888 = DIRECTION('',(0.,1.));
#3889 = ( GEOMETRIC_REPRESENTATION_CONTEXT(2) 
PARAMETRIC_REPRESENTATION_CONTEXT() REPRESENTATION_CONTEXT('2D SPACE',''
  ) );
#3890 = ORIENTED_EDGE('',*,*,#3891,.T.);
#3891 = EDGE_CURVE('',#3869,#3892,#3894,.T.);
#3892 = VERTEX_POINT('',#3893);
#3893 = CARTESIAN_POINT('',(65.9,114.5,665.));
#3894 = SURFACE_CURVE('',#3895,(#3899,#3906),.PCURVE_S1.);
#3895 = LINE('',#3896,#3897);
#3896 = CARTESIAN_POINT('',(65.9,114.5,575.));
#3897 = VECTOR('',#3898,1.);
#3898 = DIRECTION('',(0.,0.,1.));
#3899 = PCURVE('',#3849,#3900);
#3900 = DEFINITIONAL_REPRESENTATION('',(#3901),#3905);
#3901 = LINE('',#3902,#3903);
#3902 = CARTESIAN_POINT('',(0.,-55.));
#3903 = VECTOR('',#3904,1.);
#3904 = DIRECTION('',(1.,0.));
#3905 = ( GEOMETRIC_REPRESENTATION_CONTEXT(2) 
PARAMETRIC_REPRESENTATION_CONTEXT() REPRESENTATION_CONTEXT('2D SPACE',''
  ) );
#3906 = PCURVE('',#3797,#3907);
#3907 = DEFINITIONAL_REPRESENTATION('',(#3908),#3912);
#3908 = LINE('',#3909,#3910);
#3909 = CARTESIAN_POINT('',(0.,35.));
#3910 = VECTOR('',#3911,1.);
#3911 = DIRECTION('',(1.,0.));
#3912 = ( GEOMETRIC_REPRESENTATION_CONTEXT(2) 
PARAMETRIC_REPRESENTATION_CONTEXT() REPRESENTATION_CONTEXT('2D SPACE',''
  ) );
#3913 = ORIENTED_EDGE('',*,*,#3914,.F.);
#3914 = EDGE_CURVE('',#3841,#3892,#3915,.T.);
#3915 = SURFACE_CURVE('',#3916,(#3920,#3927),.PCURVE_S1.);
#3916 = LINE('',#3917,#3918);
#3917 = CARTESIAN_POINT('',(65.9,59.5,665.));
#3918 = VECTOR('',#3919,1.);
#3919 = DIRECTION('',(-0.,1.,0.));
#3920 = PCURVE('',#3849,#3921);
#3921 = DEFINITIONAL_REPRESENTATION('',(#3922),#3926);
#3922 = LINE('',#3923,#3924);
#3923 = CARTESIAN_POINT('',(90.,0.));
#3924 = VECTOR('',#3925,1.);
#3925 = DIRECTION('',(0.,-1.));
#3926 = ( GEOMETRIC_REPRESENTATION_CONTEXT(2) 
PARAMETRIC_REPRESENTATION_CONTEXT() REPRESENTATION_CONTEXT('2D SPACE',''
  ) );
#3927 = PCURVE('',#3823,#3928);
#3928 = DEFINITIONAL_REPRESENTATION('',(#3929),#3933);
#3929 = LINE('',#3930,#3931);
#3930 = CARTESIAN_POINT('',(35.,0.));
#3931 = VECTOR('',#3932,1.);
#3932 = DIRECTION('',(0.,1.));
#3933 = ( GEOMETRIC_REPRESENTATION_CONTEXT(2) 
PARAMETRIC_REPRESENTATION_CONTEXT() REPRESENTATION_CONTEXT('2D SPACE',''
  ) );
#3934 = ADVANCED_FACE('',(#3935),#3741,.F.);
#3935 = FACE_BOUND('',#3936,.F.);
#3936 = EDGE_LOOP('',(#3937,#3958,#3959,#3980));
#3937 = ORIENTED_EDGE('',*,*,#3938,.F.);
#3938 = EDGE_CURVE('',#3719,#3839,#3939,.T.);
#3939 = SURFACE_CURVE('',#3940,(#3944,#3951),.PCURVE_S1.);
#3940 = LINE('',#3941,#3942);
#3941 = CARTESIAN_POINT('',(30.9,59.5,575.));
#3942 = VECTOR('',#3943,1.);
#3943 = DIRECTION('',(1.,0.,-0.));
#3944 = PCURVE('',#3741,#3945);
#3945 = DEFINITIONAL_REPRESENTATION('',(#3946),#3950);
#3946 = LINE('',#3947,#3948);
#3947 = CARTESIAN_POINT('',(0.,0.));
#3948 = VECTOR('',#3949,1.);
#3949 = DIRECTION('',(0.,1.));
#3950 = ( GEOMETRIC_REPRESENTATION_CONTEXT(2) 
PARAMETRIC_REPRESENTATION_CONTEXT() REPRESENTATION_CONTEXT('2D SPACE',''
  ) );
#3951 = PCURVE('',#3769,#3952);
#3952 = DEFINITIONAL_REPRESENTATION('',(#3953),#3957);
#3953 = LINE('',#3954,#3955);
#3954 = CARTESIAN_POINT('',(0.,0.));
#3955 = VECTOR('',#3956,1.);
#3956 = DIRECTION('',(1.,0.));
#3957 = ( GEOMETRIC_REPRESENTATION_CONTEXT(2) 
PARAMETRIC_REPRESENTATION_CONTEXT() REPRESENTATION_CONTEXT('2D SPACE',''
  ) );
#3958 = ORIENTED_EDGE('',*,*,#3718,.T.);
#3959 = ORIENTED_EDGE('',*,*,#3960,.T.);
#3960 = EDGE_CURVE('',#3721,#3841,#3961,.T.);
#3961 = SURFACE_CURVE('',#3962,(#3966,#3973),.PCURVE_S1.);
#3962 = LINE('',#3963,#3964);
#3963 = CARTESIAN_POINT('',(30.9,59.5,665.));
#3964 = VECTOR('',#3965,1.);
#3965 = DIRECTION('',(1.,0.,-0.));
#3966 = PCURVE('',#3741,#3967);
#3967 = DEFINITIONAL_REPRESENTATION('',(#3968),#3972);
#3968 = LINE('',#3969,#3970);
#3969 = CARTESIAN_POINT('',(90.,0.));
#3970 = VECTOR('',#3971,1.);
#3971 = DIRECTION('',(0.,1.));
#3972 = ( GEOMETRIC_REPRESENTATION_CONTEXT(2) 
PARAMETRIC_REPRESENTATION_CONTEXT() REPRESENTATION_CONTEXT('2D SPACE',''
  ) );
#3973 = PCURVE('',#3823,#3974);
#3974 = DEFINITIONAL_REPRESENTATION('',(#3975),#3979);
#3975 = LINE('',#3976,#3977);
#3976 = CARTESIAN_POINT('',(0.,0.));
#3977 = VECTOR('',#3978,1.);
#3978 = DIRECTION('',(1.,0.));
#3979 = ( GEOMETRIC_REPRESENTATION_CONTEXT(2) 
PARAMETRIC_REPRESENTATION_CONTEXT() REPRESENTATION_CONTEXT('2D SPACE',''
  ) );
#3980 = ORIENTED_EDGE('',*,*,#3838,.F.);
#3981 = ADVANCED_FACE('',(#3982),#3797,.T.);
#3982 = FACE_BOUND('',#3983,.T.);
#3983 = EDGE_LOOP('',(#3984,#4005,#4006,#4027));
#3984 = ORIENTED_EDGE('',*,*,#3985,.F.);
#3985 = EDGE_CURVE('',#3754,#3869,#3986,.T.);
#3986 = SURFACE_CURVE('',#3987,(#3991,#3998),.PCURVE_S1.);
#3987 = LINE('',#3988,#3989);
#3988 = CARTESIAN_POINT('',(30.9,114.5,575.));
#3989 = VECTOR('',#3990,1.);
#3990 = DIRECTION('',(1.,0.,-0.));
#3991 = PCURVE('',#3797,#3992);
#3992 = DEFINITIONAL_REPRESENTATION('',(#3993),#3997);
#3993 = LINE('',#3994,#3995);
#3994 = CARTESIAN_POINT('',(0.,0.));
#3995 = VECTOR('',#3996,1.);
#3996 = DIRECTION('',(0.,1.));
#3997 = ( GEOMETRIC_REPRESENTATION_CONTEXT(2) 
PARAMETRIC_REPRESENTATION_CONTEXT() REPRESENTATION_CONTEXT('2D SPACE',''
  ) );
#3998 = PCURVE('',#3769,#3999);
#3999 = DEFINITIONAL_REPRESENTATION('',(#4000),#4004);
#4000 = LINE('',#4001,#4002);
#4001 = CARTESIAN_POINT('',(0.,55.));
#4002 = VECTOR('',#4003,1.);
#4003 = DIRECTION('',(1.,0.));
#4004 = ( GEOMETRIC_REPRESENTATION_CONTEXT(2) 
PARAMETRIC_REPRESENTATION_CONTEXT() REPRESENTATION_CONTEXT('2D SPACE',''
  ) );
#4005 = ORIENTED_EDGE('',*,*,#3781,.T.);
#4006 = ORIENTED_EDGE('',*,*,#4007,.T.);
#4007 = EDGE_CURVE('',#3782,#3892,#4008,.T.);
#4008 = SURFACE_CURVE('',#4009,(#4013,#4020),.PCURVE_S1.);
#4009 = LINE('',#4010,#4011);
#4010 = CARTESIAN_POINT('',(30.9,114.5,665.));
#4011 = VECTOR('',#4012,1.);
#4012 = DIRECTION('',(1.,0.,-0.));
#4013 = PCURVE('',#3797,#4014);
#4014 = DEFINITIONAL_REPRESENTATION('',(#4015),#4019);
#4015 = LINE('',#4016,#4017);
#4016 = CARTESIAN_POINT('',(90.,0.));
#4017 = VECTOR('',#4018,1.);
#4018 = DIRECTION('',(0.,1.));
#4019 = ( GEOMETRIC_REPRESENTATION_CONTEXT(2) 
PARAMETRIC_REPRESENTATION_CONTEXT() REPRESENTATION_CONTEXT('2D SPACE',''
  ) );
#4020 = PCURVE('',#3823,#4021);
#4021 = DEFINITIONAL_REPRESENTATION('',(#4022),#4026);
#4022 = LINE('',#4023,#4024);
#4023 = CARTESIAN_POINT('',(0.,55.));
#4024 = VECTOR('',#4025,1.);
#4025 = DIRECTION('',(1.,0.));
#4026 = ( GEOMETRIC_REPRESENTATION_CONTEXT(2) 
PARAMETRIC_REPRESENTATION_CONTEXT() REPRESENTATION_CONTEXT('2D SPACE',''
  ) );
#4027 = ORIENTED_EDGE('',*,*,#3891,.F.);
#4028 = ADVANCED_FACE('',(#4029),#3769,.F.);
#4029 = FACE_BOUND('',#4030,.F.);
#4030 = EDGE_LOOP('',(#4031,#4032,#4033,#4034));
#4031 = ORIENTED_EDGE('',*,*,#3753,.F.);
#4032 = ORIENTED_EDGE('',*,*,#3938,.T.);
#4033 = ORIENTED_EDGE('',*,*,#3868,.T.);
#4034 = ORIENTED_EDGE('',*,*,#3985,.F.);
#4035 = ADVANCED_FACE('',(#4036),#3823,.T.);
#4036 = FACE_BOUND('',#4037,.T.);
#4037 = EDGE_LOOP('',(#4038,#4039,#4040,#4041));
#4038 = ORIENTED_EDGE('',*,*,#3809,.F.);
#4039 = ORIENTED_EDGE('',*,*,#3960,.T.);
#4040 = ORIENTED_EDGE('',*,*,#3914,.T.);
#4041 = ORIENTED_EDGE('',*,*,#4007,.F.);
#4042 = MANIFOLD_SOLID_BREP('',#4043);
#4043 = CLOSED_SHELL('',(#4044,#4164,#4264,#4311,#4358,#4365));
#4044 = ADVANCED_FACE('',(#4045),#4059,.F.);
#4045 = FACE_BOUND('',#4046,.F.);
#4046 = EDGE_LOOP('',(#4047,#4082,#4110,#4138));
#4047 = ORIENTED_EDGE('',*,*,#4048,.F.);
#4048 = EDGE_CURVE('',#4049,#4051,#4053,.T.);
#4049 = VERTEX_POINT('',#4050);
#4050 = CARTESIAN_POINT('',(67.9,59.5,575.));
#4051 = VERTEX_POINT('',#4052);
#4052 = CARTESIAN_POINT('',(67.9,59.5,665.));
#4053 = SURFACE_CURVE('',#4054,(#4058,#4070),.PCURVE_S1.);
#4054 = LINE('',#4055,#4056);
#4055 = CARTESIAN_POINT('',(67.9,59.5,575.));
#4056 = VECTOR('',#4057,1.);
#4057 = DIRECTION('',(0.,0.,1.));
#4058 = PCURVE('',#4059,#4064);
#4059 = PLANE('',#4060);
#4060 = AXIS2_PLACEMENT_3D('',#4061,#4062,#4063);
#4061 = CARTESIAN_POINT('',(67.9,59.5,575.));
#4062 = DIRECTION('',(1.,0.,-0.));
#4063 = DIRECTION('',(0.,0.,1.));
#4064 = DEFINITIONAL_REPRESENTATION('',(#4065),#4069);
#4065 = LINE('',#4066,#4067);
#4066 = CARTESIAN_POINT('',(0.,0.));
#4067 = VECTOR('',#4068,1.);
#4068 = DIRECTION('',(1.,0.));
#4069 = ( GEOMETRIC_REPRESENTATION_CONTEXT(2) 
PARAMETRIC_REPRESENTATION_CONTEXT() REPRESENTATION_CONTEXT('2D SPACE',''
  ) );
#4070 = PCURVE('',#4071,#4076);
#4071 = PLANE('',#4072);
#4072 = AXIS2_PLACEMENT_3D('',#4073,#4074,#4075);
#4073 = CARTESIAN_POINT('',(67.9,59.5,575.));
#4074 = DIRECTION('',(-0.,1.,0.));
#4075 = DIRECTION('',(0.,0.,1.));
#4076 = DEFINITIONAL_REPRESENTATION('',(#4077),#4081);
#4077 = LINE('',#4078,#4079);
#4078 = CARTESIAN_POINT('',(0.,0.));
#4079 = VECTOR('',#4080,1.);
#4080 = DIRECTION('',(1.,0.));
#4081 = ( GEOMETRIC_REPRESENTATION_CONTEXT(2) 
PARAMETRIC_REPRESENTATION_CONTEXT() REPRESENTATION_CONTEXT('2D SPACE',''
  ) );
#4082 = ORIENTED_EDGE('',*,*,#4083,.T.);
#4083 = EDGE_CURVE('',#4049,#4084,#4086,.T.);
#4084 = VERTEX_POINT('',#4085);
#4085 = CARTESIAN_POINT('',(67.9,124.5,575.));
#4086 = SURFACE_CURVE('',#4087,(#4091,#4098),.PCURVE_S1.);
#4087 = LINE('',#4088,#4089);
#4088 = CARTESIAN_POINT('',(67.9,59.5,575.));
#4089 = VECTOR('',#4090,1.);
#4090 = DIRECTION('',(-0.,1.,0.));
#4091 = PCURVE('',#4059,#4092);
#4092 = DEFINITIONAL_REPRESENTATION('',(#4093),#4097);
#4093 = LINE('',#4094,#4095);
#4094 = CARTESIAN_POINT('',(0.,0.));
#4095 = VECTOR('',#4096,1.);
#4096 = DIRECTION('',(0.,-1.));
#4097 = ( GEOMETRIC_REPRESENTATION_CONTEXT(2) 
PARAMETRIC_REPRESENTATION_CONTEXT() REPRESENTATION_CONTEXT('2D SPACE',''
  ) );
#4098 = PCURVE('',#4099,#4104);
#4099 = PLANE('',#4100);
#4100 = AXIS2_PLACEMENT_3D('',#4101,#4102,#4103);
#4101 = CARTESIAN_POINT('',(67.9,59.5,575.));
#4102 = DIRECTION('',(0.,0.,1.));
#4103 = DIRECTION('',(1.,0.,-0.));
#4104 = DEFINITIONAL_REPRESENTATION('',(#4105),#4109);
#4105 = LINE('',#4106,#4107);
#4106 = CARTESIAN_POINT('',(0.,0.));
#4107 = VECTOR('',#4108,1.);
#4108 = DIRECTION('',(0.,1.));
#4109 = ( GEOMETRIC_REPRESENTATION_CONTEXT(2) 
PARAMETRIC_REPRESENTATION_CONTEXT() REPRESENTATION_CONTEXT('2D SPACE',''
  ) );
#4110 = ORIENTED_EDGE('',*,*,#4111,.T.);
#4111 = EDGE_CURVE('',#4084,#4112,#4114,.T.);
#4112 = VERTEX_POINT('',#4113);
#4113 = CARTESIAN_POINT('',(67.9,124.5,665.));
#4114 = SURFACE_CURVE('',#4115,(#4119,#4126),.PCURVE_S1.);
#4115 = LINE('',#4116,#4117);
#4116 = CARTESIAN_POINT('',(67.9,124.5,575.));
#4117 = VECTOR('',#4118,1.);
#4118 = DIRECTION('',(0.,0.,1.));
#4119 = PCURVE('',#4059,#4120);
#4120 = DEFINITIONAL_REPRESENTATION('',(#4121),#4125);
#4121 = LINE('',#4122,#4123);
#4122 = CARTESIAN_POINT('',(0.,-65.));
#4123 = VECTOR('',#4124,1.);
#4124 = DIRECTION('',(1.,0.));
#4125 = ( GEOMETRIC_REPRESENTATION_CONTEXT(2) 
PARAMETRIC_REPRESENTATION_CONTEXT() REPRESENTATION_CONTEXT('2D SPACE',''
  ) );
#4126 = PCURVE('',#4127,#4132);
#4127 = PLANE('',#4128);
#4128 = AXIS2_PLACEMENT_3D('',#4129,#4130,#4131);
#4129 = CARTESIAN_POINT('',(67.9,124.5,575.));
#4130 = DIRECTION('',(-0.,1.,0.));
#4131 = DIRECTION('',(0.,0.,1.));
#4132 = DEFINITIONAL_REPRESENTATION('',(#4133),#4137);
#4133 = LINE('',#4134,#4135);
#4134 = CARTESIAN_POINT('',(0.,0.));
#4135 = VECTOR('',#4136,1.);
#4136 = DIRECTION('',(1.,0.));
#4137 = ( GEOMETRIC_REPRESENTATION_CONTEXT(2) 
PARAMETRIC_REPRESENTATION_CONTEXT() REPRESENTATION_CONTEXT('2D SPACE',''
  ) );
#4138 = ORIENTED_EDGE('',*,*,#4139,.F.);
#4139 = EDGE_CURVE('',#4051,#4112,#4140,.T.);
#4140 = SURFACE_CURVE('',#4141,(#4145,#4152),.PCURVE_S1.);
#4141 = LINE('',#4142,#4143);
#4142 = CARTESIAN_POINT('',(67.9,59.5,665.));
#4143 = VECTOR('',#4144,1.);
#4144 = DIRECTION('',(-0.,1.,0.));
#4145 = PCURVE('',#4059,#4146);
#4146 = DEFINITIONAL_REPRESENTATION('',(#4147),#4151);
#4147 = LINE('',#4148,#4149);
#4148 = CARTESIAN_POINT('',(90.,0.));
#4149 = VECTOR('',#4150,1.);
#4150 = DIRECTION('',(0.,-1.));
#4151 = ( GEOMETRIC_REPRESENTATION_CONTEXT(2) 
PARAMETRIC_REPRESENTATION_CONTEXT() REPRESENTATION_CONTEXT('2D SPACE',''
  ) );
#4152 = PCURVE('',#4153,#4158);
#4153 = PLANE('',#4154);
#4154 = AXIS2_PLACEMENT_3D('',#4155,#4156,#4157);
#4155 = CARTESIAN_POINT('',(67.9,59.5,665.));
#4156 = DIRECTION('',(0.,0.,1.));
#4157 = DIRECTION('',(1.,0.,-0.));
#4158 = DEFINITIONAL_REPRESENTATION('',(#4159),#4163);
#4159 = LINE('',#4160,#4161);
#4160 = CARTESIAN_POINT('',(0.,0.));
#4161 = VECTOR('',#4162,1.);
#4162 = DIRECTION('',(0.,1.));
#4163 = ( GEOMETRIC_REPRESENTATION_CONTEXT(2) 
PARAMETRIC_REPRESENTATION_CONTEXT() REPRESENTATION_CONTEXT('2D SPACE',''
  ) );
#4164 = ADVANCED_FACE('',(#4165),#4179,.T.);
#4165 = FACE_BOUND('',#4166,.T.);
#4166 = EDGE_LOOP('',(#4167,#4197,#4220,#4243));
#4167 = ORIENTED_EDGE('',*,*,#4168,.F.);
#4168 = EDGE_CURVE('',#4169,#4171,#4173,.T.);
#4169 = VERTEX_POINT('',#4170);
#4170 = CARTESIAN_POINT('',(137.9,59.5,575.));
#4171 = VERTEX_POINT('',#4172);
#4172 = CARTESIAN_POINT('',(137.9,59.5,665.));
#4173 = SURFACE_CURVE('',#4174,(#4178,#4190),.PCURVE_S1.);
#4174 = LINE('',#4175,#4176);
#4175 = CARTESIAN_POINT('',(137.9,59.5,575.));
#4176 = VECTOR('',#4177,1.);
#4177 = DIRECTION('',(0.,0.,1.));
#4178 = PCURVE('',#4179,#4184);
#4179 = PLANE('',#4180);
#4180 = AXIS2_PLACEMENT_3D('',#4181,#4182,#4183);
#4181 = CARTESIAN_POINT('',(137.9,59.5,575.));
#4182 = DIRECTION('',(1.,0.,-0.));
#4183 = DIRECTION('',(0.,0.,1.));
#4184 = DEFINITIONAL_REPRESENTATION('',(#4185),#4189);
#4185 = LINE('',#4186,#4187);
#4186 = CARTESIAN_POINT('',(0.,0.));
#4187 = VECTOR('',#4188,1.);
#4188 = DIRECTION('',(1.,0.));
#4189 = ( GEOMETRIC_REPRESENTATION_CONTEXT(2) 
PARAMETRIC_REPRESENTATION_CONTEXT() REPRESENTATION_CONTEXT('2D SPACE',''
  ) );
#4190 = PCURVE('',#4071,#4191);
#4191 = DEFINITIONAL_REPRESENTATION('',(#4192),#4196);
#4192 = LINE('',#4193,#4194);
#4193 = CARTESIAN_POINT('',(0.,70.));
#4194 = VECTOR('',#4195,1.);
#4195 = DIRECTION('',(1.,0.));
#4196 = ( GEOMETRIC_REPRESENTATION_CONTEXT(2) 
PARAMETRIC_REPRESENTATION_CONTEXT() REPRESENTATION_CONTEXT('2D SPACE',''
  ) );
#4197 = ORIENTED_EDGE('',*,*,#4198,.T.);
#4198 = EDGE_CURVE('',#4169,#4199,#4201,.T.);
#4199 = VERTEX_POINT('',#4200);
#4200 = CARTESIAN_POINT('',(137.9,124.5,575.));
#4201 = SURFACE_CURVE('',#4202,(#4206,#4213),.PCURVE_S1.);
#4202 = LINE('',#4203,#4204);
#4203 = CARTESIAN_POINT('',(137.9,59.5,575.));
#4204 = VECTOR('',#4205,1.);
#4205 = DIRECTION('',(-0.,1.,0.));
#4206 = PCURVE('',#4179,#4207);
#4207 = DEFINITIONAL_REPRESENTATION('',(#4208),#4212);
#4208 = LINE('',#4209,#4210);
#4209 = CARTESIAN_POINT('',(0.,0.));
#4210 = VECTOR('',#4211,1.);
#4211 = DIRECTION('',(0.,-1.));
#4212 = ( GEOMETRIC_REPRESENTATION_CONTEXT(2) 
PARAMETRIC_REPRESENTATION_CONTEXT() REPRESENTATION_CONTEXT('2D SPACE',''
  ) );
#4213 = PCURVE('',#4099,#4214);
#4214 = DEFINITIONAL_REPRESENTATION('',(#4215),#4219);
#4215 = LINE('',#4216,#4217);
#4216 = CARTESIAN_POINT('',(70.,0.));
#4217 = VECTOR('',#4218,1.);
#4218 = DIRECTION('',(0.,1.));
#4219 = ( GEOMETRIC_REPRESENTATION_CONTEXT(2) 
PARAMETRIC_REPRESENTATION_CONTEXT() REPRESENTATION_CONTEXT('2D SPACE',''
  ) );
#4220 = ORIENTED_EDGE('',*,*,#4221,.T.);
#4221 = EDGE_CURVE('',#4199,#4222,#4224,.T.);
#4222 = VERTEX_POINT('',#4223);
#4223 = CARTESIAN_POINT('',(137.9,124.5,665.));
#4224 = SURFACE_CURVE('',#4225,(#4229,#4236),.PCURVE_S1.);
#4225 = LINE('',#4226,#4227);
#4226 = CARTESIAN_POINT('',(137.9,124.5,575.));
#4227 = VECTOR('',#4228,1.);
#4228 = DIRECTION('',(0.,0.,1.));
#4229 = PCURVE('',#4179,#4230);
#4230 = DEFINITIONAL_REPRESENTATION('',(#4231),#4235);
#4231 = LINE('',#4232,#4233);
#4232 = CARTESIAN_POINT('',(0.,-65.));
#4233 = VECTOR('',#4234,1.);
#4234 = DIRECTION('',(1.,0.));
#4235 = ( GEOMETRIC_REPRESENTATION_CONTEXT(2) 
PARAMETRIC_REPRESENTATION_CONTEXT() REPRESENTATION_CONTEXT('2D SPACE',''
  ) );
#4236 = PCURVE('',#4127,#4237);
#4237 = DEFINITIONAL_REPRESENTATION('',(#4238),#4242);
#4238 = LINE('',#4239,#4240);
#4239 = CARTESIAN_POINT('',(0.,70.));
#4240 = VECTOR('',#4241,1.);
#4241 = DIRECTION('',(1.,0.));
#4242 = ( GEOMETRIC_REPRESENTATION_CONTEXT(2) 
PARAMETRIC_REPRESENTATION_CONTEXT() REPRESENTATION_CONTEXT('2D SPACE',''
  ) );
#4243 = ORIENTED_EDGE('',*,*,#4244,.F.);
#4244 = EDGE_CURVE('',#4171,#4222,#4245,.T.);
#4245 = SURFACE_CURVE('',#4246,(#4250,#4257),.PCURVE_S1.);
#4246 = LINE('',#4247,#4248);
#4247 = CARTESIAN_POINT('',(137.9,59.5,665.));
#4248 = VECTOR('',#4249,1.);
#4249 = DIRECTION('',(-0.,1.,0.));
#4250 = PCURVE('',#4179,#4251);
#4251 = DEFINITIONAL_REPRESENTATION('',(#4252),#4256);
#4252 = LINE('',#4253,#4254);
#4253 = CARTESIAN_POINT('',(90.,0.));
#4254 = VECTOR('',#4255,1.);
#4255 = DIRECTION('',(0.,-1.));
#4256 = ( GEOMETRIC_REPRESENTATION_CONTEXT(2) 
PARAMETRIC_REPRESENTATION_CONTEXT() REPRESENTATION_CONTEXT('2D SPACE',''
  ) );
#4257 = PCURVE('',#4153,#4258);
#4258 = DEFINITIONAL_REPRESENTATION('',(#4259),#4263);
#4259 = LINE('',#4260,#4261);
#4260 = CARTESIAN_POINT('',(70.,0.));
#4261 = VECTOR('',#4262,1.);
#4262 = DIRECTION('',(0.,1.));
#4263 = ( GEOMETRIC_REPRESENTATION_CONTEXT(2) 
PARAMETRIC_REPRESENTATION_CONTEXT() REPRESENTATION_CONTEXT('2D SPACE',''
  ) );
#4264 = ADVANCED_FACE('',(#4265),#4071,.F.);
#4265 = FACE_BOUND('',#4266,.F.);
#4266 = EDGE_LOOP('',(#4267,#4288,#4289,#4310));
#4267 = ORIENTED_EDGE('',*,*,#4268,.F.);
#4268 = EDGE_CURVE('',#4049,#4169,#4269,.T.);
#4269 = SURFACE_CURVE('',#4270,(#4274,#4281),.PCURVE_S1.);
#4270 = LINE('',#4271,#4272);
#4271 = CARTESIAN_POINT('',(67.9,59.5,575.));
#4272 = VECTOR('',#4273,1.);
#4273 = DIRECTION('',(1.,0.,-0.));
#4274 = PCURVE('',#4071,#4275);
#4275 = DEFINITIONAL_REPRESENTATION('',(#4276),#4280);
#4276 = LINE('',#4277,#4278);
#4277 = CARTESIAN_POINT('',(0.,0.));
#4278 = VECTOR('',#4279,1.);
#4279 = DIRECTION('',(0.,1.));
#4280 = ( GEOMETRIC_REPRESENTATION_CONTEXT(2) 
PARAMETRIC_REPRESENTATION_CONTEXT() REPRESENTATION_CONTEXT('2D SPACE',''
  ) );
#4281 = PCURVE('',#4099,#4282);
#4282 = DEFINITIONAL_REPRESENTATION('',(#4283),#4287);
#4283 = LINE('',#4284,#4285);
#4284 = CARTESIAN_POINT('',(0.,0.));
#4285 = VECTOR('',#4286,1.);
#4286 = DIRECTION('',(1.,0.));
#4287 = ( GEOMETRIC_REPRESENTATION_CONTEXT(2) 
PARAMETRIC_REPRESENTATION_CONTEXT() REPRESENTATION_CONTEXT('2D SPACE',''
  ) );
#4288 = ORIENTED_EDGE('',*,*,#4048,.T.);
#4289 = ORIENTED_EDGE('',*,*,#4290,.T.);
#4290 = EDGE_CURVE('',#4051,#4171,#4291,.T.);
#4291 = SURFACE_CURVE('',#4292,(#4296,#4303),.PCURVE_S1.);
#4292 = LINE('',#4293,#4294);
#4293 = CARTESIAN_POINT('',(67.9,59.5,665.));
#4294 = VECTOR('',#4295,1.);
#4295 = DIRECTION('',(1.,0.,-0.));
#4296 = PCURVE('',#4071,#4297);
#4297 = DEFINITIONAL_REPRESENTATION('',(#4298),#4302);
#4298 = LINE('',#4299,#4300);
#4299 = CARTESIAN_POINT('',(90.,0.));
#4300 = VECTOR('',#4301,1.);
#4301 = DIRECTION('',(0.,1.));
#4302 = ( GEOMETRIC_REPRESENTATION_CONTEXT(2) 
PARAMETRIC_REPRESENTATION_CONTEXT() REPRESENTATION_CONTEXT('2D SPACE',''
  ) );
#4303 = PCURVE('',#4153,#4304);
#4304 = DEFINITIONAL_REPRESENTATION('',(#4305),#4309);
#4305 = LINE('',#4306,#4307);
#4306 = CARTESIAN_POINT('',(0.,0.));
#4307 = VECTOR('',#4308,1.);
#4308 = DIRECTION('',(1.,0.));
#4309 = ( GEOMETRIC_REPRESENTATION_CONTEXT(2) 
PARAMETRIC_REPRESENTATION_CONTEXT() REPRESENTATION_CONTEXT('2D SPACE',''
  ) );
#4310 = ORIENTED_EDGE('',*,*,#4168,.F.);
#4311 = ADVANCED_FACE('',(#4312),#4127,.T.);
#4312 = FACE_BOUND('',#4313,.T.);
#4313 = EDGE_LOOP('',(#4314,#4335,#4336,#4357));
#4314 = ORIENTED_EDGE('',*,*,#4315,.F.);
#4315 = EDGE_CURVE('',#4084,#4199,#4316,.T.);
#4316 = SURFACE_CURVE('',#4317,(#4321,#4328),.PCURVE_S1.);
#4317 = LINE('',#4318,#4319);
#4318 = CARTESIAN_POINT('',(67.9,124.5,575.));
#4319 = VECTOR('',#4320,1.);
#4320 = DIRECTION('',(1.,0.,-0.));
#4321 = PCURVE('',#4127,#4322);
#4322 = DEFINITIONAL_REPRESENTATION('',(#4323),#4327);
#4323 = LINE('',#4324,#4325);
#4324 = CARTESIAN_POINT('',(0.,0.));
#4325 = VECTOR('',#4326,1.);
#4326 = DIRECTION('',(0.,1.));
#4327 = ( GEOMETRIC_REPRESENTATION_CONTEXT(2) 
PARAMETRIC_REPRESENTATION_CONTEXT() REPRESENTATION_CONTEXT('2D SPACE',''
  ) );
#4328 = PCURVE('',#4099,#4329);
#4329 = DEFINITIONAL_REPRESENTATION('',(#4330),#4334);
#4330 = LINE('',#4331,#4332);
#4331 = CARTESIAN_POINT('',(0.,65.));
#4332 = VECTOR('',#4333,1.);
#4333 = DIRECTION('',(1.,0.));
#4334 = ( GEOMETRIC_REPRESENTATION_CONTEXT(2) 
PARAMETRIC_REPRESENTATION_CONTEXT() REPRESENTATION_CONTEXT('2D SPACE',''
  ) );
#4335 = ORIENTED_EDGE('',*,*,#4111,.T.);
#4336 = ORIENTED_EDGE('',*,*,#4337,.T.);
#4337 = EDGE_CURVE('',#4112,#4222,#4338,.T.);
#4338 = SURFACE_CURVE('',#4339,(#4343,#4350),.PCURVE_S1.);
#4339 = LINE('',#4340,#4341);
#4340 = CARTESIAN_POINT('',(67.9,124.5,665.));
#4341 = VECTOR('',#4342,1.);
#4342 = DIRECTION('',(1.,0.,-0.));
#4343 = PCURVE('',#4127,#4344);
#4344 = DEFINITIONAL_REPRESENTATION('',(#4345),#4349);
#4345 = LINE('',#4346,#4347);
#4346 = CARTESIAN_POINT('',(90.,0.));
#4347 = VECTOR('',#4348,1.);
#4348 = DIRECTION('',(0.,1.));
#4349 = ( GEOMETRIC_REPRESENTATION_CONTEXT(2) 
PARAMETRIC_REPRESENTATION_CONTEXT() REPRESENTATION_CONTEXT('2D SPACE',''
  ) );
#4350 = PCURVE('',#4153,#4351);
#4351 = DEFINITIONAL_REPRESENTATION('',(#4352),#4356);
#4352 = LINE('',#4353,#4354);
#4353 = CARTESIAN_POINT('',(0.,65.));
#4354 = VECTOR('',#4355,1.);
#4355 = DIRECTION('',(1.,0.));
#4356 = ( GEOMETRIC_REPRESENTATION_CONTEXT(2) 
PARAMETRIC_REPRESENTATION_CONTEXT() REPRESENTATION_CONTEXT('2D SPACE',''
  ) );
#4357 = ORIENTED_EDGE('',*,*,#4221,.F.);
#4358 = ADVANCED_FACE('',(#4359),#4099,.F.);
#4359 = FACE_BOUND('',#4360,.F.);
#4360 = EDGE_LOOP('',(#4361,#4362,#4363,#4364));
#4361 = ORIENTED_EDGE('',*,*,#4083,.F.);
#4362 = ORIENTED_EDGE('',*,*,#4268,.T.);
#4363 = ORIENTED_EDGE('',*,*,#4198,.T.);
#4364 = ORIENTED_EDGE('',*,*,#4315,.F.);
#4365 = ADVANCED_FACE('',(#4366),#4153,.T.);
#4366 = FACE_BOUND('',#4367,.T.);
#4367 = EDGE_LOOP('',(#4368,#4369,#4370,#4371));
#4368 = ORIENTED_EDGE('',*,*,#4139,.F.);
#4369 = ORIENTED_EDGE('',*,*,#4290,.T.);
#4370 = ORIENTED_EDGE('',*,*,#4244,.T.);
#4371 = ORIENTED_EDGE('',*,*,#4337,.F.);
#4372 = ( GEOMETRIC_REPRESENTATION_CONTEXT(3) 
GLOBAL_UNCERTAINTY_ASSIGNED_CONTEXT((#4376)) 
GLOBAL_UNIT_ASSIGNED_CONTEXT((#4373,#4374,#4375)) REPRESENTATION_CONTEXT
('Context #1','3D Context with UNIT and UNCERTAINTY') );
#4373 = ( LENGTH_UNIT() NAMED_UNIT(*) SI_UNIT(.MILLI.,.METRE.) );
#4374 = ( NAMED_UNIT(*) PLANE_ANGLE_UNIT() SI_UNIT($,.RADIAN.) );
#4375 = ( NAMED_UNIT(*) SI_UNIT($,.STERADIAN.) SOLID_ANGLE_UNIT() );
#4376 = UNCERTAINTY_MEASURE_WITH_UNIT(LENGTH_MEASURE(1.E-07),#4373,
  'distance_accuracy_value','confusion accuracy');
#4377 = CONTEXT_DEPENDENT_SHAPE_REPRESENTATION(#4378,#4380);
#4378 = ( REPRESENTATION_RELATIONSHIP('','',#3051,#10) 
REPRESENTATION_RELATIONSHIP_WITH_TRANSFORMATION(#4379) 
SHAPE_REPRESENTATION_RELATIONSHIP() );
#4379 = ITEM_DEFINED_TRANSFORMATION('','',#11,#27);
#4380 = PRODUCT_DEFINITION_SHAPE('Placement','Placement of an item',
  #4381);
#4381 = NEXT_ASSEMBLY_USAGE_OCCURRENCE('27','=>[0:1:1:5]','',#5,#3046,$
  );
#4382 = PRODUCT_RELATED_PRODUCT_CATEGORY('part',$,(#3048));
#4383 = SHAPE_DEFINITION_REPRESENTATION(#4384,#4390);
#4384 = PRODUCT_DEFINITION_SHAPE('','',#4385);
#4385 = PRODUCT_DEFINITION('design','',#4386,#4389);
#4386 = PRODUCT_DEFINITION_FORMATION('','',#4387);
#4387 = PRODUCT('COMPOUND','COMPOUND','',(#4388));
#4388 = PRODUCT_CONTEXT('',#2,'mechanical');
#4389 = PRODUCT_DEFINITION_CONTEXT('part definition',#2,'design');
#4390 = ADVANCED_BREP_SHAPE_REPRESENTATION('',(#11,#4391),#6847);
#4391 = MANIFOLD_SOLID_BREP('',#4392);
#4392 = CLOSED_SHELL('',(#4393,#4513,#4910,#5032,#5505,#5532,#5539,#5584
    ,#5775,#5824,#5873,#5900,#5925,#6276,#6323,#6350,#6377,#6384,#6431,
    #6458,#6485,#6492,#6539,#6566,#6593,#6600,#6647,#6674,#6701,#6708,
    #6757,#6806,#6833,#6840));
#4393 = ADVANCED_FACE('',(#4394),#4408,.F.);
#4394 = FACE_BOUND('',#4395,.F.);
#4395 = EDGE_LOOP('',(#4396,#4431,#4459,#4487));
#4396 = ORIENTED_EDGE('',*,*,#4397,.F.);
#4397 = EDGE_CURVE('',#4398,#4400,#4402,.T.);
#4398 = VERTEX_POINT('',#4399);
#4399 = CARTESIAN_POINT('',(-206.5,50.,300.));
#4400 = VERTEX_POINT('',#4401);
#4401 = CARTESIAN_POINT('',(-206.5,50.,786.5));
#4402 = SURFACE_CURVE('',#4403,(#4407,#4419),.PCURVE_S1.);
#4403 = LINE('',#4404,#4405);
#4404 = CARTESIAN_POINT('',(-206.5,50.,300.));
#4405 = VECTOR('',#4406,1.);
#4406 = DIRECTION('',(0.,0.,1.));
#4407 = PCURVE('',#4408,#4413);
#4408 = PLANE('',#4409);
#4409 = AXIS2_PLACEMENT_3D('',#4410,#4411,#4412);
#4410 = CARTESIAN_POINT('',(-206.5,50.,785.));
#4411 = DIRECTION('',(1.,0.,-0.));
#4412 = DIRECTION('',(0.,0.,1.));
#4413 = DEFINITIONAL_REPRESENTATION('',(#4414),#4418);
#4414 = LINE('',#4415,#4416);
#4415 = CARTESIAN_POINT('',(-485.,0.));
#4416 = VECTOR('',#4417,1.);
#4417 = DIRECTION('',(1.,0.));
#4418 = ( GEOMETRIC_REPRESENTATION_CONTEXT(2) 
PARAMETRIC_REPRESENTATION_CONTEXT() REPRESENTATION_CONTEXT('2D SPACE',''
  ) );
#4419 = PCURVE('',#4420,#4425);
#4420 = PLANE('',#4421);
#4421 = AXIS2_PLACEMENT_3D('',#4422,#4423,#4424);
#4422 = CARTESIAN_POINT('',(-206.5,50.,785.));
#4423 = DIRECTION('',(-0.,1.,0.));
#4424 = DIRECTION('',(0.,0.,1.));
#4425 = DEFINITIONAL_REPRESENTATION('',(#4426),#4430);
#4426 = LINE('',#4427,#4428);
#4427 = CARTESIAN_POINT('',(-485.,0.));
#4428 = VECTOR('',#4429,1.);
#4429 = DIRECTION('',(1.,0.));
#4430 = ( GEOMETRIC_REPRESENTATION_CONTEXT(2) 
PARAMETRIC_REPRESENTATION_CONTEXT() REPRESENTATION_CONTEXT('2D SPACE',''
  ) );
#4431 = ORIENTED_EDGE('',*,*,#4432,.F.);
#4432 = EDGE_CURVE('',#4433,#4398,#4435,.T.);
#4433 = VERTEX_POINT('',#4434);
#4434 = CARTESIAN_POINT('',(-206.5,236.5,300.));
#4435 = SURFACE_CURVE('',#4436,(#4440,#4447),.PCURVE_S1.);
#4436 = LINE('',#4437,#4438);
#4437 = CARTESIAN_POINT('',(-206.5,236.5,300.));
#4438 = VECTOR('',#4439,1.);
#4439 = DIRECTION('',(0.,-1.,0.));
#4440 = PCURVE('',#4408,#4441);
#4441 = DEFINITIONAL_REPRESENTATION('',(#4442),#4446);
#4442 = LINE('',#4443,#4444);
#4443 = CARTESIAN_POINT('',(-485.,-186.5));
#4444 = VECTOR('',#4445,1.);
#4445 = DIRECTION('',(0.,1.));
#4446 = ( GEOMETRIC_REPRESENTATION_CONTEXT(2) 
PARAMETRIC_REPRESENTATION_CONTEXT() REPRESENTATION_CONTEXT('2D SPACE',''
  ) );
#4447 = PCURVE('',#4448,#4453);
#4448 = PLANE('',#4449);
#4449 = AXIS2_PLACEMENT_3D('',#4450,#4451,#4452);
#4450 = CARTESIAN_POINT('',(-206.5,50.,300.));
#4451 = DIRECTION('',(0.,0.,1.));
#4452 = DIRECTION('',(1.,0.,-0.));
#4453 = DEFINITIONAL_REPRESENTATION('',(#4454),#4458);
#4454 = LINE('',#4455,#4456);
#4455 = CARTESIAN_POINT('',(0.,186.5));
#4456 = VECTOR('',#4457,1.);
#4457 = DIRECTION('',(0.,-1.));
#4458 = ( GEOMETRIC_REPRESENTATION_CONTEXT(2) 
PARAMETRIC_REPRESENTATION_CONTEXT() REPRESENTATION_CONTEXT('2D SPACE',''
  ) );
#4459 = ORIENTED_EDGE('',*,*,#4460,.F.);
#4460 = EDGE_CURVE('',#4461,#4433,#4463,.T.);
#4461 = VERTEX_POINT('',#4462);
#4462 = CARTESIAN_POINT('',(-206.5,236.5,786.5));
#4463 = SURFACE_CURVE('',#4464,(#4468,#4475),.PCURVE_S1.);
#4464 = LINE('',#4465,#4466);
#4465 = CARTESIAN_POINT('',(-206.5,236.5,786.5));
#4466 = VECTOR('',#4467,1.);
#4467 = DIRECTION('',(0.,0.,-1.));
#4468 = PCURVE('',#4408,#4469);
#4469 = DEFINITIONAL_REPRESENTATION('',(#4470),#4474);
#4470 = LINE('',#4471,#4472);
#4471 = CARTESIAN_POINT('',(1.5,-186.5));
#4472 = VECTOR('',#4473,1.);
#4473 = DIRECTION('',(-1.,0.));
#4474 = ( GEOMETRIC_REPRESENTATION_CONTEXT(2) 
PARAMETRIC_REPRESENTATION_CONTEXT() REPRESENTATION_CONTEXT('2D SPACE',''
  ) );
#4475 = PCURVE('',#4476,#4481);
#4476 = PLANE('',#4477);
#4477 = AXIS2_PLACEMENT_3D('',#4478,#4479,#4480);
#4478 = CARTESIAN_POINT('',(-206.5,236.5,785.));
#4479 = DIRECTION('',(-0.,1.,0.));
#4480 = DIRECTION('',(0.,0.,1.));
#4481 = DEFINITIONAL_REPRESENTATION('',(#4482),#4486);
#4482 = LINE('',#4483,#4484);
#4483 = CARTESIAN_POINT('',(1.5,0.));
#4484 = VECTOR('',#4485,1.);
#4485 = DIRECTION('',(-1.,0.));
#4486 = ( GEOMETRIC_REPRESENTATION_CONTEXT(2) 
PARAMETRIC_REPRESENTATION_CONTEXT() REPRESENTATION_CONTEXT('2D SPACE',''
  ) );
#4487 = ORIENTED_EDGE('',*,*,#4488,.F.);
#4488 = EDGE_CURVE('',#4400,#4461,#4489,.T.);
#4489 = SURFACE_CURVE('',#4490,(#4494,#4501),.PCURVE_S1.);
#4490 = LINE('',#4491,#4492);
#4491 = CARTESIAN_POINT('',(-206.5,50.,786.5));
#4492 = VECTOR('',#4493,1.);
#4493 = DIRECTION('',(0.,1.,0.));
#4494 = PCURVE('',#4408,#4495);
#4495 = DEFINITIONAL_REPRESENTATION('',(#4496),#4500);
#4496 = LINE('',#4497,#4498);
#4497 = CARTESIAN_POINT('',(1.5,0.));
#4498 = VECTOR('',#4499,1.);
#4499 = DIRECTION('',(0.,-1.));
#4500 = ( GEOMETRIC_REPRESENTATION_CONTEXT(2) 
PARAMETRIC_REPRESENTATION_CONTEXT() REPRESENTATION_CONTEXT('2D SPACE',''
  ) );
#4501 = PCURVE('',#4502,#4507);
#4502 = PLANE('',#4503);
#4503 = AXIS2_PLACEMENT_3D('',#4504,#4505,#4506);
#4504 = CARTESIAN_POINT('',(-206.5,50.,786.5));
#4505 = DIRECTION('',(0.,0.,1.));
#4506 = DIRECTION('',(1.,0.,-0.));
#4507 = DEFINITIONAL_REPRESENTATION('',(#4508),#4512);
#4508 = LINE('',#4509,#4510);
#4509 = CARTESIAN_POINT('',(0.,0.));
#4510 = VECTOR('',#4511,1.);
#4511 = DIRECTION('',(0.,1.));
#4512 = ( GEOMETRIC_REPRESENTATION_CONTEXT(2) 
PARAMETRIC_REPRESENTATION_CONTEXT() REPRESENTATION_CONTEXT('2D SPACE',''
  ) );
#4513 = ADVANCED_FACE('',(#4514),#4420,.F.);
#4514 = FACE_BOUND('',#4515,.F.);
#4515 = EDGE_LOOP('',(#4516,#4539,#4567,#4590,#4618,#4646,#4674,#4702,
    #4730,#4753,#4781,#4809,#4837,#4860,#4888,#4909));
#4516 = ORIENTED_EDGE('',*,*,#4517,.F.);
#4517 = EDGE_CURVE('',#4518,#4400,#4520,.T.);
#4518 = VERTEX_POINT('',#4519);
#4519 = CARTESIAN_POINT('',(206.5,50.,786.5));
#4520 = SURFACE_CURVE('',#4521,(#4525,#4532),.PCURVE_S1.);
#4521 = LINE('',#4522,#4523);
#4522 = CARTESIAN_POINT('',(206.5,50.,786.5));
#4523 = VECTOR('',#4524,1.);
#4524 = DIRECTION('',(-1.,0.,0.));
#4525 = PCURVE('',#4420,#4526);
#4526 = DEFINITIONAL_REPRESENTATION('',(#4527),#4531);
#4527 = LINE('',#4528,#4529);
#4528 = CARTESIAN_POINT('',(1.5,413.));
#4529 = VECTOR('',#4530,1.);
#4530 = DIRECTION('',(0.,-1.));
#4531 = ( GEOMETRIC_REPRESENTATION_CONTEXT(2) 
PARAMETRIC_REPRESENTATION_CONTEXT() REPRESENTATION_CONTEXT('2D SPACE',''
  ) );
#4532 = PCURVE('',#4502,#4533);
#4533 = DEFINITIONAL_REPRESENTATION('',(#4534),#4538);
#4534 = LINE('',#4535,#4536);
#4535 = CARTESIAN_POINT('',(413.,0.));
#4536 = VECTOR('',#4537,1.);
#4537 = DIRECTION('',(-1.,0.));
#4538 = ( GEOMETRIC_REPRESENTATION_CONTEXT(2) 
PARAMETRIC_REPRESENTATION_CONTEXT() REPRESENTATION_CONTEXT('2D SPACE',''
  ) );
#4539 = ORIENTED_EDGE('',*,*,#4540,.F.);
#4540 = EDGE_CURVE('',#4541,#4518,#4543,.T.);
#4541 = VERTEX_POINT('',#4542);
#4542 = CARTESIAN_POINT('',(206.5,50.,300.));
#4543 = SURFACE_CURVE('',#4544,(#4548,#4555),.PCURVE_S1.);
#4544 = LINE('',#4545,#4546);
#4545 = CARTESIAN_POINT('',(206.5,50.,300.));
#4546 = VECTOR('',#4547,1.);
#4547 = DIRECTION('',(0.,0.,1.));
#4548 = PCURVE('',#4420,#4549);
#4549 = DEFINITIONAL_REPRESENTATION('',(#4550),#4554);
#4550 = LINE('',#4551,#4552);
#4551 = CARTESIAN_POINT('',(-485.,413.));
#4552 = VECTOR('',#4553,1.);
#4553 = DIRECTION('',(1.,0.));
#4554 = ( GEOMETRIC_REPRESENTATION_CONTEXT(2) 
PARAMETRIC_REPRESENTATION_CONTEXT() REPRESENTATION_CONTEXT('2D SPACE',''
  ) );
#4555 = PCURVE('',#4556,#4561);
#4556 = PLANE('',#4557);
#4557 = AXIS2_PLACEMENT_3D('',#4558,#4559,#4560);
#4558 = CARTESIAN_POINT('',(206.5,50.,785.));
#4559 = DIRECTION('',(1.,0.,-0.));
#4560 = DIRECTION('',(0.,0.,1.));
#4561 = DEFINITIONAL_REPRESENTATION('',(#4562),#4566);
#4562 = LINE('',#4563,#4564);
#4563 = CARTESIAN_POINT('',(-485.,0.));
#4564 = VECTOR('',#4565,1.);
#4565 = DIRECTION('',(1.,0.));
#4566 = ( GEOMETRIC_REPRESENTATION_CONTEXT(2) 
PARAMETRIC_REPRESENTATION_CONTEXT() REPRESENTATION_CONTEXT('2D SPACE',''
  ) );
#4567 = ORIENTED_EDGE('',*,*,#4568,.F.);
#4568 = EDGE_CURVE('',#4569,#4541,#4571,.T.);
#4569 = VERTEX_POINT('',#4570);
#4570 = CARTESIAN_POINT('',(205.,50.,300.));
#4571 = SURFACE_CURVE('',#4572,(#4576,#4583),.PCURVE_S1.);
#4572 = LINE('',#4573,#4574);
#4573 = CARTESIAN_POINT('',(205.,50.,300.));
#4574 = VECTOR('',#4575,1.);
#4575 = DIRECTION('',(1.,0.,-0.));
#4576 = PCURVE('',#4420,#4577);
#4577 = DEFINITIONAL_REPRESENTATION('',(#4578),#4582);
#4578 = LINE('',#4579,#4580);
#4579 = CARTESIAN_POINT('',(-485.,411.5));
#4580 = VECTOR('',#4581,1.);
#4581 = DIRECTION('',(0.,1.));
#4582 = ( GEOMETRIC_REPRESENTATION_CONTEXT(2) 
PARAMETRIC_REPRESENTATION_CONTEXT() REPRESENTATION_CONTEXT('2D SPACE',''
  ) );
#4583 = PCURVE('',#4448,#4584);
#4584 = DEFINITIONAL_REPRESENTATION('',(#4585),#4589);
#4585 = LINE('',#4586,#4587);
#4586 = CARTESIAN_POINT('',(411.5,0.));
#4587 = VECTOR('',#4588,1.);
#4588 = DIRECTION('',(1.,0.));
#4589 = ( GEOMETRIC_REPRESENTATION_CONTEXT(2) 
PARAMETRIC_REPRESENTATION_CONTEXT() REPRESENTATION_CONTEXT('2D SPACE',''
  ) );
#4590 = ORIENTED_EDGE('',*,*,#4591,.T.);
#4591 = EDGE_CURVE('',#4569,#4592,#4594,.T.);
#4592 = VERTEX_POINT('',#4593);
#4593 = CARTESIAN_POINT('',(205.,50.,785.));
#4594 = SURFACE_CURVE('',#4595,(#4599,#4606),.PCURVE_S1.);
#4595 = LINE('',#4596,#4597);
#4596 = CARTESIAN_POINT('',(205.,50.,300.));
#4597 = VECTOR('',#4598,1.);
#4598 = DIRECTION('',(0.,0.,1.));
#4599 = PCURVE('',#4420,#4600);
#4600 = DEFINITIONAL_REPRESENTATION('',(#4601),#4605);
#4601 = LINE('',#4602,#4603);
#4602 = CARTESIAN_POINT('',(-485.,411.5));
#4603 = VECTOR('',#4604,1.);
#4604 = DIRECTION('',(1.,0.));
#4605 = ( GEOMETRIC_REPRESENTATION_CONTEXT(2) 
PARAMETRIC_REPRESENTATION_CONTEXT() REPRESENTATION_CONTEXT('2D SPACE',''
  ) );
#4606 = PCURVE('',#4607,#4612);
#4607 = PLANE('',#4608);
#4608 = AXIS2_PLACEMENT_3D('',#4609,#4610,#4611);
#4609 = CARTESIAN_POINT('',(205.,50.,300.));
#4610 = DIRECTION('',(1.,0.,-0.));
#4611 = DIRECTION('',(0.,0.,1.));
#4612 = DEFINITIONAL_REPRESENTATION('',(#4613),#4617);
#4613 = LINE('',#4614,#4615);
#4614 = CARTESIAN_POINT('',(0.,0.));
#4615 = VECTOR('',#4616,1.);
#4616 = DIRECTION('',(1.,0.));
#4617 = ( GEOMETRIC_REPRESENTATION_CONTEXT(2) 
PARAMETRIC_REPRESENTATION_CONTEXT() REPRESENTATION_CONTEXT('2D SPACE',''
  ) );
#4618 = ORIENTED_EDGE('',*,*,#4619,.F.);
#4619 = EDGE_CURVE('',#4620,#4592,#4622,.T.);
#4620 = VERTEX_POINT('',#4621);
#4621 = CARTESIAN_POINT('',(120.,50.,785.));
#4622 = SURFACE_CURVE('',#4623,(#4627,#4634),.PCURVE_S1.);
#4623 = LINE('',#4624,#4625);
#4624 = CARTESIAN_POINT('',(-206.5,50.,785.));
#4625 = VECTOR('',#4626,1.);
#4626 = DIRECTION('',(1.,0.,-0.));
#4627 = PCURVE('',#4420,#4628);
#4628 = DEFINITIONAL_REPRESENTATION('',(#4629),#4633);
#4629 = LINE('',#4630,#4631);
#4630 = CARTESIAN_POINT('',(0.,0.));
#4631 = VECTOR('',#4632,1.);
#4632 = DIRECTION('',(0.,1.));
#4633 = ( GEOMETRIC_REPRESENTATION_CONTEXT(2) 
PARAMETRIC_REPRESENTATION_CONTEXT() REPRESENTATION_CONTEXT('2D SPACE',''
  ) );
#4634 = PCURVE('',#4635,#4640);
#4635 = PLANE('',#4636);
#4636 = AXIS2_PLACEMENT_3D('',#4637,#4638,#4639);
#4637 = CARTESIAN_POINT('',(-206.5,50.,785.));
#4638 = DIRECTION('',(0.,0.,1.));
#4639 = DIRECTION('',(1.,0.,-0.));
#4640 = DEFINITIONAL_REPRESENTATION('',(#4641),#4645);
#4641 = LINE('',#4642,#4643);
#4642 = CARTESIAN_POINT('',(0.,0.));
#4643 = VECTOR('',#4644,1.);
#4644 = DIRECTION('',(1.,0.));
#4645 = ( GEOMETRIC_REPRESENTATION_CONTEXT(2) 
PARAMETRIC_REPRESENTATION_CONTEXT() REPRESENTATION_CONTEXT('2D SPACE',''
  ) );
#4646 = ORIENTED_EDGE('',*,*,#4647,.F.);
#4647 = EDGE_CURVE('',#4648,#4620,#4650,.T.);
#4648 = VERTEX_POINT('',#4649);
#4649 = CARTESIAN_POINT('',(120.,50.,765.));
#4650 = SURFACE_CURVE('',#4651,(#4655,#4662),.PCURVE_S1.);
#4651 = LINE('',#4652,#4653);
#4652 = CARTESIAN_POINT('',(120.,50.,765.));
#4653 = VECTOR('',#4654,1.);
#4654 = DIRECTION('',(0.,0.,1.));
#4655 = PCURVE('',#4420,#4656);
#4656 = DEFINITIONAL_REPRESENTATION('',(#4657),#4661);
#4657 = LINE('',#4658,#4659);
#4658 = CARTESIAN_POINT('',(-20.,326.5));
#4659 = VECTOR('',#4660,1.);
#4660 = DIRECTION('',(1.,0.));
#4661 = ( GEOMETRIC_REPRESENTATION_CONTEXT(2) 
PARAMETRIC_REPRESENTATION_CONTEXT() REPRESENTATION_CONTEXT('2D SPACE',''
  ) );
#4662 = PCURVE('',#4663,#4668);
#4663 = PLANE('',#4664);
#4664 = AXIS2_PLACEMENT_3D('',#4665,#4666,#4667);
#4665 = CARTESIAN_POINT('',(120.,50.,765.));
#4666 = DIRECTION('',(1.,0.,-0.));
#4667 = DIRECTION('',(0.,0.,1.));
#4668 = DEFINITIONAL_REPRESENTATION('',(#4669),#4673);
#4669 = LINE('',#4670,#4671);
#4670 = CARTESIAN_POINT('',(0.,0.));
#4671 = VECTOR('',#4672,1.);
#4672 = DIRECTION('',(1.,0.));
#4673 = ( GEOMETRIC_REPRESENTATION_CONTEXT(2) 
PARAMETRIC_REPRESENTATION_CONTEXT() REPRESENTATION_CONTEXT('2D SPACE',''
  ) );
#4674 = ORIENTED_EDGE('',*,*,#4675,.F.);
#4675 = EDGE_CURVE('',#4676,#4648,#4678,.T.);
#4676 = VERTEX_POINT('',#4677);
#4677 = CARTESIAN_POINT('',(100.,50.,765.));
#4678 = SURFACE_CURVE('',#4679,(#4683,#4690),.PCURVE_S1.);
#4679 = LINE('',#4680,#4681);
#4680 = CARTESIAN_POINT('',(100.,50.,765.));
#4681 = VECTOR('',#4682,1.);
#4682 = DIRECTION('',(1.,0.,-0.));
#4683 = PCURVE('',#4420,#4684);
#4684 = DEFINITIONAL_REPRESENTATION('',(#4685),#4689);
#4685 = LINE('',#4686,#4687);
#4686 = CARTESIAN_POINT('',(-20.,306.5));
#4687 = VECTOR('',#4688,1.);
#4688 = DIRECTION('',(0.,1.));
#4689 = ( GEOMETRIC_REPRESENTATION_CONTEXT(2) 
PARAMETRIC_REPRESENTATION_CONTEXT() REPRESENTATION_CONTEXT('2D SPACE',''
  ) );
#4690 = PCURVE('',#4691,#4696);
#4691 = PLANE('',#4692);
#4692 = AXIS2_PLACEMENT_3D('',#4693,#4694,#4695);
#4693 = CARTESIAN_POINT('',(100.,50.,765.));
#4694 = DIRECTION('',(0.,0.,1.));
#4695 = DIRECTION('',(1.,0.,-0.));
#4696 = DEFINITIONAL_REPRESENTATION('',(#4697),#4701);
#4697 = LINE('',#4698,#4699);
#4698 = CARTESIAN_POINT('',(0.,0.));
#4699 = VECTOR('',#4700,1.);
#4700 = DIRECTION('',(1.,0.));
#4701 = ( GEOMETRIC_REPRESENTATION_CONTEXT(2) 
PARAMETRIC_REPRESENTATION_CONTEXT() REPRESENTATION_CONTEXT('2D SPACE',''
  ) );
#4702 = ORIENTED_EDGE('',*,*,#4703,.T.);
#4703 = EDGE_CURVE('',#4676,#4704,#4706,.T.);
#4704 = VERTEX_POINT('',#4705);
#4705 = CARTESIAN_POINT('',(100.,50.,785.));
#4706 = SURFACE_CURVE('',#4707,(#4711,#4718),.PCURVE_S1.);
#4707 = LINE('',#4708,#4709);
#4708 = CARTESIAN_POINT('',(100.,50.,765.));
#4709 = VECTOR('',#4710,1.);
#4710 = DIRECTION('',(0.,0.,1.));
#4711 = PCURVE('',#4420,#4712);
#4712 = DEFINITIONAL_REPRESENTATION('',(#4713),#4717);
#4713 = LINE('',#4714,#4715);
#4714 = CARTESIAN_POINT('',(-20.,306.5));
#4715 = VECTOR('',#4716,1.);
#4716 = DIRECTION('',(1.,0.));
#4717 = ( GEOMETRIC_REPRESENTATION_CONTEXT(2) 
PARAMETRIC_REPRESENTATION_CONTEXT() REPRESENTATION_CONTEXT('2D SPACE',''
  ) );
#4718 = PCURVE('',#4719,#4724);
#4719 = PLANE('',#4720);
#4720 = AXIS2_PLACEMENT_3D('',#4721,#4722,#4723);
#4721 = CARTESIAN_POINT('',(100.,50.,765.));
#4722 = DIRECTION('',(1.,0.,-0.));
#4723 = DIRECTION('',(0.,0.,1.));
#4724 = DEFINITIONAL_REPRESENTATION('',(#4725),#4729);
#4725 = LINE('',#4726,#4727);
#4726 = CARTESIAN_POINT('',(0.,0.));
#4727 = VECTOR('',#4728,1.);
#4728 = DIRECTION('',(1.,0.));
#4729 = ( GEOMETRIC_REPRESENTATION_CONTEXT(2) 
PARAMETRIC_REPRESENTATION_CONTEXT() REPRESENTATION_CONTEXT('2D SPACE',''
  ) );
#4730 = ORIENTED_EDGE('',*,*,#4731,.F.);
#4731 = EDGE_CURVE('',#4732,#4704,#4734,.T.);
#4732 = VERTEX_POINT('',#4733);
#4733 = CARTESIAN_POINT('',(-100.,50.,785.));
#4734 = SURFACE_CURVE('',#4735,(#4739,#4746),.PCURVE_S1.);
#4735 = LINE('',#4736,#4737);
#4736 = CARTESIAN_POINT('',(-206.5,50.,785.));
#4737 = VECTOR('',#4738,1.);
#4738 = DIRECTION('',(1.,0.,-0.));
#4739 = PCURVE('',#4420,#4740);
#4740 = DEFINITIONAL_REPRESENTATION('',(#4741),#4745);
#4741 = LINE('',#4742,#4743);
#4742 = CARTESIAN_POINT('',(0.,0.));
#4743 = VECTOR('',#4744,1.);
#4744 = DIRECTION('',(0.,1.));
#4745 = ( GEOMETRIC_REPRESENTATION_CONTEXT(2) 
PARAMETRIC_REPRESENTATION_CONTEXT() REPRESENTATION_CONTEXT('2D SPACE',''
  ) );
#4746 = PCURVE('',#4635,#4747);
#4747 = DEFINITIONAL_REPRESENTATION('',(#4748),#4752);
#4748 = LINE('',#4749,#4750);
#4749 = CARTESIAN_POINT('',(0.,0.));
#4750 = VECTOR('',#4751,1.);
#4751 = DIRECTION('',(1.,0.));
#4752 = ( GEOMETRIC_REPRESENTATION_CONTEXT(2) 
PARAMETRIC_REPRESENTATION_CONTEXT() REPRESENTATION_CONTEXT('2D SPACE',''
  ) );
#4753 = ORIENTED_EDGE('',*,*,#4754,.F.);
#4754 = EDGE_CURVE('',#4755,#4732,#4757,.T.);
#4755 = VERTEX_POINT('',#4756);
#4756 = CARTESIAN_POINT('',(-100.,50.,765.));
#4757 = SURFACE_CURVE('',#4758,(#4762,#4769),.PCURVE_S1.);
#4758 = LINE('',#4759,#4760);
#4759 = CARTESIAN_POINT('',(-100.,50.,765.));
#4760 = VECTOR('',#4761,1.);
#4761 = DIRECTION('',(0.,0.,1.));
#4762 = PCURVE('',#4420,#4763);
#4763 = DEFINITIONAL_REPRESENTATION('',(#4764),#4768);
#4764 = LINE('',#4765,#4766);
#4765 = CARTESIAN_POINT('',(-20.,106.5));
#4766 = VECTOR('',#4767,1.);
#4767 = DIRECTION('',(1.,0.));
#4768 = ( GEOMETRIC_REPRESENTATION_CONTEXT(2) 
PARAMETRIC_REPRESENTATION_CONTEXT() REPRESENTATION_CONTEXT('2D SPACE',''
  ) );
#4769 = PCURVE('',#4770,#4775);
#4770 = PLANE('',#4771);
#4771 = AXIS2_PLACEMENT_3D('',#4772,#4773,#4774);
#4772 = CARTESIAN_POINT('',(-100.,50.,765.));
#4773 = DIRECTION('',(1.,0.,-0.));
#4774 = DIRECTION('',(0.,0.,1.));
#4775 = DEFINITIONAL_REPRESENTATION('',(#4776),#4780);
#4776 = LINE('',#4777,#4778);
#4777 = CARTESIAN_POINT('',(0.,0.));
#4778 = VECTOR('',#4779,1.);
#4779 = DIRECTION('',(1.,0.));
#4780 = ( GEOMETRIC_REPRESENTATION_CONTEXT(2) 
PARAMETRIC_REPRESENTATION_CONTEXT() REPRESENTATION_CONTEXT('2D SPACE',''
  ) );
#4781 = ORIENTED_EDGE('',*,*,#4782,.F.);
#4782 = EDGE_CURVE('',#4783,#4755,#4785,.T.);
#4783 = VERTEX_POINT('',#4784);
#4784 = CARTESIAN_POINT('',(-120.,50.,765.));
#4785 = SURFACE_CURVE('',#4786,(#4790,#4797),.PCURVE_S1.);
#4786 = LINE('',#4787,#4788);
#4787 = CARTESIAN_POINT('',(-120.,50.,765.));
#4788 = VECTOR('',#4789,1.);
#4789 = DIRECTION('',(1.,0.,-0.));
#4790 = PCURVE('',#4420,#4791);
#4791 = DEFINITIONAL_REPRESENTATION('',(#4792),#4796);
#4792 = LINE('',#4793,#4794);
#4793 = CARTESIAN_POINT('',(-20.,86.5));
#4794 = VECTOR('',#4795,1.);
#4795 = DIRECTION('',(0.,1.));
#4796 = ( GEOMETRIC_REPRESENTATION_CONTEXT(2) 
PARAMETRIC_REPRESENTATION_CONTEXT() REPRESENTATION_CONTEXT('2D SPACE',''
  ) );
#4797 = PCURVE('',#4798,#4803);
#4798 = PLANE('',#4799);
#4799 = AXIS2_PLACEMENT_3D('',#4800,#4801,#4802);
#4800 = CARTESIAN_POINT('',(-120.,50.,765.));
#4801 = DIRECTION('',(0.,0.,1.));
#4802 = DIRECTION('',(1.,0.,-0.));
#4803 = DEFINITIONAL_REPRESENTATION('',(#4804),#4808);
#4804 = LINE('',#4805,#4806);
#4805 = CARTESIAN_POINT('',(0.,0.));
#4806 = VECTOR('',#4807,1.);
#4807 = DIRECTION('',(1.,0.));
#4808 = ( GEOMETRIC_REPRESENTATION_CONTEXT(2) 
PARAMETRIC_REPRESENTATION_CONTEXT() REPRESENTATION_CONTEXT('2D SPACE',''
  ) );
#4809 = ORIENTED_EDGE('',*,*,#4810,.T.);
#4810 = EDGE_CURVE('',#4783,#4811,#4813,.T.);
#4811 = VERTEX_POINT('',#4812);
#4812 = CARTESIAN_POINT('',(-120.,50.,785.));
#4813 = SURFACE_CURVE('',#4814,(#4818,#4825),.PCURVE_S1.);
#4814 = LINE('',#4815,#4816);
#4815 = CARTESIAN_POINT('',(-120.,50.,765.));
#4816 = VECTOR('',#4817,1.);
#4817 = DIRECTION('',(0.,0.,1.));
#4818 = PCURVE('',#4420,#4819);
#4819 = DEFINITIONAL_REPRESENTATION('',(#4820),#4824);
#4820 = LINE('',#4821,#4822);
#4821 = CARTESIAN_POINT('',(-20.,86.5));
#4822 = VECTOR('',#4823,1.);
#4823 = DIRECTION('',(1.,0.));
#4824 = ( GEOMETRIC_REPRESENTATION_CONTEXT(2) 
PARAMETRIC_REPRESENTATION_CONTEXT() REPRESENTATION_CONTEXT('2D SPACE',''
  ) );
#4825 = PCURVE('',#4826,#4831);
#4826 = PLANE('',#4827);
#4827 = AXIS2_PLACEMENT_3D('',#4828,#4829,#4830);
#4828 = CARTESIAN_POINT('',(-120.,50.,765.));
#4829 = DIRECTION('',(1.,0.,-0.));
#4830 = DIRECTION('',(0.,0.,1.));
#4831 = DEFINITIONAL_REPRESENTATION('',(#4832),#4836);
#4832 = LINE('',#4833,#4834);
#4833 = CARTESIAN_POINT('',(0.,0.));
#4834 = VECTOR('',#4835,1.);
#4835 = DIRECTION('',(1.,0.));
#4836 = ( GEOMETRIC_REPRESENTATION_CONTEXT(2) 
PARAMETRIC_REPRESENTATION_CONTEXT() REPRESENTATION_CONTEXT('2D SPACE',''
  ) );
#4837 = ORIENTED_EDGE('',*,*,#4838,.F.);
#4838 = EDGE_CURVE('',#4839,#4811,#4841,.T.);
#4839 = VERTEX_POINT('',#4840);
#4840 = CARTESIAN_POINT('',(-205.,50.,785.));
#4841 = SURFACE_CURVE('',#4842,(#4846,#4853),.PCURVE_S1.);
#4842 = LINE('',#4843,#4844);
#4843 = CARTESIAN_POINT('',(-206.5,50.,785.));
#4844 = VECTOR('',#4845,1.);
#4845 = DIRECTION('',(1.,0.,-0.));
#4846 = PCURVE('',#4420,#4847);
#4847 = DEFINITIONAL_REPRESENTATION('',(#4848),#4852);
#4848 = LINE('',#4849,#4850);
#4849 = CARTESIAN_POINT('',(0.,0.));
#4850 = VECTOR('',#4851,1.);
#4851 = DIRECTION('',(0.,1.));
#4852 = ( GEOMETRIC_REPRESENTATION_CONTEXT(2) 
PARAMETRIC_REPRESENTATION_CONTEXT() REPRESENTATION_CONTEXT('2D SPACE',''
  ) );
#4853 = PCURVE('',#4635,#4854);
#4854 = DEFINITIONAL_REPRESENTATION('',(#4855),#4859);
#4855 = LINE('',#4856,#4857);
#4856 = CARTESIAN_POINT('',(0.,0.));
#4857 = VECTOR('',#4858,1.);
#4858 = DIRECTION('',(1.,0.));
#4859 = ( GEOMETRIC_REPRESENTATION_CONTEXT(2) 
PARAMETRIC_REPRESENTATION_CONTEXT() REPRESENTATION_CONTEXT('2D SPACE',''
  ) );
#4860 = ORIENTED_EDGE('',*,*,#4861,.F.);
#4861 = EDGE_CURVE('',#4862,#4839,#4864,.T.);
#4862 = VERTEX_POINT('',#4863);
#4863 = CARTESIAN_POINT('',(-205.,50.,300.));
#4864 = SURFACE_CURVE('',#4865,(#4869,#4876),.PCURVE_S1.);
#4865 = LINE('',#4866,#4867);
#4866 = CARTESIAN_POINT('',(-205.,50.,300.));
#4867 = VECTOR('',#4868,1.);
#4868 = DIRECTION('',(0.,0.,1.));
#4869 = PCURVE('',#4420,#4870);
#4870 = DEFINITIONAL_REPRESENTATION('',(#4871),#4875);
#4871 = LINE('',#4872,#4873);
#4872 = CARTESIAN_POINT('',(-485.,1.5));
#4873 = VECTOR('',#4874,1.);
#4874 = DIRECTION('',(1.,0.));
#4875 = ( GEOMETRIC_REPRESENTATION_CONTEXT(2) 
PARAMETRIC_REPRESENTATION_CONTEXT() REPRESENTATION_CONTEXT('2D SPACE',''
  ) );
#4876 = PCURVE('',#4877,#4882);
#4877 = PLANE('',#4878);
#4878 = AXIS2_PLACEMENT_3D('',#4879,#4880,#4881);
#4879 = CARTESIAN_POINT('',(-205.,50.,300.));
#4880 = DIRECTION('',(1.,0.,-0.));
#4881 = DIRECTION('',(0.,0.,1.));
#4882 = DEFINITIONAL_REPRESENTATION('',(#4883),#4887);
#4883 = LINE('',#4884,#4885);
#4884 = CARTESIAN_POINT('',(0.,0.));
#4885 = VECTOR('',#4886,1.);
#4886 = DIRECTION('',(1.,0.));
#4887 = ( GEOMETRIC_REPRESENTATION_CONTEXT(2) 
PARAMETRIC_REPRESENTATION_CONTEXT() REPRESENTATION_CONTEXT('2D SPACE',''
  ) );
#4888 = ORIENTED_EDGE('',*,*,#4889,.F.);
#4889 = EDGE_CURVE('',#4398,#4862,#4890,.T.);
#4890 = SURFACE_CURVE('',#4891,(#4895,#4902),.PCURVE_S1.);
#4891 = LINE('',#4892,#4893);
#4892 = CARTESIAN_POINT('',(-206.5,50.,300.));
#4893 = VECTOR('',#4894,1.);
#4894 = DIRECTION('',(1.,0.,-0.));
#4895 = PCURVE('',#4420,#4896);
#4896 = DEFINITIONAL_REPRESENTATION('',(#4897),#4901);
#4897 = LINE('',#4898,#4899);
#4898 = CARTESIAN_POINT('',(-485.,0.));
#4899 = VECTOR('',#4900,1.);
#4900 = DIRECTION('',(0.,1.));
#4901 = ( GEOMETRIC_REPRESENTATION_CONTEXT(2) 
PARAMETRIC_REPRESENTATION_CONTEXT() REPRESENTATION_CONTEXT('2D SPACE',''
  ) );
#4902 = PCURVE('',#4448,#4903);
#4903 = DEFINITIONAL_REPRESENTATION('',(#4904),#4908);
#4904 = LINE('',#4905,#4906);
#4905 = CARTESIAN_POINT('',(0.,0.));
#4906 = VECTOR('',#4907,1.);
#4907 = DIRECTION('',(1.,0.));
#4908 = ( GEOMETRIC_REPRESENTATION_CONTEXT(2) 
PARAMETRIC_REPRESENTATION_CONTEXT() REPRESENTATION_CONTEXT('2D SPACE',''
  ) );
#4909 = ORIENTED_EDGE('',*,*,#4397,.T.);
#4910 = ADVANCED_FACE('',(#4911),#4448,.F.);
#4911 = FACE_BOUND('',#4912,.F.);
#4912 = EDGE_LOOP('',(#4913,#4914,#4937,#4965,#4986,#4987,#5010,#5031));
#4913 = ORIENTED_EDGE('',*,*,#4889,.T.);
#4914 = ORIENTED_EDGE('',*,*,#4915,.T.);
#4915 = EDGE_CURVE('',#4862,#4916,#4918,.T.);
#4916 = VERTEX_POINT('',#4917);
#4917 = CARTESIAN_POINT('',(-205.,235.,300.));
#4918 = SURFACE_CURVE('',#4919,(#4923,#4930),.PCURVE_S1.);
#4919 = LINE('',#4920,#4921);
#4920 = CARTESIAN_POINT('',(-205.,50.,300.));
#4921 = VECTOR('',#4922,1.);
#4922 = DIRECTION('',(-0.,1.,0.));
#4923 = PCURVE('',#4448,#4924);
#4924 = DEFINITIONAL_REPRESENTATION('',(#4925),#4929);
#4925 = LINE('',#4926,#4927);
#4926 = CARTESIAN_POINT('',(1.5,0.));
#4927 = VECTOR('',#4928,1.);
#4928 = DIRECTION('',(0.,1.));
#4929 = ( GEOMETRIC_REPRESENTATION_CONTEXT(2) 
PARAMETRIC_REPRESENTATION_CONTEXT() REPRESENTATION_CONTEXT('2D SPACE',''
  ) );
#4930 = PCURVE('',#4877,#4931);
#4931 = DEFINITIONAL_REPRESENTATION('',(#4932),#4936);
#4932 = LINE('',#4933,#4934);
#4933 = CARTESIAN_POINT('',(0.,0.));
#4934 = VECTOR('',#4935,1.);
#4935 = DIRECTION('',(0.,-1.));
#4936 = ( GEOMETRIC_REPRESENTATION_CONTEXT(2) 
PARAMETRIC_REPRESENTATION_CONTEXT() REPRESENTATION_CONTEXT('2D SPACE',''
  ) );
#4937 = ORIENTED_EDGE('',*,*,#4938,.T.);
#4938 = EDGE_CURVE('',#4916,#4939,#4941,.T.);
#4939 = VERTEX_POINT('',#4940);
#4940 = CARTESIAN_POINT('',(205.,235.,300.));
#4941 = SURFACE_CURVE('',#4942,(#4946,#4953),.PCURVE_S1.);
#4942 = LINE('',#4943,#4944);
#4943 = CARTESIAN_POINT('',(-206.5,235.,300.));
#4944 = VECTOR('',#4945,1.);
#4945 = DIRECTION('',(1.,0.,-0.));
#4946 = PCURVE('',#4448,#4947);
#4947 = DEFINITIONAL_REPRESENTATION('',(#4948),#4952);
#4948 = LINE('',#4949,#4950);
#4949 = CARTESIAN_POINT('',(0.,185.));
#4950 = VECTOR('',#4951,1.);
#4951 = DIRECTION('',(1.,0.));
#4952 = ( GEOMETRIC_REPRESENTATION_CONTEXT(2) 
PARAMETRIC_REPRESENTATION_CONTEXT() REPRESENTATION_CONTEXT('2D SPACE',''
  ) );
#4953 = PCURVE('',#4954,#4959);
#4954 = PLANE('',#4955);
#4955 = AXIS2_PLACEMENT_3D('',#4956,#4957,#4958);
#4956 = CARTESIAN_POINT('',(-206.5,235.,300.));
#4957 = DIRECTION('',(-0.,1.,0.));
#4958 = DIRECTION('',(0.,0.,1.));
#4959 = DEFINITIONAL_REPRESENTATION('',(#4960),#4964);
#4960 = LINE('',#4961,#4962);
#4961 = CARTESIAN_POINT('',(0.,0.));
#4962 = VECTOR('',#4963,1.);
#4963 = DIRECTION('',(0.,1.));
#4964 = ( GEOMETRIC_REPRESENTATION_CONTEXT(2) 
PARAMETRIC_REPRESENTATION_CONTEXT() REPRESENTATION_CONTEXT('2D SPACE',''
  ) );
#4965 = ORIENTED_EDGE('',*,*,#4966,.F.);
#4966 = EDGE_CURVE('',#4569,#4939,#4967,.T.);
#4967 = SURFACE_CURVE('',#4968,(#4972,#4979),.PCURVE_S1.);
#4968 = LINE('',#4969,#4970);
#4969 = CARTESIAN_POINT('',(205.,50.,300.));
#4970 = VECTOR('',#4971,1.);
#4971 = DIRECTION('',(-0.,1.,0.));
#4972 = PCURVE('',#4448,#4973);
#4973 = DEFINITIONAL_REPRESENTATION('',(#4974),#4978);
#4974 = LINE('',#4975,#4976);
#4975 = CARTESIAN_POINT('',(411.5,0.));
#4976 = VECTOR('',#4977,1.);
#4977 = DIRECTION('',(0.,1.));
#4978 = ( GEOMETRIC_REPRESENTATION_CONTEXT(2) 
PARAMETRIC_REPRESENTATION_CONTEXT() REPRESENTATION_CONTEXT('2D SPACE',''
  ) );
#4979 = PCURVE('',#4607,#4980);
#4980 = DEFINITIONAL_REPRESENTATION('',(#4981),#4985);
#4981 = LINE('',#4982,#4983);
#4982 = CARTESIAN_POINT('',(0.,0.));
#4983 = VECTOR('',#4984,1.);
#4984 = DIRECTION('',(0.,-1.));
#4985 = ( GEOMETRIC_REPRESENTATION_CONTEXT(2) 
PARAMETRIC_REPRESENTATION_CONTEXT() REPRESENTATION_CONTEXT('2D SPACE',''
  ) );
#4986 = ORIENTED_EDGE('',*,*,#4568,.T.);
#4987 = ORIENTED_EDGE('',*,*,#4988,.F.);
#4988 = EDGE_CURVE('',#4989,#4541,#4991,.T.);
#4989 = VERTEX_POINT('',#4990);
#4990 = CARTESIAN_POINT('',(206.5,236.5,300.));
#4991 = SURFACE_CURVE('',#4992,(#4996,#5003),.PCURVE_S1.);
#4992 = LINE('',#4993,#4994);
#4993 = CARTESIAN_POINT('',(206.5,236.5,300.));
#4994 = VECTOR('',#4995,1.);
#4995 = DIRECTION('',(0.,-1.,0.));
#4996 = PCURVE('',#4448,#4997);
#4997 = DEFINITIONAL_REPRESENTATION('',(#4998),#5002);
#4998 = LINE('',#4999,#5000);
#4999 = CARTESIAN_POINT('',(413.,186.5));
#5000 = VECTOR('',#5001,1.);
#5001 = DIRECTION('',(0.,-1.));
#5002 = ( GEOMETRIC_REPRESENTATION_CONTEXT(2) 
PARAMETRIC_REPRESENTATION_CONTEXT() REPRESENTATION_CONTEXT('2D SPACE',''
  ) );
#5003 = PCURVE('',#4556,#5004);
#5004 = DEFINITIONAL_REPRESENTATION('',(#5005),#5009);
#5005 = LINE('',#5006,#5007);
#5006 = CARTESIAN_POINT('',(-485.,-186.5));
#5007 = VECTOR('',#5008,1.);
#5008 = DIRECTION('',(0.,1.));
#5009 = ( GEOMETRIC_REPRESENTATION_CONTEXT(2) 
PARAMETRIC_REPRESENTATION_CONTEXT() REPRESENTATION_CONTEXT('2D SPACE',''
  ) );
#5010 = ORIENTED_EDGE('',*,*,#5011,.F.);
#5011 = EDGE_CURVE('',#4433,#4989,#5012,.T.);
#5012 = SURFACE_CURVE('',#5013,(#5017,#5024),.PCURVE_S1.);
#5013 = LINE('',#5014,#5015);
#5014 = CARTESIAN_POINT('',(-206.5,236.5,300.));
#5015 = VECTOR('',#5016,1.);
#5016 = DIRECTION('',(1.,0.,0.));
#5017 = PCURVE('',#4448,#5018);
#5018 = DEFINITIONAL_REPRESENTATION('',(#5019),#5023);
#5019 = LINE('',#5020,#5021);
#5020 = CARTESIAN_POINT('',(0.,186.5));
#5021 = VECTOR('',#5022,1.);
#5022 = DIRECTION('',(1.,0.));
#5023 = ( GEOMETRIC_REPRESENTATION_CONTEXT(2) 
PARAMETRIC_REPRESENTATION_CONTEXT() REPRESENTATION_CONTEXT('2D SPACE',''
  ) );
#5024 = PCURVE('',#4476,#5025);
#5025 = DEFINITIONAL_REPRESENTATION('',(#5026),#5030);
#5026 = LINE('',#5027,#5028);
#5027 = CARTESIAN_POINT('',(-485.,0.));
#5028 = VECTOR('',#5029,1.);
#5029 = DIRECTION('',(0.,1.));
#5030 = ( GEOMETRIC_REPRESENTATION_CONTEXT(2) 
PARAMETRIC_REPRESENTATION_CONTEXT() REPRESENTATION_CONTEXT('2D SPACE',''
  ) );
#5031 = ORIENTED_EDGE('',*,*,#4432,.T.);
#5032 = ADVANCED_FACE('',(#5033,#5081,#5187,#5293,#5399),#4476,.T.);
#5033 = FACE_BOUND('',#5034,.T.);
#5034 = EDGE_LOOP('',(#5035,#5058,#5079,#5080));
#5035 = ORIENTED_EDGE('',*,*,#5036,.T.);
#5036 = EDGE_CURVE('',#4461,#5037,#5039,.T.);
#5037 = VERTEX_POINT('',#5038);
#5038 = CARTESIAN_POINT('',(206.5,236.5,786.5));
#5039 = SURFACE_CURVE('',#5040,(#5044,#5051),.PCURVE_S1.);
#5040 = LINE('',#5041,#5042);
#5041 = CARTESIAN_POINT('',(-206.5,236.5,786.5));
#5042 = VECTOR('',#5043,1.);
#5043 = DIRECTION('',(1.,0.,0.));
#5044 = PCURVE('',#4476,#5045);
#5045 = DEFINITIONAL_REPRESENTATION('',(#5046),#5050);
#5046 = LINE('',#5047,#5048);
#5047 = CARTESIAN_POINT('',(1.5,0.));
#5048 = VECTOR('',#5049,1.);
#5049 = DIRECTION('',(0.,1.));
#5050 = ( GEOMETRIC_REPRESENTATION_CONTEXT(2) 
PARAMETRIC_REPRESENTATION_CONTEXT() REPRESENTATION_CONTEXT('2D SPACE',''
  ) );
#5051 = PCURVE('',#4502,#5052);
#5052 = DEFINITIONAL_REPRESENTATION('',(#5053),#5057);
#5053 = LINE('',#5054,#5055);
#5054 = CARTESIAN_POINT('',(0.,186.5));
#5055 = VECTOR('',#5056,1.);
#5056 = DIRECTION('',(1.,0.));
#5057 = ( GEOMETRIC_REPRESENTATION_CONTEXT(2) 
PARAMETRIC_REPRESENTATION_CONTEXT() REPRESENTATION_CONTEXT('2D SPACE',''
  ) );
#5058 = ORIENTED_EDGE('',*,*,#5059,.T.);
#5059 = EDGE_CURVE('',#5037,#4989,#5060,.T.);
#5060 = SURFACE_CURVE('',#5061,(#5065,#5072),.PCURVE_S1.);
#5061 = LINE('',#5062,#5063);
#5062 = CARTESIAN_POINT('',(206.5,236.5,786.5));
#5063 = VECTOR('',#5064,1.);
#5064 = DIRECTION('',(0.,0.,-1.));
#5065 = PCURVE('',#4476,#5066);
#5066 = DEFINITIONAL_REPRESENTATION('',(#5067),#5071);
#5067 = LINE('',#5068,#5069);
#5068 = CARTESIAN_POINT('',(1.5,413.));
#5069 = VECTOR('',#5070,1.);
#5070 = DIRECTION('',(-1.,0.));
#5071 = ( GEOMETRIC_REPRESENTATION_CONTEXT(2) 
PARAMETRIC_REPRESENTATION_CONTEXT() REPRESENTATION_CONTEXT('2D SPACE',''
  ) );
#5072 = PCURVE('',#4556,#5073);
#5073 = DEFINITIONAL_REPRESENTATION('',(#5074),#5078);
#5074 = LINE('',#5075,#5076);
#5075 = CARTESIAN_POINT('',(1.5,-186.5));
#5076 = VECTOR('',#5077,1.);
#5077 = DIRECTION('',(-1.,0.));
#5078 = ( GEOMETRIC_REPRESENTATION_CONTEXT(2) 
PARAMETRIC_REPRESENTATION_CONTEXT() REPRESENTATION_CONTEXT('2D SPACE',''
  ) );
#5079 = ORIENTED_EDGE('',*,*,#5011,.F.);
#5080 = ORIENTED_EDGE('',*,*,#4460,.F.);
#5081 = FACE_BOUND('',#5082,.T.);
#5082 = EDGE_LOOP('',(#5083,#5111,#5137,#5163));
#5083 = ORIENTED_EDGE('',*,*,#5084,.F.);
#5084 = EDGE_CURVE('',#5085,#5087,#5089,.T.);
#5085 = VERTEX_POINT('',#5086);
#5086 = CARTESIAN_POINT('',(-150.,236.5,741.5));
#5087 = VERTEX_POINT('',#5088);
#5088 = CARTESIAN_POINT('',(-90.,236.5,741.5));
#5089 = SURFACE_CURVE('',#5090,(#5094,#5100),.PCURVE_S1.);
#5090 = LINE('',#5091,#5092);
#5091 = CARTESIAN_POINT('',(-178.25,236.5,741.5));
#5092 = VECTOR('',#5093,1.);
#5093 = DIRECTION('',(1.,0.,-0.));
#5094 = PCURVE('',#4476,#5095);
#5095 = DEFINITIONAL_REPRESENTATION('',(#5096),#5099);
#5096 = B_SPLINE_CURVE_WITH_KNOTS('',1,(#5097,#5098),.UNSPECIFIED.,.F.,
  .F.,(2,2),(28.25,88.25),.PIECEWISE_BEZIER_KNOTS.);
#5097 = CARTESIAN_POINT('',(-43.5,56.5));
#5098 = CARTESIAN_POINT('',(-43.5,116.5));
#5099 = ( GEOMETRIC_REPRESENTATION_CONTEXT(2) 
PARAMETRIC_REPRESENTATION_CONTEXT() REPRESENTATION_CONTEXT('2D SPACE',''
  ) );
#5100 = PCURVE('',#5101,#5106);
#5101 = PLANE('',#5102);
#5102 = AXIS2_PLACEMENT_3D('',#5103,#5104,#5105);
#5103 = CARTESIAN_POINT('',(-150.,234.,741.5));
#5104 = DIRECTION('',(0.,0.,1.));
#5105 = DIRECTION('',(1.,0.,-0.));
#5106 = DEFINITIONAL_REPRESENTATION('',(#5107),#5110);
#5107 = B_SPLINE_CURVE_WITH_KNOTS('',1,(#5108,#5109),.UNSPECIFIED.,.F.,
  .F.,(2,2),(28.25,88.25),.PIECEWISE_BEZIER_KNOTS.);
#5108 = CARTESIAN_POINT('',(0.,2.5));
#5109 = CARTESIAN_POINT('',(60.,2.5));
#5110 = ( GEOMETRIC_REPRESENTATION_CONTEXT(2) 
PARAMETRIC_REPRESENTATION_CONTEXT() REPRESENTATION_CONTEXT('2D SPACE',''
  ) );
#5111 = ORIENTED_EDGE('',*,*,#5112,.T.);
#5112 = EDGE_CURVE('',#5085,#5113,#5115,.T.);
#5113 = VERTEX_POINT('',#5114);
#5114 = CARTESIAN_POINT('',(-150.,236.5,726.5));
#5115 = SURFACE_CURVE('',#5116,(#5120,#5126),.PCURVE_S1.);
#5116 = LINE('',#5117,#5118);
#5117 = CARTESIAN_POINT('',(-150.,236.5,755.75));
#5118 = VECTOR('',#5119,1.);
#5119 = DIRECTION('',(-0.,0.,-1.));
#5120 = PCURVE('',#4476,#5121);
#5121 = DEFINITIONAL_REPRESENTATION('',(#5122),#5125);
#5122 = B_SPLINE_CURVE_WITH_KNOTS('',1,(#5123,#5124),.UNSPECIFIED.,.F.,
  .F.,(2,2),(14.25,29.25),.PIECEWISE_BEZIER_KNOTS.);
#5123 = CARTESIAN_POINT('',(-43.5,56.5));
#5124 = CARTESIAN_POINT('',(-58.5,56.5));
#5125 = ( GEOMETRIC_REPRESENTATION_CONTEXT(2) 
PARAMETRIC_REPRESENTATION_CONTEXT() REPRESENTATION_CONTEXT('2D SPACE',''
  ) );
#5126 = PCURVE('',#5127,#5132);
#5127 = PLANE('',#5128);
#5128 = AXIS2_PLACEMENT_3D('',#5129,#5130,#5131);
#5129 = CARTESIAN_POINT('',(-150.,234.,726.5));
#5130 = DIRECTION('',(1.,0.,-0.));
#5131 = DIRECTION('',(0.,0.,1.));
#5132 = DEFINITIONAL_REPRESENTATION('',(#5133),#5136);
#5133 = B_SPLINE_CURVE_WITH_KNOTS('',1,(#5134,#5135),.UNSPECIFIED.,.F.,
  .F.,(2,2),(14.25,29.25),.PIECEWISE_BEZIER_KNOTS.);
#5134 = CARTESIAN_POINT('',(15.,-2.5));
#5135 = CARTESIAN_POINT('',(0.,-2.5));
#5136 = ( GEOMETRIC_REPRESENTATION_CONTEXT(2) 
PARAMETRIC_REPRESENTATION_CONTEXT() REPRESENTATION_CONTEXT('2D SPACE',''
  ) );
#5137 = ORIENTED_EDGE('',*,*,#5138,.T.);
#5138 = EDGE_CURVE('',#5113,#5139,#5141,.T.);
#5139 = VERTEX_POINT('',#5140);
#5140 = CARTESIAN_POINT('',(-90.,236.5,726.5));
#5141 = SURFACE_CURVE('',#5142,(#5146,#5152),.PCURVE_S1.);
#5142 = LINE('',#5143,#5144);
#5143 = CARTESIAN_POINT('',(-178.25,236.5,726.5));
#5144 = VECTOR('',#5145,1.);
#5145 = DIRECTION('',(1.,0.,-0.));
#5146 = PCURVE('',#4476,#5147);
#5147 = DEFINITIONAL_REPRESENTATION('',(#5148),#5151);
#5148 = B_SPLINE_CURVE_WITH_KNOTS('',1,(#5149,#5150),.UNSPECIFIED.,.F.,
  .F.,(2,2),(28.25,88.25),.PIECEWISE_BEZIER_KNOTS.);
#5149 = CARTESIAN_POINT('',(-58.5,56.5));
#5150 = CARTESIAN_POINT('',(-58.5,116.5));
#5151 = ( GEOMETRIC_REPRESENTATION_CONTEXT(2) 
PARAMETRIC_REPRESENTATION_CONTEXT() REPRESENTATION_CONTEXT('2D SPACE',''
  ) );
#5152 = PCURVE('',#5153,#5158);
#5153 = PLANE('',#5154);
#5154 = AXIS2_PLACEMENT_3D('',#5155,#5156,#5157);
#5155 = CARTESIAN_POINT('',(-150.,234.,726.5));
#5156 = DIRECTION('',(0.,0.,1.));
#5157 = DIRECTION('',(1.,0.,-0.));
#5158 = DEFINITIONAL_REPRESENTATION('',(#5159),#5162);
#5159 = B_SPLINE_CURVE_WITH_KNOTS('',1,(#5160,#5161),.UNSPECIFIED.,.F.,
  .F.,(2,2),(28.25,88.25),.PIECEWISE_BEZIER_KNOTS.);
#5160 = CARTESIAN_POINT('',(0.,2.5));
#5161 = CARTESIAN_POINT('',(60.,2.5));
#5162 = ( GEOMETRIC_REPRESENTATION_CONTEXT(2) 
PARAMETRIC_REPRESENTATION_CONTEXT() REPRESENTATION_CONTEXT('2D SPACE',''
  ) );
#5163 = ORIENTED_EDGE('',*,*,#5164,.F.);
#5164 = EDGE_CURVE('',#5087,#5139,#5165,.T.);
#5165 = SURFACE_CURVE('',#5166,(#5170,#5176),.PCURVE_S1.);
#5166 = LINE('',#5167,#5168);
#5167 = CARTESIAN_POINT('',(-90.,236.5,755.75));
#5168 = VECTOR('',#5169,1.);
#5169 = DIRECTION('',(-0.,0.,-1.));
#5170 = PCURVE('',#4476,#5171);
#5171 = DEFINITIONAL_REPRESENTATION('',(#5172),#5175);
#5172 = B_SPLINE_CURVE_WITH_KNOTS('',1,(#5173,#5174),.UNSPECIFIED.,.F.,
  .F.,(2,2),(14.25,29.25),.PIECEWISE_BEZIER_KNOTS.);
#5173 = CARTESIAN_POINT('',(-43.5,116.5));
#5174 = CARTESIAN_POINT('',(-58.5,116.5));
#5175 = ( GEOMETRIC_REPRESENTATION_CONTEXT(2) 
PARAMETRIC_REPRESENTATION_CONTEXT() REPRESENTATION_CONTEXT('2D SPACE',''
  ) );
#5176 = PCURVE('',#5177,#5182);
#5177 = PLANE('',#5178);
#5178 = AXIS2_PLACEMENT_3D('',#5179,#5180,#5181);
#5179 = CARTESIAN_POINT('',(-90.,234.,726.5));
#5180 = DIRECTION('',(1.,0.,-0.));
#5181 = DIRECTION('',(0.,0.,1.));
#5182 = DEFINITIONAL_REPRESENTATION('',(#5183),#5186);
#5183 = B_SPLINE_CURVE_WITH_KNOTS('',1,(#5184,#5185),.UNSPECIFIED.,.F.,
  .F.,(2,2),(14.25,29.25),.PIECEWISE_BEZIER_KNOTS.);
#5184 = CARTESIAN_POINT('',(15.,-2.5));
#5185 = CARTESIAN_POINT('',(0.,-2.5));
#5186 = ( GEOMETRIC_REPRESENTATION_CONTEXT(2) 
PARAMETRIC_REPRESENTATION_CONTEXT() REPRESENTATION_CONTEXT('2D SPACE',''
  ) );
#5187 = FACE_BOUND('',#5188,.T.);
#5188 = EDGE_LOOP('',(#5189,#5217,#5243,#5269));
#5189 = ORIENTED_EDGE('',*,*,#5190,.F.);
#5190 = EDGE_CURVE('',#5191,#5193,#5195,.T.);
#5191 = VERTEX_POINT('',#5192);
#5192 = CARTESIAN_POINT('',(-70.,236.5,741.5));
#5193 = VERTEX_POINT('',#5194);
#5194 = CARTESIAN_POINT('',(-10.,236.5,741.5));
#5195 = SURFACE_CURVE('',#5196,(#5200,#5206),.PCURVE_S1.);
#5196 = LINE('',#5197,#5198);
#5197 = CARTESIAN_POINT('',(-138.25,236.5,741.5));
#5198 = VECTOR('',#5199,1.);
#5199 = DIRECTION('',(1.,0.,-0.));
#5200 = PCURVE('',#4476,#5201);
#5201 = DEFINITIONAL_REPRESENTATION('',(#5202),#5205);
#5202 = B_SPLINE_CURVE_WITH_KNOTS('',1,(#5203,#5204),.UNSPECIFIED.,.F.,
  .F.,(2,2),(68.25,128.25),.PIECEWISE_BEZIER_KNOTS.);
#5203 = CARTESIAN_POINT('',(-43.5,136.5));
#5204 = CARTESIAN_POINT('',(-43.5,196.5));
#5205 = ( GEOMETRIC_REPRESENTATION_CONTEXT(2) 
PARAMETRIC_REPRESENTATION_CONTEXT() REPRESENTATION_CONTEXT('2D SPACE',''
  ) );
#5206 = PCURVE('',#5207,#5212);
#5207 = PLANE('',#5208);
#5208 = AXIS2_PLACEMENT_3D('',#5209,#5210,#5211);
#5209 = CARTESIAN_POINT('',(-70.,234.,741.5));
#5210 = DIRECTION('',(0.,0.,1.));
#5211 = DIRECTION('',(1.,0.,-0.));
#5212 = DEFINITIONAL_REPRESENTATION('',(#5213),#5216);
#5213 = B_SPLINE_CURVE_WITH_KNOTS('',1,(#5214,#5215),.UNSPECIFIED.,.F.,
  .F.,(2,2),(68.25,128.25),.PIECEWISE_BEZIER_KNOTS.);
#5214 = CARTESIAN_POINT('',(0.,2.5));
#5215 = CARTESIAN_POINT('',(60.,2.5));
#5216 = ( GEOMETRIC_REPRESENTATION_CONTEXT(2) 
PARAMETRIC_REPRESENTATION_CONTEXT() REPRESENTATION_CONTEXT('2D SPACE',''
  ) );
#5217 = ORIENTED_EDGE('',*,*,#5218,.T.);
#5218 = EDGE_CURVE('',#5191,#5219,#5221,.T.);
#5219 = VERTEX_POINT('',#5220);
#5220 = CARTESIAN_POINT('',(-70.,236.5,726.5));
#5221 = SURFACE_CURVE('',#5222,(#5226,#5232),.PCURVE_S1.);
#5222 = LINE('',#5223,#5224);
#5223 = CARTESIAN_POINT('',(-70.,236.5,755.75));
#5224 = VECTOR('',#5225,1.);
#5225 = DIRECTION('',(-0.,0.,-1.));
#5226 = PCURVE('',#4476,#5227);
#5227 = DEFINITIONAL_REPRESENTATION('',(#5228),#5231);
#5228 = B_SPLINE_CURVE_WITH_KNOTS('',1,(#5229,#5230),.UNSPECIFIED.,.F.,
  .F.,(2,2),(14.25,29.25),.PIECEWISE_BEZIER_KNOTS.);
#5229 = CARTESIAN_POINT('',(-43.5,136.5));
#5230 = CARTESIAN_POINT('',(-58.5,136.5));
#5231 = ( GEOMETRIC_REPRESENTATION_CONTEXT(2) 
PARAMETRIC_REPRESENTATION_CONTEXT() REPRESENTATION_CONTEXT('2D SPACE',''
  ) );
#5232 = PCURVE('',#5233,#5238);
#5233 = PLANE('',#5234);
#5234 = AXIS2_PLACEMENT_3D('',#5235,#5236,#5237);
#5235 = CARTESIAN_POINT('',(-70.,234.,726.5));
#5236 = DIRECTION('',(1.,0.,-0.));
#5237 = DIRECTION('',(0.,0.,1.));
#5238 = DEFINITIONAL_REPRESENTATION('',(#5239),#5242);
#5239 = B_SPLINE_CURVE_WITH_KNOTS('',1,(#5240,#5241),.UNSPECIFIED.,.F.,
  .F.,(2,2),(14.25,29.25),.PIECEWISE_BEZIER_KNOTS.);
#5240 = CARTESIAN_POINT('',(15.,-2.5));
#5241 = CARTESIAN_POINT('',(0.,-2.5));
#5242 = ( GEOMETRIC_REPRESENTATION_CONTEXT(2) 
PARAMETRIC_REPRESENTATION_CONTEXT() REPRESENTATION_CONTEXT('2D SPACE',''
  ) );
#5243 = ORIENTED_EDGE('',*,*,#5244,.T.);
#5244 = EDGE_CURVE('',#5219,#5245,#5247,.T.);
#5245 = VERTEX_POINT('',#5246);
#5246 = CARTESIAN_POINT('',(-10.,236.5,726.5));
#5247 = SURFACE_CURVE('',#5248,(#5252,#5258),.PCURVE_S1.);
#5248 = LINE('',#5249,#5250);
#5249 = CARTESIAN_POINT('',(-138.25,236.5,726.5));
#5250 = VECTOR('',#5251,1.);
#5251 = DIRECTION('',(1.,0.,-0.));
#5252 = PCURVE('',#4476,#5253);
#5253 = DEFINITIONAL_REPRESENTATION('',(#5254),#5257);
#5254 = B_SPLINE_CURVE_WITH_KNOTS('',1,(#5255,#5256),.UNSPECIFIED.,.F.,
  .F.,(2,2),(68.25,128.25),.PIECEWISE_BEZIER_KNOTS.);
#5255 = CARTESIAN_POINT('',(-58.5,136.5));
#5256 = CARTESIAN_POINT('',(-58.5,196.5));
#5257 = ( GEOMETRIC_REPRESENTATION_CONTEXT(2) 
PARAMETRIC_REPRESENTATION_CONTEXT() REPRESENTATION_CONTEXT('2D SPACE',''
  ) );
#5258 = PCURVE('',#5259,#5264);
#5259 = PLANE('',#5260);
#5260 = AXIS2_PLACEMENT_3D('',#5261,#5262,#5263);
#5261 = CARTESIAN_POINT('',(-70.,234.,726.5));
#5262 = DIRECTION('',(0.,0.,1.));
#5263 = DIRECTION('',(1.,0.,-0.));
#5264 = DEFINITIONAL_REPRESENTATION('',(#5265),#5268);
#5265 = B_SPLINE_CURVE_WITH_KNOTS('',1,(#5266,#5267),.UNSPECIFIED.,.F.,
  .F.,(2,2),(68.25,128.25),.PIECEWISE_BEZIER_KNOTS.);
#5266 = CARTESIAN_POINT('',(0.,2.5));
#5267 = CARTESIAN_POINT('',(60.,2.5));
#5268 = ( GEOMETRIC_REPRESENTATION_CONTEXT(2) 
PARAMETRIC_REPRESENTATION_CONTEXT() REPRESENTATION_CONTEXT('2D SPACE',''
  ) );
#5269 = ORIENTED_EDGE('',*,*,#5270,.F.);
#5270 = EDGE_CURVE('',#5193,#5245,#5271,.T.);
#5271 = SURFACE_CURVE('',#5272,(#5276,#5282),.PCURVE_S1.);
#5272 = LINE('',#5273,#5274);
#5273 = CARTESIAN_POINT('',(-10.,236.5,755.75));
#5274 = VECTOR('',#5275,1.);
#5275 = DIRECTION('',(-0.,0.,-1.));
#5276 = PCURVE('',#4476,#5277);
#5277 = DEFINITIONAL_REPRESENTATION('',(#5278),#5281);
#5278 = B_SPLINE_CURVE_WITH_KNOTS('',1,(#5279,#5280),.UNSPECIFIED.,.F.,
  .F.,(2,2),(14.25,29.25),.PIECEWISE_BEZIER_KNOTS.);
#5279 = CARTESIAN_POINT('',(-43.5,196.5));
#5280 = CARTESIAN_POINT('',(-58.5,196.5));
#5281 = ( GEOMETRIC_REPRESENTATION_CONTEXT(2) 
PARAMETRIC_REPRESENTATION_CONTEXT() REPRESENTATION_CONTEXT('2D SPACE',''
  ) );
#5282 = PCURVE('',#5283,#5288);
#5283 = PLANE('',#5284);
#5284 = AXIS2_PLACEMENT_3D('',#5285,#5286,#5287);
#5285 = CARTESIAN_POINT('',(-10.,234.,726.5));
#5286 = DIRECTION('',(1.,0.,-0.));
#5287 = DIRECTION('',(0.,0.,1.));
#5288 = DEFINITIONAL_REPRESENTATION('',(#5289),#5292);
#5289 = B_SPLINE_CURVE_WITH_KNOTS('',1,(#5290,#5291),.UNSPECIFIED.,.F.,
  .F.,(2,2),(14.25,29.25),.PIECEWISE_BEZIER_KNOTS.);
#5290 = CARTESIAN_POINT('',(15.,-2.5));
#5291 = CARTESIAN_POINT('',(0.,-2.5));
#5292 = ( GEOMETRIC_REPRESENTATION_CONTEXT(2) 
PARAMETRIC_REPRESENTATION_CONTEXT() REPRESENTATION_CONTEXT('2D SPACE',''
  ) );
#5293 = FACE_BOUND('',#5294,.T.);
#5294 = EDGE_LOOP('',(#5295,#5323,#5349,#5375));
#5295 = ORIENTED_EDGE('',*,*,#5296,.F.);
#5296 = EDGE_CURVE('',#5297,#5299,#5301,.T.);
#5297 = VERTEX_POINT('',#5298);
#5298 = CARTESIAN_POINT('',(10.,236.5,741.5));
#5299 = VERTEX_POINT('',#5300);
#5300 = CARTESIAN_POINT('',(70.,236.5,741.5));
#5301 = SURFACE_CURVE('',#5302,(#5306,#5312),.PCURVE_S1.);
#5302 = LINE('',#5303,#5304);
#5303 = CARTESIAN_POINT('',(-98.25,236.5,741.5));
#5304 = VECTOR('',#5305,1.);
#5305 = DIRECTION('',(1.,0.,-0.));
#5306 = PCURVE('',#4476,#5307);
#5307 = DEFINITIONAL_REPRESENTATION('',(#5308),#5311);
#5308 = B_SPLINE_CURVE_WITH_KNOTS('',1,(#5309,#5310),.UNSPECIFIED.,.F.,
  .F.,(2,2),(108.25,168.25),.PIECEWISE_BEZIER_KNOTS.);
#5309 = CARTESIAN_POINT('',(-43.5,216.5));
#5310 = CARTESIAN_POINT('',(-43.5,276.5));
#5311 = ( GEOMETRIC_REPRESENTATION_CONTEXT(2) 
PARAMETRIC_REPRESENTATION_CONTEXT() REPRESENTATION_CONTEXT('2D SPACE',''
  ) );
#5312 = PCURVE('',#5313,#5318);
#5313 = PLANE('',#5314);
#5314 = AXIS2_PLACEMENT_3D('',#5315,#5316,#5317);
#5315 = CARTESIAN_POINT('',(10.,234.,741.5));
#5316 = DIRECTION('',(0.,0.,1.));
#5317 = DIRECTION('',(1.,0.,-0.));
#5318 = DEFINITIONAL_REPRESENTATION('',(#5319),#5322);
#5319 = B_SPLINE_CURVE_WITH_KNOTS('',1,(#5320,#5321),.UNSPECIFIED.,.F.,
  .F.,(2,2),(108.25,168.25),.PIECEWISE_BEZIER_KNOTS.);
#5320 = CARTESIAN_POINT('',(0.,2.5));
#5321 = CARTESIAN_POINT('',(60.,2.5));
#5322 = ( GEOMETRIC_REPRESENTATION_CONTEXT(2) 
PARAMETRIC_REPRESENTATION_CONTEXT() REPRESENTATION_CONTEXT('2D SPACE',''
  ) );
#5323 = ORIENTED_EDGE('',*,*,#5324,.T.);
#5324 = EDGE_CURVE('',#5297,#5325,#5327,.T.);
#5325 = VERTEX_POINT('',#5326);
#5326 = CARTESIAN_POINT('',(10.,236.5,726.5));
#5327 = SURFACE_CURVE('',#5328,(#5332,#5338),.PCURVE_S1.);
#5328 = LINE('',#5329,#5330);
#5329 = CARTESIAN_POINT('',(10.,236.5,755.75));
#5330 = VECTOR('',#5331,1.);
#5331 = DIRECTION('',(-0.,0.,-1.));
#5332 = PCURVE('',#4476,#5333);
#5333 = DEFINITIONAL_REPRESENTATION('',(#5334),#5337);
#5334 = B_SPLINE_CURVE_WITH_KNOTS('',1,(#5335,#5336),.UNSPECIFIED.,.F.,
  .F.,(2,2),(14.25,29.25),.PIECEWISE_BEZIER_KNOTS.);
#5335 = CARTESIAN_POINT('',(-43.5,216.5));
#5336 = CARTESIAN_POINT('',(-58.5,216.5));
#5337 = ( GEOMETRIC_REPRESENTATION_CONTEXT(2) 
PARAMETRIC_REPRESENTATION_CONTEXT() REPRESENTATION_CONTEXT('2D SPACE',''
  ) );
#5338 = PCURVE('',#5339,#5344);
#5339 = PLANE('',#5340);
#5340 = AXIS2_PLACEMENT_3D('',#5341,#5342,#5343);
#5341 = CARTESIAN_POINT('',(10.,234.,726.5));
#5342 = DIRECTION('',(1.,0.,-0.));
#5343 = DIRECTION('',(0.,0.,1.));
#5344 = DEFINITIONAL_REPRESENTATION('',(#5345),#5348);
#5345 = B_SPLINE_CURVE_WITH_KNOTS('',1,(#5346,#5347),.UNSPECIFIED.,.F.,
  .F.,(2,2),(14.25,29.25),.PIECEWISE_BEZIER_KNOTS.);
#5346 = CARTESIAN_POINT('',(15.,-2.5));
#5347 = CARTESIAN_POINT('',(0.,-2.5));
#5348 = ( GEOMETRIC_REPRESENTATION_CONTEXT(2) 
PARAMETRIC_REPRESENTATION_CONTEXT() REPRESENTATION_CONTEXT('2D SPACE',''
  ) );
#5349 = ORIENTED_EDGE('',*,*,#5350,.T.);
#5350 = EDGE_CURVE('',#5325,#5351,#5353,.T.);
#5351 = VERTEX_POINT('',#5352);
#5352 = CARTESIAN_POINT('',(70.,236.5,726.5));
#5353 = SURFACE_CURVE('',#5354,(#5358,#5364),.PCURVE_S1.);
#5354 = LINE('',#5355,#5356);
#5355 = CARTESIAN_POINT('',(-98.25,236.5,726.5));
#5356 = VECTOR('',#5357,1.);
#5357 = DIRECTION('',(1.,0.,-0.));
#5358 = PCURVE('',#4476,#5359);
#5359 = DEFINITIONAL_REPRESENTATION('',(#5360),#5363);
#5360 = B_SPLINE_CURVE_WITH_KNOTS('',1,(#5361,#5362),.UNSPECIFIED.,.F.,
  .F.,(2,2),(108.25,168.25),.PIECEWISE_BEZIER_KNOTS.);
#5361 = CARTESIAN_POINT('',(-58.5,216.5));
#5362 = CARTESIAN_POINT('',(-58.5,276.5));
#5363 = ( GEOMETRIC_REPRESENTATION_CONTEXT(2) 
PARAMETRIC_REPRESENTATION_CONTEXT() REPRESENTATION_CONTEXT('2D SPACE',''
  ) );
#5364 = PCURVE('',#5365,#5370);
#5365 = PLANE('',#5366);
#5366 = AXIS2_PLACEMENT_3D('',#5367,#5368,#5369);
#5367 = CARTESIAN_POINT('',(10.,234.,726.5));
#5368 = DIRECTION('',(0.,0.,1.));
#5369 = DIRECTION('',(1.,0.,-0.));
#5370 = DEFINITIONAL_REPRESENTATION('',(#5371),#5374);
#5371 = B_SPLINE_CURVE_WITH_KNOTS('',1,(#5372,#5373),.UNSPECIFIED.,.F.,
  .F.,(2,2),(108.25,168.25),.PIECEWISE_BEZIER_KNOTS.);
#5372 = CARTESIAN_POINT('',(0.,2.5));
#5373 = CARTESIAN_POINT('',(60.,2.5));
#5374 = ( GEOMETRIC_REPRESENTATION_CONTEXT(2) 
PARAMETRIC_REPRESENTATION_CONTEXT() REPRESENTATION_CONTEXT('2D SPACE',''
  ) );
#5375 = ORIENTED_EDGE('',*,*,#5376,.F.);
#5376 = EDGE_CURVE('',#5299,#5351,#5377,.T.);
#5377 = SURFACE_CURVE('',#5378,(#5382,#5388),.PCURVE_S1.);
#5378 = LINE('',#5379,#5380);
#5379 = CARTESIAN_POINT('',(70.,236.5,755.75));
#5380 = VECTOR('',#5381,1.);
#5381 = DIRECTION('',(-0.,0.,-1.));
#5382 = PCURVE('',#4476,#5383);
#5383 = DEFINITIONAL_REPRESENTATION('',(#5384),#5387);
#5384 = B_SPLINE_CURVE_WITH_KNOTS('',1,(#5385,#5386),.UNSPECIFIED.,.F.,
  .F.,(2,2),(14.25,29.25),.PIECEWISE_BEZIER_KNOTS.);
#5385 = CARTESIAN_POINT('',(-43.5,276.5));
#5386 = CARTESIAN_POINT('',(-58.5,276.5));
#5387 = ( GEOMETRIC_REPRESENTATION_CONTEXT(2) 
PARAMETRIC_REPRESENTATION_CONTEXT() REPRESENTATION_CONTEXT('2D SPACE',''
  ) );
#5388 = PCURVE('',#5389,#5394);
#5389 = PLANE('',#5390);
#5390 = AXIS2_PLACEMENT_3D('',#5391,#5392,#5393);
#5391 = CARTESIAN_POINT('',(70.,234.,726.5));
#5392 = DIRECTION('',(1.,0.,-0.));
#5393 = DIRECTION('',(0.,0.,1.));
#5394 = DEFINITIONAL_REPRESENTATION('',(#5395),#5398);
#5395 = B_SPLINE_CURVE_WITH_KNOTS('',1,(#5396,#5397),.UNSPECIFIED.,.F.,
  .F.,(2,2),(14.25,29.25),.PIECEWISE_BEZIER_KNOTS.);
#5396 = CARTESIAN_POINT('',(15.,-2.5));
#5397 = CARTESIAN_POINT('',(0.,-2.5));
#5398 = ( GEOMETRIC_REPRESENTATION_CONTEXT(2) 
PARAMETRIC_REPRESENTATION_CONTEXT() REPRESENTATION_CONTEXT('2D SPACE',''
  ) );
#5399 = FACE_BOUND('',#5400,.T.);
#5400 = EDGE_LOOP('',(#5401,#5429,#5455,#5481));
#5401 = ORIENTED_EDGE('',*,*,#5402,.F.);
#5402 = EDGE_CURVE('',#5403,#5405,#5407,.T.);
#5403 = VERTEX_POINT('',#5404);
#5404 = CARTESIAN_POINT('',(90.,236.5,741.5));
#5405 = VERTEX_POINT('',#5406);
#5406 = CARTESIAN_POINT('',(150.,236.5,741.5));
#5407 = SURFACE_CURVE('',#5408,(#5412,#5418),.PCURVE_S1.);
#5408 = LINE('',#5409,#5410);
#5409 = CARTESIAN_POINT('',(-58.25,236.5,741.5));
#5410 = VECTOR('',#5411,1.);
#5411 = DIRECTION('',(1.,0.,-0.));
#5412 = PCURVE('',#4476,#5413);
#5413 = DEFINITIONAL_REPRESENTATION('',(#5414),#5417);
#5414 = B_SPLINE_CURVE_WITH_KNOTS('',1,(#5415,#5416),.UNSPECIFIED.,.F.,
  .F.,(2,2),(148.25,208.25),.PIECEWISE_BEZIER_KNOTS.);
#5415 = CARTESIAN_POINT('',(-43.5,296.5));
#5416 = CARTESIAN_POINT('',(-43.5,356.5));
#5417 = ( GEOMETRIC_REPRESENTATION_CONTEXT(2) 
PARAMETRIC_REPRESENTATION_CONTEXT() REPRESENTATION_CONTEXT('2D SPACE',''
  ) );
#5418 = PCURVE('',#5419,#5424);
#5419 = PLANE('',#5420);
#5420 = AXIS2_PLACEMENT_3D('',#5421,#5422,#5423);
#5421 = CARTESIAN_POINT('',(90.,234.,741.5));
#5422 = DIRECTION('',(0.,0.,1.));
#5423 = DIRECTION('',(1.,0.,-0.));
#5424 = DEFINITIONAL_REPRESENTATION('',(#5425),#5428);
#5425 = B_SPLINE_CURVE_WITH_KNOTS('',1,(#5426,#5427),.UNSPECIFIED.,.F.,
  .F.,(2,2),(148.25,208.25),.PIECEWISE_BEZIER_KNOTS.);
#5426 = CARTESIAN_POINT('',(0.,2.5));
#5427 = CARTESIAN_POINT('',(60.,2.5));
#5428 = ( GEOMETRIC_REPRESENTATION_CONTEXT(2) 
PARAMETRIC_REPRESENTATION_CONTEXT() REPRESENTATION_CONTEXT('2D SPACE',''
  ) );
#5429 = ORIENTED_EDGE('',*,*,#5430,.T.);
#5430 = EDGE_CURVE('',#5403,#5431,#5433,.T.);
#5431 = VERTEX_POINT('',#5432);
#5432 = CARTESIAN_POINT('',(90.,236.5,726.5));
#5433 = SURFACE_CURVE('',#5434,(#5438,#5444),.PCURVE_S1.);
#5434 = LINE('',#5435,#5436);
#5435 = CARTESIAN_POINT('',(90.,236.5,755.75));
#5436 = VECTOR('',#5437,1.);
#5437 = DIRECTION('',(-0.,0.,-1.));
#5438 = PCURVE('',#4476,#5439);
#5439 = DEFINITIONAL_REPRESENTATION('',(#5440),#5443);
#5440 = B_SPLINE_CURVE_WITH_KNOTS('',1,(#5441,#5442),.UNSPECIFIED.,.F.,
  .F.,(2,2),(14.25,29.25),.PIECEWISE_BEZIER_KNOTS.);
#5441 = CARTESIAN_POINT('',(-43.5,296.5));
#5442 = CARTESIAN_POINT('',(-58.5,296.5));
#5443 = ( GEOMETRIC_REPRESENTATION_CONTEXT(2) 
PARAMETRIC_REPRESENTATION_CONTEXT() REPRESENTATION_CONTEXT('2D SPACE',''
  ) );
#5444 = PCURVE('',#5445,#5450);
#5445 = PLANE('',#5446);
#5446 = AXIS2_PLACEMENT_3D('',#5447,#5448,#5449);
#5447 = CARTESIAN_POINT('',(90.,234.,726.5));
#5448 = DIRECTION('',(1.,0.,-0.));
#5449 = DIRECTION('',(0.,0.,1.));
#5450 = DEFINITIONAL_REPRESENTATION('',(#5451),#5454);
#5451 = B_SPLINE_CURVE_WITH_KNOTS('',1,(#5452,#5453),.UNSPECIFIED.,.F.,
  .F.,(2,2),(14.25,29.25),.PIECEWISE_BEZIER_KNOTS.);
#5452 = CARTESIAN_POINT('',(15.,-2.5));
#5453 = CARTESIAN_POINT('',(0.,-2.5));
#5454 = ( GEOMETRIC_REPRESENTATION_CONTEXT(2) 
PARAMETRIC_REPRESENTATION_CONTEXT() REPRESENTATION_CONTEXT('2D SPACE',''
  ) );
#5455 = ORIENTED_EDGE('',*,*,#5456,.T.);
#5456 = EDGE_CURVE('',#5431,#5457,#5459,.T.);
#5457 = VERTEX_POINT('',#5458);
#5458 = CARTESIAN_POINT('',(150.,236.5,726.5));
#5459 = SURFACE_CURVE('',#5460,(#5464,#5470),.PCURVE_S1.);
#5460 = LINE('',#5461,#5462);
#5461 = CARTESIAN_POINT('',(-58.25,236.5,726.5));
#5462 = VECTOR('',#5463,1.);
#5463 = DIRECTION('',(1.,0.,-0.));
#5464 = PCURVE('',#4476,#5465);
#5465 = DEFINITIONAL_REPRESENTATION('',(#5466),#5469);
#5466 = B_SPLINE_CURVE_WITH_KNOTS('',1,(#5467,#5468),.UNSPECIFIED.,.F.,
  .F.,(2,2),(148.25,208.25),.PIECEWISE_BEZIER_KNOTS.);
#5467 = CARTESIAN_POINT('',(-58.5,296.5));
#5468 = CARTESIAN_POINT('',(-58.5,356.5));
#5469 = ( GEOMETRIC_REPRESENTATION_CONTEXT(2) 
PARAMETRIC_REPRESENTATION_CONTEXT() REPRESENTATION_CONTEXT('2D SPACE',''
  ) );
#5470 = PCURVE('',#5471,#5476);
#5471 = PLANE('',#5472);
#5472 = AXIS2_PLACEMENT_3D('',#5473,#5474,#5475);
#5473 = CARTESIAN_POINT('',(90.,234.,726.5));
#5474 = DIRECTION('',(0.,0.,1.));
#5475 = DIRECTION('',(1.,0.,-0.));
#5476 = DEFINITIONAL_REPRESENTATION('',(#5477),#5480);
#5477 = B_SPLINE_CURVE_WITH_KNOTS('',1,(#5478,#5479),.UNSPECIFIED.,.F.,
  .F.,(2,2),(148.25,208.25),.PIECEWISE_BEZIER_KNOTS.);
#5478 = CARTESIAN_POINT('',(0.,2.5));
#5479 = CARTESIAN_POINT('',(60.,2.5));
#5480 = ( GEOMETRIC_REPRESENTATION_CONTEXT(2) 
PARAMETRIC_REPRESENTATION_CONTEXT() REPRESENTATION_CONTEXT('2D SPACE',''
  ) );
#5481 = ORIENTED_EDGE('',*,*,#5482,.F.);
#5482 = EDGE_CURVE('',#5405,#5457,#5483,.T.);
#5483 = SURFACE_CURVE('',#5484,(#5488,#5494),.PCURVE_S1.);
#5484 = LINE('',#5485,#5486);
#5485 = CARTESIAN_POINT('',(150.,236.5,755.75));
#5486 = VECTOR('',#5487,1.);
#5487 = DIRECTION('',(-0.,0.,-1.));
#5488 = PCURVE('',#4476,#5489);
#5489 = DEFINITIONAL_REPRESENTATION('',(#5490),#5493);
#5490 = B_SPLINE_CURVE_WITH_KNOTS('',1,(#5491,#5492),.UNSPECIFIED.,.F.,
  .F.,(2,2),(14.25,29.25),.PIECEWISE_BEZIER_KNOTS.);
#5491 = CARTESIAN_POINT('',(-43.5,356.5));
#5492 = CARTESIAN_POINT('',(-58.5,356.5));
#5493 = ( GEOMETRIC_REPRESENTATION_CONTEXT(2) 
PARAMETRIC_REPRESENTATION_CONTEXT() REPRESENTATION_CONTEXT('2D SPACE',''
  ) );
#5494 = PCURVE('',#5495,#5500);
#5495 = PLANE('',#5496);
#5496 = AXIS2_PLACEMENT_3D('',#5497,#5498,#5499);
#5497 = CARTESIAN_POINT('',(150.,234.,726.5));
#5498 = DIRECTION('',(1.,0.,-0.));
#5499 = DIRECTION('',(0.,0.,1.));
#5500 = DEFINITIONAL_REPRESENTATION('',(#5501),#5504);
#5501 = B_SPLINE_CURVE_WITH_KNOTS('',1,(#5502,#5503),.UNSPECIFIED.,.F.,
  .F.,(2,2),(14.25,29.25),.PIECEWISE_BEZIER_KNOTS.);
#5502 = CARTESIAN_POINT('',(15.,-2.5));
#5503 = CARTESIAN_POINT('',(0.,-2.5));
#5504 = ( GEOMETRIC_REPRESENTATION_CONTEXT(2) 
PARAMETRIC_REPRESENTATION_CONTEXT() REPRESENTATION_CONTEXT('2D SPACE',''
  ) );
#5505 = ADVANCED_FACE('',(#5506),#4502,.T.);
#5506 = FACE_BOUND('',#5507,.T.);
#5507 = EDGE_LOOP('',(#5508,#5509,#5510,#5531));
#5508 = ORIENTED_EDGE('',*,*,#4488,.F.);
#5509 = ORIENTED_EDGE('',*,*,#4517,.F.);
#5510 = ORIENTED_EDGE('',*,*,#5511,.T.);
#5511 = EDGE_CURVE('',#4518,#5037,#5512,.T.);
#5512 = SURFACE_CURVE('',#5513,(#5517,#5524),.PCURVE_S1.);
#5513 = LINE('',#5514,#5515);
#5514 = CARTESIAN_POINT('',(206.5,50.,786.5));
#5515 = VECTOR('',#5516,1.);
#5516 = DIRECTION('',(0.,1.,0.));
#5517 = PCURVE('',#4502,#5518);
#5518 = DEFINITIONAL_REPRESENTATION('',(#5519),#5523);
#5519 = LINE('',#5520,#5521);
#5520 = CARTESIAN_POINT('',(413.,0.));
#5521 = VECTOR('',#5522,1.);
#5522 = DIRECTION('',(0.,1.));
#5523 = ( GEOMETRIC_REPRESENTATION_CONTEXT(2) 
PARAMETRIC_REPRESENTATION_CONTEXT() REPRESENTATION_CONTEXT('2D SPACE',''
  ) );
#5524 = PCURVE('',#4556,#5525);
#5525 = DEFINITIONAL_REPRESENTATION('',(#5526),#5530);
#5526 = LINE('',#5527,#5528);
#5527 = CARTESIAN_POINT('',(1.5,0.));
#5528 = VECTOR('',#5529,1.);
#5529 = DIRECTION('',(0.,-1.));
#5530 = ( GEOMETRIC_REPRESENTATION_CONTEXT(2) 
PARAMETRIC_REPRESENTATION_CONTEXT() REPRESENTATION_CONTEXT('2D SPACE',''
  ) );
#5531 = ORIENTED_EDGE('',*,*,#5036,.F.);
#5532 = ADVANCED_FACE('',(#5533),#4556,.T.);
#5533 = FACE_BOUND('',#5534,.T.);
#5534 = EDGE_LOOP('',(#5535,#5536,#5537,#5538));
#5535 = ORIENTED_EDGE('',*,*,#4540,.F.);
#5536 = ORIENTED_EDGE('',*,*,#4988,.F.);
#5537 = ORIENTED_EDGE('',*,*,#5059,.F.);
#5538 = ORIENTED_EDGE('',*,*,#5511,.F.);
#5539 = ADVANCED_FACE('',(#5540),#4607,.F.);
#5540 = FACE_BOUND('',#5541,.F.);
#5541 = EDGE_LOOP('',(#5542,#5543,#5544,#5565));
#5542 = ORIENTED_EDGE('',*,*,#4591,.F.);
#5543 = ORIENTED_EDGE('',*,*,#4966,.T.);
#5544 = ORIENTED_EDGE('',*,*,#5545,.T.);
#5545 = EDGE_CURVE('',#4939,#5546,#5548,.T.);
#5546 = VERTEX_POINT('',#5547);
#5547 = CARTESIAN_POINT('',(205.,235.,785.));
#5548 = SURFACE_CURVE('',#5549,(#5553,#5559),.PCURVE_S1.);
#5549 = LINE('',#5550,#5551);
#5550 = CARTESIAN_POINT('',(205.,235.,300.));
#5551 = VECTOR('',#5552,1.);
#5552 = DIRECTION('',(0.,0.,1.));
#5553 = PCURVE('',#4607,#5554);
#5554 = DEFINITIONAL_REPRESENTATION('',(#5555),#5558);
#5555 = B_SPLINE_CURVE_WITH_KNOTS('',1,(#5556,#5557),.UNSPECIFIED.,.F.,
  .F.,(2,2),(0.,485.),.PIECEWISE_BEZIER_KNOTS.);
#5556 = CARTESIAN_POINT('',(0.,-185.));
#5557 = CARTESIAN_POINT('',(485.,-185.));
#5558 = ( GEOMETRIC_REPRESENTATION_CONTEXT(2) 
PARAMETRIC_REPRESENTATION_CONTEXT() REPRESENTATION_CONTEXT('2D SPACE',''
  ) );
#5559 = PCURVE('',#4954,#5560);
#5560 = DEFINITIONAL_REPRESENTATION('',(#5561),#5564);
#5561 = B_SPLINE_CURVE_WITH_KNOTS('',1,(#5562,#5563),.UNSPECIFIED.,.F.,
  .F.,(2,2),(0.,485.),.PIECEWISE_BEZIER_KNOTS.);
#5562 = CARTESIAN_POINT('',(0.,411.5));
#5563 = CARTESIAN_POINT('',(485.,411.5));
#5564 = ( GEOMETRIC_REPRESENTATION_CONTEXT(2) 
PARAMETRIC_REPRESENTATION_CONTEXT() REPRESENTATION_CONTEXT('2D SPACE',''
  ) );
#5565 = ORIENTED_EDGE('',*,*,#5566,.F.);
#5566 = EDGE_CURVE('',#4592,#5546,#5567,.T.);
#5567 = SURFACE_CURVE('',#5568,(#5572,#5578),.PCURVE_S1.);
#5568 = LINE('',#5569,#5570);
#5569 = CARTESIAN_POINT('',(205.,50.,785.));
#5570 = VECTOR('',#5571,1.);
#5571 = DIRECTION('',(-0.,1.,0.));
#5572 = PCURVE('',#4607,#5573);
#5573 = DEFINITIONAL_REPRESENTATION('',(#5574),#5577);
#5574 = B_SPLINE_CURVE_WITH_KNOTS('',1,(#5575,#5576),.UNSPECIFIED.,.F.,
  .F.,(2,2),(0.,186.5),.PIECEWISE_BEZIER_KNOTS.);
#5575 = CARTESIAN_POINT('',(485.,0.));
#5576 = CARTESIAN_POINT('',(485.,-186.5));
#5577 = ( GEOMETRIC_REPRESENTATION_CONTEXT(2) 
PARAMETRIC_REPRESENTATION_CONTEXT() REPRESENTATION_CONTEXT('2D SPACE',''
  ) );
#5578 = PCURVE('',#4635,#5579);
#5579 = DEFINITIONAL_REPRESENTATION('',(#5580),#5583);
#5580 = B_SPLINE_CURVE_WITH_KNOTS('',1,(#5581,#5582),.UNSPECIFIED.,.F.,
  .F.,(2,2),(0.,186.5),.PIECEWISE_BEZIER_KNOTS.);
#5581 = CARTESIAN_POINT('',(411.5,0.));
#5582 = CARTESIAN_POINT('',(411.5,186.5));
#5583 = ( GEOMETRIC_REPRESENTATION_CONTEXT(2) 
PARAMETRIC_REPRESENTATION_CONTEXT() REPRESENTATION_CONTEXT('2D SPACE',''
  ) );
#5584 = ADVANCED_FACE('',(#5585),#4635,.F.);
#5585 = FACE_BOUND('',#5586,.F.);
#5586 = EDGE_LOOP('',(#5587,#5588,#5589,#5610,#5629,#5630,#5653,#5681,
    #5702,#5703,#5726,#5754));
#5587 = ORIENTED_EDGE('',*,*,#4619,.T.);
#5588 = ORIENTED_EDGE('',*,*,#5566,.T.);
#5589 = ORIENTED_EDGE('',*,*,#5590,.T.);
#5590 = EDGE_CURVE('',#5546,#5591,#5593,.T.);
#5591 = VERTEX_POINT('',#5592);
#5592 = CARTESIAN_POINT('',(-205.,235.,785.));
#5593 = SURFACE_CURVE('',#5594,(#5598,#5604),.PCURVE_S1.);
#5594 = LINE('',#5595,#5596);
#5595 = CARTESIAN_POINT('',(-206.5,235.,785.));
#5596 = VECTOR('',#5597,1.);
#5597 = DIRECTION('',(-1.,-0.,0.));
#5598 = PCURVE('',#4635,#5599);
#5599 = DEFINITIONAL_REPRESENTATION('',(#5600),#5603);
#5600 = B_SPLINE_CURVE_WITH_KNOTS('',1,(#5601,#5602),.UNSPECIFIED.,.F.,
  .F.,(2,2),(-411.5,-1.5),.PIECEWISE_BEZIER_KNOTS.);
#5601 = CARTESIAN_POINT('',(411.5,185.));
#5602 = CARTESIAN_POINT('',(1.5,185.));
#5603 = ( GEOMETRIC_REPRESENTATION_CONTEXT(2) 
PARAMETRIC_REPRESENTATION_CONTEXT() REPRESENTATION_CONTEXT('2D SPACE',''
  ) );
#5604 = PCURVE('',#4954,#5605);
#5605 = DEFINITIONAL_REPRESENTATION('',(#5606),#5609);
#5606 = B_SPLINE_CURVE_WITH_KNOTS('',1,(#5607,#5608),.UNSPECIFIED.,.F.,
  .F.,(2,2),(-411.5,-1.5),.PIECEWISE_BEZIER_KNOTS.);
#5607 = CARTESIAN_POINT('',(485.,411.5));
#5608 = CARTESIAN_POINT('',(485.,1.5));
#5609 = ( GEOMETRIC_REPRESENTATION_CONTEXT(2) 
PARAMETRIC_REPRESENTATION_CONTEXT() REPRESENTATION_CONTEXT('2D SPACE',''
  ) );
#5610 = ORIENTED_EDGE('',*,*,#5611,.F.);
#5611 = EDGE_CURVE('',#4839,#5591,#5612,.T.);
#5612 = SURFACE_CURVE('',#5613,(#5617,#5623),.PCURVE_S1.);
#5613 = LINE('',#5614,#5615);
#5614 = CARTESIAN_POINT('',(-205.,50.,785.));
#5615 = VECTOR('',#5616,1.);
#5616 = DIRECTION('',(-0.,1.,0.));
#5617 = PCURVE('',#4635,#5618);
#5618 = DEFINITIONAL_REPRESENTATION('',(#5619),#5622);
#5619 = B_SPLINE_CURVE_WITH_KNOTS('',1,(#5620,#5621),.UNSPECIFIED.,.F.,
  .F.,(2,2),(0.,186.5),.PIECEWISE_BEZIER_KNOTS.);
#5620 = CARTESIAN_POINT('',(1.5,0.));
#5621 = CARTESIAN_POINT('',(1.5,186.5));
#5622 = ( GEOMETRIC_REPRESENTATION_CONTEXT(2) 
PARAMETRIC_REPRESENTATION_CONTEXT() REPRESENTATION_CONTEXT('2D SPACE',''
  ) );
#5623 = PCURVE('',#4877,#5624);
#5624 = DEFINITIONAL_REPRESENTATION('',(#5625),#5628);
#5625 = B_SPLINE_CURVE_WITH_KNOTS('',1,(#5626,#5627),.UNSPECIFIED.,.F.,
  .F.,(2,2),(0.,186.5),.PIECEWISE_BEZIER_KNOTS.);
#5626 = CARTESIAN_POINT('',(485.,0.));
#5627 = CARTESIAN_POINT('',(485.,-186.5));
#5628 = ( GEOMETRIC_REPRESENTATION_CONTEXT(2) 
PARAMETRIC_REPRESENTATION_CONTEXT() REPRESENTATION_CONTEXT('2D SPACE',''
  ) );
#5629 = ORIENTED_EDGE('',*,*,#4838,.T.);
#5630 = ORIENTED_EDGE('',*,*,#5631,.T.);
#5631 = EDGE_CURVE('',#4811,#5632,#5634,.T.);
#5632 = VERTEX_POINT('',#5633);
#5633 = CARTESIAN_POINT('',(-120.,60.,785.));
#5634 = SURFACE_CURVE('',#5635,(#5639,#5646),.PCURVE_S1.);
#5635 = LINE('',#5636,#5637);
#5636 = CARTESIAN_POINT('',(-120.,50.,785.));
#5637 = VECTOR('',#5638,1.);
#5638 = DIRECTION('',(-0.,1.,0.));
#5639 = PCURVE('',#4635,#5640);
#5640 = DEFINITIONAL_REPRESENTATION('',(#5641),#5645);
#5641 = LINE('',#5642,#5643);
#5642 = CARTESIAN_POINT('',(86.5,0.));
#5643 = VECTOR('',#5644,1.);
#5644 = DIRECTION('',(0.,1.));
#5645 = ( GEOMETRIC_REPRESENTATION_CONTEXT(2) 
PARAMETRIC_REPRESENTATION_CONTEXT() REPRESENTATION_CONTEXT('2D SPACE',''
  ) );
#5646 = PCURVE('',#4826,#5647);
#5647 = DEFINITIONAL_REPRESENTATION('',(#5648),#5652);
#5648 = LINE('',#5649,#5650);
#5649 = CARTESIAN_POINT('',(20.,0.));
#5650 = VECTOR('',#5651,1.);
#5651 = DIRECTION('',(0.,-1.));
#5652 = ( GEOMETRIC_REPRESENTATION_CONTEXT(2) 
PARAMETRIC_REPRESENTATION_CONTEXT() REPRESENTATION_CONTEXT('2D SPACE',''
  ) );
#5653 = ORIENTED_EDGE('',*,*,#5654,.T.);
#5654 = EDGE_CURVE('',#5632,#5655,#5657,.T.);
#5655 = VERTEX_POINT('',#5656);
#5656 = CARTESIAN_POINT('',(-100.,60.,785.));
#5657 = SURFACE_CURVE('',#5658,(#5662,#5669),.PCURVE_S1.);
#5658 = LINE('',#5659,#5660);
#5659 = CARTESIAN_POINT('',(-120.,60.,785.));
#5660 = VECTOR('',#5661,1.);
#5661 = DIRECTION('',(1.,0.,-0.));
#5662 = PCURVE('',#4635,#5663);
#5663 = DEFINITIONAL_REPRESENTATION('',(#5664),#5668);
#5664 = LINE('',#5665,#5666);
#5665 = CARTESIAN_POINT('',(86.5,10.));
#5666 = VECTOR('',#5667,1.);
#5667 = DIRECTION('',(1.,0.));
#5668 = ( GEOMETRIC_REPRESENTATION_CONTEXT(2) 
PARAMETRIC_REPRESENTATION_CONTEXT() REPRESENTATION_CONTEXT('2D SPACE',''
  ) );
#5669 = PCURVE('',#5670,#5675);
#5670 = PLANE('',#5671);
#5671 = AXIS2_PLACEMENT_3D('',#5672,#5673,#5674);
#5672 = CARTESIAN_POINT('',(-120.,60.,765.));
#5673 = DIRECTION('',(-0.,1.,0.));
#5674 = DIRECTION('',(0.,0.,1.));
#5675 = DEFINITIONAL_REPRESENTATION('',(#5676),#5680);
#5676 = LINE('',#5677,#5678);
#5677 = CARTESIAN_POINT('',(20.,0.));
#5678 = VECTOR('',#5679,1.);
#5679 = DIRECTION('',(0.,1.));
#5680 = ( GEOMETRIC_REPRESENTATION_CONTEXT(2) 
PARAMETRIC_REPRESENTATION_CONTEXT() REPRESENTATION_CONTEXT('2D SPACE',''
  ) );
#5681 = ORIENTED_EDGE('',*,*,#5682,.F.);
#5682 = EDGE_CURVE('',#4732,#5655,#5683,.T.);
#5683 = SURFACE_CURVE('',#5684,(#5688,#5695),.PCURVE_S1.);
#5684 = LINE('',#5685,#5686);
#5685 = CARTESIAN_POINT('',(-100.,50.,785.));
#5686 = VECTOR('',#5687,1.);
#5687 = DIRECTION('',(-0.,1.,0.));
#5688 = PCURVE('',#4635,#5689);
#5689 = DEFINITIONAL_REPRESENTATION('',(#5690),#5694);
#5690 = LINE('',#5691,#5692);
#5691 = CARTESIAN_POINT('',(106.5,0.));
#5692 = VECTOR('',#5693,1.);
#5693 = DIRECTION('',(0.,1.));
#5694 = ( GEOMETRIC_REPRESENTATION_CONTEXT(2) 
PARAMETRIC_REPRESENTATION_CONTEXT() REPRESENTATION_CONTEXT('2D SPACE',''
  ) );
#5695 = PCURVE('',#4770,#5696);
#5696 = DEFINITIONAL_REPRESENTATION('',(#5697),#5701);
#5697 = LINE('',#5698,#5699);
#5698 = CARTESIAN_POINT('',(20.,0.));
#5699 = VECTOR('',#5700,1.);
#5700 = DIRECTION('',(0.,-1.));
#5701 = ( GEOMETRIC_REPRESENTATION_CONTEXT(2) 
PARAMETRIC_REPRESENTATION_CONTEXT() REPRESENTATION_CONTEXT('2D SPACE',''
  ) );
#5702 = ORIENTED_EDGE('',*,*,#4731,.T.);
#5703 = ORIENTED_EDGE('',*,*,#5704,.T.);
#5704 = EDGE_CURVE('',#4704,#5705,#5707,.T.);
#5705 = VERTEX_POINT('',#5706);
#5706 = CARTESIAN_POINT('',(100.,60.,785.));
#5707 = SURFACE_CURVE('',#5708,(#5712,#5719),.PCURVE_S1.);
#5708 = LINE('',#5709,#5710);
#5709 = CARTESIAN_POINT('',(100.,50.,785.));
#5710 = VECTOR('',#5711,1.);
#5711 = DIRECTION('',(-0.,1.,0.));
#5712 = PCURVE('',#4635,#5713);
#5713 = DEFINITIONAL_REPRESENTATION('',(#5714),#5718);
#5714 = LINE('',#5715,#5716);
#5715 = CARTESIAN_POINT('',(306.5,0.));
#5716 = VECTOR('',#5717,1.);
#5717 = DIRECTION('',(0.,1.));
#5718 = ( GEOMETRIC_REPRESENTATION_CONTEXT(2) 
PARAMETRIC_REPRESENTATION_CONTEXT() REPRESENTATION_CONTEXT('2D SPACE',''
  ) );
#5719 = PCURVE('',#4719,#5720);
#5720 = DEFINITIONAL_REPRESENTATION('',(#5721),#5725);
#5721 = LINE('',#5722,#5723);
#5722 = CARTESIAN_POINT('',(20.,0.));
#5723 = VECTOR('',#5724,1.);
#5724 = DIRECTION('',(0.,-1.));
#5725 = ( GEOMETRIC_REPRESENTATION_CONTEXT(2) 
PARAMETRIC_REPRESENTATION_CONTEXT() REPRESENTATION_CONTEXT('2D SPACE',''
  ) );
#5726 = ORIENTED_EDGE('',*,*,#5727,.T.);
#5727 = EDGE_CURVE('',#5705,#5728,#5730,.T.);
#5728 = VERTEX_POINT('',#5729);
#5729 = CARTESIAN_POINT('',(120.,60.,785.));
#5730 = SURFACE_CURVE('',#5731,(#5735,#5742),.PCURVE_S1.);
#5731 = LINE('',#5732,#5733);
#5732 = CARTESIAN_POINT('',(100.,60.,785.));
#5733 = VECTOR('',#5734,1.);
#5734 = DIRECTION('',(1.,0.,-0.));
#5735 = PCURVE('',#4635,#5736);
#5736 = DEFINITIONAL_REPRESENTATION('',(#5737),#5741);
#5737 = LINE('',#5738,#5739);
#5738 = CARTESIAN_POINT('',(306.5,10.));
#5739 = VECTOR('',#5740,1.);
#5740 = DIRECTION('',(1.,0.));
#5741 = ( GEOMETRIC_REPRESENTATION_CONTEXT(2) 
PARAMETRIC_REPRESENTATION_CONTEXT() REPRESENTATION_CONTEXT('2D SPACE',''
  ) );
#5742 = PCURVE('',#5743,#5748);
#5743 = PLANE('',#5744);
#5744 = AXIS2_PLACEMENT_3D('',#5745,#5746,#5747);
#5745 = CARTESIAN_POINT('',(100.,60.,765.));
#5746 = DIRECTION('',(-0.,1.,0.));
#5747 = DIRECTION('',(0.,0.,1.));
#5748 = DEFINITIONAL_REPRESENTATION('',(#5749),#5753);
#5749 = LINE('',#5750,#5751);
#5750 = CARTESIAN_POINT('',(20.,0.));
#5751 = VECTOR('',#5752,1.);
#5752 = DIRECTION('',(0.,1.));
#5753 = ( GEOMETRIC_REPRESENTATION_CONTEXT(2) 
PARAMETRIC_REPRESENTATION_CONTEXT() REPRESENTATION_CONTEXT('2D SPACE',''
  ) );
#5754 = ORIENTED_EDGE('',*,*,#5755,.F.);
#5755 = EDGE_CURVE('',#4620,#5728,#5756,.T.);
#5756 = SURFACE_CURVE('',#5757,(#5761,#5768),.PCURVE_S1.);
#5757 = LINE('',#5758,#5759);
#5758 = CARTESIAN_POINT('',(120.,50.,785.));
#5759 = VECTOR('',#5760,1.);
#5760 = DIRECTION('',(-0.,1.,0.));
#5761 = PCURVE('',#4635,#5762);
#5762 = DEFINITIONAL_REPRESENTATION('',(#5763),#5767);
#5763 = LINE('',#5764,#5765);
#5764 = CARTESIAN_POINT('',(326.5,0.));
#5765 = VECTOR('',#5766,1.);
#5766 = DIRECTION('',(0.,1.));
#5767 = ( GEOMETRIC_REPRESENTATION_CONTEXT(2) 
PARAMETRIC_REPRESENTATION_CONTEXT() REPRESENTATION_CONTEXT('2D SPACE',''
  ) );
#5768 = PCURVE('',#4663,#5769);
#5769 = DEFINITIONAL_REPRESENTATION('',(#5770),#5774);
#5770 = LINE('',#5771,#5772);
#5771 = CARTESIAN_POINT('',(20.,0.));
#5772 = VECTOR('',#5773,1.);
#5773 = DIRECTION('',(0.,-1.));
#5774 = ( GEOMETRIC_REPRESENTATION_CONTEXT(2) 
PARAMETRIC_REPRESENTATION_CONTEXT() REPRESENTATION_CONTEXT('2D SPACE',''
  ) );
#5775 = ADVANCED_FACE('',(#5776),#4770,.T.);
#5776 = FACE_BOUND('',#5777,.T.);
#5777 = EDGE_LOOP('',(#5778,#5779,#5802,#5823));
#5778 = ORIENTED_EDGE('',*,*,#4754,.F.);
#5779 = ORIENTED_EDGE('',*,*,#5780,.T.);
#5780 = EDGE_CURVE('',#4755,#5781,#5783,.T.);
#5781 = VERTEX_POINT('',#5782);
#5782 = CARTESIAN_POINT('',(-100.,60.,765.));
#5783 = SURFACE_CURVE('',#5784,(#5788,#5795),.PCURVE_S1.);
#5784 = LINE('',#5785,#5786);
#5785 = CARTESIAN_POINT('',(-100.,50.,765.));
#5786 = VECTOR('',#5787,1.);
#5787 = DIRECTION('',(-0.,1.,0.));
#5788 = PCURVE('',#4770,#5789);
#5789 = DEFINITIONAL_REPRESENTATION('',(#5790),#5794);
#5790 = LINE('',#5791,#5792);
#5791 = CARTESIAN_POINT('',(0.,0.));
#5792 = VECTOR('',#5793,1.);
#5793 = DIRECTION('',(0.,-1.));
#5794 = ( GEOMETRIC_REPRESENTATION_CONTEXT(2) 
PARAMETRIC_REPRESENTATION_CONTEXT() REPRESENTATION_CONTEXT('2D SPACE',''
  ) );
#5795 = PCURVE('',#4798,#5796);
#5796 = DEFINITIONAL_REPRESENTATION('',(#5797),#5801);
#5797 = LINE('',#5798,#5799);
#5798 = CARTESIAN_POINT('',(20.,0.));
#5799 = VECTOR('',#5800,1.);
#5800 = DIRECTION('',(0.,1.));
#5801 = ( GEOMETRIC_REPRESENTATION_CONTEXT(2) 
PARAMETRIC_REPRESENTATION_CONTEXT() REPRESENTATION_CONTEXT('2D SPACE',''
  ) );
#5802 = ORIENTED_EDGE('',*,*,#5803,.T.);
#5803 = EDGE_CURVE('',#5781,#5655,#5804,.T.);
#5804 = SURFACE_CURVE('',#5805,(#5809,#5816),.PCURVE_S1.);
#5805 = LINE('',#5806,#5807);
#5806 = CARTESIAN_POINT('',(-100.,60.,765.));
#5807 = VECTOR('',#5808,1.);
#5808 = DIRECTION('',(0.,0.,1.));
#5809 = PCURVE('',#4770,#5810);
#5810 = DEFINITIONAL_REPRESENTATION('',(#5811),#5815);
#5811 = LINE('',#5812,#5813);
#5812 = CARTESIAN_POINT('',(0.,-10.));
#5813 = VECTOR('',#5814,1.);
#5814 = DIRECTION('',(1.,0.));
#5815 = ( GEOMETRIC_REPRESENTATION_CONTEXT(2) 
PARAMETRIC_REPRESENTATION_CONTEXT() REPRESENTATION_CONTEXT('2D SPACE',''
  ) );
#5816 = PCURVE('',#5670,#5817);
#5817 = DEFINITIONAL_REPRESENTATION('',(#5818),#5822);
#5818 = LINE('',#5819,#5820);
#5819 = CARTESIAN_POINT('',(0.,20.));
#5820 = VECTOR('',#5821,1.);
#5821 = DIRECTION('',(1.,0.));
#5822 = ( GEOMETRIC_REPRESENTATION_CONTEXT(2) 
PARAMETRIC_REPRESENTATION_CONTEXT() REPRESENTATION_CONTEXT('2D SPACE',''
  ) );
#5823 = ORIENTED_EDGE('',*,*,#5682,.F.);
#5824 = ADVANCED_FACE('',(#5825),#4798,.F.);
#5825 = FACE_BOUND('',#5826,.F.);
#5826 = EDGE_LOOP('',(#5827,#5850,#5851,#5852));
#5827 = ORIENTED_EDGE('',*,*,#5828,.F.);
#5828 = EDGE_CURVE('',#4783,#5829,#5831,.T.);
#5829 = VERTEX_POINT('',#5830);
#5830 = CARTESIAN_POINT('',(-120.,60.,765.));
#5831 = SURFACE_CURVE('',#5832,(#5836,#5843),.PCURVE_S1.);
#5832 = LINE('',#5833,#5834);
#5833 = CARTESIAN_POINT('',(-120.,50.,765.));
#5834 = VECTOR('',#5835,1.);
#5835 = DIRECTION('',(-0.,1.,0.));
#5836 = PCURVE('',#4798,#5837);
#5837 = DEFINITIONAL_REPRESENTATION('',(#5838),#5842);
#5838 = LINE('',#5839,#5840);
#5839 = CARTESIAN_POINT('',(0.,0.));
#5840 = VECTOR('',#5841,1.);
#5841 = DIRECTION('',(0.,1.));
#5842 = ( GEOMETRIC_REPRESENTATION_CONTEXT(2) 
PARAMETRIC_REPRESENTATION_CONTEXT() REPRESENTATION_CONTEXT('2D SPACE',''
  ) );
#5843 = PCURVE('',#4826,#5844);
#5844 = DEFINITIONAL_REPRESENTATION('',(#5845),#5849);
#5845 = LINE('',#5846,#5847);
#5846 = CARTESIAN_POINT('',(0.,0.));
#5847 = VECTOR('',#5848,1.);
#5848 = DIRECTION('',(0.,-1.));
#5849 = ( GEOMETRIC_REPRESENTATION_CONTEXT(2) 
PARAMETRIC_REPRESENTATION_CONTEXT() REPRESENTATION_CONTEXT('2D SPACE',''
  ) );
#5850 = ORIENTED_EDGE('',*,*,#4782,.T.);
#5851 = ORIENTED_EDGE('',*,*,#5780,.T.);
#5852 = ORIENTED_EDGE('',*,*,#5853,.F.);
#5853 = EDGE_CURVE('',#5829,#5781,#5854,.T.);
#5854 = SURFACE_CURVE('',#5855,(#5859,#5866),.PCURVE_S1.);
#5855 = LINE('',#5856,#5857);
#5856 = CARTESIAN_POINT('',(-120.,60.,765.));
#5857 = VECTOR('',#5858,1.);
#5858 = DIRECTION('',(1.,0.,-0.));
#5859 = PCURVE('',#4798,#5860);
#5860 = DEFINITIONAL_REPRESENTATION('',(#5861),#5865);
#5861 = LINE('',#5862,#5863);
#5862 = CARTESIAN_POINT('',(0.,10.));
#5863 = VECTOR('',#5864,1.);
#5864 = DIRECTION('',(1.,0.));
#5865 = ( GEOMETRIC_REPRESENTATION_CONTEXT(2) 
PARAMETRIC_REPRESENTATION_CONTEXT() REPRESENTATION_CONTEXT('2D SPACE',''
  ) );
#5866 = PCURVE('',#5670,#5867);
#5867 = DEFINITIONAL_REPRESENTATION('',(#5868),#5872);
#5868 = LINE('',#5869,#5870);
#5869 = CARTESIAN_POINT('',(0.,0.));
#5870 = VECTOR('',#5871,1.);
#5871 = DIRECTION('',(0.,1.));
#5872 = ( GEOMETRIC_REPRESENTATION_CONTEXT(2) 
PARAMETRIC_REPRESENTATION_CONTEXT() REPRESENTATION_CONTEXT('2D SPACE',''
  ) );
#5873 = ADVANCED_FACE('',(#5874),#4826,.F.);
#5874 = FACE_BOUND('',#5875,.F.);
#5875 = EDGE_LOOP('',(#5876,#5877,#5878,#5899));
#5876 = ORIENTED_EDGE('',*,*,#4810,.F.);
#5877 = ORIENTED_EDGE('',*,*,#5828,.T.);
#5878 = ORIENTED_EDGE('',*,*,#5879,.T.);
#5879 = EDGE_CURVE('',#5829,#5632,#5880,.T.);
#5880 = SURFACE_CURVE('',#5881,(#5885,#5892),.PCURVE_S1.);
#5881 = LINE('',#5882,#5883);
#5882 = CARTESIAN_POINT('',(-120.,60.,765.));
#5883 = VECTOR('',#5884,1.);
#5884 = DIRECTION('',(0.,0.,1.));
#5885 = PCURVE('',#4826,#5886);
#5886 = DEFINITIONAL_REPRESENTATION('',(#5887),#5891);
#5887 = LINE('',#5888,#5889);
#5888 = CARTESIAN_POINT('',(0.,-10.));
#5889 = VECTOR('',#5890,1.);
#5890 = DIRECTION('',(1.,0.));
#5891 = ( GEOMETRIC_REPRESENTATION_CONTEXT(2) 
PARAMETRIC_REPRESENTATION_CONTEXT() REPRESENTATION_CONTEXT('2D SPACE',''
  ) );
#5892 = PCURVE('',#5670,#5893);
#5893 = DEFINITIONAL_REPRESENTATION('',(#5894),#5898);
#5894 = LINE('',#5895,#5896);
#5895 = CARTESIAN_POINT('',(0.,0.));
#5896 = VECTOR('',#5897,1.);
#5897 = DIRECTION('',(1.,0.));
#5898 = ( GEOMETRIC_REPRESENTATION_CONTEXT(2) 
PARAMETRIC_REPRESENTATION_CONTEXT() REPRESENTATION_CONTEXT('2D SPACE',''
  ) );
#5899 = ORIENTED_EDGE('',*,*,#5631,.F.);
#5900 = ADVANCED_FACE('',(#5901),#4877,.T.);
#5901 = FACE_BOUND('',#5902,.T.);
#5902 = EDGE_LOOP('',(#5903,#5904,#5905,#5924));
#5903 = ORIENTED_EDGE('',*,*,#4861,.F.);
#5904 = ORIENTED_EDGE('',*,*,#4915,.T.);
#5905 = ORIENTED_EDGE('',*,*,#5906,.T.);
#5906 = EDGE_CURVE('',#4916,#5591,#5907,.T.);
#5907 = SURFACE_CURVE('',#5908,(#5912,#5918),.PCURVE_S1.);
#5908 = LINE('',#5909,#5910);
#5909 = CARTESIAN_POINT('',(-205.,235.,300.));
#5910 = VECTOR('',#5911,1.);
#5911 = DIRECTION('',(0.,0.,1.));
#5912 = PCURVE('',#4877,#5913);
#5913 = DEFINITIONAL_REPRESENTATION('',(#5914),#5917);
#5914 = B_SPLINE_CURVE_WITH_KNOTS('',1,(#5915,#5916),.UNSPECIFIED.,.F.,
  .F.,(2,2),(0.,485.),.PIECEWISE_BEZIER_KNOTS.);
#5915 = CARTESIAN_POINT('',(0.,-185.));
#5916 = CARTESIAN_POINT('',(485.,-185.));
#5917 = ( GEOMETRIC_REPRESENTATION_CONTEXT(2) 
PARAMETRIC_REPRESENTATION_CONTEXT() REPRESENTATION_CONTEXT('2D SPACE',''
  ) );
#5918 = PCURVE('',#4954,#5919);
#5919 = DEFINITIONAL_REPRESENTATION('',(#5920),#5923);
#5920 = B_SPLINE_CURVE_WITH_KNOTS('',1,(#5921,#5922),.UNSPECIFIED.,.F.,
  .F.,(2,2),(0.,485.),.PIECEWISE_BEZIER_KNOTS.);
#5921 = CARTESIAN_POINT('',(0.,1.5));
#5922 = CARTESIAN_POINT('',(485.,1.5));
#5923 = ( GEOMETRIC_REPRESENTATION_CONTEXT(2) 
PARAMETRIC_REPRESENTATION_CONTEXT() REPRESENTATION_CONTEXT('2D SPACE',''
  ) );
#5924 = ORIENTED_EDGE('',*,*,#5611,.F.);
#5925 = ADVANCED_FACE('',(#5926,#5932,#6018,#6104,#6190),#4954,.F.);
#5926 = FACE_BOUND('',#5927,.F.);
#5927 = EDGE_LOOP('',(#5928,#5929,#5930,#5931));
#5928 = ORIENTED_EDGE('',*,*,#4938,.F.);
#5929 = ORIENTED_EDGE('',*,*,#5906,.T.);
#5930 = ORIENTED_EDGE('',*,*,#5590,.F.);
#5931 = ORIENTED_EDGE('',*,*,#5545,.F.);
#5932 = FACE_BOUND('',#5933,.F.);
#5933 = EDGE_LOOP('',(#5934,#5957,#5978,#5999));
#5934 = ORIENTED_EDGE('',*,*,#5935,.F.);
#5935 = EDGE_CURVE('',#5936,#5938,#5940,.T.);
#5936 = VERTEX_POINT('',#5937);
#5937 = CARTESIAN_POINT('',(-150.,235.,741.5));
#5938 = VERTEX_POINT('',#5939);
#5939 = CARTESIAN_POINT('',(-90.,235.,741.5));
#5940 = SURFACE_CURVE('',#5941,(#5945,#5951),.PCURVE_S1.);
#5941 = LINE('',#5942,#5943);
#5942 = CARTESIAN_POINT('',(-178.25,235.,741.5));
#5943 = VECTOR('',#5944,1.);
#5944 = DIRECTION('',(1.,0.,-0.));
#5945 = PCURVE('',#4954,#5946);
#5946 = DEFINITIONAL_REPRESENTATION('',(#5947),#5950);
#5947 = B_SPLINE_CURVE_WITH_KNOTS('',1,(#5948,#5949),.UNSPECIFIED.,.F.,
  .F.,(2,2),(28.25,88.25),.PIECEWISE_BEZIER_KNOTS.);
#5948 = CARTESIAN_POINT('',(441.5,56.5));
#5949 = CARTESIAN_POINT('',(441.5,116.5));
#5950 = ( GEOMETRIC_REPRESENTATION_CONTEXT(2) 
PARAMETRIC_REPRESENTATION_CONTEXT() REPRESENTATION_CONTEXT('2D SPACE',''
  ) );
#5951 = PCURVE('',#5101,#5952);
#5952 = DEFINITIONAL_REPRESENTATION('',(#5953),#5956);
#5953 = B_SPLINE_CURVE_WITH_KNOTS('',1,(#5954,#5955),.UNSPECIFIED.,.F.,
  .F.,(2,2),(28.25,88.25),.PIECEWISE_BEZIER_KNOTS.);
#5954 = CARTESIAN_POINT('',(0.,1.));
#5955 = CARTESIAN_POINT('',(60.,1.));
#5956 = ( GEOMETRIC_REPRESENTATION_CONTEXT(2) 
PARAMETRIC_REPRESENTATION_CONTEXT() REPRESENTATION_CONTEXT('2D SPACE',''
  ) );
#5957 = ORIENTED_EDGE('',*,*,#5958,.T.);
#5958 = EDGE_CURVE('',#5936,#5959,#5961,.T.);
#5959 = VERTEX_POINT('',#5960);
#5960 = CARTESIAN_POINT('',(-150.,235.,726.5));
#5961 = SURFACE_CURVE('',#5962,(#5966,#5972),.PCURVE_S1.);
#5962 = LINE('',#5963,#5964);
#5963 = CARTESIAN_POINT('',(-150.,235.,513.25));
#5964 = VECTOR('',#5965,1.);
#5965 = DIRECTION('',(-0.,0.,-1.));
#5966 = PCURVE('',#4954,#5967);
#5967 = DEFINITIONAL_REPRESENTATION('',(#5968),#5971);
#5968 = B_SPLINE_CURVE_WITH_KNOTS('',1,(#5969,#5970),.UNSPECIFIED.,.F.,
  .F.,(2,2),(-228.25,-213.25),.PIECEWISE_BEZIER_KNOTS.);
#5969 = CARTESIAN_POINT('',(441.5,56.5));
#5970 = CARTESIAN_POINT('',(426.5,56.5));
#5971 = ( GEOMETRIC_REPRESENTATION_CONTEXT(2) 
PARAMETRIC_REPRESENTATION_CONTEXT() REPRESENTATION_CONTEXT('2D SPACE',''
  ) );
#5972 = PCURVE('',#5127,#5973);
#5973 = DEFINITIONAL_REPRESENTATION('',(#5974),#5977);
#5974 = B_SPLINE_CURVE_WITH_KNOTS('',1,(#5975,#5976),.UNSPECIFIED.,.F.,
  .F.,(2,2),(-228.25,-213.25),.PIECEWISE_BEZIER_KNOTS.);
#5975 = CARTESIAN_POINT('',(15.,-1.));
#5976 = CARTESIAN_POINT('',(0.,-1.));
#5977 = ( GEOMETRIC_REPRESENTATION_CONTEXT(2) 
PARAMETRIC_REPRESENTATION_CONTEXT() REPRESENTATION_CONTEXT('2D SPACE',''
  ) );
#5978 = ORIENTED_EDGE('',*,*,#5979,.T.);
#5979 = EDGE_CURVE('',#5959,#5980,#5982,.T.);
#5980 = VERTEX_POINT('',#5981);
#5981 = CARTESIAN_POINT('',(-90.,235.,726.5));
#5982 = SURFACE_CURVE('',#5983,(#5987,#5993),.PCURVE_S1.);
#5983 = LINE('',#5984,#5985);
#5984 = CARTESIAN_POINT('',(-178.25,235.,726.5));
#5985 = VECTOR('',#5986,1.);
#5986 = DIRECTION('',(1.,0.,-0.));
#5987 = PCURVE('',#4954,#5988);
#5988 = DEFINITIONAL_REPRESENTATION('',(#5989),#5992);
#5989 = B_SPLINE_CURVE_WITH_KNOTS('',1,(#5990,#5991),.UNSPECIFIED.,.F.,
  .F.,(2,2),(28.25,88.25),.PIECEWISE_BEZIER_KNOTS.);
#5990 = CARTESIAN_POINT('',(426.5,56.5));
#5991 = CARTESIAN_POINT('',(426.5,116.5));
#5992 = ( GEOMETRIC_REPRESENTATION_CONTEXT(2) 
PARAMETRIC_REPRESENTATION_CONTEXT() REPRESENTATION_CONTEXT('2D SPACE',''
  ) );
#5993 = PCURVE('',#5153,#5994);
#5994 = DEFINITIONAL_REPRESENTATION('',(#5995),#5998);
#5995 = B_SPLINE_CURVE_WITH_KNOTS('',1,(#5996,#5997),.UNSPECIFIED.,.F.,
  .F.,(2,2),(28.25,88.25),.PIECEWISE_BEZIER_KNOTS.);
#5996 = CARTESIAN_POINT('',(0.,1.));
#5997 = CARTESIAN_POINT('',(60.,1.));
#5998 = ( GEOMETRIC_REPRESENTATION_CONTEXT(2) 
PARAMETRIC_REPRESENTATION_CONTEXT() REPRESENTATION_CONTEXT('2D SPACE',''
  ) );
#5999 = ORIENTED_EDGE('',*,*,#6000,.F.);
#6000 = EDGE_CURVE('',#5938,#5980,#6001,.T.);
#6001 = SURFACE_CURVE('',#6002,(#6006,#6012),.PCURVE_S1.);
#6002 = LINE('',#6003,#6004);
#6003 = CARTESIAN_POINT('',(-90.,235.,513.25));
#6004 = VECTOR('',#6005,1.);
#6005 = DIRECTION('',(-0.,0.,-1.));
#6006 = PCURVE('',#4954,#6007);
#6007 = DEFINITIONAL_REPRESENTATION('',(#6008),#6011);
#6008 = B_SPLINE_CURVE_WITH_KNOTS('',1,(#6009,#6010),.UNSPECIFIED.,.F.,
  .F.,(2,2),(-228.25,-213.25),.PIECEWISE_BEZIER_KNOTS.);
#6009 = CARTESIAN_POINT('',(441.5,116.5));
#6010 = CARTESIAN_POINT('',(426.5,116.5));
#6011 = ( GEOMETRIC_REPRESENTATION_CONTEXT(2) 
PARAMETRIC_REPRESENTATION_CONTEXT() REPRESENTATION_CONTEXT('2D SPACE',''
  ) );
#6012 = PCURVE('',#5177,#6013);
#6013 = DEFINITIONAL_REPRESENTATION('',(#6014),#6017);
#6014 = B_SPLINE_CURVE_WITH_KNOTS('',1,(#6015,#6016),.UNSPECIFIED.,.F.,
  .F.,(2,2),(-228.25,-213.25),.PIECEWISE_BEZIER_KNOTS.);
#6015 = CARTESIAN_POINT('',(15.,-1.));
#6016 = CARTESIAN_POINT('',(0.,-1.));
#6017 = ( GEOMETRIC_REPRESENTATION_CONTEXT(2) 
PARAMETRIC_REPRESENTATION_CONTEXT() REPRESENTATION_CONTEXT('2D SPACE',''
  ) );
#6018 = FACE_BOUND('',#6019,.F.);
#6019 = EDGE_LOOP('',(#6020,#6043,#6064,#6085));
#6020 = ORIENTED_EDGE('',*,*,#6021,.F.);
#6021 = EDGE_CURVE('',#6022,#6024,#6026,.T.);
#6022 = VERTEX_POINT('',#6023);
#6023 = CARTESIAN_POINT('',(-70.,235.,741.5));
#6024 = VERTEX_POINT('',#6025);
#6025 = CARTESIAN_POINT('',(-10.,235.,741.5));
#6026 = SURFACE_CURVE('',#6027,(#6031,#6037),.PCURVE_S1.);
#6027 = LINE('',#6028,#6029);
#6028 = CARTESIAN_POINT('',(-138.25,235.,741.5));
#6029 = VECTOR('',#6030,1.);
#6030 = DIRECTION('',(1.,0.,-0.));
#6031 = PCURVE('',#4954,#6032);
#6032 = DEFINITIONAL_REPRESENTATION('',(#6033),#6036);
#6033 = B_SPLINE_CURVE_WITH_KNOTS('',1,(#6034,#6035),.UNSPECIFIED.,.F.,
  .F.,(2,2),(68.25,128.25),.PIECEWISE_BEZIER_KNOTS.);
#6034 = CARTESIAN_POINT('',(441.5,136.5));
#6035 = CARTESIAN_POINT('',(441.5,196.5));
#6036 = ( GEOMETRIC_REPRESENTATION_CONTEXT(2) 
PARAMETRIC_REPRESENTATION_CONTEXT() REPRESENTATION_CONTEXT('2D SPACE',''
  ) );
#6037 = PCURVE('',#5207,#6038);
#6038 = DEFINITIONAL_REPRESENTATION('',(#6039),#6042);
#6039 = B_SPLINE_CURVE_WITH_KNOTS('',1,(#6040,#6041),.UNSPECIFIED.,.F.,
  .F.,(2,2),(68.25,128.25),.PIECEWISE_BEZIER_KNOTS.);
#6040 = CARTESIAN_POINT('',(0.,1.));
#6041 = CARTESIAN_POINT('',(60.,1.));
#6042 = ( GEOMETRIC_REPRESENTATION_CONTEXT(2) 
PARAMETRIC_REPRESENTATION_CONTEXT() REPRESENTATION_CONTEXT('2D SPACE',''
  ) );
#6043 = ORIENTED_EDGE('',*,*,#6044,.T.);
#6044 = EDGE_CURVE('',#6022,#6045,#6047,.T.);
#6045 = VERTEX_POINT('',#6046);
#6046 = CARTESIAN_POINT('',(-70.,235.,726.5));
#6047 = SURFACE_CURVE('',#6048,(#6052,#6058),.PCURVE_S1.);
#6048 = LINE('',#6049,#6050);
#6049 = CARTESIAN_POINT('',(-70.,235.,513.25));
#6050 = VECTOR('',#6051,1.);
#6051 = DIRECTION('',(-0.,0.,-1.));
#6052 = PCURVE('',#4954,#6053);
#6053 = DEFINITIONAL_REPRESENTATION('',(#6054),#6057);
#6054 = B_SPLINE_CURVE_WITH_KNOTS('',1,(#6055,#6056),.UNSPECIFIED.,.F.,
  .F.,(2,2),(-228.25,-213.25),.PIECEWISE_BEZIER_KNOTS.);
#6055 = CARTESIAN_POINT('',(441.5,136.5));
#6056 = CARTESIAN_POINT('',(426.5,136.5));
#6057 = ( GEOMETRIC_REPRESENTATION_CONTEXT(2) 
PARAMETRIC_REPRESENTATION_CONTEXT() REPRESENTATION_CONTEXT('2D SPACE',''
  ) );
#6058 = PCURVE('',#5233,#6059);
#6059 = DEFINITIONAL_REPRESENTATION('',(#6060),#6063);
#6060 = B_SPLINE_CURVE_WITH_KNOTS('',1,(#6061,#6062),.UNSPECIFIED.,.F.,
  .F.,(2,2),(-228.25,-213.25),.PIECEWISE_BEZIER_KNOTS.);
#6061 = CARTESIAN_POINT('',(15.,-1.));
#6062 = CARTESIAN_POINT('',(0.,-1.));
#6063 = ( GEOMETRIC_REPRESENTATION_CONTEXT(2) 
PARAMETRIC_REPRESENTATION_CONTEXT() REPRESENTATION_CONTEXT('2D SPACE',''
  ) );
#6064 = ORIENTED_EDGE('',*,*,#6065,.T.);
#6065 = EDGE_CURVE('',#6045,#6066,#6068,.T.);
#6066 = VERTEX_POINT('',#6067);
#6067 = CARTESIAN_POINT('',(-10.,235.,726.5));
#6068 = SURFACE_CURVE('',#6069,(#6073,#6079),.PCURVE_S1.);
#6069 = LINE('',#6070,#6071);
#6070 = CARTESIAN_POINT('',(-138.25,235.,726.5));
#6071 = VECTOR('',#6072,1.);
#6072 = DIRECTION('',(1.,0.,-0.));
#6073 = PCURVE('',#4954,#6074);
#6074 = DEFINITIONAL_REPRESENTATION('',(#6075),#6078);
#6075 = B_SPLINE_CURVE_WITH_KNOTS('',1,(#6076,#6077),.UNSPECIFIED.,.F.,
  .F.,(2,2),(68.25,128.25),.PIECEWISE_BEZIER_KNOTS.);
#6076 = CARTESIAN_POINT('',(426.5,136.5));
#6077 = CARTESIAN_POINT('',(426.5,196.5));
#6078 = ( GEOMETRIC_REPRESENTATION_CONTEXT(2) 
PARAMETRIC_REPRESENTATION_CONTEXT() REPRESENTATION_CONTEXT('2D SPACE',''
  ) );
#6079 = PCURVE('',#5259,#6080);
#6080 = DEFINITIONAL_REPRESENTATION('',(#6081),#6084);
#6081 = B_SPLINE_CURVE_WITH_KNOTS('',1,(#6082,#6083),.UNSPECIFIED.,.F.,
  .F.,(2,2),(68.25,128.25),.PIECEWISE_BEZIER_KNOTS.);
#6082 = CARTESIAN_POINT('',(0.,1.));
#6083 = CARTESIAN_POINT('',(60.,1.));
#6084 = ( GEOMETRIC_REPRESENTATION_CONTEXT(2) 
PARAMETRIC_REPRESENTATION_CONTEXT() REPRESENTATION_CONTEXT('2D SPACE',''
  ) );
#6085 = ORIENTED_EDGE('',*,*,#6086,.F.);
#6086 = EDGE_CURVE('',#6024,#6066,#6087,.T.);
#6087 = SURFACE_CURVE('',#6088,(#6092,#6098),.PCURVE_S1.);
#6088 = LINE('',#6089,#6090);
#6089 = CARTESIAN_POINT('',(-10.,235.,513.25));
#6090 = VECTOR('',#6091,1.);
#6091 = DIRECTION('',(-0.,0.,-1.));
#6092 = PCURVE('',#4954,#6093);
#6093 = DEFINITIONAL_REPRESENTATION('',(#6094),#6097);
#6094 = B_SPLINE_CURVE_WITH_KNOTS('',1,(#6095,#6096),.UNSPECIFIED.,.F.,
  .F.,(2,2),(-228.25,-213.25),.PIECEWISE_BEZIER_KNOTS.);
#6095 = CARTESIAN_POINT('',(441.5,196.5));
#6096 = CARTESIAN_POINT('',(426.5,196.5));
#6097 = ( GEOMETRIC_REPRESENTATION_CONTEXT(2) 
PARAMETRIC_REPRESENTATION_CONTEXT() REPRESENTATION_CONTEXT('2D SPACE',''
  ) );
#6098 = PCURVE('',#5283,#6099);
#6099 = DEFINITIONAL_REPRESENTATION('',(#6100),#6103);
#6100 = B_SPLINE_CURVE_WITH_KNOTS('',1,(#6101,#6102),.UNSPECIFIED.,.F.,
  .F.,(2,2),(-228.25,-213.25),.PIECEWISE_BEZIER_KNOTS.);
#6101 = CARTESIAN_POINT('',(15.,-1.));
#6102 = CARTESIAN_POINT('',(0.,-1.));
#6103 = ( GEOMETRIC_REPRESENTATION_CONTEXT(2) 
PARAMETRIC_REPRESENTATION_CONTEXT() REPRESENTATION_CONTEXT('2D SPACE',''
  ) );
#6104 = FACE_BOUND('',#6105,.F.);
#6105 = EDGE_LOOP('',(#6106,#6129,#6150,#6171));
#6106 = ORIENTED_EDGE('',*,*,#6107,.F.);
#6107 = EDGE_CURVE('',#6108,#6110,#6112,.T.);
#6108 = VERTEX_POINT('',#6109);
#6109 = CARTESIAN_POINT('',(10.,235.,741.5));
#6110 = VERTEX_POINT('',#6111);
#6111 = CARTESIAN_POINT('',(70.,235.,741.5));
#6112 = SURFACE_CURVE('',#6113,(#6117,#6123),.PCURVE_S1.);
#6113 = LINE('',#6114,#6115);
#6114 = CARTESIAN_POINT('',(-98.25,235.,741.5));
#6115 = VECTOR('',#6116,1.);
#6116 = DIRECTION('',(1.,0.,-0.));
#6117 = PCURVE('',#4954,#6118);
#6118 = DEFINITIONAL_REPRESENTATION('',(#6119),#6122);
#6119 = B_SPLINE_CURVE_WITH_KNOTS('',1,(#6120,#6121),.UNSPECIFIED.,.F.,
  .F.,(2,2),(108.25,168.25),.PIECEWISE_BEZIER_KNOTS.);
#6120 = CARTESIAN_POINT('',(441.5,216.5));
#6121 = CARTESIAN_POINT('',(441.5,276.5));
#6122 = ( GEOMETRIC_REPRESENTATION_CONTEXT(2) 
PARAMETRIC_REPRESENTATION_CONTEXT() REPRESENTATION_CONTEXT('2D SPACE',''
  ) );
#6123 = PCURVE('',#5313,#6124);
#6124 = DEFINITIONAL_REPRESENTATION('',(#6125),#6128);
#6125 = B_SPLINE_CURVE_WITH_KNOTS('',1,(#6126,#6127),.UNSPECIFIED.,.F.,
  .F.,(2,2),(108.25,168.25),.PIECEWISE_BEZIER_KNOTS.);
#6126 = CARTESIAN_POINT('',(0.,1.));
#6127 = CARTESIAN_POINT('',(60.,1.));
#6128 = ( GEOMETRIC_REPRESENTATION_CONTEXT(2) 
PARAMETRIC_REPRESENTATION_CONTEXT() REPRESENTATION_CONTEXT('2D SPACE',''
  ) );
#6129 = ORIENTED_EDGE('',*,*,#6130,.T.);
#6130 = EDGE_CURVE('',#6108,#6131,#6133,.T.);
#6131 = VERTEX_POINT('',#6132);
#6132 = CARTESIAN_POINT('',(10.,235.,726.5));
#6133 = SURFACE_CURVE('',#6134,(#6138,#6144),.PCURVE_S1.);
#6134 = LINE('',#6135,#6136);
#6135 = CARTESIAN_POINT('',(10.,235.,513.25));
#6136 = VECTOR('',#6137,1.);
#6137 = DIRECTION('',(-0.,0.,-1.));
#6138 = PCURVE('',#4954,#6139);
#6139 = DEFINITIONAL_REPRESENTATION('',(#6140),#6143);
#6140 = B_SPLINE_CURVE_WITH_KNOTS('',1,(#6141,#6142),.UNSPECIFIED.,.F.,
  .F.,(2,2),(-228.25,-213.25),.PIECEWISE_BEZIER_KNOTS.);
#6141 = CARTESIAN_POINT('',(441.5,216.5));
#6142 = CARTESIAN_POINT('',(426.5,216.5));
#6143 = ( GEOMETRIC_REPRESENTATION_CONTEXT(2) 
PARAMETRIC_REPRESENTATION_CONTEXT() REPRESENTATION_CONTEXT('2D SPACE',''
  ) );
#6144 = PCURVE('',#5339,#6145);
#6145 = DEFINITIONAL_REPRESENTATION('',(#6146),#6149);
#6146 = B_SPLINE_CURVE_WITH_KNOTS('',1,(#6147,#6148),.UNSPECIFIED.,.F.,
  .F.,(2,2),(-228.25,-213.25),.PIECEWISE_BEZIER_KNOTS.);
#6147 = CARTESIAN_POINT('',(15.,-1.));
#6148 = CARTESIAN_POINT('',(0.,-1.));
#6149 = ( GEOMETRIC_REPRESENTATION_CONTEXT(2) 
PARAMETRIC_REPRESENTATION_CONTEXT() REPRESENTATION_CONTEXT('2D SPACE',''
  ) );
#6150 = ORIENTED_EDGE('',*,*,#6151,.T.);
#6151 = EDGE_CURVE('',#6131,#6152,#6154,.T.);
#6152 = VERTEX_POINT('',#6153);
#6153 = CARTESIAN_POINT('',(70.,235.,726.5));
#6154 = SURFACE_CURVE('',#6155,(#6159,#6165),.PCURVE_S1.);
#6155 = LINE('',#6156,#6157);
#6156 = CARTESIAN_POINT('',(-98.25,235.,726.5));
#6157 = VECTOR('',#6158,1.);
#6158 = DIRECTION('',(1.,0.,-0.));
#6159 = PCURVE('',#4954,#6160);
#6160 = DEFINITIONAL_REPRESENTATION('',(#6161),#6164);
#6161 = B_SPLINE_CURVE_WITH_KNOTS('',1,(#6162,#6163),.UNSPECIFIED.,.F.,
  .F.,(2,2),(108.25,168.25),.PIECEWISE_BEZIER_KNOTS.);
#6162 = CARTESIAN_POINT('',(426.5,216.5));
#6163 = CARTESIAN_POINT('',(426.5,276.5));
#6164 = ( GEOMETRIC_REPRESENTATION_CONTEXT(2) 
PARAMETRIC_REPRESENTATION_CONTEXT() REPRESENTATION_CONTEXT('2D SPACE',''
  ) );
#6165 = PCURVE('',#5365,#6166);
#6166 = DEFINITIONAL_REPRESENTATION('',(#6167),#6170);
#6167 = B_SPLINE_CURVE_WITH_KNOTS('',1,(#6168,#6169),.UNSPECIFIED.,.F.,
  .F.,(2,2),(108.25,168.25),.PIECEWISE_BEZIER_KNOTS.);
#6168 = CARTESIAN_POINT('',(0.,1.));
#6169 = CARTESIAN_POINT('',(60.,1.));
#6170 = ( GEOMETRIC_REPRESENTATION_CONTEXT(2) 
PARAMETRIC_REPRESENTATION_CONTEXT() REPRESENTATION_CONTEXT('2D SPACE',''
  ) );
#6171 = ORIENTED_EDGE('',*,*,#6172,.F.);
#6172 = EDGE_CURVE('',#6110,#6152,#6173,.T.);
#6173 = SURFACE_CURVE('',#6174,(#6178,#6184),.PCURVE_S1.);
#6174 = LINE('',#6175,#6176);
#6175 = CARTESIAN_POINT('',(70.,235.,513.25));
#6176 = VECTOR('',#6177,1.);
#6177 = DIRECTION('',(-0.,0.,-1.));
#6178 = PCURVE('',#4954,#6179);
#6179 = DEFINITIONAL_REPRESENTATION('',(#6180),#6183);
#6180 = B_SPLINE_CURVE_WITH_KNOTS('',1,(#6181,#6182),.UNSPECIFIED.,.F.,
  .F.,(2,2),(-228.25,-213.25),.PIECEWISE_BEZIER_KNOTS.);
#6181 = CARTESIAN_POINT('',(441.5,276.5));
#6182 = CARTESIAN_POINT('',(426.5,276.5));
#6183 = ( GEOMETRIC_REPRESENTATION_CONTEXT(2) 
PARAMETRIC_REPRESENTATION_CONTEXT() REPRESENTATION_CONTEXT('2D SPACE',''
  ) );
#6184 = PCURVE('',#5389,#6185);
#6185 = DEFINITIONAL_REPRESENTATION('',(#6186),#6189);
#6186 = B_SPLINE_CURVE_WITH_KNOTS('',1,(#6187,#6188),.UNSPECIFIED.,.F.,
  .F.,(2,2),(-228.25,-213.25),.PIECEWISE_BEZIER_KNOTS.);
#6187 = CARTESIAN_POINT('',(15.,-1.));
#6188 = CARTESIAN_POINT('',(0.,-1.));
#6189 = ( GEOMETRIC_REPRESENTATION_CONTEXT(2) 
PARAMETRIC_REPRESENTATION_CONTEXT() REPRESENTATION_CONTEXT('2D SPACE',''
  ) );
#6190 = FACE_BOUND('',#6191,.F.);
#6191 = EDGE_LOOP('',(#6192,#6215,#6236,#6257));
#6192 = ORIENTED_EDGE('',*,*,#6193,.F.);
#6193 = EDGE_CURVE('',#6194,#6196,#6198,.T.);
#6194 = VERTEX_POINT('',#6195);
#6195 = CARTESIAN_POINT('',(90.,235.,741.5));
#6196 = VERTEX_POINT('',#6197);
#6197 = CARTESIAN_POINT('',(150.,235.,741.5));
#6198 = SURFACE_CURVE('',#6199,(#6203,#6209),.PCURVE_S1.);
#6199 = LINE('',#6200,#6201);
#6200 = CARTESIAN_POINT('',(-58.25,235.,741.5));
#6201 = VECTOR('',#6202,1.);
#6202 = DIRECTION('',(1.,0.,-0.));
#6203 = PCURVE('',#4954,#6204);
#6204 = DEFINITIONAL_REPRESENTATION('',(#6205),#6208);
#6205 = B_SPLINE_CURVE_WITH_KNOTS('',1,(#6206,#6207),.UNSPECIFIED.,.F.,
  .F.,(2,2),(148.25,208.25),.PIECEWISE_BEZIER_KNOTS.);
#6206 = CARTESIAN_POINT('',(441.5,296.5));
#6207 = CARTESIAN_POINT('',(441.5,356.5));
#6208 = ( GEOMETRIC_REPRESENTATION_CONTEXT(2) 
PARAMETRIC_REPRESENTATION_CONTEXT() REPRESENTATION_CONTEXT('2D SPACE',''
  ) );
#6209 = PCURVE('',#5419,#6210);
#6210 = DEFINITIONAL_REPRESENTATION('',(#6211),#6214);
#6211 = B_SPLINE_CURVE_WITH_KNOTS('',1,(#6212,#6213),.UNSPECIFIED.,.F.,
  .F.,(2,2),(148.25,208.25),.PIECEWISE_BEZIER_KNOTS.);
#6212 = CARTESIAN_POINT('',(0.,1.));
#6213 = CARTESIAN_POINT('',(60.,1.));
#6214 = ( GEOMETRIC_REPRESENTATION_CONTEXT(2) 
PARAMETRIC_REPRESENTATION_CONTEXT() REPRESENTATION_CONTEXT('2D SPACE',''
  ) );
#6215 = ORIENTED_EDGE('',*,*,#6216,.T.);
#6216 = EDGE_CURVE('',#6194,#6217,#6219,.T.);
#6217 = VERTEX_POINT('',#6218);
#6218 = CARTESIAN_POINT('',(90.,235.,726.5));
#6219 = SURFACE_CURVE('',#6220,(#6224,#6230),.PCURVE_S1.);
#6220 = LINE('',#6221,#6222);
#6221 = CARTESIAN_POINT('',(90.,235.,513.25));
#6222 = VECTOR('',#6223,1.);
#6223 = DIRECTION('',(-0.,0.,-1.));
#6224 = PCURVE('',#4954,#6225);
#6225 = DEFINITIONAL_REPRESENTATION('',(#6226),#6229);
#6226 = B_SPLINE_CURVE_WITH_KNOTS('',1,(#6227,#6228),.UNSPECIFIED.,.F.,
  .F.,(2,2),(-228.25,-213.25),.PIECEWISE_BEZIER_KNOTS.);
#6227 = CARTESIAN_POINT('',(441.5,296.5));
#6228 = CARTESIAN_POINT('',(426.5,296.5));
#6229 = ( GEOMETRIC_REPRESENTATION_CONTEXT(2) 
PARAMETRIC_REPRESENTATION_CONTEXT() REPRESENTATION_CONTEXT('2D SPACE',''
  ) );
#6230 = PCURVE('',#5445,#6231);
#6231 = DEFINITIONAL_REPRESENTATION('',(#6232),#6235);
#6232 = B_SPLINE_CURVE_WITH_KNOTS('',1,(#6233,#6234),.UNSPECIFIED.,.F.,
  .F.,(2,2),(-228.25,-213.25),.PIECEWISE_BEZIER_KNOTS.);
#6233 = CARTESIAN_POINT('',(15.,-1.));
#6234 = CARTESIAN_POINT('',(0.,-1.));
#6235 = ( GEOMETRIC_REPRESENTATION_CONTEXT(2) 
PARAMETRIC_REPRESENTATION_CONTEXT() REPRESENTATION_CONTEXT('2D SPACE',''
  ) );
#6236 = ORIENTED_EDGE('',*,*,#6237,.T.);
#6237 = EDGE_CURVE('',#6217,#6238,#6240,.T.);
#6238 = VERTEX_POINT('',#6239);
#6239 = CARTESIAN_POINT('',(150.,235.,726.5));
#6240 = SURFACE_CURVE('',#6241,(#6245,#6251),.PCURVE_S1.);
#6241 = LINE('',#6242,#6243);
#6242 = CARTESIAN_POINT('',(-58.25,235.,726.5));
#6243 = VECTOR('',#6244,1.);
#6244 = DIRECTION('',(1.,0.,-0.));
#6245 = PCURVE('',#4954,#6246);
#6246 = DEFINITIONAL_REPRESENTATION('',(#6247),#6250);
#6247 = B_SPLINE_CURVE_WITH_KNOTS('',1,(#6248,#6249),.UNSPECIFIED.,.F.,
  .F.,(2,2),(148.25,208.25),.PIECEWISE_BEZIER_KNOTS.);
#6248 = CARTESIAN_POINT('',(426.5,296.5));
#6249 = CARTESIAN_POINT('',(426.5,356.5));
#6250 = ( GEOMETRIC_REPRESENTATION_CONTEXT(2) 
PARAMETRIC_REPRESENTATION_CONTEXT() REPRESENTATION_CONTEXT('2D SPACE',''
  ) );
#6251 = PCURVE('',#5471,#6252);
#6252 = DEFINITIONAL_REPRESENTATION('',(#6253),#6256);
#6253 = B_SPLINE_CURVE_WITH_KNOTS('',1,(#6254,#6255),.UNSPECIFIED.,.F.,
  .F.,(2,2),(148.25,208.25),.PIECEWISE_BEZIER_KNOTS.);
#6254 = CARTESIAN_POINT('',(0.,1.));
#6255 = CARTESIAN_POINT('',(60.,1.));
#6256 = ( GEOMETRIC_REPRESENTATION_CONTEXT(2) 
PARAMETRIC_REPRESENTATION_CONTEXT() REPRESENTATION_CONTEXT('2D SPACE',''
  ) );
#6257 = ORIENTED_EDGE('',*,*,#6258,.F.);
#6258 = EDGE_CURVE('',#6196,#6238,#6259,.T.);
#6259 = SURFACE_CURVE('',#6260,(#6264,#6270),.PCURVE_S1.);
#6260 = LINE('',#6261,#6262);
#6261 = CARTESIAN_POINT('',(150.,235.,513.25));
#6262 = VECTOR('',#6263,1.);
#6263 = DIRECTION('',(-0.,0.,-1.));
#6264 = PCURVE('',#4954,#6265);
#6265 = DEFINITIONAL_REPRESENTATION('',(#6266),#6269);
#6266 = B_SPLINE_CURVE_WITH_KNOTS('',1,(#6267,#6268),.UNSPECIFIED.,.F.,
  .F.,(2,2),(-228.25,-213.25),.PIECEWISE_BEZIER_KNOTS.);
#6267 = CARTESIAN_POINT('',(441.5,356.5));
#6268 = CARTESIAN_POINT('',(426.5,356.5));
#6269 = ( GEOMETRIC_REPRESENTATION_CONTEXT(2) 
PARAMETRIC_REPRESENTATION_CONTEXT() REPRESENTATION_CONTEXT('2D SPACE',''
  ) );
#6270 = PCURVE('',#5495,#6271);
#6271 = DEFINITIONAL_REPRESENTATION('',(#6272),#6275);
#6272 = B_SPLINE_CURVE_WITH_KNOTS('',1,(#6273,#6274),.UNSPECIFIED.,.F.,
  .F.,(2,2),(-228.25,-213.25),.PIECEWISE_BEZIER_KNOTS.);
#6273 = CARTESIAN_POINT('',(15.,-1.));
#6274 = CARTESIAN_POINT('',(0.,-1.));
#6275 = ( GEOMETRIC_REPRESENTATION_CONTEXT(2) 
PARAMETRIC_REPRESENTATION_CONTEXT() REPRESENTATION_CONTEXT('2D SPACE',''
  ) );
#6276 = ADVANCED_FACE('',(#6277),#5101,.F.);
#6277 = FACE_BOUND('',#6278,.F.);
#6278 = EDGE_LOOP('',(#6279,#6300,#6301,#6322));
#6279 = ORIENTED_EDGE('',*,*,#6280,.F.);
#6280 = EDGE_CURVE('',#5936,#5085,#6281,.T.);
#6281 = SURFACE_CURVE('',#6282,(#6286,#6293),.PCURVE_S1.);
#6282 = LINE('',#6283,#6284);
#6283 = CARTESIAN_POINT('',(-150.,234.,741.5));
#6284 = VECTOR('',#6285,1.);
#6285 = DIRECTION('',(-0.,1.,0.));
#6286 = PCURVE('',#5101,#6287);
#6287 = DEFINITIONAL_REPRESENTATION('',(#6288),#6292);
#6288 = LINE('',#6289,#6290);
#6289 = CARTESIAN_POINT('',(0.,0.));
#6290 = VECTOR('',#6291,1.);
#6291 = DIRECTION('',(0.,1.));
#6292 = ( GEOMETRIC_REPRESENTATION_CONTEXT(2) 
PARAMETRIC_REPRESENTATION_CONTEXT() REPRESENTATION_CONTEXT('2D SPACE',''
  ) );
#6293 = PCURVE('',#5127,#6294);
#6294 = DEFINITIONAL_REPRESENTATION('',(#6295),#6299);
#6295 = LINE('',#6296,#6297);
#6296 = CARTESIAN_POINT('',(15.,0.));
#6297 = VECTOR('',#6298,1.);
#6298 = DIRECTION('',(0.,-1.));
#6299 = ( GEOMETRIC_REPRESENTATION_CONTEXT(2) 
PARAMETRIC_REPRESENTATION_CONTEXT() REPRESENTATION_CONTEXT('2D SPACE',''
  ) );
#6300 = ORIENTED_EDGE('',*,*,#5935,.T.);
#6301 = ORIENTED_EDGE('',*,*,#6302,.T.);
#6302 = EDGE_CURVE('',#5938,#5087,#6303,.T.);
#6303 = SURFACE_CURVE('',#6304,(#6308,#6315),.PCURVE_S1.);
#6304 = LINE('',#6305,#6306);
#6305 = CARTESIAN_POINT('',(-90.,234.,741.5));
#6306 = VECTOR('',#6307,1.);
#6307 = DIRECTION('',(-0.,1.,0.));
#6308 = PCURVE('',#5101,#6309);
#6309 = DEFINITIONAL_REPRESENTATION('',(#6310),#6314);
#6310 = LINE('',#6311,#6312);
#6311 = CARTESIAN_POINT('',(60.,0.));
#6312 = VECTOR('',#6313,1.);
#6313 = DIRECTION('',(0.,1.));
#6314 = ( GEOMETRIC_REPRESENTATION_CONTEXT(2) 
PARAMETRIC_REPRESENTATION_CONTEXT() REPRESENTATION_CONTEXT('2D SPACE',''
  ) );
#6315 = PCURVE('',#5177,#6316);
#6316 = DEFINITIONAL_REPRESENTATION('',(#6317),#6321);
#6317 = LINE('',#6318,#6319);
#6318 = CARTESIAN_POINT('',(15.,0.));
#6319 = VECTOR('',#6320,1.);
#6320 = DIRECTION('',(0.,-1.));
#6321 = ( GEOMETRIC_REPRESENTATION_CONTEXT(2) 
PARAMETRIC_REPRESENTATION_CONTEXT() REPRESENTATION_CONTEXT('2D SPACE',''
  ) );
#6322 = ORIENTED_EDGE('',*,*,#5084,.F.);
#6323 = ADVANCED_FACE('',(#6324),#5127,.T.);
#6324 = FACE_BOUND('',#6325,.T.);
#6325 = EDGE_LOOP('',(#6326,#6327,#6328,#6349));
#6326 = ORIENTED_EDGE('',*,*,#6280,.F.);
#6327 = ORIENTED_EDGE('',*,*,#5958,.T.);
#6328 = ORIENTED_EDGE('',*,*,#6329,.T.);
#6329 = EDGE_CURVE('',#5959,#5113,#6330,.T.);
#6330 = SURFACE_CURVE('',#6331,(#6335,#6342),.PCURVE_S1.);
#6331 = LINE('',#6332,#6333);
#6332 = CARTESIAN_POINT('',(-150.,234.,726.5));
#6333 = VECTOR('',#6334,1.);
#6334 = DIRECTION('',(-0.,1.,0.));
#6335 = PCURVE('',#5127,#6336);
#6336 = DEFINITIONAL_REPRESENTATION('',(#6337),#6341);
#6337 = LINE('',#6338,#6339);
#6338 = CARTESIAN_POINT('',(0.,0.));
#6339 = VECTOR('',#6340,1.);
#6340 = DIRECTION('',(0.,-1.));
#6341 = ( GEOMETRIC_REPRESENTATION_CONTEXT(2) 
PARAMETRIC_REPRESENTATION_CONTEXT() REPRESENTATION_CONTEXT('2D SPACE',''
  ) );
#6342 = PCURVE('',#5153,#6343);
#6343 = DEFINITIONAL_REPRESENTATION('',(#6344),#6348);
#6344 = LINE('',#6345,#6346);
#6345 = CARTESIAN_POINT('',(0.,0.));
#6346 = VECTOR('',#6347,1.);
#6347 = DIRECTION('',(0.,1.));
#6348 = ( GEOMETRIC_REPRESENTATION_CONTEXT(2) 
PARAMETRIC_REPRESENTATION_CONTEXT() REPRESENTATION_CONTEXT('2D SPACE',''
  ) );
#6349 = ORIENTED_EDGE('',*,*,#5112,.F.);
#6350 = ADVANCED_FACE('',(#6351),#5177,.F.);
#6351 = FACE_BOUND('',#6352,.F.);
#6352 = EDGE_LOOP('',(#6353,#6354,#6355,#6376));
#6353 = ORIENTED_EDGE('',*,*,#6302,.F.);
#6354 = ORIENTED_EDGE('',*,*,#6000,.T.);
#6355 = ORIENTED_EDGE('',*,*,#6356,.T.);
#6356 = EDGE_CURVE('',#5980,#5139,#6357,.T.);
#6357 = SURFACE_CURVE('',#6358,(#6362,#6369),.PCURVE_S1.);
#6358 = LINE('',#6359,#6360);
#6359 = CARTESIAN_POINT('',(-90.,234.,726.5));
#6360 = VECTOR('',#6361,1.);
#6361 = DIRECTION('',(-0.,1.,0.));
#6362 = PCURVE('',#5177,#6363);
#6363 = DEFINITIONAL_REPRESENTATION('',(#6364),#6368);
#6364 = LINE('',#6365,#6366);
#6365 = CARTESIAN_POINT('',(0.,0.));
#6366 = VECTOR('',#6367,1.);
#6367 = DIRECTION('',(0.,-1.));
#6368 = ( GEOMETRIC_REPRESENTATION_CONTEXT(2) 
PARAMETRIC_REPRESENTATION_CONTEXT() REPRESENTATION_CONTEXT('2D SPACE',''
  ) );
#6369 = PCURVE('',#5153,#6370);
#6370 = DEFINITIONAL_REPRESENTATION('',(#6371),#6375);
#6371 = LINE('',#6372,#6373);
#6372 = CARTESIAN_POINT('',(60.,0.));
#6373 = VECTOR('',#6374,1.);
#6374 = DIRECTION('',(0.,1.));
#6375 = ( GEOMETRIC_REPRESENTATION_CONTEXT(2) 
PARAMETRIC_REPRESENTATION_CONTEXT() REPRESENTATION_CONTEXT('2D SPACE',''
  ) );
#6376 = ORIENTED_EDGE('',*,*,#5164,.F.);
#6377 = ADVANCED_FACE('',(#6378),#5153,.T.);
#6378 = FACE_BOUND('',#6379,.T.);
#6379 = EDGE_LOOP('',(#6380,#6381,#6382,#6383));
#6380 = ORIENTED_EDGE('',*,*,#6329,.F.);
#6381 = ORIENTED_EDGE('',*,*,#5979,.T.);
#6382 = ORIENTED_EDGE('',*,*,#6356,.T.);
#6383 = ORIENTED_EDGE('',*,*,#5138,.F.);
#6384 = ADVANCED_FACE('',(#6385),#5207,.F.);
#6385 = FACE_BOUND('',#6386,.F.);
#6386 = EDGE_LOOP('',(#6387,#6408,#6409,#6430));
#6387 = ORIENTED_EDGE('',*,*,#6388,.F.);
#6388 = EDGE_CURVE('',#6022,#5191,#6389,.T.);
#6389 = SURFACE_CURVE('',#6390,(#6394,#6401),.PCURVE_S1.);
#6390 = LINE('',#6391,#6392);
#6391 = CARTESIAN_POINT('',(-70.,234.,741.5));
#6392 = VECTOR('',#6393,1.);
#6393 = DIRECTION('',(-0.,1.,0.));
#6394 = PCURVE('',#5207,#6395);
#6395 = DEFINITIONAL_REPRESENTATION('',(#6396),#6400);
#6396 = LINE('',#6397,#6398);
#6397 = CARTESIAN_POINT('',(0.,0.));
#6398 = VECTOR('',#6399,1.);
#6399 = DIRECTION('',(0.,1.));
#6400 = ( GEOMETRIC_REPRESENTATION_CONTEXT(2) 
PARAMETRIC_REPRESENTATION_CONTEXT() REPRESENTATION_CONTEXT('2D SPACE',''
  ) );
#6401 = PCURVE('',#5233,#6402);
#6402 = DEFINITIONAL_REPRESENTATION('',(#6403),#6407);
#6403 = LINE('',#6404,#6405);
#6404 = CARTESIAN_POINT('',(15.,0.));
#6405 = VECTOR('',#6406,1.);
#6406 = DIRECTION('',(0.,-1.));
#6407 = ( GEOMETRIC_REPRESENTATION_CONTEXT(2) 
PARAMETRIC_REPRESENTATION_CONTEXT() REPRESENTATION_CONTEXT('2D SPACE',''
  ) );
#6408 = ORIENTED_EDGE('',*,*,#6021,.T.);
#6409 = ORIENTED_EDGE('',*,*,#6410,.T.);
#6410 = EDGE_CURVE('',#6024,#5193,#6411,.T.);
#6411 = SURFACE_CURVE('',#6412,(#6416,#6423),.PCURVE_S1.);
#6412 = LINE('',#6413,#6414);
#6413 = CARTESIAN_POINT('',(-10.,234.,741.5));
#6414 = VECTOR('',#6415,1.);
#6415 = DIRECTION('',(-0.,1.,0.));
#6416 = PCURVE('',#5207,#6417);
#6417 = DEFINITIONAL_REPRESENTATION('',(#6418),#6422);
#6418 = LINE('',#6419,#6420);
#6419 = CARTESIAN_POINT('',(60.,0.));
#6420 = VECTOR('',#6421,1.);
#6421 = DIRECTION('',(0.,1.));
#6422 = ( GEOMETRIC_REPRESENTATION_CONTEXT(2) 
PARAMETRIC_REPRESENTATION_CONTEXT() REPRESENTATION_CONTEXT('2D SPACE',''
  ) );
#6423 = PCURVE('',#5283,#6424);
#6424 = DEFINITIONAL_REPRESENTATION('',(#6425),#6429);
#6425 = LINE('',#6426,#6427);
#6426 = CARTESIAN_POINT('',(15.,0.));
#6427 = VECTOR('',#6428,1.);
#6428 = DIRECTION('',(0.,-1.));
#6429 = ( GEOMETRIC_REPRESENTATION_CONTEXT(2) 
PARAMETRIC_REPRESENTATION_CONTEXT() REPRESENTATION_CONTEXT('2D SPACE',''
  ) );
#6430 = ORIENTED_EDGE('',*,*,#5190,.F.);
#6431 = ADVANCED_FACE('',(#6432),#5233,.T.);
#6432 = FACE_BOUND('',#6433,.T.);
#6433 = EDGE_LOOP('',(#6434,#6435,#6436,#6457));
#6434 = ORIENTED_EDGE('',*,*,#6388,.F.);
#6435 = ORIENTED_EDGE('',*,*,#6044,.T.);
#6436 = ORIENTED_EDGE('',*,*,#6437,.T.);
#6437 = EDGE_CURVE('',#6045,#5219,#6438,.T.);
#6438 = SURFACE_CURVE('',#6439,(#6443,#6450),.PCURVE_S1.);
#6439 = LINE('',#6440,#6441);
#6440 = CARTESIAN_POINT('',(-70.,234.,726.5));
#6441 = VECTOR('',#6442,1.);
#6442 = DIRECTION('',(-0.,1.,0.));
#6443 = PCURVE('',#5233,#6444);
#6444 = DEFINITIONAL_REPRESENTATION('',(#6445),#6449);
#6445 = LINE('',#6446,#6447);
#6446 = CARTESIAN_POINT('',(0.,0.));
#6447 = VECTOR('',#6448,1.);
#6448 = DIRECTION('',(0.,-1.));
#6449 = ( GEOMETRIC_REPRESENTATION_CONTEXT(2) 
PARAMETRIC_REPRESENTATION_CONTEXT() REPRESENTATION_CONTEXT('2D SPACE',''
  ) );
#6450 = PCURVE('',#5259,#6451);
#6451 = DEFINITIONAL_REPRESENTATION('',(#6452),#6456);
#6452 = LINE('',#6453,#6454);
#6453 = CARTESIAN_POINT('',(0.,0.));
#6454 = VECTOR('',#6455,1.);
#6455 = DIRECTION('',(0.,1.));
#6456 = ( GEOMETRIC_REPRESENTATION_CONTEXT(2) 
PARAMETRIC_REPRESENTATION_CONTEXT() REPRESENTATION_CONTEXT('2D SPACE',''
  ) );
#6457 = ORIENTED_EDGE('',*,*,#5218,.F.);
#6458 = ADVANCED_FACE('',(#6459),#5283,.F.);
#6459 = FACE_BOUND('',#6460,.F.);
#6460 = EDGE_LOOP('',(#6461,#6462,#6463,#6484));
#6461 = ORIENTED_EDGE('',*,*,#6410,.F.);
#6462 = ORIENTED_EDGE('',*,*,#6086,.T.);
#6463 = ORIENTED_EDGE('',*,*,#6464,.T.);
#6464 = EDGE_CURVE('',#6066,#5245,#6465,.T.);
#6465 = SURFACE_CURVE('',#6466,(#6470,#6477),.PCURVE_S1.);
#6466 = LINE('',#6467,#6468);
#6467 = CARTESIAN_POINT('',(-10.,234.,726.5));
#6468 = VECTOR('',#6469,1.);
#6469 = DIRECTION('',(-0.,1.,0.));
#6470 = PCURVE('',#5283,#6471);
#6471 = DEFINITIONAL_REPRESENTATION('',(#6472),#6476);
#6472 = LINE('',#6473,#6474);
#6473 = CARTESIAN_POINT('',(0.,0.));
#6474 = VECTOR('',#6475,1.);
#6475 = DIRECTION('',(0.,-1.));
#6476 = ( GEOMETRIC_REPRESENTATION_CONTEXT(2) 
PARAMETRIC_REPRESENTATION_CONTEXT() REPRESENTATION_CONTEXT('2D SPACE',''
  ) );
#6477 = PCURVE('',#5259,#6478);
#6478 = DEFINITIONAL_REPRESENTATION('',(#6479),#6483);
#6479 = LINE('',#6480,#6481);
#6480 = CARTESIAN_POINT('',(60.,0.));
#6481 = VECTOR('',#6482,1.);
#6482 = DIRECTION('',(0.,1.));
#6483 = ( GEOMETRIC_REPRESENTATION_CONTEXT(2) 
PARAMETRIC_REPRESENTATION_CONTEXT() REPRESENTATION_CONTEXT('2D SPACE',''
  ) );
#6484 = ORIENTED_EDGE('',*,*,#5270,.F.);
#6485 = ADVANCED_FACE('',(#6486),#5259,.T.);
#6486 = FACE_BOUND('',#6487,.T.);
#6487 = EDGE_LOOP('',(#6488,#6489,#6490,#6491));
#6488 = ORIENTED_EDGE('',*,*,#6437,.F.);
#6489 = ORIENTED_EDGE('',*,*,#6065,.T.);
#6490 = ORIENTED_EDGE('',*,*,#6464,.T.);
#6491 = ORIENTED_EDGE('',*,*,#5244,.F.);
#6492 = ADVANCED_FACE('',(#6493),#5313,.F.);
#6493 = FACE_BOUND('',#6494,.F.);
#6494 = EDGE_LOOP('',(#6495,#6516,#6517,#6538));
#6495 = ORIENTED_EDGE('',*,*,#6496,.F.);
#6496 = EDGE_CURVE('',#6108,#5297,#6497,.T.);
#6497 = SURFACE_CURVE('',#6498,(#6502,#6509),.PCURVE_S1.);
#6498 = LINE('',#6499,#6500);
#6499 = CARTESIAN_POINT('',(10.,234.,741.5));
#6500 = VECTOR('',#6501,1.);
#6501 = DIRECTION('',(-0.,1.,0.));
#6502 = PCURVE('',#5313,#6503);
#6503 = DEFINITIONAL_REPRESENTATION('',(#6504),#6508);
#6504 = LINE('',#6505,#6506);
#6505 = CARTESIAN_POINT('',(0.,0.));
#6506 = VECTOR('',#6507,1.);
#6507 = DIRECTION('',(0.,1.));
#6508 = ( GEOMETRIC_REPRESENTATION_CONTEXT(2) 
PARAMETRIC_REPRESENTATION_CONTEXT() REPRESENTATION_CONTEXT('2D SPACE',''
  ) );
#6509 = PCURVE('',#5339,#6510);
#6510 = DEFINITIONAL_REPRESENTATION('',(#6511),#6515);
#6511 = LINE('',#6512,#6513);
#6512 = CARTESIAN_POINT('',(15.,0.));
#6513 = VECTOR('',#6514,1.);
#6514 = DIRECTION('',(0.,-1.));
#6515 = ( GEOMETRIC_REPRESENTATION_CONTEXT(2) 
PARAMETRIC_REPRESENTATION_CONTEXT() REPRESENTATION_CONTEXT('2D SPACE',''
  ) );
#6516 = ORIENTED_EDGE('',*,*,#6107,.T.);
#6517 = ORIENTED_EDGE('',*,*,#6518,.T.);
#6518 = EDGE_CURVE('',#6110,#5299,#6519,.T.);
#6519 = SURFACE_CURVE('',#6520,(#6524,#6531),.PCURVE_S1.);
#6520 = LINE('',#6521,#6522);
#6521 = CARTESIAN_POINT('',(70.,234.,741.5));
#6522 = VECTOR('',#6523,1.);
#6523 = DIRECTION('',(-0.,1.,0.));
#6524 = PCURVE('',#5313,#6525);
#6525 = DEFINITIONAL_REPRESENTATION('',(#6526),#6530);
#6526 = LINE('',#6527,#6528);
#6527 = CARTESIAN_POINT('',(60.,0.));
#6528 = VECTOR('',#6529,1.);
#6529 = DIRECTION('',(0.,1.));
#6530 = ( GEOMETRIC_REPRESENTATION_CONTEXT(2) 
PARAMETRIC_REPRESENTATION_CONTEXT() REPRESENTATION_CONTEXT('2D SPACE',''
  ) );
#6531 = PCURVE('',#5389,#6532);
#6532 = DEFINITIONAL_REPRESENTATION('',(#6533),#6537);
#6533 = LINE('',#6534,#6535);
#6534 = CARTESIAN_POINT('',(15.,0.));
#6535 = VECTOR('',#6536,1.);
#6536 = DIRECTION('',(0.,-1.));
#6537 = ( GEOMETRIC_REPRESENTATION_CONTEXT(2) 
PARAMETRIC_REPRESENTATION_CONTEXT() REPRESENTATION_CONTEXT('2D SPACE',''
  ) );
#6538 = ORIENTED_EDGE('',*,*,#5296,.F.);
#6539 = ADVANCED_FACE('',(#6540),#5339,.T.);
#6540 = FACE_BOUND('',#6541,.T.);
#6541 = EDGE_LOOP('',(#6542,#6543,#6544,#6565));
#6542 = ORIENTED_EDGE('',*,*,#6496,.F.);
#6543 = ORIENTED_EDGE('',*,*,#6130,.T.);
#6544 = ORIENTED_EDGE('',*,*,#6545,.T.);
#6545 = EDGE_CURVE('',#6131,#5325,#6546,.T.);
#6546 = SURFACE_CURVE('',#6547,(#6551,#6558),.PCURVE_S1.);
#6547 = LINE('',#6548,#6549);
#6548 = CARTESIAN_POINT('',(10.,234.,726.5));
#6549 = VECTOR('',#6550,1.);
#6550 = DIRECTION('',(-0.,1.,0.));
#6551 = PCURVE('',#5339,#6552);
#6552 = DEFINITIONAL_REPRESENTATION('',(#6553),#6557);
#6553 = LINE('',#6554,#6555);
#6554 = CARTESIAN_POINT('',(0.,0.));
#6555 = VECTOR('',#6556,1.);
#6556 = DIRECTION('',(0.,-1.));
#6557 = ( GEOMETRIC_REPRESENTATION_CONTEXT(2) 
PARAMETRIC_REPRESENTATION_CONTEXT() REPRESENTATION_CONTEXT('2D SPACE',''
  ) );
#6558 = PCURVE('',#5365,#6559);
#6559 = DEFINITIONAL_REPRESENTATION('',(#6560),#6564);
#6560 = LINE('',#6561,#6562);
#6561 = CARTESIAN_POINT('',(0.,0.));
#6562 = VECTOR('',#6563,1.);
#6563 = DIRECTION('',(0.,1.));
#6564 = ( GEOMETRIC_REPRESENTATION_CONTEXT(2) 
PARAMETRIC_REPRESENTATION_CONTEXT() REPRESENTATION_CONTEXT('2D SPACE',''
  ) );
#6565 = ORIENTED_EDGE('',*,*,#5324,.F.);
#6566 = ADVANCED_FACE('',(#6567),#5389,.F.);
#6567 = FACE_BOUND('',#6568,.F.);
#6568 = EDGE_LOOP('',(#6569,#6570,#6571,#6592));
#6569 = ORIENTED_EDGE('',*,*,#6518,.F.);
#6570 = ORIENTED_EDGE('',*,*,#6172,.T.);
#6571 = ORIENTED_EDGE('',*,*,#6572,.T.);
#6572 = EDGE_CURVE('',#6152,#5351,#6573,.T.);
#6573 = SURFACE_CURVE('',#6574,(#6578,#6585),.PCURVE_S1.);
#6574 = LINE('',#6575,#6576);
#6575 = CARTESIAN_POINT('',(70.,234.,726.5));
#6576 = VECTOR('',#6577,1.);
#6577 = DIRECTION('',(-0.,1.,0.));
#6578 = PCURVE('',#5389,#6579);
#6579 = DEFINITIONAL_REPRESENTATION('',(#6580),#6584);
#6580 = LINE('',#6581,#6582);
#6581 = CARTESIAN_POINT('',(0.,0.));
#6582 = VECTOR('',#6583,1.);
#6583 = DIRECTION('',(0.,-1.));
#6584 = ( GEOMETRIC_REPRESENTATION_CONTEXT(2) 
PARAMETRIC_REPRESENTATION_CONTEXT() REPRESENTATION_CONTEXT('2D SPACE',''
  ) );
#6585 = PCURVE('',#5365,#6586);
#6586 = DEFINITIONAL_REPRESENTATION('',(#6587),#6591);
#6587 = LINE('',#6588,#6589);
#6588 = CARTESIAN_POINT('',(60.,0.));
#6589 = VECTOR('',#6590,1.);
#6590 = DIRECTION('',(0.,1.));
#6591 = ( GEOMETRIC_REPRESENTATION_CONTEXT(2) 
PARAMETRIC_REPRESENTATION_CONTEXT() REPRESENTATION_CONTEXT('2D SPACE',''
  ) );
#6592 = ORIENTED_EDGE('',*,*,#5376,.F.);
#6593 = ADVANCED_FACE('',(#6594),#5365,.T.);
#6594 = FACE_BOUND('',#6595,.T.);
#6595 = EDGE_LOOP('',(#6596,#6597,#6598,#6599));
#6596 = ORIENTED_EDGE('',*,*,#6545,.F.);
#6597 = ORIENTED_EDGE('',*,*,#6151,.T.);
#6598 = ORIENTED_EDGE('',*,*,#6572,.T.);
#6599 = ORIENTED_EDGE('',*,*,#5350,.F.);
#6600 = ADVANCED_FACE('',(#6601),#5419,.F.);
#6601 = FACE_BOUND('',#6602,.F.);
#6602 = EDGE_LOOP('',(#6603,#6624,#6625,#6646));
#6603 = ORIENTED_EDGE('',*,*,#6604,.F.);
#6604 = EDGE_CURVE('',#6194,#5403,#6605,.T.);
#6605 = SURFACE_CURVE('',#6606,(#6610,#6617),.PCURVE_S1.);
#6606 = LINE('',#6607,#6608);
#6607 = CARTESIAN_POINT('',(90.,234.,741.5));
#6608 = VECTOR('',#6609,1.);
#6609 = DIRECTION('',(-0.,1.,0.));
#6610 = PCURVE('',#5419,#6611);
#6611 = DEFINITIONAL_REPRESENTATION('',(#6612),#6616);
#6612 = LINE('',#6613,#6614);
#6613 = CARTESIAN_POINT('',(0.,0.));
#6614 = VECTOR('',#6615,1.);
#6615 = DIRECTION('',(0.,1.));
#6616 = ( GEOMETRIC_REPRESENTATION_CONTEXT(2) 
PARAMETRIC_REPRESENTATION_CONTEXT() REPRESENTATION_CONTEXT('2D SPACE',''
  ) );
#6617 = PCURVE('',#5445,#6618);
#6618 = DEFINITIONAL_REPRESENTATION('',(#6619),#6623);
#6619 = LINE('',#6620,#6621);
#6620 = CARTESIAN_POINT('',(15.,0.));
#6621 = VECTOR('',#6622,1.);
#6622 = DIRECTION('',(0.,-1.));
#6623 = ( GEOMETRIC_REPRESENTATION_CONTEXT(2) 
PARAMETRIC_REPRESENTATION_CONTEXT() REPRESENTATION_CONTEXT('2D SPACE',''
  ) );
#6624 = ORIENTED_EDGE('',*,*,#6193,.T.);
#6625 = ORIENTED_EDGE('',*,*,#6626,.T.);
#6626 = EDGE_CURVE('',#6196,#5405,#6627,.T.);
#6627 = SURFACE_CURVE('',#6628,(#6632,#6639),.PCURVE_S1.);
#6628 = LINE('',#6629,#6630);
#6629 = CARTESIAN_POINT('',(150.,234.,741.5));
#6630 = VECTOR('',#6631,1.);
#6631 = DIRECTION('',(-0.,1.,0.));
#6632 = PCURVE('',#5419,#6633);
#6633 = DEFINITIONAL_REPRESENTATION('',(#6634),#6638);
#6634 = LINE('',#6635,#6636);
#6635 = CARTESIAN_POINT('',(60.,0.));
#6636 = VECTOR('',#6637,1.);
#6637 = DIRECTION('',(0.,1.));
#6638 = ( GEOMETRIC_REPRESENTATION_CONTEXT(2) 
PARAMETRIC_REPRESENTATION_CONTEXT() REPRESENTATION_CONTEXT('2D SPACE',''
  ) );
#6639 = PCURVE('',#5495,#6640);
#6640 = DEFINITIONAL_REPRESENTATION('',(#6641),#6645);
#6641 = LINE('',#6642,#6643);
#6642 = CARTESIAN_POINT('',(15.,0.));
#6643 = VECTOR('',#6644,1.);
#6644 = DIRECTION('',(0.,-1.));
#6645 = ( GEOMETRIC_REPRESENTATION_CONTEXT(2) 
PARAMETRIC_REPRESENTATION_CONTEXT() REPRESENTATION_CONTEXT('2D SPACE',''
  ) );
#6646 = ORIENTED_EDGE('',*,*,#5402,.F.);
#6647 = ADVANCED_FACE('',(#6648),#5495,.F.);
#6648 = FACE_BOUND('',#6649,.F.);
#6649 = EDGE_LOOP('',(#6650,#6651,#6652,#6673));
#6650 = ORIENTED_EDGE('',*,*,#6626,.F.);
#6651 = ORIENTED_EDGE('',*,*,#6258,.T.);
#6652 = ORIENTED_EDGE('',*,*,#6653,.T.);
#6653 = EDGE_CURVE('',#6238,#5457,#6654,.T.);
#6654 = SURFACE_CURVE('',#6655,(#6659,#6666),.PCURVE_S1.);
#6655 = LINE('',#6656,#6657);
#6656 = CARTESIAN_POINT('',(150.,234.,726.5));
#6657 = VECTOR('',#6658,1.);
#6658 = DIRECTION('',(-0.,1.,0.));
#6659 = PCURVE('',#5495,#6660);
#6660 = DEFINITIONAL_REPRESENTATION('',(#6661),#6665);
#6661 = LINE('',#6662,#6663);
#6662 = CARTESIAN_POINT('',(0.,0.));
#6663 = VECTOR('',#6664,1.);
#6664 = DIRECTION('',(0.,-1.));
#6665 = ( GEOMETRIC_REPRESENTATION_CONTEXT(2) 
PARAMETRIC_REPRESENTATION_CONTEXT() REPRESENTATION_CONTEXT('2D SPACE',''
  ) );
#6666 = PCURVE('',#5471,#6667);
#6667 = DEFINITIONAL_REPRESENTATION('',(#6668),#6672);
#6668 = LINE('',#6669,#6670);
#6669 = CARTESIAN_POINT('',(60.,0.));
#6670 = VECTOR('',#6671,1.);
#6671 = DIRECTION('',(0.,1.));
#6672 = ( GEOMETRIC_REPRESENTATION_CONTEXT(2) 
PARAMETRIC_REPRESENTATION_CONTEXT() REPRESENTATION_CONTEXT('2D SPACE',''
  ) );
#6673 = ORIENTED_EDGE('',*,*,#5482,.F.);
#6674 = ADVANCED_FACE('',(#6675),#5471,.T.);
#6675 = FACE_BOUND('',#6676,.T.);
#6676 = EDGE_LOOP('',(#6677,#6698,#6699,#6700));
#6677 = ORIENTED_EDGE('',*,*,#6678,.F.);
#6678 = EDGE_CURVE('',#6217,#5431,#6679,.T.);
#6679 = SURFACE_CURVE('',#6680,(#6684,#6691),.PCURVE_S1.);
#6680 = LINE('',#6681,#6682);
#6681 = CARTESIAN_POINT('',(90.,234.,726.5));
#6682 = VECTOR('',#6683,1.);
#6683 = DIRECTION('',(-0.,1.,0.));
#6684 = PCURVE('',#5471,#6685);
#6685 = DEFINITIONAL_REPRESENTATION('',(#6686),#6690);
#6686 = LINE('',#6687,#6688);
#6687 = CARTESIAN_POINT('',(0.,0.));
#6688 = VECTOR('',#6689,1.);
#6689 = DIRECTION('',(0.,1.));
#6690 = ( GEOMETRIC_REPRESENTATION_CONTEXT(2) 
PARAMETRIC_REPRESENTATION_CONTEXT() REPRESENTATION_CONTEXT('2D SPACE',''
  ) );
#6691 = PCURVE('',#5445,#6692);
#6692 = DEFINITIONAL_REPRESENTATION('',(#6693),#6697);
#6693 = LINE('',#6694,#6695);
#6694 = CARTESIAN_POINT('',(0.,0.));
#6695 = VECTOR('',#6696,1.);
#6696 = DIRECTION('',(0.,-1.));
#6697 = ( GEOMETRIC_REPRESENTATION_CONTEXT(2) 
PARAMETRIC_REPRESENTATION_CONTEXT() REPRESENTATION_CONTEXT('2D SPACE',''
  ) );
#6698 = ORIENTED_EDGE('',*,*,#6237,.T.);
#6699 = ORIENTED_EDGE('',*,*,#6653,.T.);
#6700 = ORIENTED_EDGE('',*,*,#5456,.F.);
#6701 = ADVANCED_FACE('',(#6702),#5445,.T.);
#6702 = FACE_BOUND('',#6703,.T.);
#6703 = EDGE_LOOP('',(#6704,#6705,#6706,#6707));
#6704 = ORIENTED_EDGE('',*,*,#6604,.F.);
#6705 = ORIENTED_EDGE('',*,*,#6216,.T.);
#6706 = ORIENTED_EDGE('',*,*,#6678,.T.);
#6707 = ORIENTED_EDGE('',*,*,#5430,.F.);
#6708 = ADVANCED_FACE('',(#6709),#4663,.T.);
#6709 = FACE_BOUND('',#6710,.T.);
#6710 = EDGE_LOOP('',(#6711,#6712,#6735,#6756));
#6711 = ORIENTED_EDGE('',*,*,#4647,.F.);
#6712 = ORIENTED_EDGE('',*,*,#6713,.T.);
#6713 = EDGE_CURVE('',#4648,#6714,#6716,.T.);
#6714 = VERTEX_POINT('',#6715);
#6715 = CARTESIAN_POINT('',(120.,60.,765.));
#6716 = SURFACE_CURVE('',#6717,(#6721,#6728),.PCURVE_S1.);
#6717 = LINE('',#6718,#6719);
#6718 = CARTESIAN_POINT('',(120.,50.,765.));
#6719 = VECTOR('',#6720,1.);
#6720 = DIRECTION('',(-0.,1.,0.));
#6721 = PCURVE('',#4663,#6722);
#6722 = DEFINITIONAL_REPRESENTATION('',(#6723),#6727);
#6723 = LINE('',#6724,#6725);
#6724 = CARTESIAN_POINT('',(0.,0.));
#6725 = VECTOR('',#6726,1.);
#6726 = DIRECTION('',(0.,-1.));
#6727 = ( GEOMETRIC_REPRESENTATION_CONTEXT(2) 
PARAMETRIC_REPRESENTATION_CONTEXT() REPRESENTATION_CONTEXT('2D SPACE',''
  ) );
#6728 = PCURVE('',#4691,#6729);
#6729 = DEFINITIONAL_REPRESENTATION('',(#6730),#6734);
#6730 = LINE('',#6731,#6732);
#6731 = CARTESIAN_POINT('',(20.,0.));
#6732 = VECTOR('',#6733,1.);
#6733 = DIRECTION('',(0.,1.));
#6734 = ( GEOMETRIC_REPRESENTATION_CONTEXT(2) 
PARAMETRIC_REPRESENTATION_CONTEXT() REPRESENTATION_CONTEXT('2D SPACE',''
  ) );
#6735 = ORIENTED_EDGE('',*,*,#6736,.T.);
#6736 = EDGE_CURVE('',#6714,#5728,#6737,.T.);
#6737 = SURFACE_CURVE('',#6738,(#6742,#6749),.PCURVE_S1.);
#6738 = LINE('',#6739,#6740);
#6739 = CARTESIAN_POINT('',(120.,60.,765.));
#6740 = VECTOR('',#6741,1.);
#6741 = DIRECTION('',(0.,0.,1.));
#6742 = PCURVE('',#4663,#6743);
#6743 = DEFINITIONAL_REPRESENTATION('',(#6744),#6748);
#6744 = LINE('',#6745,#6746);
#6745 = CARTESIAN_POINT('',(0.,-10.));
#6746 = VECTOR('',#6747,1.);
#6747 = DIRECTION('',(1.,0.));
#6748 = ( GEOMETRIC_REPRESENTATION_CONTEXT(2) 
PARAMETRIC_REPRESENTATION_CONTEXT() REPRESENTATION_CONTEXT('2D SPACE',''
  ) );
#6749 = PCURVE('',#5743,#6750);
#6750 = DEFINITIONAL_REPRESENTATION('',(#6751),#6755);
#6751 = LINE('',#6752,#6753);
#6752 = CARTESIAN_POINT('',(0.,20.));
#6753 = VECTOR('',#6754,1.);
#6754 = DIRECTION('',(1.,0.));
#6755 = ( GEOMETRIC_REPRESENTATION_CONTEXT(2) 
PARAMETRIC_REPRESENTATION_CONTEXT() REPRESENTATION_CONTEXT('2D SPACE',''
  ) );
#6756 = ORIENTED_EDGE('',*,*,#5755,.F.);
#6757 = ADVANCED_FACE('',(#6758),#5743,.T.);
#6758 = FACE_BOUND('',#6759,.T.);
#6759 = EDGE_LOOP('',(#6760,#6783,#6804,#6805));
#6760 = ORIENTED_EDGE('',*,*,#6761,.F.);
#6761 = EDGE_CURVE('',#6762,#6714,#6764,.T.);
#6762 = VERTEX_POINT('',#6763);
#6763 = CARTESIAN_POINT('',(100.,60.,765.));
#6764 = SURFACE_CURVE('',#6765,(#6769,#6776),.PCURVE_S1.);
#6765 = LINE('',#6766,#6767);
#6766 = CARTESIAN_POINT('',(100.,60.,765.));
#6767 = VECTOR('',#6768,1.);
#6768 = DIRECTION('',(1.,0.,-0.));
#6769 = PCURVE('',#5743,#6770);
#6770 = DEFINITIONAL_REPRESENTATION('',(#6771),#6775);
#6771 = LINE('',#6772,#6773);
#6772 = CARTESIAN_POINT('',(0.,0.));
#6773 = VECTOR('',#6774,1.);
#6774 = DIRECTION('',(0.,1.));
#6775 = ( GEOMETRIC_REPRESENTATION_CONTEXT(2) 
PARAMETRIC_REPRESENTATION_CONTEXT() REPRESENTATION_CONTEXT('2D SPACE',''
  ) );
#6776 = PCURVE('',#4691,#6777);
#6777 = DEFINITIONAL_REPRESENTATION('',(#6778),#6782);
#6778 = LINE('',#6779,#6780);
#6779 = CARTESIAN_POINT('',(0.,10.));
#6780 = VECTOR('',#6781,1.);
#6781 = DIRECTION('',(1.,0.));
#6782 = ( GEOMETRIC_REPRESENTATION_CONTEXT(2) 
PARAMETRIC_REPRESENTATION_CONTEXT() REPRESENTATION_CONTEXT('2D SPACE',''
  ) );
#6783 = ORIENTED_EDGE('',*,*,#6784,.T.);
#6784 = EDGE_CURVE('',#6762,#5705,#6785,.T.);
#6785 = SURFACE_CURVE('',#6786,(#6790,#6797),.PCURVE_S1.);
#6786 = LINE('',#6787,#6788);
#6787 = CARTESIAN_POINT('',(100.,60.,765.));
#6788 = VECTOR('',#6789,1.);
#6789 = DIRECTION('',(0.,0.,1.));
#6790 = PCURVE('',#5743,#6791);
#6791 = DEFINITIONAL_REPRESENTATION('',(#6792),#6796);
#6792 = LINE('',#6793,#6794);
#6793 = CARTESIAN_POINT('',(0.,0.));
#6794 = VECTOR('',#6795,1.);
#6795 = DIRECTION('',(1.,0.));
#6796 = ( GEOMETRIC_REPRESENTATION_CONTEXT(2) 
PARAMETRIC_REPRESENTATION_CONTEXT() REPRESENTATION_CONTEXT('2D SPACE',''
  ) );
#6797 = PCURVE('',#4719,#6798);
#6798 = DEFINITIONAL_REPRESENTATION('',(#6799),#6803);
#6799 = LINE('',#6800,#6801);
#6800 = CARTESIAN_POINT('',(0.,-10.));
#6801 = VECTOR('',#6802,1.);
#6802 = DIRECTION('',(1.,0.));
#6803 = ( GEOMETRIC_REPRESENTATION_CONTEXT(2) 
PARAMETRIC_REPRESENTATION_CONTEXT() REPRESENTATION_CONTEXT('2D SPACE',''
  ) );
#6804 = ORIENTED_EDGE('',*,*,#5727,.T.);
#6805 = ORIENTED_EDGE('',*,*,#6736,.F.);
#6806 = ADVANCED_FACE('',(#6807),#4719,.F.);
#6807 = FACE_BOUND('',#6808,.F.);
#6808 = EDGE_LOOP('',(#6809,#6810,#6831,#6832));
#6809 = ORIENTED_EDGE('',*,*,#4703,.F.);
#6810 = ORIENTED_EDGE('',*,*,#6811,.T.);
#6811 = EDGE_CURVE('',#4676,#6762,#6812,.T.);
#6812 = SURFACE_CURVE('',#6813,(#6817,#6824),.PCURVE_S1.);
#6813 = LINE('',#6814,#6815);
#6814 = CARTESIAN_POINT('',(100.,50.,765.));
#6815 = VECTOR('',#6816,1.);
#6816 = DIRECTION('',(-0.,1.,0.));
#6817 = PCURVE('',#4719,#6818);
#6818 = DEFINITIONAL_REPRESENTATION('',(#6819),#6823);
#6819 = LINE('',#6820,#6821);
#6820 = CARTESIAN_POINT('',(0.,0.));
#6821 = VECTOR('',#6822,1.);
#6822 = DIRECTION('',(0.,-1.));
#6823 = ( GEOMETRIC_REPRESENTATION_CONTEXT(2) 
PARAMETRIC_REPRESENTATION_CONTEXT() REPRESENTATION_CONTEXT('2D SPACE',''
  ) );
#6824 = PCURVE('',#4691,#6825);
#6825 = DEFINITIONAL_REPRESENTATION('',(#6826),#6830);
#6826 = LINE('',#6827,#6828);
#6827 = CARTESIAN_POINT('',(0.,0.));
#6828 = VECTOR('',#6829,1.);
#6829 = DIRECTION('',(0.,1.));
#6830 = ( GEOMETRIC_REPRESENTATION_CONTEXT(2) 
PARAMETRIC_REPRESENTATION_CONTEXT() REPRESENTATION_CONTEXT('2D SPACE',''
  ) );
#6831 = ORIENTED_EDGE('',*,*,#6784,.T.);
#6832 = ORIENTED_EDGE('',*,*,#5704,.F.);
#6833 = ADVANCED_FACE('',(#6834),#5670,.T.);
#6834 = FACE_BOUND('',#6835,.T.);
#6835 = EDGE_LOOP('',(#6836,#6837,#6838,#6839));
#6836 = ORIENTED_EDGE('',*,*,#5853,.F.);
#6837 = ORIENTED_EDGE('',*,*,#5879,.T.);
#6838 = ORIENTED_EDGE('',*,*,#5654,.T.);
#6839 = ORIENTED_EDGE('',*,*,#5803,.F.);
#6840 = ADVANCED_FACE('',(#6841),#4691,.F.);
#6841 = FACE_BOUND('',#6842,.F.);
#6842 = EDGE_LOOP('',(#6843,#6844,#6845,#6846));
#6843 = ORIENTED_EDGE('',*,*,#6811,.F.);
#6844 = ORIENTED_EDGE('',*,*,#4675,.T.);
#6845 = ORIENTED_EDGE('',*,*,#6713,.T.);
#6846 = ORIENTED_EDGE('',*,*,#6761,.F.);
#6847 = ( GEOMETRIC_REPRESENTATION_CONTEXT(3) 
GLOBAL_UNCERTAINTY_ASSIGNED_CONTEXT((#6851)) 
GLOBAL_UNIT_ASSIGNED_CONTEXT((#6848,#6849,#6850)) REPRESENTATION_CONTEXT
('Context #1','3D Context with UNIT and UNCERTAINTY') );
#6848 = ( LENGTH_UNIT() NAMED_UNIT(*) SI_UNIT(.MILLI.,.METRE.) );
#6849 = ( NAMED_UNIT(*) PLANE_ANGLE_UNIT() SI_UNIT($,.RADIAN.) );
#6850 = ( NAMED_UNIT(*) SI_UNIT($,.STERADIAN.) SOLID_ANGLE_UNIT() );
#6851 = UNCERTAINTY_MEASURE_WITH_UNIT(LENGTH_MEASURE(2.E-07),#6848,
  'distance_accuracy_value','confusion accuracy');
#6852 = CONTEXT_DEPENDENT_SHAPE_REPRESENTATION(#6853,#6855);
#6853 = ( REPRESENTATION_RELATIONSHIP('','',#4390,#10) 
REPRESENTATION_RELATIONSHIP_WITH_TRANSFORMATION(#6854) 
SHAPE_REPRESENTATION_RELATIONSHIP() );
#6854 = ITEM_DEFINED_TRANSFORMATION('','',#11,#31);
#6855 = PRODUCT_DEFINITION_SHAPE('Placement','Placement of an item',
  #6856);
#6856 = NEXT_ASSEMBLY_USAGE_OCCURRENCE('28','=>[0:1:1:6]','',#5,#4385,$
  );
#6857 = PRODUCT_RELATED_PRODUCT_CATEGORY('part',$,(#4387));
ENDSEC;
END-ISO-10303-21;
